<?xml version="1.0" encoding="utf-8"?>
<COLLADA xmlns="http://www.collada.org/2005/11/COLLADASchema" version="1.4.1">
  <asset>
    <contributor><author>Lovense Controller</author><authoring_tool>make_controller_dae.py</authoring_tool></contributor>
    <unit name="meter" meter="1"/>
    <up_axis>Z_UP</up_axis>
  </asset>
  <library_effects>
    <effect id="Pink-fx">
      <profile_COMMON><technique sid="common"><lambert>
        <emission><color>0.28 0.06 0.12 1</color></emission>
        <diffuse><color>0.920 0.300 0.500 1</color></diffuse>
      </lambert></technique></profile_COMMON>
    </effect>
  </library_effects>
  <library_materials>
    <material id="Pink" name="Pink"><instance_effect url="#Pink-fx"/></material>
  </library_materials>
  <library_geometries>
    <geometry id="Pink-mesh" name="Pink">
      <mesh>
        <source id="Pink-pos">
          <float_array id="Pink-pos-array" count="10647">0.000000 0.000000 0.168000 0.004879 0.000000 0.167953 0.009764 0.000000 0.167813 0.014657 0.000000 0.167578 0.019557 0.000000 0.167250 0.024464 0.000000 0.166828 0.029378 0.000000 0.166313 0.034299 0.000000 0.165703 0.039228 0.000000 0.165000 0.044163 0.000000 0.164203 0.049106 0.000000 0.163312 0.054056 0.000000 0.162328 0.059013 0.000000 0.161250 0.063977 0.000000 0.160078 0.068948 0.000000 0.158813 0.073926 0.000000 0.157453 0.078911 0.000000 0.156000 0.000000 0.000000 0.168000 0.004840 0.000637 0.167953 0.009692 0.001276 0.167813 0.014558 0.001917 0.167578 0.019436 0.002559 0.167250 0.024328 0.003203 0.166828 0.029232 0.003848 0.166313 0.034149 0.004496 0.165703 0.039079 0.005145 0.165000 0.044022 0.005796 0.164203 0.048978 0.006448 0.163312 0.053947 0.007102 0.162328 0.058929 0.007758 0.161250 0.063924 0.008416 0.160078 0.068931 0.009075 0.158813 0.073952 0.009736 0.157453 0.078985 0.010399 0.156000 0.000000 0.000000 0.168000 0.004717 0.001264 0.167953 0.009451 0.002532 0.167813 0.014200 0.003805 0.167578 0.018966 0.005082 0.167250 0.023749 0.006364 0.166828 0.028548 0.007649 0.166313 0.033363 0.008940 0.165703 0.038195 0.010234 0.165000 0.043043 0.011533 0.164203 0.047907 0.012837 0.163312 0.052788 0.014144 0.162328 0.057685 0.015457 0.161250 0.062598 0.016773 0.160078 0.067528 0.018094 0.158813 0.072474 0.019419 0.157453 0.077437 0.020749 0.156000 0.000000 0.000000 0.168000 0.004512 0.001869 0.167953 0.009042 0.003745 0.167813 0.013588 0.005628 0.167578 0.018151 0.007518 0.167250 0.022731 0.009415 0.166828 0.027327 0.011319 0.166313 0.031941 0.013230 0.165703 0.036572 0.015149 0.165000 0.041219 0.017074 0.164203 0.045884 0.019006 0.163312 0.050565 0.020945 0.162328 0.055263 0.022891 0.161250 0.059978 0.024844 0.160078 0.064710 0.026804 0.158813 0.069459 0.028771 0.157453 0.074224 0.030745 0.156000 0.000000 0.000000 0.168000 0.004229 0.002442 0.167953 0.008473 0.004892 0.167813 0.012731 0.007350 0.167578 0.017004 0.009817 0.167250 0.021292 0.012293 0.166828 0.025594 0.014777 0.166313 0.029910 0.017269 0.165703 0.034242 0.019769 0.165000 0.038587 0.022278 0.164203 0.042948 0.024796 0.163312 0.047323 0.027322 0.162328 0.051712 0.029856 0.161250 0.056117 0.032399 0.160078 0.060535 0.034950 0.158813 0.064969 0.037510 0.157453 0.069417 0.040078 0.156000 0.000000 0.000000 0.168000 0.003873 0.002972 0.167953 0.007756 0.005951 0.167813 0.011649 0.008938 0.167578 0.015552 0.011933 0.167250 0.019465 0.014936 0.166828 0.023389 0.017947 0.166313 0.027323 0.020965 0.165703 0.031267 0.023992 0.165000 0.035221 0.027026 0.164203 0.039185 0.030068 0.163312 0.043159 0.033117 0.162328 0.047144 0.036175 0.161250 0.051139 0.039240 0.160078 0.055144 0.042314 0.158813 0.059159 0.045394 0.157453 0.063185 0.048483 0.156000 0.000000 0.000000 0.168000 0.003450 0.003450 0.167953 0.006904 0.006904 0.167813 0.010363 0.010363 0.167578 0.013827 0.013827 0.167250 0.017296 0.017296 0.166828 0.020770 0.020770 0.166313 0.024249 0.024249 0.165703 0.027733 0.027733 0.165000 0.031221 0.031221 0.164203 0.034714 0.034714 0.163312 0.038213 0.038213 0.162328 0.041716 0.041716 0.161250 0.045224 0.045224 0.160078 0.048736 0.048736 0.158813 0.052254 0.052254 0.157453 0.055776 0.055776 0.156000 0.000000 0.000000 0.168000 0.002968 0.003868 0.167953 0.005935 0.007735 0.167813 0.008903 0.011602 0.167578 0.011870 0.015470 0.167250 0.014838 0.019337 0.166828 0.017805 0.023204 0.166313 0.020772 0.027071 0.165703 0.023739 0.030937 0.165000 0.026706 0.034804 0.164203 0.029673 0.038671 0.163312 0.032640 0.042537 0.162328 0.035607 0.046404 0.161250 0.038573 0.050270 0.160078 0.041540 0.054136 0.158813 0.044507 0.058002 0.157453 0.047473 0.061868 0.156000 0.000000 0.000000 0.168000 0.002436 0.004219 0.167953 0.004868 0.008431 0.167813 0.007296 0.012638 0.167578 0.009722 0.016838 0.167250 0.012143 0.021032 0.166828 0.014561 0.025220 0.166313 0.016975 0.029402 0.165703 0.019386 0.033578 0.165000 0.021793 0.037747 0.164203 0.024197 0.041910 0.163312 0.026597 0.046068 0.162328 0.028994 0.050219 0.161250 0.031387 0.054363 0.160078 0.033776 0.058502 0.158813 0.036162 0.062635 0.157453 0.038544 0.066761 0.156000 0.000000 0.000000 0.168000 0.001863 0.004498 0.167953 0.003721 0.008984 0.167813 0.005574 0.013458 0.167578 0.007422 0.017919 0.167250 0.009266 0.022369 0.166828 0.011104 0.026807 0.166313 0.012937 0.031233 0.165703 0.014765 0.035646 0.165000 0.016588 0.040048 0.164203 0.018407 0.044438 0.163312 0.020220 0.048815 0.162328 0.022028 0.053181 0.161250 0.023832 0.057534 0.160078 0.025630 0.061876 0.158813 0.027423 0.066205 0.157453 0.029212 0.070523 0.156000 0.000000 0.000000 0.168000 0.001260 0.004701 0.167953 0.002515 0.009385 0.167813 0.003765 0.014053 0.167578 0.005012 0.018705 0.167250 0.006254 0.023340 0.166828 0.007492 0.027959 0.166313 0.008725 0.032561 0.165703 0.009954 0.037147 0.165000 0.011178 0.041717 0.164203 0.012398 0.046271 0.163312 0.013614 0.050808 0.162328 0.014825 0.055329 0.161250 0.016032 0.059833 0.160078 0.017235 0.064321 0.158813 0.018433 0.068792 0.157453 0.019627 0.073248 0.156000 0.000000 0.000000 0.168000 0.000635 0.004824 0.167953 0.001268 0.009630 0.167813 0.001898 0.014418 0.167578 0.002526 0.019188 0.167250 0.003152 0.023940 0.166828 0.003775 0.028674 0.166313 0.004396 0.033389 0.165703 0.005014 0.038086 0.165000 0.005630 0.042766 0.164203 0.006244 0.047427 0.163312 0.006855 0.052070 0.162328 0.007464 0.056695 0.161250 0.008070 0.061301 0.160078 0.008675 0.065890 0.158813 0.009276 0.070460 0.157453 0.009876 0.075013 0.156000 0.000000 0.000000 0.168000 0.000000 0.004867 0.167953 0.000000 0.009716 0.167813 0.000000 0.014549 0.167578 0.000000 0.019365 0.167250 0.000000 0.024165 0.166828 0.000000 0.028947 0.166313 0.000000 0.033712 0.165703 0.000000 0.038461 0.165000 0.000000 0.043193 0.164203 0.000000 0.047908 0.163312 0.000000 0.052606 0.162328 0.000000 0.057288 0.161250 0.000000 0.061952 0.160078 0.000000 0.066600 0.158813 0.000000 0.071231 0.157453 0.000000 0.075845 0.156000 -0.000000 0.000000 0.168000 -0.000635 0.004827 0.167953 -0.001269 0.009641 0.167813 -0.001901 0.014443 0.167578 -0.002532 0.019231 0.167250 -0.003161 0.024007 0.166828 -0.003788 0.028771 0.166313 -0.004413 0.033521 0.165703 -0.005037 0.038259 0.165000 -0.005659 0.042984 0.164203 -0.006279 0.047697 0.163312 -0.006898 0.052397 0.162328 -0.007515 0.057084 0.161250 -0.008131 0.061758 0.160078 -0.008744 0.066419 0.158813 -0.009356 0.071068 0.157453 -0.009967 0.075704 0.156000 -0.000000 0.000000 0.168000 -0.001261 0.004706 0.167953 -0.002520 0.009405 0.167813 -0.003777 0.014097 0.167578 -0.005033 0.018782 0.167250 -0.006286 0.023461 0.166828 -0.007538 0.028134 0.166313 -0.008789 0.032800 0.165703 -0.010037 0.037459 0.165000 -0.011284 0.042111 0.164203 -0.012528 0.046757 0.163312 -0.013772 0.051396 0.162328 -0.015013 0.056029 0.161250 -0.016252 0.060655 0.160078 -0.017490 0.065274 0.158813 -0.018726 0.069887 0.157453 -0.019960 0.074493 0.156000 -0.000000 0.000000 0.168000 -0.001866 0.004504 0.167953 -0.003731 0.009008 0.167813 -0.005597 0.013512 0.167578 -0.007463 0.018017 0.167250 -0.009329 0.022521 0.166828 -0.011194 0.027026 0.166313 -0.013060 0.031530 0.165703 -0.014926 0.036035 0.165000 -0.016792 0.040540 0.164203 -0.018658 0.045045 0.163312 -0.020524 0.049551 0.162328 -0.022391 0.054056 0.161250 -0.024257 0.058561 0.160078 -0.026123 0.063067 0.158813 -0.027989 0.067573 0.157453 -0.029856 0.072078 0.156000 -0.000000 0.000000 0.168000 -0.002439 0.004225 0.167953 -0.004882 0.008456 0.167813 -0.007329 0.012693 0.167578 -0.009778 0.016937 0.167250 -0.012232 0.021186 0.166828 -0.014689 0.025442 0.166313 -0.017150 0.029704 0.165703 -0.019614 0.033972 0.165000 -0.022082 0.038247 0.164203 -0.024553 0.042527 0.163312 -0.027028 0.046814 0.162328 -0.029506 0.051106 0.161250 -0.031988 0.055405 0.160078 -0.034474 0.059710 0.158813 -0.036963 0.064022 0.157453 -0.039456 0.068339 0.156000 -0.000000 0.000000 0.168000 -0.002972 0.003873 0.167953 -0.005951 0.007756 0.167813 -0.008939 0.011649 0.167578 -0.011934 0.015553 0.167250 -0.014938 0.019467 0.166828 -0.017949 0.023392 0.166313 -0.020968 0.027326 0.165703 -0.023995 0.031271 0.165000 -0.027030 0.035227 0.164203 -0.030073 0.039192 0.163312 -0.033124 0.043169 0.162328 -0.036183 0.047155 0.161250 -0.039250 0.051152 0.160078 -0.042325 0.055159 0.158813 -0.045407 0.059176 0.157453 -0.048498 0.063204 0.156000 -0.000000 0.000000 0.168000 -0.003453 0.003453 0.167953 -0.006918 0.006918 0.167813 -0.010395 0.010395 0.167578 -0.013884 0.013884 0.167250 -0.017385 0.017385 0.166828 -0.020898 0.020898 0.166313 -0.024423 0.024423 0.165703 -0.027960 0.027960 0.165000 -0.031509 0.031509 0.164203 -0.035070 0.035070 0.163312 -0.038643 0.038643 0.162328 -0.042228 0.042228 0.161250 -0.045825 0.045825 0.160078 -0.049434 0.049434 0.158813 -0.053055 0.053055 0.157453 -0.056688 0.056688 0.156000 -0.000000 0.000000 0.168000 -0.003875 0.002973 0.167953 -0.007764 0.005958 0.167813 -0.011668 0.008953 0.167578 -0.015586 0.011960 0.167250 -0.019519 0.014978 0.166828 -0.023467 0.018007 0.166313 -0.027429 0.021047 0.165703 -0.031405 0.024098 0.165000 -0.035396 0.027160 0.164203 -0.039401 0.030234 0.163312 -0.043421 0.033318 0.162328 -0.047455 0.036414 0.161250 -0.051504 0.039521 0.160078 -0.055568 0.042639 0.158813 -0.059646 0.045768 0.157453 -0.063738 0.048908 0.156000 -0.000000 0.000000 0.168000 -0.004229 0.002442 0.167953 -0.008473 0.004892 0.167813 -0.012731 0.007350 0.167578 -0.017004 0.009817 0.167250 -0.021292 0.012293 0.166828 -0.025594 0.014777 0.166313 -0.029910 0.017269 0.165703 -0.034242 0.019769 0.165000 -0.038587 0.022278 0.164203 -0.042948 0.024796 0.163312 -0.047323 0.027322 0.162328 -0.051712 0.029856 0.161250 -0.056117 0.032399 0.160078 -0.060535 0.034950 0.158813 -0.064969 0.037510 0.157453 -0.069417 0.040078 0.156000 -0.000000 0.000000 0.168000 -0.004510 0.001868 0.167953 -0.009032 0.003741 0.167813 -0.013565 0.005619 0.167578 -0.018110 0.007502 0.167250 -0.022668 0.009389 0.166828 -0.027237 0.011282 0.166313 -0.031818 0.013179 0.165703 -0.036411 0.015082 0.165000 -0.041015 0.016989 0.164203 -0.045632 0.018901 0.163312 -0.050260 0.020818 0.162328 -0.054901 0.022741 0.161250 -0.059553 0.024668 0.160078 -0.064217 0.026599 0.158813 -0.068892 0.028536 0.157453 -0.073580 0.030478 0.156000 -0.000000 0.000000 0.168000 -0.004712 0.001263 0.167953 -0.009431 0.002527 0.167813 -0.014157 0.003793 0.167578 -0.018889 0.005061 0.167250 -0.023627 0.006331 0.166828 -0.028373 0.007602 0.166313 -0.033125 0.008876 0.165703 -0.037884 0.010151 0.165000 -0.042649 0.011428 0.164203 -0.047421 0.012706 0.163312 -0.052199 0.013987 0.162328 -0.056985 0.015269 0.161250 -0.061776 0.016553 0.160078 -0.066575 0.017839 0.158813 -0.071380 0.019126 0.157453 -0.076192 0.020416 0.156000 -0.000000 0.000000 0.168000 -0.004833 0.000636 0.167953 -0.009666 0.001273 0.167813 -0.014499 0.001909 0.167578 -0.019332 0.002545 0.167250 -0.024165 0.003181 0.166828 -0.028997 0.003818 0.166313 -0.033830 0.004454 0.165703 -0.038662 0.005090 0.165000 -0.043494 0.005726 0.164203 -0.048326 0.006362 0.163312 -0.053158 0.006998 0.162328 -0.057990 0.007635 0.161250 -0.062822 0.008271 0.160078 -0.067653 0.008907 0.158813 -0.072485 0.009543 0.157453 -0.077316 0.010179 0.156000 -0.000000 0.000000 0.168000 -0.004871 0.000000 0.167953 -0.009736 0.000000 0.167813 -0.014593 0.000000 0.167578 -0.019443 0.000000 0.167250 -0.024286 0.000000 0.166828 -0.029122 0.000000 0.166313 -0.033951 0.000000 0.165703 -0.038772 0.000000 0.165000 -0.043587 0.000000 0.164203 -0.048394 0.000000 0.163312 -0.053194 0.000000 0.162328 -0.057987 0.000000 0.161250 -0.062773 0.000000 0.160078 -0.067552 0.000000 0.158813 -0.072324 0.000000 0.157453 -0.077089 0.000000 0.156000 -0.000000 -0.000000 0.168000 -0.004827 -0.000635 0.167953 -0.009641 -0.001269 0.167813 -0.014442 -0.001901 0.167578 -0.019230 -0.002532 0.167250 -0.024005 -0.003160 0.166828 -0.028767 -0.003787 0.166313 -0.033517 -0.004413 0.165703 -0.038253 -0.005036 0.165000 -0.042977 -0.005658 0.164203 -0.047687 -0.006278 0.163312 -0.052385 -0.006897 0.162328 -0.057070 -0.007513 0.161250 -0.061742 -0.008128 0.160078 -0.066401 -0.008742 0.158813 -0.071047 -0.009354 0.157453 -0.075680 -0.009963 0.156000 -0.000000 -0.000000 0.168000 -0.004701 -0.001260 0.167953 -0.009385 -0.002515 0.167813 -0.014053 -0.003765 0.167578 -0.018705 -0.005012 0.167250 -0.023340 -0.006254 0.166828 -0.027959 -0.007492 0.166313 -0.032561 -0.008725 0.165703 -0.037147 -0.009954 0.165000 -0.041717 -0.011178 0.164203 -0.046271 -0.012398 0.163312 -0.050808 -0.013614 0.162328 -0.055329 -0.014825 0.161250 -0.059833 -0.016032 0.160078 -0.064321 -0.017235 0.158813 -0.068792 -0.018433 0.157453 -0.073248 -0.019627 0.156000 -0.000000 -0.000000 0.168000 -0.004495 -0.001862 0.167953 -0.008974 -0.003717 0.167813 -0.013436 -0.005565 0.167578 -0.017881 -0.007406 0.167250 -0.022308 -0.009240 0.166828 -0.026719 -0.011068 0.166313 -0.031114 -0.012888 0.165703 -0.035491 -0.014701 0.165000 -0.039851 -0.016507 0.164203 -0.044195 -0.018306 0.163312 -0.048521 -0.020098 0.162328 -0.052831 -0.021883 0.161250 -0.057124 -0.023661 0.160078 -0.061400 -0.025433 0.158813 -0.065659 -0.027197 0.157453 -0.069901 -0.028954 0.156000 -0.000000 -0.000000 0.168000 -0.004215 -0.002433 0.167953 -0.008415 -0.004858 0.167813 -0.012600 -0.007275 0.167578 -0.016771 -0.009683 0.167250 -0.020927 -0.012082 0.166828 -0.025069 -0.014473 0.166313 -0.029196 -0.016856 0.165703 -0.033308 -0.019231 0.165000 -0.037406 -0.021597 0.164203 -0.041490 -0.023954 0.163312 -0.045558 -0.026303 0.162328 -0.049613 -0.028644 0.161250 -0.053652 -0.030976 0.160078 -0.057677 -0.033300 0.158813 -0.061688 -0.035615 0.157453 -0.065683 -0.037922 0.156000 -0.000000 -0.000000 0.168000 -0.003863 -0.002964 0.167953 -0.007715 -0.005920 0.167813 -0.011557 -0.008868 0.167578 -0.015389 -0.011808 0.167250 -0.019211 -0.014741 0.166828 -0.023022 -0.017666 0.166313 -0.026824 -0.020583 0.165703 -0.030615 -0.023492 0.165000 -0.034396 -0.026393 0.164203 -0.038167 -0.029287 0.163312 -0.041928 -0.032172 0.162328 -0.045678 -0.035050 0.161250 -0.049419 -0.037920 0.160078 -0.053149 -0.040782 0.158813 -0.056869 -0.043637 0.157453 -0.060578 -0.046483 0.156000 -0.000000 -0.000000 0.168000 -0.003445 -0.003445 0.167953 -0.006885 -0.006885 0.167813 -0.010320 -0.010320 0.167578 -0.013750 -0.013750 0.167250 -0.017175 -0.017175 0.166828 -0.020595 -0.020595 0.166313 -0.024011 -0.024011 0.165703 -0.027422 -0.027422 0.165000 -0.030827 -0.030827 0.164203 -0.034228 -0.034228 0.163312 -0.037625 -0.037625 0.162328 -0.041016 -0.041016 0.161250 -0.044402 -0.044402 0.160078 -0.047784 -0.047784 0.158813 -0.051160 -0.051160 0.157453 -0.054532 -0.054532 0.156000 -0.000000 -0.000000 0.168000 -0.002968 -0.003868 0.167953 -0.005936 -0.007735 0.167813 -0.008904 -0.011603 0.167578 -0.011871 -0.015471 0.167250 -0.014840 -0.019339 0.166828 -0.017808 -0.023207 0.166313 -0.020776 -0.027076 0.165703 -0.023744 -0.030944 0.165000 -0.026713 -0.034813 0.164203 -0.029681 -0.038681 0.163312 -0.032650 -0.042550 0.162328 -0.035618 -0.046419 0.161250 -0.038587 -0.050288 0.160078 -0.041556 -0.054157 0.158813 -0.044525 -0.058026 0.157453 -0.047494 -0.061895 0.156000 -0.000000 -0.000000 0.168000 -0.002439 -0.004225 0.167953 -0.004882 -0.008456 0.167813 -0.007329 -0.012693 0.167578 -0.009778 -0.016937 0.167250 -0.012232 -0.021186 0.166828 -0.014689 -0.025442 0.166313 -0.017150 -0.029704 0.165703 -0.019614 -0.033972 0.165000 -0.022082 -0.038247 0.164203 -0.024553 -0.042527 0.163312 -0.027028 -0.046814 0.162328 -0.029506 -0.051106 0.161250 -0.031988 -0.055405 0.160078 -0.034474 -0.059710 0.158813 -0.036963 -0.064022 0.157453 -0.039456 -0.068339 0.156000 -0.000000 -0.000000 0.168000 -0.001868 -0.004510 0.167953 -0.003741 -0.009032 0.167813 -0.005619 -0.013566 0.167578 -0.007502 -0.018112 0.167250 -0.009390 -0.022670 0.166828 -0.011283 -0.027240 0.166313 -0.013181 -0.031822 0.165703 -0.015084 -0.036416 0.165000 -0.016992 -0.041022 0.164203 -0.018905 -0.045641 0.163312 -0.020823 -0.050271 0.162328 -0.022746 -0.054913 0.161250 -0.024674 -0.059567 0.160078 -0.026606 -0.064234 0.158813 -0.028544 -0.068912 0.157453 -0.030487 -0.073602 0.156000 -0.000000 -0.000000 0.168000 -0.001264 -0.004717 0.167953 -0.002532 -0.009451 0.167813 -0.003805 -0.014200 0.167578 -0.005082 -0.018966 0.167250 -0.006364 -0.023749 0.166828 -0.007649 -0.028548 0.166313 -0.008940 -0.033363 0.165703 -0.010234 -0.038195 0.165000 -0.011533 -0.043043 0.164203 -0.012837 -0.047907 0.163312 -0.014144 -0.052788 0.162328 -0.015457 -0.057685 0.161250 -0.016773 -0.062598 0.160078 -0.018094 -0.067528 0.158813 -0.019419 -0.072474 0.157453 -0.020749 -0.077437 0.156000 -0.000000 -0.000000 0.168000 -0.000638 -0.004842 0.167953 -0.001277 -0.009703 0.167813 -0.001920 -0.014581 0.167578 -0.002564 -0.019478 0.167250 -0.003211 -0.024393 0.166828 -0.003861 -0.029326 0.166313 -0.004513 -0.034277 0.165703 -0.005167 -0.039246 0.165000 -0.005823 -0.044234 0.164203 -0.006482 -0.049239 0.163312 -0.007144 -0.054263 0.162328 -0.007808 -0.059304 0.161250 -0.008474 -0.064364 0.160078 -0.009142 -0.069442 0.158813 -0.009813 -0.074538 0.157453 -0.010486 -0.079653 0.156000 -0.000000 -0.000000 0.168000 -0.000000 -0.004883 0.167953 -0.000000 -0.009784 0.167813 -0.000000 -0.014701 0.167578 -0.000000 -0.019635 0.167250 -0.000000 -0.024585 0.166828 -0.000000 -0.029553 0.166313 -0.000000 -0.034538 0.165703 -0.000000 -0.039539 0.165000 -0.000000 -0.044557 0.164203 -0.000000 -0.049592 0.163312 -0.000000 -0.054644 0.162328 -0.000000 -0.059712 0.161250 -0.000000 -0.064798 0.160078 -0.000000 -0.069900 0.158813 -0.000000 -0.075019 0.157453 -0.000000 -0.080155 0.156000 0.000000 -0.000000 0.168000 0.000637 -0.004840 0.167953 0.001276 -0.009692 0.167813 0.001916 -0.014557 0.167578 0.002559 -0.019435 0.167250 0.003203 -0.024325 0.166828 0.003848 -0.029229 0.166313 0.004495 -0.034145 0.165703 0.005144 -0.039073 0.165000 0.005795 -0.044015 0.164203 0.006447 -0.048969 0.163312 0.007101 -0.053936 0.162328 0.007756 -0.058916 0.161250 0.008414 -0.063908 0.160078 0.009073 -0.068913 0.158813 0.009733 -0.073931 0.157453 0.010395 -0.078961 0.156000 0.000000 -0.000000 0.168000 0.001263 -0.004712 0.167953 0.002527 -0.009431 0.167813 0.003793 -0.014157 0.167578 0.005061 -0.018889 0.167250 0.006331 -0.023627 0.166828 0.007602 -0.028373 0.166313 0.008876 -0.033125 0.165703 0.010151 -0.037884 0.165000 0.011428 -0.042649 0.164203 0.012706 -0.047421 0.163312 0.013987 -0.052199 0.162328 0.015269 -0.056985 0.161250 0.016553 -0.061776 0.160078 0.017839 -0.066575 0.158813 0.019126 -0.071380 0.157453 0.020416 -0.076192 0.156000 0.000000 -0.000000 0.168000 0.001866 -0.004504 0.167953 0.003731 -0.009008 0.167813 0.005597 -0.013511 0.167578 0.007462 -0.018015 0.167250 0.009327 -0.022518 0.166828 0.011193 -0.027021 0.166313 0.013058 -0.031524 0.165703 0.014923 -0.036027 0.165000 0.016788 -0.040530 0.164203 0.018653 -0.045033 0.163312 0.020518 -0.049536 0.162328 0.022383 -0.054038 0.161250 0.024248 -0.058540 0.160078 0.026113 -0.063043 0.158813 0.027978 -0.067545 0.157453 0.029843 -0.072047 0.156000 0.000000 -0.000000 0.168000 0.002436 -0.004219 0.167953 0.004868 -0.008431 0.167813 0.007296 -0.012638 0.167578 0.009722 -0.016838 0.167250 0.012143 -0.021032 0.166828 0.014561 -0.025220 0.166313 0.016975 -0.029402 0.165703 0.019386 -0.033578 0.165000 0.021793 -0.037747 0.164203 0.024197 -0.041910 0.163312 0.026597 -0.046068 0.162328 0.028994 -0.050219 0.161250 0.031387 -0.054363 0.160078 0.033776 -0.058502 0.158813 0.036162 -0.062635 0.157453 0.038544 -0.066761 0.156000 0.000000 -0.000000 0.168000 0.002964 -0.003862 0.167953 0.005920 -0.007715 0.167813 0.008867 -0.011556 0.167578 0.011807 -0.015388 0.167250 0.014739 -0.019209 0.166828 0.017664 -0.023020 0.166313 0.020580 -0.026820 0.165703 0.023488 -0.030610 0.165000 0.026388 -0.034390 0.164203 0.029281 -0.038159 0.163312 0.032165 -0.041919 0.162328 0.035042 -0.045667 0.161250 0.037910 -0.049406 0.160078 0.040771 -0.053134 0.158813 0.043624 -0.056852 0.157453 0.046469 -0.060559 0.156000 0.000000 -0.000000 0.168000 0.003441 -0.003441 0.167953 0.006870 -0.006870 0.167813 0.010288 -0.010288 0.167578 0.013693 -0.013693 0.167250 0.017086 -0.017086 0.166828 0.020467 -0.020467 0.166313 0.023837 -0.023837 0.165703 0.027194 -0.027194 0.165000 0.030539 -0.030539 0.164203 0.033873 -0.033873 0.163312 0.037194 -0.037194 0.162328 0.040503 -0.040503 0.161250 0.043801 -0.043801 0.160078 0.047086 -0.047086 0.158813 0.050360 -0.050360 0.157453 0.053621 -0.053621 0.156000 0.000000 -0.000000 0.168000 0.003860 -0.002962 0.167953 0.007706 -0.005913 0.167813 0.011538 -0.008853 0.167578 0.015354 -0.011782 0.167250 0.019157 -0.014699 0.166828 0.022945 -0.017606 0.166313 0.026718 -0.020501 0.165703 0.030477 -0.023386 0.165000 0.034221 -0.026259 0.164203 0.037951 -0.029121 0.163312 0.041666 -0.031972 0.162328 0.045367 -0.034811 0.161250 0.049053 -0.037640 0.160078 0.052725 -0.040457 0.158813 0.056382 -0.043264 0.157453 0.060025 -0.046059 0.156000 0.000000 -0.000000 0.168000 0.004215 -0.002433 0.167953 0.008415 -0.004858 0.167813 0.012600 -0.007275 0.167578 0.016771 -0.009683 0.167250 0.020927 -0.012082 0.166828 0.025069 -0.014473 0.166313 0.029196 -0.016856 0.165703 0.033308 -0.019231 0.165000 0.037406 -0.021597 0.164203 0.041490 -0.023954 0.163312 0.045558 -0.026303 0.162328 0.049613 -0.028644 0.161250 0.053652 -0.030976 0.160078 0.057677 -0.033300 0.158813 0.061688 -0.035615 0.157453 0.065683 -0.037922 0.156000 0.000000 -0.000000 0.168000 0.004498 -0.001863 0.167953 0.008984 -0.003721 0.167813 0.013458 -0.005575 0.167578 0.017921 -0.007423 0.167250 0.022371 -0.009267 0.166828 0.026810 -0.011105 0.166313 0.031237 -0.012939 0.165703 0.035652 -0.014768 0.165000 0.040055 -0.016591 0.164203 0.044446 -0.018410 0.163312 0.048826 -0.020224 0.162328 0.053193 -0.022033 0.161250 0.057549 -0.023838 0.160078 0.061893 -0.025637 0.158813 0.066225 -0.027431 0.157453 0.070545 -0.029221 0.156000 0.000000 -0.000000 0.168000 0.004706 -0.001261 0.167953 0.009405 -0.002520 0.167813 0.014097 -0.003777 0.167578 0.018782 -0.005033 0.167250 0.023461 -0.006286 0.166828 0.028134 -0.007538 0.166313 0.032800 -0.008789 0.165703 0.037459 -0.010037 0.165000 0.042111 -0.011284 0.164203 0.046757 -0.012528 0.163312 0.051396 -0.013772 0.162328 0.056029 -0.015013 0.161250 0.060655 -0.016252 0.160078 0.065274 -0.017490 0.158813 0.069887 -0.018726 0.157453 0.074493 -0.019960 0.156000 0.000000 -0.000000 0.168000 0.004833 -0.000636 0.167953 0.009667 -0.001273 0.167813 0.014500 -0.001909 0.167578 0.019334 -0.002545 0.167250 0.024168 -0.003182 0.166828 0.029002 -0.003818 0.166313 0.033836 -0.004455 0.165703 0.038671 -0.005091 0.165000 0.043505 -0.005728 0.164203 0.048340 -0.006364 0.163312 0.053174 -0.007001 0.162328 0.058009 -0.007637 0.161250 0.062844 -0.008274 0.160078 0.067679 -0.008910 0.158813 0.072514 -0.009547 0.157453 0.077350 -0.010183 0.156000 0.000000 -0.000000 0.168000 0.004879 -0.000000 0.167953 0.009764 -0.000000 0.167813 0.014657 -0.000000 0.167578 0.019557 -0.000000 0.167250 0.024464 -0.000000 0.166828 0.029378 -0.000000 0.166313 0.034299 -0.000000 0.165703 0.039228 -0.000000 0.165000 0.044163 -0.000000 0.164203 0.049106 -0.000000 0.163312 0.054056 -0.000000 0.162328 0.059013 -0.000000 0.161250 0.063977 -0.000000 0.160078 0.068948 -0.000000 0.158813 0.073926 -0.000000 0.157453 0.078911 -0.000000 0.156000 0.012000 0.006000 0.180000 0.018038 0.006000 0.179901 0.024027 0.006000 0.179567 0.029853 0.006000 0.178947 0.035373 0.006000 0.178032 0.040481 0.006000 0.176854 0.045133 0.006000 0.175464 0.049296 0.006000 0.173895 0.052885 0.006000 0.172160 0.055752 0.006000 0.170267 0.057767 0.006000 0.168249 0.058942 0.006000 0.166165 0.059480 0.006000 0.164075 0.059700 0.006000 0.162000 0.059836 0.006000 0.159909 0.059868 0.006000 0.157753 0.059488 0.006000 0.155516 0.058251 0.006000 0.153261 0.055806 0.006000 0.151115 0.052081 0.006000 0.149217 0.047293 0.006000 0.147658 0.041813 0.006000 0.146451 0.035992 0.006000 0.145543 0.030045 0.006000 0.144871 0.024055 0.006000 0.144392 0.018038 0.006000 0.144099 0.012000 0.006000 0.144000 0.012000 0.006000 0.180000 0.017968 0.006870 0.179915 0.023916 0.007736 0.179622 0.029760 0.008588 0.179068 0.035371 0.009406 0.178231 0.040643 0.010174 0.177125 0.045501 0.010881 0.175783 0.049868 0.011518 0.174228 0.053609 0.012063 0.172468 0.056534 0.012489 0.170519 0.058494 0.012775 0.168427 0.059507 0.012922 0.166268 0.059809 0.012966 0.164116 0.059763 0.012960 0.162000 0.059653 0.012944 0.159891 0.059500 0.012921 0.157733 0.059019 0.012851 0.155500 0.057764 0.012668 0.153245 0.055365 0.012319 0.151090 0.051718 0.011787 0.149175 0.047007 0.011101 0.147597 0.041587 0.010311 0.146376 0.035804 0.009469 0.145469 0.029885 0.008606 0.144811 0.023931 0.007738 0.144357 0.017967 0.006869 0.144089 0.012000 0.006000 0.144000 0.012000 0.006000 0.180000 0.017748 0.007718 0.179920 0.023491 0.009435 0.179647 0.029166 0.011131 0.179133 0.034671 0.012777 0.178351 0.039910 0.014343 0.177306 0.044803 0.015806 0.176015 0.049243 0.017133 0.174489 0.053054 0.018272 0.172727 0.056005 0.019154 0.170742 0.057915 0.019725 0.168591 0.058783 0.019985 0.166365 0.058852 0.020005 0.164153 0.058510 0.019903 0.162000 0.058086 0.019776 0.159882 0.057657 0.019648 0.157740 0.056994 0.019450 0.155541 0.055686 0.019059 0.153321 0.053373 0.018368 0.151190 0.049928 0.017338 0.149281 0.045491 0.016011 0.147690 0.040369 0.014480 0.146443 0.034870 0.012837 0.145505 0.029209 0.011144 0.144824 0.023488 0.009434 0.144358 0.017746 0.007718 0.144087 0.012000 0.006000 0.144000 0.012000 0.006000 0.180000 0.017384 0.008524 0.179915 0.022758 0.011043 0.179635 0.028070 0.013533 0.179121 0.033243 0.015958 0.178353 0.038202 0.018283 0.177337 0.042882 0.020476 0.176084 0.047178 0.022490 0.174592 0.050901 0.024235 0.172849 0.053798 0.025593 0.170863 0.055658 0.026465 0.168690 0.056451 0.026837 0.166427 0.056392 0.026809 0.164178 0.055859 0.026559 0.162000 0.055197 0.026249 0.159881 0.054530 0.025936 0.157765 0.053691 0.025543 0.155612 0.052335 0.024908 0.153447 0.050139 0.023878 0.151364 0.046972 0.022394 0.149482 0.042938 0.020502 0.147890 0.038282 0.018320 0.146616 0.033261 0.015966 0.145633 0.028051 0.013524 0.144900 0.022742 0.011035 0.144391 0.017381 0.008522 0.144095 0.012000 0.006000 0.144000 0.012000 0.006000 0.180000 0.016885 0.009265 0.179901 0.021742 0.012512 0.179588 0.026517 0.015703 0.179033 0.031145 0.018797 0.178232 0.035578 0.021760 0.177200 0.039780 0.024569 0.175953 0.043673 0.027171 0.174486 0.047092 0.029456 0.172778 0.049793 0.031261 0.170826 0.051559 0.032442 0.168676 0.052334 0.032960 0.166424 0.052284 0.032927 0.164177 0.051740 0.032563 0.162000 0.051023 0.032084 0.159892 0.050270 0.031580 0.157803 0.049366 0.030976 0.155694 0.048035 0.030086 0.153584 0.046008 0.028731 0.151555 0.043174 0.026837 0.149711 0.039613 0.024457 0.148130 0.035522 0.021723 0.146836 0.031099 0.018766 0.145807 0.026477 0.015676 0.145014 0.021723 0.012499 0.144447 0.016882 0.009263 0.144109 0.012000 0.006000 0.144000 0.012000 0.006000 0.180000 0.016265 0.009924 0.179884 0.020482 0.013803 0.179520 0.024584 0.017577 0.178893 0.028512 0.021191 0.178017 0.032235 0.024616 0.176925 0.035746 0.027846 0.175646 0.039010 0.030849 0.174182 0.041907 0.033514 0.172510 0.044240 0.035661 0.170615 0.045819 0.037113 0.168530 0.046573 0.037807 0.166338 0.046622 0.037852 0.164140 0.046227 0.037489 0.162000 0.045649 0.036957 0.159920 0.045004 0.036363 0.157858 0.044201 0.035625 0.155783 0.043020 0.034538 0.153711 0.041247 0.032907 0.151722 0.038803 0.030658 0.149911 0.035760 0.027859 0.148346 0.032280 0.024658 0.147042 0.028517 0.021196 0.145977 0.024565 0.017560 0.145132 0.020468 0.013791 0.144508 0.016263 0.009922 0.144126 0.012000 0.006000 0.144000 0.012000 0.006000 0.180000 0.015542 0.010485 0.179866 0.019022 0.014892 0.179450 0.022366 0.019127 0.178741 0.025512 0.023110 0.177768 0.028436 0.026813 0.176584 0.031151 0.030251 0.175240 0.033657 0.033424 0.173751 0.035889 0.036250 0.172099 0.037714 0.038561 0.170266 0.038991 0.040178 0.168269 0.039663 0.041029 0.166176 0.039814 0.041220 0.164068 0.039632 0.040990 0.162000 0.039307 0.040578 0.159969 0.038907 0.040072 0.157938 0.038345 0.039360 0.155881 0.037436 0.038209 0.153824 0.036013 0.036406 0.151849 0.034021 0.033885 0.150051 0.031536 0.030738 0.148494 0.028695 0.027140 0.147186 0.025623 0.023251 0.146102 0.022389 0.019155 0.145223 0.019019 0.014889 0.144557 0.015541 0.010483 0.144141 0.012000 0.006000 0.144000 0.012000 0.006000 0.180000 0.014734 0.010936 0.179854 0.017408 0.015764 0.179397 0.019948 0.020351 0.178619 0.022295 0.024588 0.177554 0.024424 0.028433 0.176273 0.026352 0.031914 0.174846 0.028097 0.035064 0.173308 0.029636 0.037843 0.171653 0.030897 0.040120 0.169864 0.031797 0.041745 0.167953 0.032306 0.042665 0.165969 0.032489 0.042996 0.163973 0.032478 0.042975 0.162000 0.032392 0.042820 0.160037 0.032256 0.042575 0.158041 0.031979 0.042074 0.155992 0.031400 0.041028 0.153926 0.030386 0.039198 0.151937 0.028901 0.036517 0.150127 0.027013 0.033108 0.148562 0.024840 0.029183 0.147250 0.022484 0.024931 0.146159 0.020003 0.020450 0.145267 0.017413 0.015774 0.144584 0.014733 0.010935 0.144149 0.012000 0.006000 0.144000 0.012000 0.006000 0.180000 0.013860 0.011268 0.179850 0.015676 0.016409 0.179376 0.017391 0.021264 0.178560 0.018954 0.025690 0.177436 0.020343 0.029622 0.176080 0.021565 0.033083 0.174578 0.022639 0.036123 0.172980 0.023561 0.038736 0.171297 0.024303 0.040835 0.169522 0.024826 0.042317 0.167667 0.025129 0.043175 0.165770 0.025264 0.043557 0.163876 0.025319 0.043712 0.162000 0.025363 0.043838 0.160110 0.025396 0.043930 0.158153 0.025333 0.043752 0.156109 0.025048 0.042946 0.154022 0.024440 0.041224 0.151997 0.023480 0.038506 0.150151 0.022219 0.034936 0.148562 0.020746 0.030765 0.147238 0.019141 0.026221 0.146148 0.017449 0.021428 0.145262 0.015685 0.016433 0.144584 0.013860 0.011268 0.144150 0.012000 0.006000 0.144000 0.012000 0.006000 0.180000 0.012942 0.011472 0.179855 0.013863 0.016819 0.179390 0.014732 0.021869 0.178578 0.015522 0.026459 0.177444 0.016217 0.030497 0.176060 0.016817 0.033982 0.174514 0.017329 0.036956 0.172865 0.017754 0.039421 0.171139 0.018080 0.041317 0.169344 0.018298 0.042585 0.167497 0.018416 0.043268 0.165639 0.018467 0.043567 0.163807 0.018501 0.043762 0.162000 0.018552 0.044056 0.160169 0.018613 0.044412 0.158249 0.018634 0.044533 0.156210 0.018541 0.043993 0.154100 0.018274 0.042445 0.152034 0.017816 0.039783 0.150143 0.017191 0.036151 0.148517 0.016447 0.031829 0.147175 0.015629 0.027080 0.146087 0.014766 0.022065 0.145218 0.013868 0.016849 0.144562 0.012942 0.011472 0.144144 0.012000 0.006000 0.144000 0.012000 0.006000 0.180000 0.012000 0.011544 0.179867 0.012000 0.016981 0.179433 0.012000 0.022151 0.178665 0.012000 0.026887 0.177573 0.012000 0.031078 0.176217 0.012000 0.034692 0.174673 0.012000 0.037738 0.173002 0.012000 0.040193 0.171235 0.012000 0.041991 0.169391 0.012000 0.043088 0.167504 0.012000 0.043568 0.165623 0.012000 0.043677 0.163790 0.012000 0.043746 0.162000 0.012000 0.044004 0.160194 0.012000 0.044420 0.158294 0.012000 0.044671 0.156261 0.012000 0.044289 0.154136 0.012000 0.042880 0.152039 0.012000 0.040301 0.150109 0.012000 0.036680 0.148449 0.012000 0.032303 0.147089 0.012000 0.027457 0.146003 0.012000 0.022328 0.145153 0.012000 0.017007 0.144526 0.012000 0.011544 0.144134 0.012000 0.006000 0.144000 0.012000 0.006000 0.180000 0.011057 0.011480 0.179881 0.010127 0.016882 0.179491 0.009233 0.022075 0.178793 0.008401 0.026908 0.177782 0.007650 0.031266 0.176502 0.006991 0.035095 0.175011 0.006430 0.038357 0.173357 0.005978 0.040981 0.171566 0.005654 0.042863 0.169665 0.005469 0.043937 0.167700 0.005408 0.044289 0.165739 0.005425 0.044195 0.163837 0.005454 0.044024 0.162000 0.005449 0.044051 0.160170 0.005409 0.044283 0.158262 0.005386 0.044420 0.156227 0.005459 0.043994 0.154100 0.005700 0.042597 0.151992 0.006137 0.040058 0.150046 0.006752 0.036481 0.148369 0.007501 0.032135 0.146999 0.008332 0.027306 0.145917 0.009213 0.022191 0.145087 0.010124 0.016895 0.144488 0.011057 0.011479 0.144122 0.012000 0.006000 0.144000 0.012000 0.006000 0.180000 0.010135 0.011281 0.179894 0.008287 0.016512 0.179548 0.006490 0.021600 0.178924 0.004787 0.026424 0.178011 0.003211 0.030886 0.176834 0.001786 0.034919 0.175431 0.000539 0.038453 0.173829 -0.000489 0.041363 0.172043 -0.001240 0.043488 0.170095 -0.001672 0.044712 0.168041 -0.001805 0.045089 0.165964 -0.001732 0.044881 0.163942 -0.001587 0.044472 0.162000 -0.001483 0.044176 0.160093 -0.001439 0.044053 0.158141 -0.001373 0.043865 0.156092 -0.001136 0.043194 0.153968 -0.000593 0.041657 0.151873 0.000316 0.039083 0.149941 0.001563 0.035553 0.148275 0.003062 0.031308 0.146915 0.004722 0.026607 0.145845 0.006476 0.021640 0.145033 0.008288 0.016510 0.144456 0.010136 0.011279 0.144113 0.012000 0.006000 0.144000 0.012000 0.006000 0.180000 0.009259 0.010950 0.179903 0.006533 0.015872 0.179589 0.003858 0.020702 0.179024 0.001280 0.025356 0.178196 -0.001161 0.029763 0.177119 -0.003433 0.033866 0.175814 -0.005490 0.037580 0.174287 -0.007244 0.040747 0.172533 -0.008579 0.043157 0.170564 -0.009399 0.044637 0.168435 -0.009701 0.045184 0.166242 -0.009606 0.045013 0.164080 -0.009312 0.044482 0.162000 -0.008998 0.043914 0.159978 -0.008723 0.043417 0.157950 -0.008397 0.042828 0.155866 -0.007833 0.041811 0.153746 -0.006856 0.040046 0.151679 -0.005385 0.037391 0.149787 -0.003462 0.033918 0.148161 -0.001202 0.029837 0.146834 0.001271 0.025373 0.145789 0.003868 0.020683 0.144997 0.006541 0.015857 0.144437 0.009260 0.010947 0.144107 0.012000 0.006000 0.144000 0.012000 0.006000 0.180000 0.008450 0.010495 0.179906 0.004915 0.014971 0.179605 0.001430 0.019384 0.179070 -0.001961 0.023678 0.178292 -0.005224 0.027811 0.177283 -0.008333 0.031747 0.176057 -0.011227 0.035412 0.174603 -0.013781 0.038646 0.172899 -0.015814 0.041219 0.170941 -0.017160 0.042925 0.168773 -0.017773 0.043701 0.166495 -0.017769 0.043696 0.164214 -0.017385 0.043210 0.162000 -0.016853 0.042536 0.159854 -0.016274 0.041802 0.157732 -0.015567 0.040907 0.155597 -0.014536 0.039602 0.153470 -0.012994 0.037649 0.151434 -0.010864 0.034952 0.149594 -0.008211 0.031593 0.148027 -0.005184 0.027759 0.146753 -0.001928 0.023636 0.145747 0.001459 0.019347 0.144977 0.004929 0.014954 0.144430 0.008452 0.010492 0.144105 0.012000 0.006000 0.144000 0.012000 0.006000 0.180000 0.007730 0.009928 0.179903 0.003481 0.013837 0.179596 -0.000705 0.017689 0.179056 -0.004784 0.021441 0.178281 -0.008731 0.025073 0.177291 -0.012536 0.028573 0.176100 -0.016146 0.031895 0.174695 -0.019418 0.034904 0.173041 -0.022122 0.037392 0.171118 -0.024034 0.039152 0.168958 -0.025054 0.040090 0.166650 -0.025274 0.040292 0.164304 -0.024937 0.039982 0.162000 -0.024301 0.039397 0.159756 -0.023485 0.038646 0.157547 -0.022417 0.037663 0.155355 -0.020901 0.036269 0.153209 -0.018758 0.034297 0.151191 -0.015939 0.031704 0.149398 -0.012550 0.028586 0.147892 -0.008777 0.025115 0.146675 -0.004790 0.021446 0.145713 -0.000686 0.017671 0.144970 0.003494 0.013825 0.144431 0.007732 0.009926 0.144106 0.012000 0.006000 0.144000 0.012000 0.006000 0.180000 0.007116 0.009264 0.179897 0.002269 0.012505 0.179569 -0.002483 0.015681 0.178993 -0.007081 0.018754 0.178178 -0.011506 0.021712 0.177154 -0.015765 0.024559 0.175946 -0.019830 0.027276 0.174548 -0.023568 0.029774 0.172925 -0.026739 0.031894 0.171047 -0.029091 0.033466 0.168935 -0.030488 0.034400 0.166660 -0.030998 0.034741 0.164323 -0.030853 0.034644 0.162000 -0.030301 0.034275 0.159714 -0.029447 0.033704 0.157454 -0.028202 0.032872 0.155216 -0.026356 0.031638 0.153042 -0.023737 0.029888 0.151023 -0.020332 0.027611 0.149254 -0.016295 0.024913 0.147788 -0.011862 0.021950 0.146617 -0.007234 0.018857 0.145692 -0.002514 0.015701 0.144970 0.002272 0.012502 0.144438 0.007118 0.009263 0.144110 0.012000 0.006000 0.144000 0.012000 0.006000 0.180000 0.006624 0.008520 0.179890 0.001304 0.011014 0.179533 -0.003869 0.013439 0.178906 -0.008811 0.015756 0.178021 -0.013492 0.017950 0.176922 -0.017931 0.020030 0.175650 -0.022127 0.021997 0.174216 -0.025982 0.023805 0.172593 -0.029284 0.025353 0.170755 -0.031795 0.026530 0.168711 -0.033387 0.027276 0.166520 -0.034127 0.027623 0.164263 -0.034237 0.027674 0.162000 -0.033936 0.027533 0.159746 -0.033290 0.027230 0.157490 -0.032153 0.026697 0.155234 -0.030271 0.025815 0.153036 -0.027454 0.024495 0.150997 -0.023706 0.022738 0.149219 -0.019228 0.020638 0.147758 -0.014307 0.018332 0.146601 -0.009184 0.015930 0.145692 -0.003976 0.013489 0.144980 0.001293 0.011019 0.144448 0.006625 0.008520 0.144114 0.012000 0.006000 0.144000 0.012000 0.006000 0.180000 0.006264 0.007715 0.179882 0.000606 0.009406 0.179499 -0.004851 0.011037 0.178819 -0.009987 0.012573 0.177858 -0.014745 0.013995 0.176667 -0.019139 0.015308 0.175305 -0.023188 0.016519 0.173800 -0.026834 0.017608 0.172146 -0.029913 0.018529 0.170327 -0.032244 0.019226 0.168351 -0.033747 0.019675 0.166268 -0.034529 0.019909 0.164139 -0.034824 0.019997 0.162000 -0.034834 0.020000 0.159847 -0.034568 0.019920 0.157655 -0.033803 0.019692 0.155425 -0.032208 0.019215 0.153217 -0.029538 0.018417 0.151147 -0.025779 0.017293 0.149331 -0.021153 0.015910 0.147835 -0.015988 0.014366 0.146652 -0.010564 0.012745 0.145726 -0.005030 0.011091 0.145003 0.000580 0.009414 0.144461 0.006264 0.007715 0.144118 0.012000 0.006000 0.144000 0.012000 0.006000 0.180000 0.006045 0.006868 0.179877 0.000184 0.007722 0.179473 -0.005432 0.008540 0.178753 -0.010649 0.009300 0.177729 -0.015377 0.009989 0.176456 -0.019609 0.010606 0.175005 -0.023365 0.011153 0.173419 -0.026609 0.011626 0.171713 -0.029230 0.012008 0.169887 -0.031112 0.012282 0.167959 -0.032255 0.012449 0.165976 -0.032837 0.012533 0.163984 -0.033139 0.012577 0.162000 -0.033369 0.012611 0.159992 -0.033498 0.012630 0.157913 -0.033229 0.012591 0.155748 -0.032138 0.012431 0.153557 -0.029896 0.012105 0.151460 -0.026437 0.011601 0.149588 -0.021966 0.010949 0.148026 -0.016825 0.010200 0.146779 -0.011324 0.009399 0.145802 -0.005644 0.008571 0.145043 0.000151 0.007726 0.144479 0.006045 0.006868 0.144123 0.012000 0.006000 0.144000 0.012000 0.006000 0.180000 0.005972 0.006000 0.179873 0.000047 0.006000 0.179458 -0.005612 0.006000 0.178718 -0.010829 0.006000 0.177659 -0.015488 0.006000 0.176336 -0.019552 0.006000 0.174821 -0.023023 0.006000 0.173170 -0.025864 0.006000 0.171409 -0.027989 0.006000 0.169556 -0.029336 0.006000 0.167644 -0.029980 0.006000 0.165725 -0.030178 0.006000 0.163844 -0.030280 0.006000 0.162000 -0.030533 0.006000 0.160141 -0.030906 0.006000 0.158193 -0.031057 0.006000 0.156121 -0.030487 0.006000 0.153972 -0.028785 0.006000 0.151865 -0.025808 0.006000 0.149942 -0.021712 0.006000 0.148301 -0.016820 0.006000 0.146969 -0.011448 0.006000 0.145916 -0.005804 0.006000 0.145100 0.000019 0.006000 0.144501 0.005972 0.006000 0.144128 0.012000 0.006000 0.144000 0.012000 0.006000 0.180000 0.006047 0.005133 0.179871 0.000198 0.004280 0.179453 -0.005388 0.003466 0.178712 -0.010536 0.002716 0.177651 -0.015117 0.002049 0.176319 -0.019074 0.001472 0.174784 -0.022378 0.000991 0.173101 -0.024969 0.000613 0.171301 -0.026756 0.000353 0.169414 -0.027690 0.000217 0.167486 -0.027888 0.000188 0.165583 -0.027667 0.000220 0.163756 -0.027440 0.000253 0.162000 -0.027511 0.000243 0.160251 -0.027882 0.000189 0.158417 -0.028216 0.000140 0.156441 -0.027986 0.000174 0.154351 -0.026726 0.000357 0.152257 -0.024227 0.000721 0.150302 -0.020580 0.001253 0.148596 -0.016061 0.001911 0.147182 -0.010969 0.002653 0.146049 -0.005514 0.003448 0.145168 0.000183 0.004278 0.144526 0.006048 0.005133 0.144132 0.012000 0.006000 0.144000 0.012000 0.006000 0.180000 0.006268 0.004287 0.179870 0.000634 0.002602 0.179455 -0.004759 0.000990 0.178727 -0.009755 -0.000503 0.177690 -0.014237 -0.001843 0.176388 -0.018141 -0.003010 0.174878 -0.021415 -0.003989 0.173206 -0.023967 -0.004751 0.171397 -0.025669 -0.005260 0.169484 -0.026454 -0.005495 0.167520 -0.026430 -0.005488 0.165585 -0.025924 -0.005337 0.163743 -0.025384 -0.005175 0.162000 -0.025158 -0.005107 0.160292 -0.025304 -0.005151 0.158520 -0.025533 -0.005220 0.156612 -0.025350 -0.005165 0.154580 -0.024286 -0.004847 0.152519 -0.022101 -0.004194 0.150565 -0.018830 -0.003216 0.148827 -0.014696 -0.001980 0.147360 -0.009954 -0.000563 0.146166 -0.004802 0.000977 0.145230 0.000637 0.002603 0.144550 0.006270 0.004287 0.144137 0.012000 0.006000 0.144000 0.012000 0.006000 0.180000 0.006630 0.003483 0.179870 0.001348 0.001007 0.179461 -0.003726 -0.001372 0.178754 -0.008467 -0.003594 0.177756 -0.012785 -0.005618 0.176508 -0.016628 -0.007420 0.175056 -0.019937 -0.008971 0.173432 -0.022593 -0.010216 0.171648 -0.024433 -0.011078 0.169726 -0.025340 -0.011504 0.167722 -0.025377 -0.011521 0.165722 -0.024832 -0.011265 0.163807 -0.024131 -0.010937 0.162000 -0.023637 -0.010705 0.160252 -0.023456 -0.010620 0.158469 -0.023374 -0.010582 0.156580 -0.022970 -0.010393 0.154584 -0.021831 -0.009859 0.152565 -0.019731 -0.008874 0.150642 -0.016684 -0.007446 0.148918 -0.012866 -0.005656 0.147445 -0.008486 -0.003603 0.146230 -0.003706 -0.001362 0.145267 0.001364 0.001014 0.144565 0.006633 0.003484 0.144140 0.012000 0.006000 0.144000 0.012000 0.006000 0.180000 0.007124 0.002741 0.179871 0.002323 -0.000468 0.179470 -0.002305 -0.003562 0.178785 -0.006669 -0.006479 0.177828 -0.010709 -0.009179 0.176640 -0.014398 -0.011645 0.175259 -0.017685 -0.013842 0.173703 -0.020449 -0.015689 0.171967 -0.022501 -0.017061 0.170058 -0.023684 -0.017852 0.168022 -0.023994 -0.018059 0.165948 -0.023646 -0.017826 0.163926 -0.022999 -0.017394 0.162000 -0.022385 -0.016984 0.160142 -0.021930 -0.016679 0.158279 -0.021491 -0.016386 0.156348 -0.020743 -0.015886 0.154353 -0.019365 -0.014965 0.152366 -0.017185 -0.013508 0.150495 -0.014231 -0.011533 0.148825 -0.010653 -0.009142 0.147396 -0.006623 -0.006448 0.146210 -0.002265 -0.003535 0.145262 0.002342 -0.000455 0.144564 0.007127 0.002742 0.144140 0.012000 0.006000 0.144000 0.012000 0.006000 0.180000 0.007737 0.002078 0.179874 0.003535 -0.001787 0.179484 -0.000528 -0.005526 0.178819 -0.004386 -0.009075 0.177895 -0.008005 -0.012405 0.176755 -0.011381 -0.015511 0.175437 -0.014485 -0.018366 0.173946 -0.017209 -0.020873 0.172265 -0.019372 -0.022862 0.170383 -0.020796 -0.024172 0.168332 -0.021428 -0.024753 0.166195 -0.021398 -0.024726 0.164065 -0.020976 -0.024338 0.162000 -0.020425 -0.023831 0.159996 -0.019858 -0.023310 0.158002 -0.019178 -0.022684 0.155980 -0.018151 -0.021739 0.153944 -0.016550 -0.020266 0.151967 -0.014278 -0.018176 0.150148 -0.011395 -0.015523 0.148556 -0.008051 -0.012447 0.147211 -0.004392 -0.009081 0.146099 -0.000510 -0.005509 0.145207 0.003549 -0.001775 0.144543 0.007739 0.002080 0.144135 0.012000 0.006000 0.144000 0.012000 0.006000 0.180000 0.008455 0.001511 0.179880 0.004956 -0.002920 0.179504 0.001563 -0.007216 0.178856 -0.001671 -0.011312 0.177954 -0.004728 -0.015182 0.176843 -0.007615 -0.018838 0.175561 -0.010324 -0.022269 0.174113 -0.012776 -0.025373 0.172474 -0.014819 -0.027960 0.170621 -0.016292 -0.029825 0.168572 -0.017120 -0.030873 0.166396 -0.017370 -0.031191 0.164184 -0.017224 -0.031005 0.162000 -0.016863 -0.030549 0.159854 -0.016363 -0.029916 0.157718 -0.015646 -0.029007 0.155578 -0.014540 -0.027607 0.153469 -0.012899 -0.025529 0.151474 -0.010689 -0.022730 0.149689 -0.008000 -0.019325 0.148173 -0.004987 -0.015510 0.146927 -0.001783 -0.011453 0.145916 0.001540 -0.007245 0.145108 0.004959 -0.002916 0.144503 0.008457 0.001513 0.144127 0.012000 0.006000 0.144000 0.012000 0.006000 0.180000 0.009261 0.001054 0.179889 0.006551 -0.003838 0.179529 0.003918 -0.008592 0.178898 0.001405 -0.013131 0.178008 -0.000973 -0.017424 0.176904 -0.003225 -0.021490 0.175628 -0.005352 -0.025331 0.174190 -0.007304 -0.028856 0.172566 -0.008975 -0.031872 0.170729 -0.010243 -0.034163 0.168689 -0.011046 -0.035612 0.166504 -0.011418 -0.036283 0.164255 -0.011472 -0.036380 0.162000 -0.011320 -0.036107 0.159755 -0.010996 -0.035522 0.157505 -0.010426 -0.034492 0.155256 -0.009478 -0.032780 0.153061 -0.008054 -0.030210 0.151023 -0.006157 -0.026784 0.149245 -0.003886 -0.022684 0.147781 -0.001388 -0.018174 0.146619 0.001215 -0.013473 0.145705 0.003864 -0.008691 0.144988 0.006546 -0.003848 0.144452 0.009261 0.001055 0.144115 0.012000 0.006000 0.144000 0.012000 0.006000 0.180000 0.010135 0.000718 0.179897 0.008285 -0.004518 0.179557 0.006485 -0.009617 0.178942 0.004766 -0.014484 0.178058 0.003145 -0.019072 0.176945 0.001620 -0.023390 0.175649 0.000190 -0.027441 0.174189 -0.001119 -0.031146 0.172549 -0.002243 -0.034327 0.170708 -0.003111 -0.036785 0.168676 -0.003687 -0.038417 0.166504 -0.003998 -0.039297 0.164263 -0.004113 -0.039624 0.162000 -0.004097 -0.039578 0.159723 -0.003954 -0.039172 0.157419 -0.003617 -0.038220 0.155100 -0.002988 -0.036439 0.152836 -0.001998 -0.033634 0.150744 -0.000652 -0.029824 0.148942 0.000966 -0.025243 0.147490 0.002741 -0.020215 0.146374 0.004578 -0.015015 0.145526 0.006427 -0.009781 0.144879 0.008277 -0.004542 0.144403 0.010135 0.000718 0.144103 0.012000 0.006000 0.144000 0.012000 0.006000 0.180000 0.011055 0.000513 0.179905 0.010117 -0.004937 0.179580 0.009202 -0.010255 0.178981 0.008328 -0.015327 0.178099 0.007510 -0.020082 0.176970 0.006748 -0.024505 0.175642 0.006046 -0.028584 0.174139 0.005416 -0.032243 0.172458 0.004886 -0.035323 0.170592 0.004484 -0.037656 0.168559 0.004221 -0.039187 0.166413 0.004076 -0.040030 0.164214 0.004010 -0.040414 0.162000 0.003991 -0.040519 0.159762 0.004024 -0.040330 0.157476 0.004149 -0.039605 0.155148 0.004425 -0.037998 0.152851 0.004896 -0.035267 0.150715 0.005559 -0.031411 0.148869 0.006375 -0.026673 0.147389 0.007280 -0.021414 0.146265 0.008221 -0.015948 0.145432 0.009168 -0.010451 0.144815 0.010112 -0.004968 0.144371 0.011055 0.000512 0.144095 0.012000 0.006000 0.144000 0.012000 0.006000 0.180000 0.012000 0.000443 0.179908 0.012000 -0.005081 0.179592 0.012000 -0.010476 0.179000 0.012000 -0.015619 0.178118 0.012000 -0.020414 0.176974 0.012000 -0.024818 0.175612 0.012000 -0.028795 0.174062 0.012000 -0.032256 0.172333 0.012000 -0.035051 0.170431 0.012000 -0.037047 0.168388 0.012000 -0.038240 0.166267 0.012000 -0.038808 0.164129 0.012000 -0.039035 0.162000 0.012000 -0.039135 0.159855 0.012000 -0.039092 0.157651 0.012000 -0.038630 0.155377 0.012000 -0.037350 0.153097 0.012000 -0.034943 0.150941 0.012000 -0.031358 0.149049 0.012000 -0.026805 0.147510 0.012000 -0.021639 0.146331 0.012000 -0.016188 0.145457 0.012000 -0.010653 0.144818 0.012000 -0.005107 0.144367 0.012000 0.000443 0.144093 0.012000 0.006000 0.144000 0.012000 0.006000 0.180000 0.012945 0.000513 0.179905 0.013883 -0.004939 0.179583 0.014799 -0.010261 0.178987 0.015672 -0.015327 0.178099 0.016482 -0.020032 0.176942 0.017219 -0.024313 0.175556 0.017872 -0.028109 0.173972 0.018423 -0.031311 0.172203 0.018846 -0.033764 0.170268 0.019119 -0.035353 0.168213 0.019250 -0.036114 0.166112 0.019279 -0.036283 0.164034 0.019265 -0.036203 0.162000 0.019255 -0.036139 0.159973 0.019249 -0.036108 0.157888 0.019202 -0.035836 0.155714 0.019040 -0.034895 0.153497 0.018701 -0.032926 0.151355 0.018165 -0.029811 0.149431 0.017457 -0.025699 0.147824 0.016631 -0.020901 0.146559 0.015740 -0.015725 0.145601 0.014819 -0.010377 0.144892 0.013886 -0.004952 0.144396 0.012945 0.000514 0.144099 0.012000 0.006000 0.144000 0.012000 0.006000 0.180000 0.013865 0.000719 0.179895 0.015714 -0.004516 0.179554 0.017513 -0.009611 0.178936 0.019222 -0.014448 0.178030 0.020805 -0.018930 0.176860 0.022238 -0.022989 0.175463 0.023497 -0.026553 0.173866 0.024536 -0.029496 0.172081 0.025298 -0.031653 0.170131 0.025741 -0.032907 0.168071 0.025882 -0.033307 0.165986 0.025814 -0.033114 0.163954 0.025671 -0.032710 0.162000 0.025565 -0.032409 0.160081 0.025516 -0.032271 0.158119 0.025442 -0.032060 0.156061 0.025194 -0.031359 0.153933 0.024640 -0.029790 0.151836 0.023719 -0.027183 0.149905 0.022462 -0.023623 0.148243 0.020953 -0.019351 0.146889 0.019286 -0.014631 0.145826 0.017527 -0.009650 0.145021 0.015713 -0.004513 0.144451 0.013864 0.000721 0.144111 0.012000 0.006000 0.144000 0.012000 0.006000 0.180000 0.014738 0.001056 0.179881 0.017442 -0.003825 0.179507 0.020059 -0.008551 0.178850 0.022532 -0.013017 0.177913 0.024818 -0.017145 0.176726 0.026889 -0.020883 0.175326 0.028707 -0.024166 0.173737 0.030203 -0.026867 0.171963 0.031282 -0.028815 0.170025 0.031872 -0.029880 0.167976 0.031992 -0.030097 0.165907 0.031779 -0.029713 0.163904 0.031444 -0.029109 0.162000 0.031170 -0.028614 0.160154 0.031013 -0.028330 0.158284 0.030870 -0.028071 0.156325 0.030537 -0.027470 0.154285 0.029815 -0.026166 0.152249 0.028602 -0.023976 0.150337 0.026917 -0.020934 0.148648 0.024859 -0.017219 0.147227 0.022542 -0.013034 0.146073 0.020049 -0.008533 0.145171 0.017433 -0.003811 0.144519 0.014737 0.001059 0.144128 0.012000 0.006000 0.144000 0.012000 0.006000 0.180000 0.015542 0.001515 0.179866 0.019024 -0.002894 0.179453 0.022371 -0.007132 0.178748 0.025512 -0.011110 0.177768 0.028405 -0.014773 0.176557 0.031030 -0.018097 0.175156 0.033353 -0.021038 0.173586 0.035290 -0.023491 0.171846 0.036711 -0.025291 0.169943 0.037507 -0.026299 0.167925 0.037682 -0.026521 0.165877 0.037397 -0.026159 0.163889 0.036916 -0.025550 0.162000 0.036481 -0.025000 0.160179 0.036183 -0.024622 0.158349 0.035913 -0.024281 0.156445 0.035434 -0.023673 0.154467 0.034502 -0.022494 0.152487 0.032989 -0.020578 0.150611 0.030908 -0.017943 0.148928 0.028364 -0.014722 0.147480 0.025479 -0.011068 0.146270 0.022341 -0.007095 0.145299 0.019010 -0.002876 0.144582 0.015540 0.001518 0.144144 0.012000 0.006000 0.144000 0.012000 0.006000 0.180000 0.016258 0.002082 0.179854 0.020427 -0.001753 0.179407 0.024408 -0.005415 0.178656 0.028114 -0.008825 0.177631 0.031508 -0.011948 0.176389 0.034591 -0.014784 0.174982 0.037348 -0.017320 0.173433 0.039699 -0.019483 0.171734 0.041490 -0.021131 0.169880 0.042580 -0.022134 0.167905 0.042947 -0.022471 0.165883 0.042746 -0.022287 0.163901 0.042265 -0.021844 0.162000 0.041774 -0.021392 0.160159 0.041378 -0.021027 0.158314 0.040963 -0.020646 0.156408 0.040269 -0.020008 0.154446 0.039039 -0.018876 0.152498 0.037141 -0.017130 0.150660 0.034605 -0.014796 0.149010 0.031554 -0.011990 0.147577 0.028120 -0.008830 0.146363 0.024389 -0.005398 0.145369 0.020414 -0.001741 0.144620 0.016256 0.002085 0.144155 0.012000 0.006000 0.144000 0.012000 0.006000 0.180000 0.016871 0.002744 0.179849 0.021629 -0.000436 0.179384 0.026151 -0.003459 0.178604 0.030333 -0.006254 0.177544 0.034140 -0.008799 0.176273 0.037592 -0.011106 0.174855 0.040705 -0.013187 0.173316 0.043414 -0.014998 0.171649 0.045566 -0.016436 0.169839 0.047000 -0.017394 0.167907 0.047667 -0.017841 0.165912 0.047709 -0.017868 0.163929 0.047402 -0.017663 0.162000 0.047011 -0.017402 0.160108 0.046626 -0.017145 0.158202 0.046111 -0.016800 0.156243 0.045183 -0.016180 0.154250 0.043584 -0.015111 0.152299 0.041207 -0.013522 0.150486 0.038122 -0.011460 0.148879 0.034496 -0.009037 0.147497 0.030487 -0.006357 0.146326 0.026182 -0.003479 0.145360 0.021625 -0.000434 0.144623 0.016869 0.002746 0.144158 0.012000 0.006000 0.144000 0.012000 0.006000 0.180000 0.017365 0.003485 0.179853 0.022611 0.001026 0.179393 0.027592 -0.001309 0.178611 0.032187 -0.003463 0.177541 0.036353 -0.005416 0.176255 0.040118 -0.007181 0.174824 0.043520 -0.008775 0.173282 0.046517 -0.010180 0.171626 0.048968 -0.011329 0.169839 0.050713 -0.012147 0.167932 0.051696 -0.012608 0.165953 0.052045 -0.012772 0.163965 0.052019 -0.012760 0.162000 0.051854 -0.012682 0.160045 0.051599 -0.012562 0.158057 0.051070 -0.012315 0.156013 0.049955 -0.011792 0.153951 0.047989 -0.010870 0.151963 0.045099 -0.009515 0.150152 0.041415 -0.007789 0.148585 0.037168 -0.005798 0.147268 0.032560 -0.003638 0.146173 0.027699 -0.001359 0.145275 0.022622 0.001021 0.144588 0.017364 0.003485 0.144150 0.012000 0.006000 0.144000 0.012000 0.006000 0.180000 0.017731 0.004287 0.179866 0.023352 0.002607 0.179434 0.028715 0.001004 0.178683 0.033680 -0.000481 0.177636 0.038183 -0.001827 0.176359 0.042245 -0.003041 0.174923 0.045903 -0.004134 0.173369 0.049125 -0.005097 0.171700 0.051785 -0.005893 0.169904 0.053737 -0.006476 0.167992 0.054941 -0.006836 0.166006 0.055530 -0.007012 0.164001 0.055758 -0.007080 0.162000 0.055835 -0.007103 0.159985 0.055761 -0.007081 0.157917 0.055297 -0.006943 0.155784 0.054080 -0.006579 0.153640 0.051829 -0.005906 0.151594 0.048493 -0.004909 0.149762 0.044258 -0.003643 0.148217 0.039426 -0.002198 0.146960 0.034257 -0.000653 0.145948 0.028893 0.000950 0.145139 0.023378 0.002599 0.144526 0.017731 0.004287 0.144135 0.012000 0.006000 0.144000 0.012000 0.006000 0.180000 0.017957 0.005132 0.179883 0.023832 0.004276 0.179497 0.029486 0.003452 0.178805 0.034771 0.002682 0.177814 0.039600 0.001978 0.176574 0.043964 0.001342 0.175151 0.047875 0.000772 0.173584 0.051287 0.000275 0.171884 0.054075 -0.000131 0.170049 0.056107 -0.000427 0.168097 0.057370 -0.000611 0.166076 0.058028 -0.000707 0.164037 0.058357 -0.000755 0.162000 0.058560 -0.000784 0.159939 0.058613 -0.000792 0.157812 0.058225 -0.000736 0.155610 0.056983 -0.000555 0.153395 0.054574 -0.000204 0.151289 0.050948 0.000325 0.149424 0.046321 0.000999 0.147880 0.041048 0.001767 0.146661 0.035446 0.002584 0.145717 0.029699 0.003421 0.144990 0.023865 0.004271 0.144454 0.017958 0.005132 0.144116 0.012000 0.006000 0.144000 0.012000 0.006000 0.180000 0.018038 0.006000 0.179901 0.024027 0.006000 0.179567 0.029853 0.006000 0.178947 0.035373 0.006000 0.178032 0.040481 0.006000 0.176854 0.045133 0.006000 0.175464 0.049296 0.006000 0.173895 0.052885 0.006000 0.172160 0.055752 0.006000 0.170267 0.057767 0.006000 0.168249 0.058942 0.006000 0.166165 0.059480 0.006000 0.164075 0.059700 0.006000 0.162000 0.059836 0.006000 0.159909 0.059868 0.006000 0.157753 0.059488 0.006000 0.155516 0.058251 0.006000 0.153261 0.055806 0.006000 0.151115 0.052081 0.006000 0.149217 0.047293 0.006000 0.147658 0.041813 0.006000 0.146451 0.035992 0.006000 0.145543 0.030045 0.006000 0.144871 0.024055 0.006000 0.144392 0.018038 0.006000 0.144099 0.012000 0.006000 0.144000 0.030000 -0.016000 0.184000 0.033679 -0.014445 0.183890 0.037322 -0.012904 0.183537 0.040877 -0.011401 0.182930 0.044278 -0.009963 0.182060 0.047414 -0.008637 0.180910 0.050112 -0.007497 0.179460 0.052194 -0.006617 0.177743 0.053608 -0.006019 0.175853 0.054508 -0.005638 0.173907 0.055167 -0.005360 0.171964 0.055754 -0.005111 0.170000 0.056172 -0.004934 0.167957 0.056103 -0.004964 0.165839 0.055226 -0.005335 0.163746 0.053434 -0.006092 0.161824 0.050876 -0.007174 0.160180 0.047816 -0.008468 0.158839 0.044472 -0.009881 0.157776 0.040963 -0.011365 0.156968 0.037350 -0.012893 0.156412 0.033682 -0.014443 0.156098 0.030000 -0.016000 0.156000 0.030000 -0.016000 0.184000 0.033324 -0.013809 0.183882 0.036611 -0.011644 0.183518 0.039818 -0.009530 0.182907 0.042900 -0.007499 0.182051 0.045769 -0.005609 0.180926 0.048264 -0.003965 0.179501 0.050204 -0.002687 0.177795 0.051511 -0.001825 0.175898 0.052296 -0.001308 0.173930 0.052793 -0.000981 0.171967 0.053168 -0.000734 0.170000 0.053370 -0.000600 0.167983 0.053159 -0.000739 0.165917 0.052284 -0.001316 0.163890 0.050669 -0.002380 0.162025 0.048437 -0.003851 0.160409 0.045795 -0.005592 0.159056 0.042901 -0.007499 0.157948 0.039830 -0.009522 0.157077 0.036621 -0.011637 0.156462 0.033326 -0.013808 0.156110 0.030000 -0.016000 0.156000 0.030000 -0.016000 0.184000 0.032841 -0.013261 0.183863 0.035629 -0.010572 0.183452 0.038323 -0.007975 0.182788 0.040892 -0.005498 0.181892 0.043281 -0.003195 0.180755 0.045373 -0.001177 0.179347 0.047022 0.000413 0.177676 0.048157 0.001508 0.175818 0.048852 0.002177 0.173884 0.049282 0.002592 0.171945 0.049575 0.002875 0.170000 0.049691 0.002986 0.168013 0.049441 0.002745 0.165995 0.048641 0.001974 0.164026 0.047251 0.000634 0.162221 0.045387 -0.001163 0.160644 0.043216 -0.003257 0.159298 0.040848 -0.005540 0.158156 0.038316 -0.007982 0.157223 0.035634 -0.010568 0.156537 0.032842 -0.013260 0.156130 0.030000 -0.016000 0.156000 0.030000 -0.016000 0.184000 0.032249 -0.012820 0.183841 0.034435 -0.009728 0.183368 0.036511 -0.006792 0.182618 0.038452 -0.004047 0.181640 0.040230 -0.001532 0.180449 0.041779 0.000658 0.179033 0.043010 0.002400 0.177400 0.043883 0.003634 0.175611 0.044458 0.004446 0.173757 0.044857 0.005012 0.171891 0.045160 0.005439 0.170000 0.045311 0.005653 0.168052 0.045151 0.005427 0.166063 0.044536 0.004558 0.164125 0.043448 0.003019 0.162351 0.041993 0.000961 0.160803 0.040311 -0.001418 0.159469 0.038485 -0.004000 0.158314 0.036531 -0.006763 0.157342 0.034445 -0.009714 0.156603 0.032250 -0.012818 0.156150 0.030000 -0.016000 0.156000 0.030000 -0.016000 0.184000 0.031573 -0.012501 0.183826 0.033090 -0.009125 0.183302 0.034506 -0.005974 0.182472 0.035797 -0.003102 0.181402 0.036948 -0.000543 0.180134 0.037927 0.001636 0.178681 0.038696 0.003348 0.177064 0.039251 0.004582 0.175340 0.039647 0.005462 0.173580 0.039970 0.006182 0.171812 0.040263 0.006832 0.170000 0.040463 0.007279 0.168099 0.040439 0.007224 0.166126 0.040073 0.006411 0.164186 0.039350 0.004803 0.162405 0.038351 0.002579 0.160855 0.037182 -0.000021 0.159524 0.035913 -0.002845 0.158371 0.034555 -0.005865 0.157393 0.033105 -0.009093 0.156636 0.031574 -0.012497 0.156161 0.030000 -0.016000 0.156000 0.030000 -0.016000 0.184000 0.030839 -0.012313 0.183823 0.031646 -0.008766 0.183282 0.032393 -0.005485 0.182412 0.033061 -0.002550 0.181282 0.033639 -0.000009 0.179949 0.034114 0.002079 0.178445 0.034474 0.003660 0.176811 0.034728 0.004776 0.175115 0.034917 0.005610 0.173421 0.035096 0.006395 0.171736 0.035285 0.007224 0.170000 0.035443 0.007920 0.168146 0.035487 0.008111 0.166183 0.035341 0.007472 0.164221 0.034989 0.005925 0.162404 0.034471 0.003649 0.160821 0.033849 0.000916 0.159475 0.033166 -0.002085 0.158328 0.032435 -0.005297 0.157366 0.031658 -0.008716 0.156626 0.030840 -0.012309 0.156159 0.030000 -0.016000 0.156000 0.030000 -0.016000 0.184000 0.030073 -0.012264 0.183833 0.030144 -0.008656 0.183315 0.030209 -0.005307 0.182465 0.030268 -0.002314 0.181337 0.030318 0.000247 0.179982 0.030358 0.002297 0.178440 0.030387 0.003781 0.176768 0.030407 0.004764 0.175048 0.030421 0.005474 0.173357 0.030435 0.006193 0.171699 0.030451 0.007045 0.170000 0.030467 0.007849 0.168174 0.030474 0.008203 0.166217 0.030465 0.007728 0.164231 0.030437 0.006297 0.162371 0.030393 0.004063 0.160745 0.030339 0.001299 0.159372 0.030278 -0.001784 0.158224 0.030214 -0.005095 0.157287 0.030145 -0.008600 0.156584 0.030073 -0.012259 0.156148 0.030000 -0.016000 0.156000 0.030000 -0.016000 0.184000 0.029303 -0.012356 0.183851 0.028625 -0.008809 0.183385 0.027986 -0.005468 0.182605 0.027404 -0.002427 0.181543 0.026899 0.000214 0.180227 0.026493 0.002338 0.178685 0.026203 0.003852 0.176973 0.026022 0.004799 0.175192 0.025906 0.005408 0.173436 0.025795 0.005985 0.171728 0.025660 0.006690 0.170000 0.025527 0.007388 0.168162 0.025467 0.007701 0.166196 0.025553 0.007251 0.164196 0.025814 0.005888 0.162312 0.026226 0.003731 0.160656 0.026744 0.001026 0.159261 0.027326 -0.002021 0.158111 0.027954 -0.005302 0.157196 0.028616 -0.008764 0.156531 0.029302 -0.012352 0.156132 0.030000 -0.016000 0.156000 0.030000 -0.016000 0.184000 0.028558 -0.012589 0.183869 0.027142 -0.009240 0.183460 0.025782 -0.006024 0.182770 0.024511 -0.003016 0.181811 0.023369 -0.000317 0.180581 0.022421 0.001926 0.179081 0.021724 0.003575 0.177354 0.021284 0.004615 0.175504 0.021026 0.005225 0.173643 0.020831 0.005686 0.171823 0.020623 0.006179 0.170000 0.020437 0.006620 0.168099 0.020400 0.006706 0.166102 0.020649 0.006118 0.164095 0.021237 0.004727 0.162213 0.022121 0.002636 0.160560 0.023212 0.000056 0.159168 0.024434 -0.002836 0.158025 0.025749 -0.005944 0.157128 0.027131 -0.009214 0.156489 0.028557 -0.012586 0.156119 0.030000 -0.016000 0.156000 0.030000 -0.016000 0.184000 0.027867 -0.012955 0.183880 0.025761 -0.009948 0.183509 0.023709 -0.007019 0.182890 0.021742 -0.004210 0.182024 0.019916 -0.001603 0.180890 0.018333 0.000656 0.179460 0.017108 0.002405 0.177753 0.016288 0.003576 0.175859 0.015800 0.004273 0.173902 0.015492 0.004713 0.171952 0.015255 0.005051 0.170000 0.015121 0.005242 0.167998 0.015246 0.005063 0.165946 0.015792 0.004284 0.163929 0.016810 0.002831 0.162068 0.018222 0.000815 0.160451 0.019899 -0.001580 0.159092 0.021741 -0.004209 0.157975 0.023701 -0.007008 0.157095 0.025754 -0.009939 0.156470 0.027866 -0.012954 0.156112 0.030000 -0.016000 0.156000 0.030000 -0.016000 0.184000 0.027260 -0.013441 0.183880 0.024551 -0.010911 0.183515 0.021900 -0.008435 0.182918 0.019326 -0.006032 0.182096 0.016885 -0.003752 0.181023 0.014697 -0.001709 0.179657 0.012921 -0.000051 0.177993 0.011649 0.001137 0.176103 0.010831 0.001901 0.174099 0.010318 0.002380 0.172061 0.010001 0.002676 0.170000 0.009924 0.002748 0.167898 0.010263 0.002431 0.165779 0.011182 0.001573 0.163741 0.012701 0.000155 0.161903 0.014683 -0.001696 0.160334 0.016947 -0.003810 0.159029 0.019368 -0.006072 0.157952 0.021906 -0.008441 0.157093 0.024546 -0.010907 0.156473 0.027259 -0.013440 0.156114 0.030000 -0.016000 0.156000 0.030000 -0.016000 0.184000 0.026760 -0.014026 0.183871 0.023568 -0.012083 0.183482 0.020464 -0.010192 0.182852 0.017463 -0.008364 0.182007 0.014609 -0.006626 0.180932 0.012016 -0.005047 0.179591 0.009850 -0.003727 0.177970 0.008214 -0.002731 0.176124 0.007071 -0.002035 0.174144 0.006287 -0.001558 0.172098 0.005779 -0.001248 0.170000 0.005635 -0.001160 0.167844 0.006074 -0.001428 0.165676 0.007274 -0.002159 0.163612 0.009220 -0.003344 0.161781 0.011709 -0.004860 0.160245 0.014493 -0.006556 0.158986 0.017415 -0.008335 0.157948 0.020434 -0.010174 0.157108 0.023555 -0.012074 0.156490 0.026758 -0.014025 0.156120 0.030000 -0.016000 0.156000 0.030000 -0.016000 0.184000 0.026386 -0.014687 0.183859 0.022848 -0.013402 0.183428 0.019454 -0.012170 0.182731 0.016236 -0.011001 0.181807 0.013231 -0.009910 0.180669 0.010535 -0.008930 0.179298 0.008281 -0.008112 0.177695 0.006539 -0.007479 0.175907 0.005241 -0.007008 0.174008 0.004240 -0.006644 0.172042 0.003479 -0.006368 0.170000 0.003110 -0.006234 0.167869 0.003425 -0.006348 0.165698 0.004653 -0.006794 0.163619 0.006781 -0.007567 0.161774 0.009563 -0.008578 0.160238 0.012693 -0.009714 0.158989 0.015971 -0.010905 0.157966 0.019342 -0.012129 0.157134 0.022815 -0.013390 0.156510 0.026382 -0.014686 0.156128 0.030000 -0.016000 0.156000 0.030000 -0.016000 0.184000 0.026150 -0.015397 0.183848 0.022405 -0.014811 0.183377 0.018867 -0.014257 0.182609 0.015599 -0.013745 0.181590 0.012652 -0.013284 0.180355 0.010111 -0.012886 0.178913 0.008067 -0.012566 0.177290 0.006522 -0.012324 0.175545 0.005337 -0.012138 0.173745 0.004309 -0.011977 0.171910 0.003372 -0.011830 0.170000 0.002720 -0.011728 0.167971 0.002730 -0.011730 0.165859 0.003712 -0.011884 0.163791 0.005706 -0.012196 0.161925 0.008474 -0.012629 0.160353 0.011688 -0.013133 0.159070 0.015114 -0.013669 0.158020 0.018671 -0.014226 0.157169 0.022353 -0.014803 0.156530 0.026145 -0.015396 0.156134 0.030000 -0.016000 0.156000 0.030000 -0.016000 0.184000 0.026062 -0.016129 0.183842 0.022245 -0.016255 0.183348 0.018675 -0.016372 0.182533 0.015448 -0.016478 0.181443 0.012645 -0.016570 0.180123 0.010356 -0.016645 0.178603 0.008653 -0.016701 0.176933 0.007483 -0.016739 0.175197 0.006623 -0.016767 0.173469 0.005791 -0.016795 0.171759 0.004868 -0.016825 0.170000 0.004046 -0.016852 0.168114 0.003748 -0.016862 0.166104 0.004360 -0.016842 0.164082 0.006002 -0.016788 0.162206 0.008496 -0.016706 0.160583 0.011537 -0.016606 0.159231 0.014890 -0.016496 0.158117 0.018451 -0.016379 0.157219 0.022186 -0.016257 0.156551 0.026057 -0.016129 0.156139 0.030000 -0.016000 0.156000 0.030000 -0.016000 0.184000 0.026124 -0.016856 0.183841 0.022368 -0.017686 0.183345 0.018861 -0.018460 0.182522 0.015714 -0.019155 0.181413 0.013029 -0.019748 0.180055 0.010925 -0.020213 0.178486 0.009483 -0.020531 0.176770 0.008637 -0.020718 0.175009 0.008124 -0.020831 0.173298 0.007600 -0.020947 0.171653 0.006880 -0.021106 0.170000 0.006105 -0.021277 0.168236 0.005683 -0.021370 0.166334 0.006027 -0.021294 0.164379 0.007315 -0.021010 0.162515 0.009442 -0.020540 0.160855 0.012166 -0.019939 0.159433 0.015282 -0.019250 0.158242 0.018685 -0.018499 0.157280 0.022320 -0.017696 0.156572 0.026119 -0.016857 0.156143 0.030000 -0.016000 0.156000 0.030000 -0.016000 0.184000 0.026334 -0.017550 0.183843 0.022774 -0.019055 0.183360 0.019431 -0.020469 0.182564 0.016401 -0.021749 0.181487 0.013793 -0.022852 0.180154 0.011742 -0.023719 0.178588 0.010364 -0.024302 0.176850 0.009626 -0.024614 0.175051 0.009287 -0.024757 0.173302 0.009000 -0.024879 0.171639 0.008543 -0.025072 0.170000 0.007994 -0.025304 0.168282 0.007692 -0.025432 0.166444 0.008008 -0.025298 0.164548 0.009124 -0.024826 0.162717 0.010978 -0.024042 0.161053 0.013391 -0.023022 0.159595 0.016207 -0.021832 0.158349 0.019345 -0.020505 0.157334 0.022746 -0.019067 0.156590 0.026330 -0.017551 0.156145 0.030000 -0.016000 0.156000 0.030000 -0.016000 0.184000 0.026684 -0.018185 0.183846 0.023455 -0.020313 0.183383 0.020393 -0.022330 0.182629 0.017566 -0.024194 0.181616 0.015059 -0.025845 0.180352 0.013009 -0.027196 0.178839 0.011553 -0.028156 0.177118 0.010709 -0.028712 0.175289 0.010310 -0.028975 0.173471 0.010068 -0.029134 0.171721 0.009782 -0.029323 0.170000 0.009490 -0.029515 0.168230 0.009447 -0.029544 0.166377 0.009936 -0.029221 0.164499 0.011087 -0.028463 0.162703 0.012837 -0.027310 0.161071 0.015033 -0.025862 0.159630 0.017565 -0.024194 0.158383 0.020381 -0.022338 0.157355 0.023445 -0.020320 0.156597 0.026682 -0.018186 0.156146 0.030000 -0.016000 0.156000 0.030000 -0.016000 0.184000 0.027162 -0.018737 0.183851 0.024390 -0.021409 0.183405 0.021740 -0.023965 0.182691 0.019246 -0.026369 0.181741 0.016965 -0.028569 0.180556 0.015004 -0.030459 0.179118 0.013497 -0.031912 0.177442 0.012500 -0.032874 0.175608 0.011920 -0.033434 0.173725 0.011565 -0.033775 0.171860 0.011298 -0.034033 0.170000 0.011156 -0.034170 0.168099 0.011330 -0.034002 0.166153 0.012016 -0.033341 0.164237 0.013268 -0.032133 0.162455 0.014990 -0.030473 0.160873 0.017029 -0.028507 0.159496 0.019290 -0.026327 0.158307 0.021747 -0.023958 0.157319 0.024386 -0.021413 0.156583 0.027161 -0.018738 0.156142 0.030000 -0.016000 0.156000 0.030000 -0.016000 0.184000 0.027749 -0.019183 0.183856 0.025546 -0.022299 0.183425 0.023428 -0.025294 0.182736 0.021413 -0.028143 0.181825 0.019531 -0.030806 0.180693 0.017854 -0.033177 0.179315 0.016484 -0.035115 0.177688 0.015477 -0.036539 0.175870 0.014792 -0.037508 0.173952 0.014318 -0.038177 0.171995 0.013990 -0.038641 0.170000 0.013865 -0.038819 0.167947 0.014098 -0.038488 0.165868 0.014824 -0.037462 0.163866 0.016046 -0.035734 0.162063 0.017640 -0.033479 0.160521 0.019451 -0.030919 0.159225 0.021380 -0.028190 0.158129 0.023408 -0.025323 0.157224 0.025536 -0.022312 0.156546 0.027748 -0.019185 0.156135 0.030000 -0.016000 0.156000 0.030000 -0.016000 0.184000 0.028423 -0.019509 0.183863 0.026877 -0.022949 0.183444 0.025388 -0.026261 0.182764 0.023970 -0.029416 0.181860 0.022638 -0.032379 0.180738 0.021437 -0.035052 0.179378 0.020426 -0.037301 0.177777 0.019639 -0.039051 0.175980 0.019051 -0.040360 0.174063 0.018600 -0.041363 0.172072 0.018263 -0.042113 0.170000 0.018107 -0.042460 0.167839 0.018259 -0.042121 0.165643 0.018817 -0.040880 0.163545 0.019772 -0.038756 0.161692 0.021013 -0.035994 0.160158 0.022404 -0.032901 0.158920 0.023854 -0.029673 0.157913 0.025339 -0.026370 0.157100 0.026862 -0.022981 0.156494 0.028421 -0.019512 0.156123 0.030000 -0.016000 0.156000 0.030000 -0.016000 0.184000 0.029158 -0.019699 0.183870 0.028332 -0.023332 0.183461 0.027536 -0.026827 0.182780 0.026783 -0.030137 0.181859 0.026083 -0.033213 0.180709 0.025459 -0.035958 0.179323 0.024937 -0.038252 0.177709 0.024527 -0.040052 0.175922 0.024208 -0.041455 0.174029 0.023943 -0.042616 0.172063 0.023725 -0.043577 0.170000 0.023596 -0.044141 0.167819 0.023638 -0.043956 0.165575 0.023913 -0.042749 0.163415 0.024421 -0.040517 0.161506 0.025101 -0.037528 0.159944 0.025872 -0.034139 0.158715 0.026677 -0.030603 0.157751 0.027494 -0.027015 0.156998 0.028320 -0.023382 0.156447 0.029157 -0.019704 0.156112 0.030000 -0.016000 0.156000 0.030000 -0.016000 0.184000 0.029927 -0.019747 0.183874 0.029854 -0.023430 0.183471 0.029785 -0.026967 0.182785 0.029720 -0.030291 0.181838 0.029661 -0.033323 0.180643 0.029609 -0.035950 0.179203 0.029568 -0.038061 0.177548 0.029537 -0.039646 0.175749 0.029513 -0.040857 0.173886 0.029493 -0.041907 0.171983 0.029474 -0.042874 0.170000 0.029460 -0.043563 0.167890 0.029460 -0.043586 0.165688 0.029479 -0.042610 0.163530 0.029519 -0.040577 0.161591 0.029575 -0.037716 0.159982 0.029640 -0.034374 0.158711 0.029710 -0.030821 0.157723 0.029781 -0.027180 0.156967 0.029853 -0.023485 0.156428 0.029927 -0.019752 0.156107 0.030000 -0.016000 0.156000 0.030000 -0.016000 0.184000 0.030698 -0.019649 0.183872 0.031383 -0.023233 0.183465 0.032041 -0.026669 0.182769 0.032654 -0.029875 0.181800 0.033204 -0.032751 0.180566 0.033665 -0.035162 0.179075 0.034014 -0.036989 0.177372 0.034253 -0.038237 0.175550 0.034417 -0.039095 0.173706 0.034559 -0.039837 0.171873 0.034705 -0.040600 0.170000 0.034827 -0.041241 0.168016 0.034856 -0.041388 0.165926 0.034722 -0.040688 0.163838 0.034404 -0.039025 0.161912 0.033931 -0.036555 0.160265 0.033359 -0.033562 0.158923 0.032731 -0.030281 0.157855 0.032072 -0.026835 0.157033 0.031392 -0.023279 0.156452 0.030699 -0.019654 0.156111 0.030000 -0.016000 0.156000 0.030000 -0.016000 0.184000 0.031442 -0.019409 0.183863 0.032853 -0.022749 0.183437 0.034202 -0.025939 0.182723 0.035455 -0.028902 0.181736 0.036569 -0.031537 0.180483 0.037485 -0.033703 0.178968 0.038146 -0.035266 0.177238 0.038551 -0.036225 0.175400 0.038780 -0.036767 0.173565 0.038956 -0.037184 0.171781 0.039158 -0.037660 0.170000 0.039351 -0.038117 0.168141 0.039406 -0.038248 0.166181 0.039186 -0.037727 0.164199 0.038633 -0.036419 0.162329 0.037785 -0.034412 0.160673 0.036727 -0.031910 0.159266 0.035531 -0.029082 0.158100 0.034236 -0.026019 0.157175 0.032864 -0.022774 0.156513 0.031443 -0.019412 0.156125 0.030000 -0.016000 0.156000 0.030000 -0.016000 0.184000 0.032128 -0.019038 0.183849 0.034202 -0.021999 0.183391 0.036172 -0.024812 0.182647 0.037997 -0.027417 0.181643 0.039620 -0.029734 0.180388 0.040953 -0.031637 0.178881 0.041907 -0.032999 0.177160 0.042467 -0.033798 0.175327 0.042739 -0.034187 0.173500 0.042904 -0.034423 0.171736 0.043091 -0.034690 0.170000 0.043275 -0.034952 0.168214 0.043293 -0.034977 0.166348 0.042963 -0.034507 0.164461 0.042205 -0.033425 0.162660 0.041064 -0.031795 0.161029 0.039636 -0.029757 0.159594 0.037997 -0.027418 0.158356 0.036180 -0.024823 0.157338 0.034209 -0.022008 0.156588 0.032129 -0.019040 0.156143 0.030000 -0.016000 0.156000 0.030000 -0.016000 0.184000 0.032731 -0.018551 0.183834 0.035379 -0.021023 0.183342 0.037877 -0.023356 0.182561 0.040181 -0.025508 0.181537 0.042240 -0.027430 0.180287 0.043957 -0.029034 0.178808 0.045222 -0.030216 0.177125 0.046004 -0.030946 0.175323 0.046415 -0.031329 0.173510 0.046658 -0.031556 0.171744 0.046881 -0.031764 0.170000 0.047052 -0.031924 0.168214 0.046982 -0.031859 0.166368 0.046471 -0.031381 0.164522 0.045443 -0.030422 0.162772 0.043971 -0.029047 0.161184 0.042178 -0.027372 0.159765 0.040139 -0.025468 0.158510 0.037870 -0.023350 0.157449 0.035384 -0.021028 0.156646 0.032733 -0.018552 0.156159 0.030000 -0.016000 0.156000 0.030000 -0.016000 0.184000 0.033230 -0.017967 0.183826 0.036351 -0.019868 0.183312 0.039277 -0.021650 0.182502 0.041965 -0.023287 0.181459 0.044374 -0.024755 0.180210 0.046421 -0.026001 0.178757 0.047995 -0.026960 0.177118 0.049061 -0.027609 0.175358 0.049731 -0.028017 0.173566 0.050202 -0.028304 0.171788 0.050600 -0.028547 0.170000 0.050854 -0.028701 0.168155 0.050727 -0.028624 0.166254 0.050000 -0.028181 0.164378 0.048624 -0.027343 0.162633 0.046728 -0.026188 0.161079 0.044490 -0.024825 0.159708 0.042013 -0.023316 0.158496 0.039306 -0.021668 0.157458 0.036364 -0.019876 0.156659 0.033232 -0.017968 0.156164 0.030000 -0.016000 0.156000 0.030000 -0.016000 0.184000 0.033607 -0.017310 0.183830 0.037094 -0.018576 0.183318 0.040359 -0.019762 0.182505 0.043353 -0.020850 0.181454 0.046038 -0.021825 0.180204 0.048341 -0.022661 0.178761 0.050169 -0.023325 0.177146 0.051502 -0.023809 0.175413 0.052460 -0.024157 0.173636 0.053236 -0.024439 0.171842 0.053918 -0.024687 0.170000 0.054366 -0.024850 0.168069 0.054276 -0.024817 0.166070 0.053387 -0.024494 0.164112 0.051669 -0.023870 0.162323 0.049313 -0.023014 0.160774 0.046576 -0.022020 0.159454 0.043618 -0.020946 0.158318 0.040472 -0.019803 0.157359 0.037127 -0.018588 0.156620 0.033611 -0.017311 0.156156 0.030000 -0.016000 0.156000 0.030000 -0.016000 0.184000 0.033849 -0.016603 0.183845 0.037588 -0.017188 0.183365 0.041111 -0.017740 0.182584 0.044353 -0.018247 0.181551 0.047262 -0.018703 0.180303 0.049757 -0.019094 0.178854 0.051752 -0.019406 0.177230 0.053248 -0.019640 0.175491 0.054393 -0.019820 0.173705 0.055395 -0.019976 0.171888 0.056323 -0.020122 0.170000 0.056984 -0.020225 0.167993 0.057001 -0.020228 0.165899 0.056058 -0.020080 0.163845 0.054113 -0.019776 0.161985 0.051394 -0.019350 0.160412 0.048227 -0.018854 0.159121 0.044838 -0.018323 0.158059 0.041307 -0.017771 0.157194 0.037640 -0.017196 0.156542 0.033854 -0.016603 0.156137 0.030000 -0.016000 0.156000 0.030000 -0.016000 0.184000 0.033945 -0.015871 0.183865 0.037807 -0.015744 0.183438 0.041491 -0.015623 0.182717 0.044918 -0.015510 0.181732 0.048007 -0.015409 0.180503 0.050645 -0.015322 0.179041 0.052728 -0.015254 0.177382 0.054263 -0.015203 0.175600 0.055426 -0.015165 0.173773 0.056459 -0.015131 0.171923 0.057452 -0.015099 0.170000 0.058204 -0.015074 0.167951 0.058302 -0.015071 0.165800 0.057386 -0.015101 0.163679 0.055379 -0.015167 0.161757 0.052506 -0.015261 0.160144 0.049115 -0.015373 0.158851 0.045477 -0.015492 0.157829 0.041715 -0.015615 0.157035 0.037866 -0.015742 0.156461 0.033950 -0.015870 0.156116 0.030000 -0.016000 0.156000 0.030000 -0.016000 0.184000 0.033888 -0.015141 0.183883 0.037724 -0.014294 0.183505 0.041433 -0.013475 0.182853 0.044935 -0.012702 0.181931 0.048124 -0.011998 0.180738 0.050847 -0.011396 0.179274 0.052962 -0.010929 0.177576 0.054453 -0.010600 0.175733 0.055502 -0.010368 0.173844 0.056381 -0.010174 0.171947 0.057226 -0.009987 0.170000 0.057876 -0.009844 0.167942 0.057943 -0.009829 0.165788 0.057063 -0.010023 0.163655 0.055129 -0.010450 0.161709 0.052330 -0.011069 0.160066 0.048987 -0.011807 0.158750 0.045367 -0.012606 0.157724 0.041609 -0.013436 0.156949 0.037772 -0.014284 0.156411 0.033893 -0.015140 0.156101 0.030000 -0.016000 0.156000 0.030000 -0.016000 0.184000 0.033679 -0.014445 0.183890 0.037322 -0.012904 0.183537 0.040877 -0.011401 0.182930 0.044278 -0.009963 0.182060 0.047414 -0.008637 0.180910 0.050112 -0.007497 0.179460 0.052194 -0.006617 0.177743 0.053608 -0.006019 0.175853 0.054508 -0.005638 0.173907 0.055167 -0.005360 0.171964 0.055754 -0.005111 0.170000 0.056172 -0.004934 0.167957 0.056103 -0.004964 0.165839 0.055226 -0.005335 0.163746 0.053434 -0.006092 0.161824 0.050876 -0.007174 0.160180 0.047816 -0.008468 0.158839 0.044472 -0.009881 0.157776 0.040963 -0.011365 0.156968 0.037350 -0.012893 0.156412 0.033682 -0.014443 0.156098 0.030000 -0.016000 0.156000 -0.026664 0.029140 0.178797 -0.027415 0.031157 0.178751 -0.028270 0.033062 0.178597 -0.029199 0.034757 0.178335 -0.030156 0.036182 0.177982 -0.031103 0.037280 0.177553 -0.031990 0.037960 0.177061 -0.032774 0.038200 0.176534 -0.033461 0.038131 0.176000 -0.034094 0.037880 0.175460 -0.034652 0.037363 0.174908 -0.035020 0.036372 0.174378 -0.035096 0.034854 0.173932 -0.034896 0.032985 0.173602 -0.034504 0.030971 0.173380 -0.033978 0.028916 0.173248 -0.033336 0.026860 0.173203 -0.026664 0.029140 0.178797 -0.027686 0.030990 0.179152 -0.028801 0.032757 0.179400 -0.029980 0.034364 0.179518 -0.031176 0.035741 0.179499 -0.032332 0.036800 0.179330 -0.033366 0.037420 0.178999 -0.034209 0.037568 0.178533 -0.034883 0.037390 0.177997 -0.035466 0.037051 0.177430 -0.035952 0.036508 0.176816 -0.036207 0.035578 0.176137 -0.036117 0.034192 0.175432 -0.035699 0.032485 0.174763 -0.035054 0.030635 0.174164 -0.034256 0.028745 0.173643 -0.033336 0.026860 0.173203 -0.026664 0.029140 0.178797 -0.027896 0.030689 0.179519 -0.029214 0.032160 0.180125 -0.030582 0.033499 0.180586 -0.031954 0.034660 0.180887 -0.033269 0.035562 0.180988 -0.034418 0.036078 0.180834 -0.035307 0.036159 0.180431 -0.035955 0.035922 0.179874 -0.036466 0.035529 0.179250 -0.036855 0.034980 0.178554 -0.036999 0.034150 0.177737 -0.036785 0.032982 0.176812 -0.036232 0.031567 0.175847 -0.035434 0.030031 0.174905 -0.034457 0.028446 0.174016 -0.033336 0.026860 0.173203 -0.026664 0.029140 0.178797 -0.028029 0.030278 0.179827 -0.029472 0.031329 0.180708 -0.030936 0.032254 0.181411 -0.032376 0.033038 0.181933 -0.033743 0.033643 0.182238 -0.034937 0.033981 0.182248 -0.035856 0.034008 0.181939 -0.036513 0.033796 0.181405 -0.037005 0.033454 0.180756 -0.037347 0.032986 0.179995 -0.037422 0.032317 0.179059 -0.037131 0.031420 0.177953 -0.036508 0.030362 0.176755 -0.035640 0.029221 0.175535 -0.034574 0.028041 0.174337 -0.033336 0.026860 0.173203 -0.026664 0.029140 0.178797 -0.028072 0.029790 0.180060 -0.029552 0.030356 0.181132 -0.031023 0.030813 0.181969 -0.032429 0.031163 0.182581 -0.033738 0.031402 0.182966 -0.034881 0.031499 0.183061 -0.035785 0.031439 0.182840 -0.036471 0.031262 0.182388 -0.037017 0.031015 0.181799 -0.037408 0.030685 0.181048 -0.037504 0.030229 0.180052 -0.037210 0.029642 0.178816 -0.036571 0.028974 0.177439 -0.035689 0.028272 0.176012 -0.034605 0.027559 0.174582 -0.033336 0.026860 0.173203 -0.026664 0.029140 0.178797 -0.028021 0.029262 0.180210 -0.029452 0.029324 0.181410 -0.030867 0.029323 0.182326 -0.032195 0.029272 0.182963 -0.033401 0.029178 0.183337 -0.034439 0.029042 0.183419 -0.035276 0.028870 0.183216 -0.035958 0.028680 0.182828 -0.036563 0.028475 0.182332 -0.037047 0.028248 0.181656 -0.037240 0.027993 0.180671 -0.037020 0.027727 0.179369 -0.036433 0.027472 0.177875 -0.035592 0.027238 0.176310 -0.034553 0.027031 0.174734 -0.033336 0.026860 0.173203 -0.026664 0.029140 0.178797 -0.027877 0.028725 0.180269 -0.029175 0.028282 0.181541 -0.030484 0.027835 0.182530 -0.031728 0.027410 0.183213 -0.032857 0.027024 0.183588 -0.033820 0.026695 0.183631 -0.034589 0.026432 0.183377 -0.035228 0.026214 0.182962 -0.035829 0.026009 0.182480 -0.036360 0.025827 0.181844 -0.036644 0.025730 0.180885 -0.036541 0.025766 0.179573 -0.036071 0.025926 0.178036 -0.035340 0.026176 0.176414 -0.034419 0.026490 0.174785 -0.033336 0.026860 0.173203 -0.026664 0.029140 0.178797 -0.027653 0.028214 0.180227 -0.028737 0.027277 0.181493 -0.029872 0.026374 0.182523 -0.031001 0.025545 0.183278 -0.032070 0.024833 0.183713 -0.033009 0.024294 0.183767 -0.033766 0.023949 0.183464 -0.034380 0.023736 0.182961 -0.034943 0.023570 0.182387 -0.035453 0.023466 0.181688 -0.035777 0.023540 0.180709 -0.035787 0.023873 0.179408 -0.035478 0.024438 0.177898 -0.034932 0.025157 0.176313 -0.034207 0.025975 0.174731 -0.033336 0.026860 0.173203 -0.026664 0.029140 0.178797 -0.027368 0.027762 0.180079 -0.028171 0.026380 0.181228 -0.029053 0.025041 0.182195 -0.029986 0.023789 0.182949 -0.030933 0.022695 0.183424 -0.031831 0.021872 0.183519 -0.032609 0.021391 0.183221 -0.033256 0.021181 0.182660 -0.033822 0.021112 0.181981 -0.034323 0.021174 0.181177 -0.034681 0.021494 0.180149 -0.034806 0.022158 0.178881 -0.034691 0.023116 0.177467 -0.034385 0.024260 0.176012 -0.033927 0.025522 0.174577 -0.033336 0.026860 0.173203 -0.026664 0.029140 0.178797 -0.027041 0.027403 0.179835 -0.027526 0.025672 0.180746 -0.028106 0.023997 0.181502 -0.028764 0.022413 0.182094 -0.029490 0.020994 0.182471 -0.030257 0.019890 0.182537 -0.031007 0.019224 0.182253 -0.031695 0.018951 0.181708 -0.032323 0.018936 0.181013 -0.032891 0.019162 0.180184 -0.033351 0.019745 0.179175 -0.033645 0.020740 0.178006 -0.033765 0.022052 0.176767 -0.033744 0.023548 0.175531 -0.033600 0.025163 0.174333 -0.033336 0.026860 0.173203 -0.026664 0.029140 0.178797 -0.026696 0.027162 0.179513 -0.026856 0.025210 0.180096 -0.027134 0.023356 0.180526 -0.027510 0.021635 0.180813 -0.027979 0.020097 0.180939 -0.028547 0.018876 0.180850 -0.029189 0.018094 0.180525 -0.029858 0.017719 0.180019 -0.030531 0.017642 0.179397 -0.031198 0.017885 0.178659 -0.031825 0.018587 0.177788 -0.032354 0.019785 0.176824 -0.032759 0.021336 0.175847 -0.033054 0.023072 0.174905 -0.033250 0.024922 0.174017 -0.033336 0.026860 0.173203 -0.026664 0.029140 0.178797 -0.026354 0.027054 0.179140 -0.026199 0.025016 0.179349 -0.026207 0.023127 0.179414 -0.026353 0.021444 0.179352 -0.026625 0.020003 0.179175 -0.027030 0.018892 0.178872 -0.027554 0.018173 0.178454 -0.028150 0.017771 0.177961 -0.028795 0.017583 0.177419 -0.029504 0.017684 0.176811 -0.030271 0.018284 0.176136 -0.031038 0.019457 0.175439 -0.031743 0.021050 0.174778 -0.032365 0.022867 0.174180 -0.032902 0.024816 0.173649 -0.033336 0.026860 0.173203 -0.026664 0.029140 0.178797 -0.026036 0.027087 0.178743 -0.025585 0.025088 0.178568 -0.025346 0.023261 0.178279 -0.025306 0.021686 0.177905 -0.025451 0.020414 0.177470 -0.025781 0.019510 0.176990 -0.026261 0.018977 0.176493 -0.026814 0.018673 0.176000 -0.027404 0.018456 0.175501 -0.028084 0.018411 0.174979 -0.028907 0.018803 0.174461 -0.029843 0.019776 0.174008 -0.030803 0.021222 0.173658 -0.031725 0.022951 0.173409 -0.032579 0.024851 0.173256 -0.033336 0.026860 0.173203 -0.026664 0.029140 0.178797 -0.025763 0.027258 0.178347 -0.025049 0.025419 0.177798 -0.024571 0.023728 0.177178 -0.024336 0.022267 0.176526 -0.024351 0.021104 0.175876 -0.024630 0.020323 0.175264 -0.025125 0.019927 0.174724 -0.025710 0.019750 0.174246 -0.026309 0.019609 0.173779 -0.026980 0.019549 0.173309 -0.027831 0.019814 0.172902 -0.028872 0.020578 0.172645 -0.030019 0.021792 0.172568 -0.031182 0.023310 0.172648 -0.032303 0.025024 0.172863 -0.033336 0.026860 0.173203 -0.026664 0.029140 0.178797 -0.025555 0.027555 0.177979 -0.024632 0.025994 0.177082 -0.023940 0.024531 0.176148 -0.023493 0.023222 0.175222 -0.023323 0.022134 0.174343 -0.023485 0.021366 0.173573 -0.023958 0.020964 0.172963 -0.024598 0.020813 0.172486 -0.025282 0.020746 0.172061 -0.026040 0.020759 0.171667 -0.026983 0.021021 0.171397 -0.028140 0.021662 0.171350 -0.029434 0.022655 0.171542 -0.030774 0.023900 0.171935 -0.032095 0.025322 0.172496 -0.033336 0.026860 0.173203 -0.026664 0.029140 0.178797 -0.025425 0.027959 0.177663 -0.024368 0.026781 0.176464 -0.023529 0.025652 0.175250 -0.022912 0.024601 0.174059 -0.022555 0.023670 0.172931 -0.022550 0.022944 0.171949 -0.022922 0.022489 0.171194 -0.023556 0.022265 0.170652 -0.024320 0.022173 0.170240 -0.025216 0.022205 0.169946 -0.026321 0.022453 0.169868 -0.027634 0.022982 0.170091 -0.029065 0.023749 0.170592 -0.030527 0.024677 0.171300 -0.031969 0.025724 0.172177 -0.033336 0.026860 0.173203 -0.026664 0.029140 0.178797 -0.025382 0.028442 0.177422 -0.024277 0.027727 0.175988 -0.023387 0.027020 0.174552 -0.022709 0.026340 0.173153 -0.022269 0.025704 0.171825 -0.022159 0.025157 0.170656 -0.022428 0.024747 0.169743 -0.022998 0.024470 0.169088 -0.023766 0.024294 0.168630 -0.024738 0.024227 0.168388 -0.025965 0.024328 0.168481 -0.027406 0.024623 0.168971 -0.028934 0.025068 0.169778 -0.030455 0.025604 0.170782 -0.031934 0.026204 0.171927 -0.033336 0.026860 0.173203 -0.026664 0.029140 0.178797 -0.025430 0.028973 0.177270 -0.024365 0.028768 0.175687 -0.023521 0.028532 0.174111 -0.022903 0.028276 0.172594 -0.022526 0.028007 0.171178 -0.022458 0.027735 0.169947 -0.022725 0.027473 0.168981 -0.023253 0.027230 0.168267 -0.023966 0.027005 0.167747 -0.024900 0.026803 0.167476 -0.026114 0.026654 0.167616 -0.027554 0.026583 0.168241 -0.029074 0.026586 0.169238 -0.030563 0.026640 0.170441 -0.031990 0.026731 0.171767 -0.033336 0.026860 0.173203 -0.026664 0.029140 0.178797 -0.025568 0.029514 0.177219 -0.024635 0.029833 0.175584 -0.023921 0.030077 0.173961 -0.023446 0.030239 0.172419 -0.023228 0.030313 0.171021 -0.023310 0.030286 0.169852 -0.023678 0.030160 0.168971 -0.024232 0.029970 0.168319 -0.024901 0.029742 0.167802 -0.025734 0.029457 0.167477 -0.026815 0.029088 0.167541 -0.028110 0.028646 0.168112 -0.029489 0.028175 0.169101 -0.030843 0.027712 0.170335 -0.032132 0.027272 0.171713 -0.033336 0.026860 0.173203 -0.026664 0.029140 0.178797 -0.025791 0.030026 0.177270 -0.025077 0.030838 0.175688 -0.024569 0.031530 0.174118 -0.024284 0.032076 0.172634 -0.024245 0.032443 0.171309 -0.024482 0.032588 0.170244 -0.024962 0.032515 0.169491 -0.025571 0.032312 0.168962 -0.026226 0.032060 0.168520 -0.026973 0.031729 0.168185 -0.027892 0.031224 0.168146 -0.028976 0.030511 0.168556 -0.030130 0.029651 0.169378 -0.031269 0.028726 0.170481 -0.032347 0.027786 0.171772 -0.033336 0.026860 0.173203 -0.026664 0.029140 0.178797 -0.026081 0.030473 0.177420 -0.025659 0.031702 0.175988 -0.025418 0.032771 0.174568 -0.025357 0.033643 0.173217 -0.025489 0.034269 0.172002 -0.025839 0.034570 0.171018 -0.026375 0.034532 0.170328 -0.027001 0.034282 0.169864 -0.027646 0.033963 0.169485 -0.028338 0.033563 0.169175 -0.029130 0.032946 0.169080 -0.030014 0.032036 0.169339 -0.030924 0.030889 0.169952 -0.031807 0.029600 0.170837 -0.032623 0.028237 0.171936 -0.033336 0.026860 0.173203 -0.026664 0.029140 0.178797 -0.026414 0.030826 0.177660 -0.026321 0.032375 0.176461 -0.026381 0.033718 0.175262 -0.026570 0.034833 0.174112 -0.026882 0.035680 0.173046 -0.027331 0.036159 0.172138 -0.027892 0.036225 0.171451 -0.028502 0.035999 0.170954 -0.029123 0.035643 0.170554 -0.029774 0.035153 0.170235 -0.030465 0.034386 0.170101 -0.031166 0.033269 0.170252 -0.031830 0.031868 0.170683 -0.032431 0.030287 0.171337 -0.032944 0.028594 0.172185 -0.033336 0.026860 0.173203 -0.026664 0.029140 0.178797 -0.026762 0.031066 0.177975 -0.027003 0.032837 0.177074 -0.027365 0.034365 0.176146 -0.027812 0.035637 0.175234 -0.028326 0.036635 0.174360 -0.028902 0.037267 0.173564 -0.029514 0.037478 0.172892 -0.030129 0.037362 0.172341 -0.030741 0.037052 0.171865 -0.031356 0.036514 0.171474 -0.031942 0.035595 0.171254 -0.032445 0.034249 0.171275 -0.032835 0.032595 0.171522 -0.033119 0.030767 0.171937 -0.033293 0.028836 0.172499 -0.033336 0.026860 0.173203 -0.026664 0.029140 0.178797 -0.027102 0.031180 0.178348 -0.027661 0.033075 0.177800 -0.028313 0.034725 0.177182 -0.029016 0.036097 0.176532 -0.029744 0.037171 0.175872 -0.030474 0.037870 0.175224 -0.031174 0.038153 0.174617 -0.031830 0.038121 0.174060 -0.032460 0.037880 0.173533 -0.033050 0.037353 0.173050 -0.033525 0.036353 0.172683 -0.033809 0.034847 0.172499 -0.033896 0.033004 0.172494 -0.033833 0.031009 0.172623 -0.033647 0.028946 0.172859 -0.033336 0.026860 0.173203 -0.026664 0.029140 0.178797 -0.027415 0.031157 0.178751 -0.028270 0.033062 0.178597 -0.029199 0.034757 0.178335 -0.030156 0.036182 0.177982 -0.031103 0.037280 0.177553 -0.031990 0.037960 0.177061 -0.032774 0.038200 0.176534 -0.033461 0.038131 0.176000 -0.034094 0.037880 0.175460 -0.034652 0.037363 0.174908 -0.035020 0.036372 0.174378 -0.035096 0.034854 0.173932 -0.034896 0.032985 0.173602 -0.034504 0.030971 0.173380 -0.033978 0.028916 0.173248 -0.033336 0.026860 0.173203 -0.025225 -0.021734 0.177680 -0.026183 -0.023213 0.177668 -0.027004 -0.024731 0.177634 -0.027656 -0.026247 0.177575 -0.028071 -0.027686 0.177491 -0.028183 -0.028936 0.177383 -0.028013 -0.029936 0.177260 -0.027673 -0.030745 0.177132 -0.027223 -0.031435 0.177000 -0.026598 -0.031929 0.176863 -0.025721 -0.032051 0.176727 -0.024627 -0.031727 0.176605 -0.023424 -0.031041 0.176503 -0.022196 -0.030105 0.176422 -0.020988 -0.028970 0.176364 -0.019838 -0.027672 0.176331 -0.018775 -0.026266 0.176320 -0.025225 -0.021734 0.177680 -0.026080 -0.023207 0.178090 -0.026787 -0.024713 0.178461 -0.027329 -0.026205 0.178783 -0.027659 -0.027619 0.179036 -0.027719 -0.028857 0.179190 -0.027522 -0.029854 0.179244 -0.027159 -0.030653 0.179228 -0.026679 -0.031309 0.179162 -0.026034 -0.031750 0.179025 -0.025176 -0.031826 0.178786 -0.024149 -0.031492 0.178452 -0.023045 -0.030844 0.178061 -0.021924 -0.029977 0.177641 -0.020812 -0.028910 0.177202 -0.019749 -0.027656 0.176756 -0.018775 -0.026266 0.176320 -0.025225 -0.021734 0.177680 -0.025913 -0.023105 0.178480 -0.026432 -0.024502 0.179213 -0.026779 -0.025865 0.179854 -0.026936 -0.027141 0.180377 -0.026878 -0.028260 0.180746 -0.026629 -0.029186 0.180960 -0.026261 -0.029964 0.181066 -0.025796 -0.030630 0.181088 -0.025181 -0.031095 0.180970 -0.024380 -0.031207 0.180641 -0.023446 -0.030928 0.180114 -0.022466 -0.030361 0.179464 -0.021484 -0.029605 0.178745 -0.020516 -0.028669 0.177970 -0.019598 -0.027543 0.177150 -0.018775 -0.026266 0.176320 -0.025225 -0.021734 0.177680 -0.025700 -0.022912 0.178815 -0.025999 -0.024122 0.179851 -0.026124 -0.025296 0.180741 -0.026077 -0.026379 0.181451 -0.025863 -0.027322 0.181949 -0.025527 -0.028119 0.182263 -0.025131 -0.028831 0.182476 -0.024676 -0.029494 0.182616 -0.024101 -0.030016 0.182575 -0.023376 -0.030233 0.182223 -0.022556 -0.030087 0.181555 -0.021717 -0.029661 0.180682 -0.020897 -0.029053 0.179698 -0.020112 -0.028284 0.178628 -0.019392 -0.027347 0.177488 -0.018775 -0.026266 0.176320 -0.025225 -0.021734 0.177680 -0.025458 -0.022640 0.179076 -0.025531 -0.023596 0.180360 -0.025448 -0.024545 0.181463 -0.025215 -0.025434 0.182327 -0.024852 -0.026215 0.182912 -0.024412 -0.026881 0.183269 -0.023948 -0.027491 0.183529 -0.023454 -0.028093 0.183747 -0.022878 -0.028624 0.183784 -0.022210 -0.028939 0.183449 -0.021503 -0.028960 0.182701 -0.020821 -0.028730 0.181664 -0.020188 -0.028324 0.180461 -0.019621 -0.027772 0.179145 -0.019143 -0.027079 0.177748 -0.018775 -0.026266 0.176320 -0.025225 -0.021734 0.177680 -0.025200 -0.022307 0.179244 -0.025044 -0.022947 0.180710 -0.024762 -0.023625 0.182006 -0.024359 -0.024305 0.183046 -0.023859 -0.024944 0.183752 -0.023311 -0.025513 0.184160 -0.022757 -0.026037 0.184421 -0.022186 -0.026552 0.184625 -0.021573 -0.027037 0.184648 -0.020938 -0.027400 0.184281 -0.020342 -0.027575 0.183466 -0.019828 -0.027568 0.182316 -0.019404 -0.027419 0.180965 -0.019081 -0.027145 0.179480 -0.018870 -0.026755 0.177913 -0.018775 -0.026266 0.176320 -0.025225 -0.021734 0.177680 -0.024938 -0.021936 0.179305 -0.024542 -0.022214 0.180856 -0.024048 -0.022561 0.182278 -0.023462 -0.022973 0.183478 -0.022809 -0.023432 0.184341 -0.022140 -0.023902 0.184851 -0.021484 -0.024363 0.185132 -0.020832 -0.024821 0.185277 -0.020187 -0.025274 0.185194 -0.019601 -0.025685 0.184712 -0.019137 -0.026011 0.183797 -0.018811 -0.026240 0.182569 -0.018611 -0.026381 0.181150 -0.018538 -0.026432 0.179600 -0.018596 -0.026391 0.177970 -0.018775 -0.026266 0.176320 -0.025225 -0.021734 0.177680 -0.024685 -0.021558 0.179250 -0.024048 -0.021462 0.180757 -0.023331 -0.021450 0.182167 -0.022544 -0.021540 0.183403 -0.021720 -0.021749 0.184348 -0.020912 -0.022060 0.184953 -0.020146 -0.022433 0.185290 -0.019419 -0.022852 0.185416 -0.018763 -0.023323 0.185247 -0.018258 -0.023838 0.184656 -0.017958 -0.024358 0.183658 -0.017843 -0.024846 0.182399 -0.017872 -0.025292 0.180996 -0.018036 -0.025686 0.179490 -0.018342 -0.026013 0.177914 -0.018775 -0.026266 0.176320 -0.025225 -0.021734 0.177680 -0.024461 -0.021198 0.179083 -0.023605 -0.020760 0.180417 -0.022684 -0.020427 0.181651 -0.021722 -0.020221 0.182735 -0.020757 -0.020176 0.183584 -0.019838 -0.020291 0.184164 -0.018978 -0.020525 0.184521 -0.018180 -0.020865 0.184676 -0.017506 -0.021345 0.184524 -0.017069 -0.021982 0.183951 -0.016920 -0.022723 0.182992 -0.017001 -0.023490 0.181807 -0.017237 -0.024242 0.180520 -0.017608 -0.024966 0.179163 -0.018125 -0.025647 0.177750 -0.018775 -0.026266 0.176320 -0.025225 -0.021734 0.177680 -0.024284 -0.020880 0.178820 -0.023255 -0.020155 0.179882 -0.022184 -0.019581 0.180829 -0.021112 -0.019180 0.181622 -0.020086 -0.018981 0.182218 -0.019139 -0.018963 0.182622 -0.018251 -0.019066 0.182895 -0.017410 -0.019281 0.183049 -0.016698 -0.019695 0.182975 -0.016266 -0.020379 0.182548 -0.016182 -0.021282 0.181785 -0.016379 -0.022285 0.180818 -0.016755 -0.023308 0.179760 -0.017279 -0.024327 0.178646 -0.017956 -0.025322 0.177489 -0.018775 -0.026266 0.176320 -0.025225 -0.021734 0.177680 -0.024169 -0.020622 0.178481 -0.023029 -0.019668 0.179209 -0.021867 -0.018919 0.179828 -0.020747 -0.018413 0.180305 -0.019727 -0.018173 0.180618 -0.018829 -0.018142 0.180794 -0.017996 -0.018203 0.180908 -0.017174 -0.018326 0.180985 -0.016440 -0.018635 0.180945 -0.015965 -0.019268 0.180679 -0.015852 -0.020215 0.180177 -0.016051 -0.021349 0.179516 -0.016470 -0.022563 0.178771 -0.017071 -0.023811 0.177976 -0.017846 -0.025059 0.177150 -0.018775 -0.026266 0.176320 -0.025225 -0.021734 0.177680 -0.024124 -0.020440 0.178087 -0.022941 -0.019314 0.178443 -0.021742 -0.018420 0.178727 -0.020599 -0.017822 0.178920 -0.019590 -0.017559 0.179008 -0.018741 -0.017562 0.179012 -0.017983 -0.017667 0.178985 -0.017229 -0.017794 0.178950 -0.016525 -0.018062 0.178872 -0.016034 -0.018644 0.178695 -0.015869 -0.019574 0.178409 -0.016011 -0.020747 0.178045 -0.016396 -0.022060 0.177636 -0.016997 -0.023454 0.177201 -0.017802 -0.024876 0.176756 -0.018775 -0.026266 0.176320 -0.025225 -0.021734 0.177680 -0.024151 -0.020347 0.177666 -0.022994 -0.019119 0.177624 -0.021810 -0.018108 0.177557 -0.020663 -0.017391 0.177467 -0.019633 -0.017039 0.177356 -0.018769 -0.017009 0.177237 -0.018021 -0.017139 0.177119 -0.017313 -0.017328 0.177000 -0.016669 -0.017661 0.176876 -0.016220 -0.018294 0.176750 -0.016058 -0.019256 0.176632 -0.016167 -0.020459 0.176528 -0.016501 -0.021815 0.176441 -0.017057 -0.023277 0.176374 -0.017828 -0.024785 0.176333 -0.018775 -0.026266 0.176320 -0.025225 -0.021734 0.177680 -0.024246 -0.020351 0.177244 -0.023182 -0.019112 0.176799 -0.022075 -0.018054 0.176362 -0.020968 -0.017245 0.175952 -0.019926 -0.016768 0.175599 -0.019007 -0.016624 0.175317 -0.018199 -0.016698 0.175092 -0.017464 -0.016914 0.174904 -0.016840 -0.017345 0.174772 -0.016439 -0.018104 0.174740 -0.016319 -0.019175 0.174824 -0.016438 -0.020443 0.174999 -0.016743 -0.021825 0.175241 -0.017234 -0.023290 0.175545 -0.017921 -0.024793 0.175910 -0.018775 -0.026266 0.176320 -0.025225 -0.021734 0.177680 -0.024404 -0.020453 0.176850 -0.023493 -0.019303 0.176025 -0.022524 -0.018311 0.175229 -0.021525 -0.017521 0.174491 -0.020540 -0.017007 0.173857 -0.019616 -0.016781 0.173353 -0.018760 -0.016774 0.172957 -0.017968 -0.016958 0.172659 -0.017303 -0.017425 0.172518 -0.016880 -0.018263 0.172620 -0.016749 -0.019414 0.172967 -0.016852 -0.020724 0.173477 -0.017112 -0.022092 0.174081 -0.017515 -0.023492 0.174761 -0.018073 -0.024898 0.175514 -0.018775 -0.026266 0.176320 -0.025225 -0.021734 0.177680 -0.024614 -0.020645 0.176511 -0.023904 -0.019681 0.175358 -0.023121 -0.018865 0.174258 -0.022288 -0.018236 0.173251 -0.021438 -0.017840 0.172391 -0.020603 -0.017672 0.171698 -0.019790 -0.017671 0.171134 -0.018997 -0.017833 0.170697 -0.018284 -0.018267 0.170501 -0.017770 -0.019060 0.170688 -0.017522 -0.020149 0.171263 -0.017504 -0.021377 0.172092 -0.017640 -0.022630 0.173044 -0.017896 -0.023874 0.174074 -0.018276 -0.025095 0.175173 -0.018775 -0.026266 0.176320 -0.025225 -0.021734 0.177680 -0.024861 -0.020916 0.176251 -0.024387 -0.020214 0.174848 -0.023819 -0.019657 0.173524 -0.023177 -0.019280 0.172345 -0.022490 -0.019111 0.171380 -0.021793 -0.019121 0.170630 -0.021096 -0.019238 0.170014 -0.020385 -0.019451 0.169502 -0.019684 -0.019849 0.169236 -0.019082 -0.020514 0.169415 -0.018661 -0.021407 0.170078 -0.018428 -0.022407 0.171081 -0.018340 -0.023421 0.172263 -0.018373 -0.024415 0.173549 -0.018520 -0.025368 0.174911 -0.018775 -0.026266 0.176320 -0.025225 -0.021734 0.177680 -0.025127 -0.021248 0.176088 -0.024907 -0.020868 0.174530 -0.024569 -0.020616 0.173075 -0.024120 -0.020518 0.171812 -0.023582 -0.020590 0.170832 -0.023001 -0.020794 0.170134 -0.022414 -0.021059 0.169594 -0.021808 -0.021365 0.169129 -0.021170 -0.021765 0.168856 -0.020534 -0.022308 0.168993 -0.019967 -0.022968 0.169616 -0.019508 -0.023678 0.170614 -0.019157 -0.024386 0.171847 -0.018916 -0.025067 0.173240 -0.018789 -0.025698 0.174749 -0.018775 -0.026266 0.176320 -0.025225 -0.021734 0.177680 -0.025392 -0.021617 0.176033 -0.025422 -0.021596 0.174431 -0.025314 -0.021672 0.172942 -0.025058 -0.021852 0.171660 -0.024658 -0.022133 0.170691 -0.024163 -0.022480 0.170047 -0.023638 -0.022849 0.169598 -0.023096 -0.023230 0.169231 -0.022507 -0.023644 0.169024 -0.021861 -0.024098 0.169165 -0.021199 -0.024563 0.169731 -0.020565 -0.025008 0.170641 -0.019982 -0.025417 0.171800 -0.019473 -0.025775 0.173167 -0.019066 -0.026061 0.174698 -0.018775 -0.026266 0.176320 -0.025225 -0.021734 0.177680 -0.025639 -0.021998 0.176091 -0.025897 -0.022343 0.174552 -0.026000 -0.022748 0.173129 -0.025931 -0.023199 0.171894 -0.025677 -0.023675 0.170943 -0.025276 -0.024142 0.170296 -0.024805 -0.024587 0.169854 -0.024293 -0.025020 0.169523 -0.023705 -0.025441 0.169373 -0.023018 -0.025816 0.169558 -0.022262 -0.026108 0.170120 -0.021488 -0.026316 0.170971 -0.020721 -0.026450 0.172036 -0.019986 -0.026495 0.173306 -0.019325 -0.026434 0.174758 -0.018775 -0.026266 0.176320 -0.025225 -0.021734 0.177680 -0.025855 -0.022361 0.176254 -0.026313 -0.023051 0.174876 -0.026595 -0.023767 0.173604 -0.026691 -0.024478 0.172489 -0.026581 -0.025151 0.171597 -0.026298 -0.025759 0.170941 -0.025912 -0.026312 0.170450 -0.025446 -0.026828 0.170076 -0.024848 -0.027274 0.169912 -0.024082 -0.027571 0.170103 -0.023196 -0.027678 0.170667 -0.022267 -0.027632 0.171489 -0.021335 -0.027474 0.172478 -0.020415 -0.027201 0.173624 -0.019546 -0.026795 0.174922 -0.018775 -0.026266 0.176320 -0.025225 -0.021734 0.177680 -0.026031 -0.022682 0.176512 -0.026659 -0.023678 0.175376 -0.027093 -0.024672 0.174320 -0.027320 -0.025623 0.173386 -0.027324 -0.026487 0.172621 -0.027143 -0.027248 0.172024 -0.026850 -0.027938 0.171534 -0.026453 -0.028578 0.171131 -0.025867 -0.029090 0.170919 -0.025030 -0.029334 0.171046 -0.024006 -0.029260 0.171532 -0.022910 -0.028940 0.172263 -0.021814 -0.028466 0.173131 -0.020740 -0.027861 0.174105 -0.019714 -0.027123 0.175178 -0.018775 -0.026266 0.176320 -0.025225 -0.021734 0.177680 -0.026153 -0.022941 0.176850 -0.026916 -0.024188 0.176026 -0.027480 -0.025424 0.175245 -0.027811 -0.026589 0.174543 -0.027884 -0.027622 0.173960 -0.027745 -0.028505 0.173497 -0.027491 -0.029297 0.173105 -0.027133 -0.030035 0.172761 -0.026565 -0.030608 0.172545 -0.025697 -0.030829 0.172577 -0.024583 -0.030621 0.172889 -0.023363 -0.030076 0.173405 -0.022139 -0.029322 0.174038 -0.020950 -0.028422 0.174745 -0.019820 -0.027394 0.175512 -0.018775 -0.026266 0.176320 -0.025225 -0.021734 0.177680 -0.026207 -0.023122 0.177244 -0.027044 -0.024550 0.176797 -0.027695 -0.025972 0.176353 -0.028100 -0.027313 0.175936 -0.028208 -0.028482 0.175574 -0.028061 -0.029441 0.175278 -0.027774 -0.030263 0.175026 -0.027386 -0.031007 0.174798 -0.026803 -0.031573 0.174627 -0.025928 -0.031760 0.174575 -0.024798 -0.031477 0.174669 -0.023544 -0.030812 0.174883 -0.022273 -0.029897 0.175174 -0.021035 -0.028808 0.175519 -0.019862 -0.027584 0.175906 -0.018775 -0.026266 0.176320 -0.025225 -0.021734 0.177680 -0.026183 -0.023213 0.177668 -0.027004 -0.024731 0.177634 -0.027656 -0.026247 0.177575 -0.028071 -0.027686 0.177491 -0.028183 -0.028936 0.177383 -0.028013 -0.029936 0.177260 -0.027673 -0.030745 0.177132 -0.027223 -0.031435 0.177000 -0.026598 -0.031929 0.176863 -0.025721 -0.032051 0.176727 -0.024627 -0.031727 0.176605 -0.023424 -0.031041 0.176503 -0.022196 -0.030105 0.176422 -0.020988 -0.028970 0.176364 -0.019838 -0.027672 0.176331 -0.018775 -0.026266 0.176320</float_array>
          <technique_common>
            <accessor source="#Pink-pos-array" count="3549" stride="3">
              <param name="X" type="float"/><param name="Y" type="float"/><param name="Z" type="float"/>
            </accessor>
          </technique_common>
        </source>
        <source id="Pink-norm">
          <float_array id="Pink-norm-array" count="10647">0.009608 0.000585 0.999954 0.023984 0.001394 0.999711 0.042388 0.002292 0.999099 0.061097 0.003035 0.998127 0.079804 0.003607 0.996804 0.098421 0.004005 0.995137 0.116903 0.004229 0.993134 0.135221 0.004280 0.990806 0.153352 0.004162 0.988163 0.171279 0.003876 0.985215 0.188985 0.003426 0.981974 0.206456 0.002815 0.978452 0.223679 0.002047 0.974661 0.240642 0.001126 0.970613 0.257335 0.000056 0.966322 0.273749 -0.001159 0.961801 0.279834 -0.001988 0.960046 0.009442 0.001848 0.999954 0.022103 0.003436 0.999750 0.039432 0.005507 0.999207 0.057698 0.007558 0.998305 0.076089 0.009483 0.997056 0.094428 0.011262 0.995468 0.112645 0.012888 0.993552 0.130702 0.014360 0.991318 0.148572 0.015677 0.988777 0.166236 0.016841 0.985942 0.183677 0.017852 0.982825 0.200880 0.018713 0.979437 0.217833 0.019426 0.975793 0.234526 0.019993 0.971904 0.250950 0.020418 0.967785 0.267096 0.020703 0.963448 0.276498 0.013140 0.960925 0.009111 0.003082 0.999954 0.021431 0.006345 0.999750 0.038273 0.010750 0.999209 0.056000 0.015315 0.998313 0.073822 0.019827 0.997074 0.091570 0.024244 0.995504 0.109175 0.028549 0.993612 0.126603 0.032733 0.991413 0.143828 0.036794 0.988918 0.160832 0.040728 0.986141 0.177601 0.044532 0.983094 0.194123 0.048207 0.979792 0.210388 0.051752 0.976247 0.226386 0.055166 0.972474 0.242110 0.058450 0.968487 0.257556 0.061605 0.964298 0.267348 0.055538 0.961998 0.008622 0.004264 0.999954 0.020388 0.009149 0.999750 0.036452 0.015820 0.999210 0.053333 0.022832 0.998316 0.070278 0.029872 0.997080 0.087125 0.036872 0.995515 0.103809 0.043806 0.993632 0.120298 0.050660 0.991444 0.136570 0.057425 0.988965 0.152607 0.064094 0.986206 0.168398 0.070661 0.983183 0.183931 0.077123 0.979909 0.199198 0.083475 0.976398 0.214192 0.089715 0.972663 0.228906 0.095840 0.968719 0.243338 0.101848 0.964580 0.253289 0.097462 0.962469 0.007983 0.005370 0.999954 0.018994 0.011792 0.999750 0.034006 0.020613 0.999209 0.049754 0.029951 0.998312 0.065533 0.039396 0.997072 0.081191 0.048858 0.995500 0.096669 0.058300 0.993608 0.111935 0.067703 0.991407 0.126970 0.077052 0.988909 0.141759 0.086337 0.986129 0.156290 0.095548 0.983079 0.170554 0.104678 0.979772 0.184543 0.113719 0.976223 0.198251 0.122665 0.972445 0.211674 0.131510 0.968452 0.224807 0.140251 0.964257 0.234683 0.137650 0.962277 0.007208 0.006380 0.999954 0.017277 0.014225 0.999750 0.030986 0.025035 0.999206 0.045341 0.036526 0.998304 0.059696 0.048195 0.997052 0.073911 0.059934 0.995462 0.087932 0.071696 0.993543 0.101730 0.083457 0.991305 0.115286 0.095196 0.988760 0.128588 0.106900 0.985920 0.141624 0.118554 0.982796 0.154385 0.130149 0.979401 0.166864 0.141674 0.975748 0.179057 0.153118 0.971851 0.190957 0.164474 0.967721 0.202561 0.175734 0.963373 0.212142 0.174955 0.961450 0.006311 0.007277 0.999954 0.015272 0.016402 0.999749 0.027456 0.029003 0.999202 0.040192 0.042426 0.998291 0.052902 0.056091 0.997023 0.065462 0.069867 0.995406 0.077822 0.083703 0.993447 0.089955 0.097567 0.991155 0.101846 0.111437 0.988539 0.113479 0.125294 0.985608 0.124846 0.139122 0.982374 0.135936 0.152905 0.978847 0.146745 0.166631 0.975039 0.157264 0.180287 0.970961 0.167490 0.193860 0.966626 0.177419 0.207340 0.962046 0.186510 0.208371 0.960102 0.005311 0.008044 0.999954 0.013018 0.018288 0.999748 0.023486 0.032446 0.999198 0.034414 0.047546 0.998276 0.045302 0.062935 0.996989 0.056042 0.078467 0.995340 0.066588 0.094084 0.993335 0.076919 0.109750 0.990978 0.087017 0.125439 0.988278 0.096869 0.141129 0.985241 0.106466 0.156801 0.981875 0.115798 0.172436 0.978190 0.124859 0.188019 0.974197 0.133641 0.203534 0.969904 0.142140 0.218965 0.965324 0.150351 0.234298 0.960468 0.158809 0.237078 0.958423 0.004226 0.008671 0.999953 0.010555 0.019851 0.999747 0.019151 0.035310 0.999193 0.028120 0.051803 0.998261 0.037049 0.068616 0.996955 0.045849 0.085593 0.995275 0.054481 0.102668 0.993223 0.062924 0.119801 0.990802 0.071165 0.136964 0.988016 0.079190 0.154131 0.984872 0.086990 0.171282 0.981374 0.094556 0.188395 0.977531 0.101880 0.205452 0.973350 0.108956 0.222432 0.968841 0.115779 0.239319 0.964013 0.122342 0.256096 0.958878 0.130105 0.260517 0.956663 0.003074 0.009148 0.999953 0.007926 0.021069 0.999747 0.014524 0.037553 0.999189 0.021417 0.055137 0.998249 0.028287 0.073059 0.996926 0.035065 0.091152 0.995219 0.041720 0.109346 0.993128 0.048235 0.127597 0.990652 0.054599 0.145876 0.987795 0.060800 0.164154 0.984559 0.066830 0.182408 0.980949 0.072680 0.200614 0.976971 0.078345 0.218750 0.972631 0.083816 0.236796 0.967937 0.089090 0.254732 0.962899 0.094160 0.272538 0.957526 0.101266 0.278459 0.955095 0.001873 0.009470 0.999953 0.005173 0.021926 0.999746 0.009677 0.039146 0.999187 0.014405 0.057508 0.998241 0.019142 0.076215 0.996908 0.023839 0.095091 0.995183 0.028477 0.114062 0.993065 0.033043 0.133084 0.990554 0.037529 0.152124 0.987649 0.041926 0.171153 0.984352 0.046228 0.190144 0.980667 0.050429 0.209073 0.976599 0.054523 0.227916 0.972153 0.058505 0.246651 0.967337 0.062372 0.265255 0.962159 0.066117 0.283708 0.956629 0.072698 0.290975 0.953965 0.000642 0.009632 0.999953 0.002336 0.022411 0.999746 0.004678 0.040070 0.999186 0.007176 0.058890 0.998239 0.009722 0.078054 0.996902 0.012291 0.097380 0.995171 0.014873 0.116792 0.993045 0.017463 0.136245 0.990521 0.020056 0.155704 0.987600 0.022647 0.175139 0.984283 0.025234 0.194523 0.980573 0.027812 0.213831 0.976475 0.030379 0.233038 0.971993 0.032932 0.252121 0.967135 0.035466 0.271057 0.961910 0.037981 0.289823 0.956326 0.044199 0.298292 0.953451 -0.000601 0.009632 0.999953 -0.000544 0.022516 0.999746 -0.000406 0.040312 0.999187 -0.000183 0.059267 0.998242 0.000124 0.078558 0.996910 0.000518 0.098001 0.995186 0.000997 0.117520 0.993070 0.001562 0.137069 0.990560 0.002213 0.156614 0.987657 0.002950 0.176123 0.984364 0.003773 0.195572 0.980682 0.004680 0.214933 0.976618 0.005671 0.234184 0.972176 0.006745 0.253300 0.967364 0.007901 0.272259 0.962191 0.009137 0.291041 0.956667 0.015089 0.300582 0.953636 -0.001838 0.009469 0.999953 -0.003423 0.022238 0.999747 -0.005506 0.039865 0.999190 -0.007583 0.058630 0.998251 -0.009549 0.077716 0.996930 -0.011377 0.096941 0.995225 -0.013059 0.116231 0.993136 -0.014589 0.135540 0.990665 -0.015961 0.154834 0.987812 -0.017175 0.174085 0.984581 -0.018227 0.193267 0.980977 -0.019117 0.212356 0.977005 -0.019842 0.231328 0.972673 -0.020402 0.250164 0.967989 -0.020797 0.268840 0.962960 -0.021027 0.287338 0.957598 -0.015388 0.297820 0.954498 -0.003048 0.009144 0.999954 -0.006259 0.021579 0.999748 -0.010546 0.038732 0.999194 -0.014924 0.056980 0.998264 -0.019178 0.075526 0.996959 -0.023263 0.094194 0.995282 -0.027160 0.112912 0.993234 -0.030857 0.131636 0.990818 -0.034350 0.150335 0.988038 -0.037631 0.168982 0.984900 -0.040699 0.187554 0.981411 -0.043549 0.206027 0.977577 -0.046179 0.224382 0.973407 -0.048589 0.242599 0.968909 -0.050776 0.260659 0.964095 -0.052741 0.278545 0.958974 -0.047616 0.289794 0.955904 -0.004213 0.008662 0.999954 -0.009003 0.020546 0.999748 -0.015447 0.036924 0.999199 -0.022091 0.054330 0.998279 -0.028621 0.072001 0.996994 -0.034968 0.089772 0.995348 -0.041108 0.107572 0.993347 -0.047025 0.125363 0.990996 -0.052711 0.143113 0.988302 -0.058160 0.160800 0.985272 -0.063366 0.178402 0.981915 -0.068326 0.195899 0.978241 -0.073036 0.213274 0.974259 -0.077496 0.230510 0.969979 -0.081704 0.247591 0.965414 -0.085658 0.264502 0.960573 -0.081344 0.276281 0.957628 -0.005311 0.008028 0.999954 -0.011609 0.019154 0.999749 -0.020123 0.034466 0.999203 -0.028959 0.050714 0.998293 -0.037708 0.067185 0.997028 -0.046282 0.083724 0.995414 -0.054648 0.100267 0.993459 -0.062788 0.116777 0.991171 -0.070692 0.133228 0.988561 -0.078352 0.149598 0.985638 -0.085761 0.165870 0.982411 -0.092916 0.182026 0.978894 -0.099814 0.198052 0.975096 -0.106451 0.213934 0.971031 -0.112826 0.229660 0.966709 -0.118939 0.245219 0.962144 -0.115740 0.257233 0.959393 -0.006321 0.007253 0.999954 -0.014027 0.017424 0.999750 -0.024485 0.031396 0.999207 -0.035394 0.046189 0.998305 -0.046257 0.061153 0.997056 -0.056967 0.076146 0.995468 -0.067484 0.091109 0.993552 -0.077787 0.106011 0.991318 -0.087863 0.120829 0.988777 -0.097703 0.135544 0.985942 -0.107299 0.150143 0.982825 -0.116646 0.164610 0.979437 -0.125740 0.178936 0.975793 -0.134578 0.193109 0.971904 -0.143157 0.207120 0.967785 -0.151477 0.220960 0.963448 -0.149629 0.232885 0.960925 -0.007225 0.006349 0.999954 -0.016211 0.015387 0.999750 -0.028447 0.027770 0.999209 -0.041263 0.040840 0.998313 -0.054082 0.054018 0.997074 -0.066781 0.067180 0.995504 -0.079311 0.080274 0.993612 -0.091649 0.093274 0.991413 -0.103778 0.106161 0.988918 -0.115687 0.118921 0.986141 -0.127367 0.131541 0.983094 -0.138810 0.144012 0.979792 -0.150012 0.156325 0.976247 -0.160968 0.168473 0.972474 -0.171674 0.180449 0.968487 -0.182129 0.192247 0.964298 -0.181771 0.203761 0.961998 -0.008003 0.005335 0.999954 -0.018117 0.013082 0.999750 -0.031926 0.023658 0.999210 -0.046439 0.034772 0.998316 -0.061009 0.045927 0.997080 -0.075494 0.057016 0.995515 -0.089842 0.067998 0.993632 -0.104022 0.078851 0.991444 -0.118016 0.089560 0.988965 -0.131811 0.100115 0.986206 -0.145393 0.110506 0.983183 -0.158756 0.120727 0.979909 -0.171890 0.130773 0.976398 -0.184791 0.140638 0.972663 -0.197453 0.150319 0.968719 -0.209871 0.159813 0.964580 -0.211049 0.170624 0.962469 -0.008642 0.004228 0.999954 -0.019709 0.010553 0.999750 -0.034854 0.019143 0.999209 -0.050815 0.028113 0.998312 -0.066884 0.037055 0.997072 -0.082907 0.045884 0.995500 -0.098824 0.054567 0.993608 -0.114600 0.063087 0.991407 -0.130214 0.071433 0.988909 -0.145650 0.079598 0.986129 -0.160892 0.087577 0.983079 -0.175930 0.095365 0.979772 -0.190755 0.102960 0.976223 -0.205356 0.110358 0.972445 -0.219728 0.117560 0.968452 -0.233864 0.124563 0.964257 -0.236550 0.134417 0.962277 -0.009129 0.003052 0.999954 -0.020958 0.007850 0.999750 -0.037174 0.014317 0.999206 -0.054303 0.021004 0.998304 -0.071587 0.027601 0.997052 -0.088860 0.034042 0.995462 -0.106057 0.040303 0.993543 -0.123140 0.046372 0.991305 -0.140085 0.052243 0.988760 -0.156872 0.057911 0.985920 -0.173483 0.063372 0.982796 -0.189905 0.068627 0.979401 -0.206125 0.073672 0.975748 -0.222133 0.078509 0.971851 -0.237917 0.083136 0.967721 -0.253470 0.087557 0.963373 -0.257587 0.096243 0.961450 -0.009457 0.001827 0.999954 -0.021841 0.005025 0.999749 -0.038845 0.009276 0.999202 -0.056838 0.013594 0.998291 -0.075027 0.017770 0.997023 -0.093238 0.021758 0.995406 -0.111400 0.025544 0.993447 -0.129474 0.029120 0.991155 -0.147430 0.032482 0.988539 -0.165247 0.035629 0.985608 -0.182906 0.038559 0.982374 -0.200388 0.041272 0.978847 -0.217679 0.043769 0.975039 -0.234765 0.046051 0.970961 -0.251633 0.048121 0.966626 -0.268271 0.049979 0.962046 -0.273710 0.057336 0.960102 -0.009622 0.000578 0.999954 -0.022346 0.002130 0.999748 -0.039842 0.004117 0.999198 -0.058383 0.006031 0.998276 -0.077154 0.007766 0.996989 -0.095976 0.009300 0.995340 -0.114774 0.010625 0.993335 -0.133506 0.011739 0.990978 -0.152142 0.012639 0.988278 -0.170656 0.013327 0.985241 -0.189026 0.013802 0.981875 -0.207233 0.014066 0.978190 -0.225259 0.014121 0.974197 -0.243086 0.013970 0.969904 -0.260699 0.013614 0.965324 -0.278084 0.013058 0.960468 -0.284720 0.018994 0.958423 -0.009622 -0.000675 0.999953 -0.022469 -0.000784 0.999747 -0.040155 -0.001070 0.999193 -0.058922 -0.001549 0.998261 -0.077948 -0.002222 0.996955 -0.097050 -0.003090 0.995275 -0.116153 -0.004152 0.993223 -0.135213 -0.005406 0.990802 -0.154196 -0.006851 0.988016 -0.173077 -0.008485 0.984872 -0.191830 -0.010306 0.981374 -0.210433 -0.012310 0.977531 -0.228866 -0.014495 0.973350 -0.247110 -0.016857 0.968841 -0.265146 -0.019392 0.964013 -0.282957 -0.022097 0.958878 -0.290667 -0.017585 0.956663 -0.009459 -0.001912 0.999953 -0.022209 -0.003670 0.999747 -0.039784 -0.006198 0.999189 -0.058458 -0.009021 0.998249 -0.077415 -0.012032 0.996926 -0.096472 -0.015209 0.995219 -0.115556 -0.018542 0.993128 -0.134620 -0.022026 0.990652 -0.153631 -0.025654 0.987795 -0.172561 -0.029423 0.984559 -0.191384 -0.033328 0.980949 -0.210077 -0.037364 0.976971 -0.228616 -0.041527 0.972631 -0.246980 -0.045811 0.967937 -0.265149 -0.050212 0.962899 -0.283105 -0.054724 0.957526 -0.291786 -0.051531 0.955095 -0.009137 -0.003112 0.999953 -0.021575 -0.006484 0.999746 -0.038740 -0.011192 0.999187 -0.057006 -0.016279 0.998241 -0.075575 -0.021530 0.996908 -0.094271 -0.026900 0.995183 -0.113019 -0.032369 0.993065 -0.131776 -0.037926 0.990554 -0.150508 -0.043561 0.987649 -0.169185 -0.049268 0.984352 -0.187783 -0.055038 0.980667 -0.206277 -0.060864 0.976599 -0.224642 -0.066740 0.972153 -0.242858 -0.072658 0.967337 -0.260903 -0.078612 0.962159 -0.278757 -0.084595 0.956629 -0.288341 -0.082529 0.953965 -0.008662 -0.004260 0.999953 -0.020576 -0.009183 0.999746 -0.037040 -0.015984 0.999186 -0.054588 -0.023230 0.998239 -0.072457 -0.030608 0.996902 -0.090479 -0.038046 0.995171 -0.108581 -0.045515 0.993045 -0.126723 -0.052999 0.990521 -0.144871 -0.060483 0.987600 -0.162998 -0.067956 0.984283 -0.181079 -0.075409 0.980573 -0.199090 -0.082830 0.976475 -0.217007 -0.090210 0.971993 -0.234809 -0.097541 0.967135 -0.252475 -0.104813 0.961910 -0.269985 -0.112019 0.956326 -0.280428 -0.110869 0.953451 -0.008041 -0.005336 0.999953 -0.019227 -0.011729 0.999746 -0.034708 -0.020508 0.999187 -0.051235 -0.029793 0.998242 -0.068096 -0.039171 0.996910 -0.085130 -0.048552 0.995186 -0.102274 -0.057897 0.993070 -0.119487 -0.067182 0.990560 -0.136738 -0.076390 0.987657 -0.154002 -0.085507 0.984364 -0.171256 -0.094519 0.980682 -0.188478 -0.103414 0.976618 -0.205644 -0.112181 0.972176 -0.222737 -0.120808 0.967364 -0.239734 -0.129287 0.962191 -0.256618 -0.137607 0.956667 -0.267857 -0.137223 0.953636 -0.007281 -0.006326 0.999953 -0.017547 -0.014084 0.999747 -0.031771 -0.024701 0.999190 -0.046984 -0.035883 0.998251 -0.062530 -0.047128 0.996930 -0.078265 -0.058324 0.995225 -0.094129 -0.069425 0.993136 -0.110086 -0.080404 0.990665 -0.126109 -0.091240 0.987812 -0.142174 -0.101916 0.984581 -0.158260 -0.112419 0.980977 -0.174347 -0.122733 0.977005 -0.190416 -0.132848 0.972673 -0.206447 -0.142750 0.967989 -0.222424 -0.152431 0.962960 -0.238328 -0.161879 0.957598 -0.250225 -0.162236 0.954498 -0.006395 -0.007212 0.999954 -0.015558 -0.016209 0.999748 -0.028270 -0.028499 0.999194 -0.041884 -0.041414 0.998264 -0.055818 -0.054372 0.996959 -0.069943 -0.067243 0.995282 -0.084204 -0.079977 0.993234 -0.098571 -0.092541 0.990818 -0.113019 -0.104915 0.988038 -0.127527 -0.117081 0.984900 -0.142077 -0.129023 0.981411 -0.156650 -0.140728 0.977577 -0.171231 -0.152183 0.973407 -0.185802 -0.163378 0.968909 -0.200349 -0.174303 0.964095 -0.214857 -0.184947 0.958974 -0.227161 -0.186133 0.955904 -0.005395 -0.007979 0.999954 -0.013292 -0.018070 0.999748 -0.024254 -0.031840 0.999199 -0.036005 -0.046296 0.998279 -0.048045 -0.060787 0.996994 -0.060261 -0.075169 0.995348 -0.072606 -0.089387 0.993347 -0.085055 -0.103406 0.990996 -0.097584 -0.117206 0.988302 -0.110177 -0.130768 0.985272 -0.122817 -0.144077 0.981915 -0.135491 -0.157121 0.978241 -0.148182 -0.169888 0.974259 -0.160879 -0.182369 0.969979 -0.173568 -0.194553 0.965414 -0.186237 -0.206433 0.960573 -0.198594 -0.208587 0.957628 -0.004297 -0.008613 0.999954 -0.010783 -0.019630 0.999749 -0.019787 -0.034660 0.999203 -0.029440 -0.050436 0.998293 -0.039330 -0.066249 0.997028 -0.049367 -0.081943 0.995414 -0.059510 -0.097460 0.993459 -0.069738 -0.112765 0.991171 -0.080033 -0.127835 0.988561 -0.090380 -0.142653 0.985638 -0.100767 -0.157206 0.982411 -0.111181 -0.171481 0.978894 -0.121611 -0.185467 0.975096 -0.132047 -0.199156 0.971031 -0.142479 -0.212541 0.966709 -0.152896 -0.225614 0.962144 -0.164900 -0.228850 0.959393 -0.003120 -0.009101 0.999954 -0.008076 -0.020860 0.999750 -0.014947 -0.036903 0.999207 -0.022304 -0.053747 0.998305 -0.029832 -0.070636 0.997056 -0.037461 -0.087408 0.995468 -0.045161 -0.103997 0.993552 -0.052915 -0.120371 0.991318 -0.060709 -0.136506 0.988777 -0.068533 -0.152385 0.985942 -0.076378 -0.167995 0.982825 -0.084234 -0.183324 0.979437 -0.092093 -0.198362 0.975793 -0.099948 -0.213102 0.971904 -0.107793 -0.227538 0.967785 -0.115619 -0.241663 0.963448 -0.126870 -0.246024 0.960925 -0.001886 -0.009431 0.999954 -0.005221 -0.021733 0.999750 -0.009826 -0.038520 0.999209 -0.014737 -0.056154 0.998313 -0.019740 -0.073845 0.997074 -0.024789 -0.091424 0.995504 -0.029864 -0.108823 0.993612 -0.034953 -0.126008 0.991413 -0.040049 -0.142955 0.988918 -0.045145 -0.159648 0.986141 -0.050235 -0.176073 0.983094 -0.055313 -0.192219 0.979792 -0.060376 -0.208077 0.976247 -0.065418 -0.223639 0.972474 -0.070436 -0.238899 0.968487 -0.075427 -0.253852 0.964298 -0.085577 -0.259299 0.961998 -0.000618 -0.009598 0.999954 -0.002271 -0.022231 0.999750 -0.004525 -0.039478 0.999210 -0.006893 -0.057604 0.998316 -0.009269 -0.075798 0.997080 -0.011630 -0.093888 0.995515 -0.013967 -0.111804 0.993632 -0.016276 -0.129512 0.991444 -0.018553 -0.146985 0.988965 -0.020797 -0.164209 0.986206 -0.023004 -0.181167 0.983183 -0.025175 -0.197850 0.979909 -0.027307 -0.214248 0.976398 -0.029400 -0.230353 0.972663 -0.031454 -0.246159 0.968719 -0.033466 -0.261660 0.964580 -0.042240 -0.268086 0.962469 0.000659 -0.009598 0.999954 0.000715 -0.022346 0.999750 0.000849 -0.039756 0.999209 0.001061 -0.058064 0.998312 0.001351 -0.076451 0.997072 0.001717 -0.094742 0.995500 0.002155 -0.112867 0.993608 0.002665 -0.130790 0.991407 0.003244 -0.148486 0.988909 0.003891 -0.165935 0.986129 0.004602 -0.183125 0.983079 0.005377 -0.200043 0.979772 0.006212 -0.216678 0.976223 0.007105 -0.233023 0.972445 0.008054 -0.249070 0.968452 0.009058 -0.264814 0.964257 0.001866 -0.272067 0.962277 0.001922 -0.009432 0.999954 0.003680 -0.022075 0.999750 0.006188 -0.039352 0.999206 0.008961 -0.057530 0.998304 0.011890 -0.075796 0.997052 0.014949 -0.093976 0.995462 0.018125 -0.111999 0.993543 0.021411 -0.129829 0.991305 0.024799 -0.147439 0.988760 0.028284 -0.164810 0.985920 0.031859 -0.181927 0.982796 0.035520 -0.198776 0.979401 0.039261 -0.215346 0.975748 0.043076 -0.231627 0.971851 0.046960 -0.247611 0.967721 0.050909 -0.263290 0.963373 0.045444 -0.271198 0.961450 0.003146 -0.009104 0.999954 0.006569 -0.021427 0.999749 0.011389 -0.038279 0.999202 0.016646 -0.056021 0.998291 0.022125 -0.073860 0.997023 0.027776 -0.091625 0.995406 0.033578 -0.109247 0.993447 0.039518 -0.126687 0.991155 0.045585 -0.143920 0.988539 0.051768 -0.160923 0.985608 0.058060 -0.177680 0.982374 0.064451 -0.194177 0.978847 0.070934 -0.210400 0.975039 0.077501 -0.226338 0.970961 0.084143 -0.241981 0.966626 0.090853 -0.257319 0.962046 0.087200 -0.265708 0.960102 0.004311 -0.008622 0.999954 0.009329 -0.020417 0.999748 0.016356 -0.036563 0.999198 0.023969 -0.053577 0.998276 0.031852 -0.070701 0.996989 0.039934 -0.087767 0.995340 0.048185 -0.104709 0.993335 0.056587 -0.121489 0.990978 0.065125 -0.138078 0.988278 0.073787 -0.154456 0.985241 0.082560 -0.170602 0.981875 0.091435 -0.186502 0.978190 0.100400 -0.202140 0.974197 0.109445 -0.217503 0.969904 0.118559 -0.232579 0.965324 0.127733 -0.247357 0.960468 0.125911 -0.256071 0.958423 0.005396 -0.007995 0.999953 0.011914 -0.019066 0.999747 0.021004 -0.034240 0.999193 0.030802 -0.050254 0.998261 0.040899 -0.066394 0.996955 0.051202 -0.082503 0.995275 0.061673 -0.098516 0.993223 0.072288 -0.114395 0.990802 0.083032 -0.130112 0.988016 0.093887 -0.145646 0.984872 0.104840 -0.160976 0.981374 0.115877 -0.176085 0.977531 0.126986 -0.190957 0.973350 0.138154 -0.205575 0.968841 0.149367 -0.219927 0.964013 0.160615 -0.233999 0.958878 0.160562 -0.242933 0.956663 0.006385 -0.007236 0.999953 0.014283 -0.017399 0.999747 0.025259 -0.031355 0.999189 0.037041 -0.046116 0.998249 0.049127 -0.061027 0.996926 0.061408 -0.075943 0.995219 0.073836 -0.090803 0.993128 0.086385 -0.105572 0.990652 0.099033 -0.120222 0.987795 0.111762 -0.134731 0.984559 0.124555 -0.149080 0.980949 0.137396 -0.163250 0.976971 0.150271 -0.177224 0.972631 0.163164 -0.190985 0.967937 0.176060 -0.204520 0.962899 0.188945 -0.217814 0.957526 0.190520 -0.226929 0.955095 0.007264 -0.006357 0.999953 0.016402 -0.015443 0.999746 0.029063 -0.027954 0.999187 0.042600 -0.041229 0.998241 0.056433 -0.054685 0.996908 0.070431 -0.068191 0.995183 0.084542 -0.081693 0.993065 0.098733 -0.095158 0.990554 0.112979 -0.108563 0.987649 0.127260 -0.121885 0.984352 0.141556 -0.135106 0.980667 0.155848 -0.148209 0.976599 0.170120 -0.161176 0.972153 0.184353 -0.173993 0.967337 0.198532 -0.186643 0.962159 0.212640 -0.199113 0.956629 0.215643 -0.208446 0.953965 0.008020 -0.005372 0.999953 0.018241 -0.013228 0.999746 0.032363 -0.024086 0.999186 0.047412 -0.035660 0.998239 0.062736 -0.047446 0.996902 0.078188 -0.059334 0.995171 0.093708 -0.071277 0.993045 0.109260 -0.083246 0.990521 0.124816 -0.095221 0.987600 0.140351 -0.107183 0.984283 0.155845 -0.119115 0.980573 0.171277 -0.131002 0.976475 0.186628 -0.142828 0.971993 0.201877 -0.154580 0.967135 0.217009 -0.166243 0.961910 0.232004 -0.177804 0.956326 0.236229 -0.187423 0.953451 0.008642 -0.004295 0.999953 0.019771 -0.010787 0.999746 0.035114 -0.019804 0.999187 0.051419 -0.029475 0.998242 0.067971 -0.039387 0.996910 0.084613 -0.049449 0.995186 0.101277 -0.059623 0.993070 0.117925 -0.069887 0.990560 0.134525 -0.080223 0.987657 0.151052 -0.090617 0.984364 0.167484 -0.101053 0.980682 0.183798 -0.111519 0.976618 0.199974 -0.122003 0.972176 0.215991 -0.132491 0.967364 0.231833 -0.142972 0.962191 0.247480 -0.153434 0.956667 0.252767 -0.163359 0.953636 0.009119 -0.003143 0.999953 0.020970 -0.008154 0.999747 0.037277 -0.015165 0.999190 0.054567 -0.022748 0.998251 0.072079 -0.030589 0.996930 0.089642 -0.038618 0.995225 0.107189 -0.046806 0.993136 0.124675 -0.055136 0.990665 0.142071 -0.063594 0.987812 0.159349 -0.072168 0.984581 0.176488 -0.080848 0.980977 0.193464 -0.089622 0.977005 0.210257 -0.098481 0.972673 0.226849 -0.107413 0.967989 0.243221 -0.116409 0.962960 0.259355 -0.125459 0.957598 0.265613 -0.135583 0.954498 0.009443 -0.001932 0.999954 0.021817 -0.005369 0.999748 0.038816 -0.010233 0.999194 0.056808 -0.015566 0.998264 0.074996 -0.021154 0.996959 0.093206 -0.026950 0.995282 0.111364 -0.032935 0.993234 0.129429 -0.039095 0.990818 0.147369 -0.045420 0.988038 0.165159 -0.051901 0.984900 0.182776 -0.058531 0.981411 0.200199 -0.065299 0.977577 0.217410 -0.072199 0.973407 0.234391 -0.079220 0.968909 0.251125 -0.086356 0.964095 0.267598 -0.093598 0.958974 0.274777 -0.103661 0.955904 0.009608 -0.000682 0.999954 0.022295 -0.002476 0.999748 0.039701 -0.005084 0.999199 0.058096 -0.008033 0.998279 0.076665 -0.011214 0.996994 0.095229 -0.014602 0.995348 0.113714 -0.018186 0.993347 0.132080 -0.021956 0.990996 0.150295 -0.025907 0.988302 0.168337 -0.030032 0.985272 0.186183 -0.034324 0.981915 0.203816 -0.038778 0.978241 0.221219 -0.043385 0.974259 0.238375 -0.048141 0.969979 0.255272 -0.053038 0.965414 0.271895 -0.058069 0.960573 0.279939 -0.067694 0.957628 0.000000 0.000000 0.000000 0.019199 -0.001364 0.999815 0.036423 -0.002756 0.999333 0.055003 -0.004445 0.998476 0.073739 -0.006352 0.997257 0.092442 -0.008462 0.995682 0.111045 -0.010767 0.993757 0.129509 -0.013262 0.991490 0.147807 -0.015942 0.988888 0.165916 -0.018801 0.985961 0.183818 -0.021835 0.982718 0.201495 -0.025037 0.979169 0.218933 -0.028402 0.975326 0.236117 -0.031924 0.971200 0.253035 -0.035597 0.966802 0.269675 -0.039415 0.962144 0.280987 -0.042343 0.958777 0.016367 -0.014123 0.999766 0.044636 -0.020450 0.998794 0.088974 -0.033546 0.995469 0.142465 -0.047815 0.988644 0.201167 -0.062479 0.977562 0.262219 -0.076396 0.961980 0.327470 -0.088011 0.940754 0.406018 -0.096377 0.908769 0.512686 -0.101505 0.852555 0.659229 -0.102522 0.744920 0.827995 -0.094378 0.552735 0.950633 -0.070485 0.302208 0.993021 -0.034769 0.112700 0.999228 0.002813 0.039182 0.999373 0.035325 0.002193 0.990578 0.057372 -0.124354 0.917968 0.063270 -0.391577 0.732262 0.050700 -0.679133 0.519367 0.030835 -0.853995 0.357004 0.013525 -0.934005 0.247931 0.000450 -0.968777 0.176055 -0.008866 -0.984340 0.127474 -0.014523 -0.991736 0.091481 -0.016247 -0.995674 0.060506 -0.014032 -0.998069 0.032505 -0.009657 -0.999425 0.000000 0.000000 -0.000000 0.014610 -0.002052 0.999891 0.037731 -0.004405 0.999278 0.076356 -0.009890 0.997032 0.125528 -0.017041 0.991944 0.181335 -0.025173 0.983099 0.241176 -0.033558 0.969901 0.306582 -0.040684 0.950974 0.385809 -0.044761 0.921492 0.493419 -0.044326 0.868661 0.643536 -0.037554 0.764494 0.823454 -0.020785 0.567003 0.958136 0.008613 0.286185 0.997472 0.046088 0.054080 0.995306 0.086873 -0.042653 0.989672 0.127213 -0.066080 0.976320 0.159156 -0.146519 0.915600 0.170558 -0.364123 0.753496 0.149613 -0.640203 0.546044 0.110173 -0.830480 0.377590 0.074170 -0.922997 0.261714 0.047203 -0.963991 0.184630 0.027530 -0.982423 0.132563 0.013108 -0.991088 0.094882 0.002847 -0.995484 0.063899 -0.003646 -0.997950 0.036328 -0.006826 -0.999317 0.016454 -0.010968 -0.999804 0.010722 0.010954 0.999883 0.031814 0.015165 0.999379 0.065520 0.022809 0.997591 0.108958 0.030226 0.993587 0.159096 0.036601 0.986585 0.214271 0.042078 0.975867 0.276968 0.048447 0.959657 0.356081 0.059203 0.932578 0.467005 0.078959 0.880722 0.626240 0.112682 0.771445 0.820725 0.160907 0.548197 0.954715 0.207589 0.213132 0.968797 0.239008 -0.065635 0.945075 0.270563 -0.183380 0.928914 0.310076 -0.202414 0.904611 0.345013 -0.250288 0.837526 0.353625 -0.416533 0.692232 0.315364 -0.649123 0.509283 0.246917 -0.824416 0.355900 0.182708 -0.916490 0.247621 0.134063 -0.959537 0.174438 0.098306 -0.979749 0.124438 0.070787 -0.989699 0.088029 0.048092 -0.994956 0.058340 0.028617 -0.997887 0.032514 0.012788 -0.999389 0.014565 0.002007 -0.999892 0.005660 0.021747 0.999747 0.024850 0.033642 0.999125 0.052552 0.055000 0.997102 0.088111 0.077883 0.993061 0.129416 0.099841 0.986551 0.175588 0.120412 0.977072 0.229684 0.141918 0.962863 0.300516 0.170073 0.938491 0.402970 0.213404 0.889985 0.554682 0.281231 0.783095 0.747699 0.370698 0.550935 0.881731 0.436389 0.179205 0.883301 0.446852 -0.141781 0.845793 0.449241 -0.287780 0.823046 0.469307 -0.319916 0.795904 0.491283 -0.353804 0.730741 0.486455 -0.478935 0.605769 0.432623 -0.667743 0.451840 0.346436 -0.822084 0.319337 0.264761 -0.909904 0.223313 0.201948 -0.953597 0.157388 0.155404 -0.975233 0.111914 0.118869 -0.986583 0.078535 0.087108 -0.993098 0.051245 0.057426 -0.997034 0.027609 0.030910 -0.999141 0.010816 0.014544 -0.999836 0.001315 0.028243 0.999600 0.018553 0.048247 0.998663 0.040120 0.082278 0.995802 0.066783 0.119812 0.990548 0.097137 0.156739 0.982852 0.130899 0.191635 0.972698 0.171403 0.227090 0.958672 0.226694 0.270924 0.935527 0.309381 0.335424 0.889817 0.434765 0.434254 0.788925 0.600967 0.563986 0.566355 0.729587 0.656061 0.193098 0.742840 0.652259 -0.150818 0.712632 0.622750 -0.323013 0.693549 0.614358 -0.376237 0.672191 0.612579 -0.415820 0.618218 0.585734 -0.524140 0.515699 0.512898 -0.686288 0.389380 0.411752 -0.823919 0.278228 0.318175 -0.906286 0.195894 0.246559 -0.949123 0.138585 0.193846 -0.971194 0.098672 0.152410 -0.983379 0.069007 0.115410 -0.990918 0.044416 0.079095 -0.995877 0.022875 0.044838 -0.998732 0.006449 0.023855 -0.999695 -0.000439 0.030148 0.999545 0.014730 0.057686 0.998226 0.031298 0.102104 0.994281 0.049867 0.152178 0.987094 0.069178 0.202362 0.976864 0.089183 0.249781 0.964187 0.113330 0.296525 0.948277 0.148802 0.351731 0.924199 0.205260 0.430269 0.879054 0.293272 0.548059 0.783341 0.413304 0.702043 0.579927 0.519983 0.820103 0.238849 0.554853 0.826330 -0.096525 0.551486 0.784559 -0.283426 0.550362 0.754947 -0.356591 0.544899 0.729093 -0.414135 0.510222 0.676492 -0.531066 0.432162 0.578758 -0.691574 0.331233 0.457962 -0.824958 0.240093 0.351195 -0.904996 0.171297 0.271693 -0.947016 0.122716 0.214787 -0.968921 0.088329 0.171075 -0.981291 0.062119 0.131937 -0.989310 0.039760 0.092357 -0.994932 0.019741 0.053447 -0.998376 0.003267 0.028611 -0.999585 0.001241 0.028822 0.999584 0.014312 0.062329 0.997953 0.028074 0.114222 0.993059 0.041342 0.173972 0.983882 0.052256 0.235153 0.970553 0.060291 0.293215 0.954144 0.068556 0.348828 0.934676 0.083597 0.411271 0.907672 0.112861 0.496616 0.860601 0.162596 0.620675 0.767024 0.232901 0.778932 0.582256 0.303266 0.908041 0.288950 0.345102 0.938556 -0.004288 0.368312 0.912102 -0.180045 0.391969 0.882237 -0.260803 0.410830 0.845925 -0.340043 0.403422 0.774678 -0.486955 0.353518 0.649933 -0.672764 0.277677 0.502422 -0.818821 0.205969 0.376996 -0.903023 0.150733 0.286755 -0.946071 0.110983 0.224598 -0.968111 0.081970 0.178897 -0.980447 0.058780 0.139033 -0.988542 0.038034 0.098417 -0.994418 0.018939 0.057320 -0.998176 0.002662 0.029268 -0.999568 0.005628 0.026395 0.999636 0.016697 0.063655 0.997832 0.030055 0.120136 0.992302 0.041975 0.186503 0.981557 0.049664 0.256190 0.965350 0.051362 0.323381 0.944874 0.048717 0.386864 0.920849 0.047168 0.454855 0.889316 0.052933 0.543386 0.837812 0.069956 0.666717 0.742021 0.098015 0.816644 0.568758 0.130070 0.938533 0.319746 0.158783 0.983422 0.087570 0.189135 0.980939 -0.044583 0.227392 0.967872 -0.107312 0.267486 0.942854 -0.198688 0.289670 0.875423 -0.386946 0.271699 0.733293 -0.623266 0.222660 0.555661 -0.801039 0.171192 0.406131 -0.897636 0.130338 0.301243 -0.944598 0.100184 0.231201 -0.967734 0.077080 0.181944 -0.980283 0.057185 0.140948 -0.988364 0.038112 0.100001 -0.994257 0.019950 0.058141 -0.998109 0.004824 0.027563 -0.999608 0.010654 0.024619 0.999640 0.019816 0.063269 0.997800 0.034163 0.121896 0.991955 0.047937 0.192046 0.980215 0.057961 0.267595 0.961786 0.061425 0.342436 0.937531 0.057603 0.414086 0.908413 0.049274 0.489192 0.870783 0.040930 0.582646 0.811695 0.035442 0.706044 0.707281 0.032922 0.845151 0.533513 0.032935 0.948870 0.313943 0.038641 0.989083 0.142205 0.056342 0.995701 0.073519 0.089024 0.994551 0.054259 0.131828 0.990902 -0.027104 0.170420 0.954153 -0.246068 0.180723 0.818837 -0.544834 0.159416 0.616615 -0.770956 0.129515 0.441258 -0.887985 0.104250 0.319559 -0.941814 0.084877 0.239606 -0.967153 0.068912 0.184928 -0.980333 0.053566 0.141486 -0.988490 0.037338 0.099797 -0.994307 0.021109 0.057695 -0.998111 0.008562 0.025493 -0.999638 0.013852 0.024068 0.999614 0.020996 0.062037 0.997853 0.035832 0.120811 0.992029 0.051929 0.192209 0.979979 0.066713 0.270759 0.960333 0.077609 0.350984 0.933160 0.082403 0.430538 0.898803 0.080740 0.515366 0.853158 0.074004 0.618946 0.781940 0.062884 0.749057 0.659515 0.046092 0.882299 0.468426 0.024778 0.966119 0.256904 0.006707 0.991379 0.130852 0.000602 0.992046 0.125871 0.010581 0.986952 0.160667 0.034013 0.993492 0.108707 0.063646 0.991659 -0.112078 0.084761 0.885376 -0.457083 0.086297 0.673166 -0.734438 0.077805 0.476480 -0.875736 0.068741 0.339404 -0.938126 0.061011 0.249712 -0.966396 0.053429 0.188978 -0.980527 0.044304 0.142189 -0.988848 0.032848 0.099189 -0.994526 0.020358 0.057004 -0.998166 0.011858 0.024329 -0.999634 0.013473 0.024068 0.999620 0.018164 0.059819 0.998044 0.031182 0.116870 0.992658 0.046926 0.187012 0.981236 0.063961 0.265376 0.962021 0.080928 0.347559 0.934159 0.095858 0.432464 0.896541 0.107104 0.526634 0.843318 0.113904 0.642810 0.757510 0.114446 0.784642 0.609294 0.103452 0.917399 0.384287 0.078372 0.984804 0.154978 0.046852 0.997925 0.044166 0.017240 0.996585 0.080758 -0.004259 0.986165 0.165710 -0.013983 0.988175 0.152688 -0.012847 0.998893 -0.045263 -0.002878 0.916996 -0.398887 0.009580 0.708302 -0.705845 0.018795 0.500881 -0.865312 0.024780 0.354068 -0.934891 0.028426 0.257495 -0.965862 0.029662 0.191957 -0.980955 0.027936 0.142173 -0.989448 0.023049 0.097951 -0.994924 0.016239 0.056045 -0.998296 0.012822 0.024163 -0.999626 0.009217 0.023337 0.999685 0.010730 0.055892 0.998379 0.018771 0.109221 0.993840 0.029818 0.175356 0.984053 0.043534 0.249989 0.967270 0.059690 0.329886 0.942132 0.077087 0.415643 0.906255 0.094172 0.515168 0.851900 0.109974 0.641569 0.759141 0.122617 0.796419 0.592183 0.125358 0.934945 0.331909 0.111683 0.991665 0.064238 0.085920 0.993608 -0.073224 0.051371 0.997579 -0.046884 0.009014 0.998322 0.057206 -0.031855 0.996258 0.080339 -0.062287 0.994672 -0.082151 -0.072887 0.910900 -0.406140 -0.060385 0.709290 -0.702326 -0.039941 0.504389 -0.862552 -0.022268 0.356603 -0.933991 -0.009081 0.258094 -0.966077 0.000121 0.190581 -0.981671 0.005826 0.139416 -0.990217 0.008371 0.094953 -0.995447 0.008561 0.054126 -0.998497 0.010560 0.024164 -0.999652 0.002232 0.020872 0.999780 -0.000289 0.049708 0.998764 -0.000055 0.097254 0.995260 0.002280 0.156475 0.987679 0.007348 0.223678 0.974635 0.015529 0.296734 0.954834 0.025858 0.377823 0.925517 0.036539 0.476327 0.878509 0.046452 0.607056 0.793300 0.055410 0.775061 0.629452 0.061586 0.934009 0.351900 0.060661 0.997401 0.038882 0.050954 0.986887 -0.153162 0.029287 0.982719 -0.182774 -0.009833 0.993308 -0.115073 -0.060917 0.994382 -0.086565 -0.107638 0.970775 -0.214499 -0.129555 0.866750 -0.481622 -0.117743 0.673324 -0.729911 -0.090958 0.483032 -0.870865 -0.065684 0.343477 -0.936861 -0.045820 0.248619 -0.967517 -0.030611 0.182624 -0.982706 -0.018650 0.132370 -0.991025 -0.009049 0.089225 -0.995970 -0.001588 0.050575 -0.998719 0.005475 0.023290 -0.999714 -0.005533 0.016573 0.999847 -0.012864 0.041470 0.999057 -0.022145 0.081487 0.996428 -0.030971 0.131193 0.990873 -0.037715 0.187616 0.981518 -0.041675 0.249557 0.967463 -0.044221 0.320265 0.946295 -0.048445 0.409832 0.910873 -0.057307 0.534500 0.843224 -0.071191 0.706893 0.703729 -0.083959 0.895072 0.437945 -0.084239 0.992634 0.087067 -0.076253 0.982199 -0.171672 -0.077675 0.959556 -0.270590 -0.099015 0.958290 -0.268098 -0.137220 0.952320 -0.272502 -0.174603 0.906989 -0.383255 -0.186581 0.786263 -0.589049 -0.166060 0.607541 -0.776735 -0.132367 0.440207 -0.888086 -0.101493 0.315745 -0.943400 -0.077236 0.229214 -0.970307 -0.058145 0.167929 -0.984083 -0.041743 0.120860 -0.991791 -0.026417 0.080662 -0.996391 -0.012417 0.045271 -0.998898 -0.001065 0.020981 -0.999779 -0.012243 0.011274 0.999861 -0.024859 0.032199 0.999172 -0.044015 0.063712 0.996997 -0.064676 0.102205 0.992659 -0.084088 0.145434 0.985788 -0.101155 0.192931 0.975984 -0.117855 0.248424 0.961455 -0.139273 0.321527 0.936602 -0.171811 0.427711 0.887437 -0.220115 0.584573 0.780912 -0.276790 0.784446 0.555006 -0.305791 0.931922 0.194971 -0.288762 0.948454 -0.130585 -0.264703 0.916503 -0.299923 -0.259359 0.895581 -0.361480 -0.269381 0.870901 -0.411054 -0.275487 0.806477 -0.523165 -0.256929 0.681400 -0.685333 -0.214898 0.523970 -0.824181 -0.168726 0.383012 -0.908204 -0.130622 0.277171 -0.951900 -0.102142 0.202060 -0.974032 -0.080244 0.147925 -0.985738 -0.060929 0.105907 -0.992508 -0.041483 0.070020 -0.996683 -0.022241 0.038730 -0.999002 -0.007458 0.017442 -0.999820 -0.016870 0.006245 0.999838 -0.034799 0.023287 0.999123 -0.063073 0.046371 0.996931 -0.094881 0.073317 0.992785 -0.126276 0.102386 0.986697 -0.155457 0.133576 0.978770 -0.184722 0.170685 0.967856 -0.221064 0.222056 0.949643 -0.274525 0.300169 0.913529 -0.355622 0.421078 0.834402 -0.464624 0.592780 0.657827 -0.555680 0.762570 0.331218 -0.560947 0.827123 -0.034742 -0.516717 0.812577 -0.269670 -0.478710 0.787098 -0.388991 -0.449827 0.751597 -0.482449 -0.410103 0.679510 -0.608344 -0.346907 0.562669 -0.750373 -0.272546 0.430606 -0.860405 -0.206801 0.316693 -0.925710 -0.157420 0.230984 -0.960138 -0.122709 0.169308 -0.977894 -0.097439 0.124213 -0.987460 -0.075707 0.088788 -0.993169 -0.053295 0.058318 -0.996874 -0.030100 0.031737 -0.999043 -0.012567 0.013407 -0.999831 -0.019391 0.002472 0.999809 -0.042183 0.015811 0.998985 -0.078153 0.031536 0.996442 -0.119654 0.048110 0.991649 -0.161695 0.063840 0.984774 -0.201418 0.078737 0.976336 -0.240807 0.096343 0.965779 -0.288087 0.123551 0.949601 -0.355975 0.169099 0.919069 -0.458939 0.243227 0.854526 -0.604155 0.354318 0.713761 -0.754315 0.484572 0.442943 -0.815952 0.570536 0.093335 -0.784333 0.594618 -0.176779 -0.727612 0.594057 -0.343039 -0.662182 0.574855 -0.480684 -0.571926 0.519594 -0.634762 -0.456324 0.427742 -0.780259 -0.342086 0.327141 -0.880884 -0.250917 0.241989 -0.937274 -0.186147 0.177984 -0.966267 -0.142392 0.131618 -0.981020 -0.112044 0.097383 -0.988920 -0.087272 0.070073 -0.993717 -0.062218 0.046110 -0.996997 -0.035926 0.024836 -0.999046 -0.016054 0.009617 -0.999825 -0.020465 0.000180 0.999791 -0.047290 0.010017 0.998831 -0.089309 0.019989 0.995803 -0.138795 0.028556 0.989909 -0.190095 0.033613 0.981190 -0.239189 0.034522 0.970359 -0.287025 0.033968 0.957321 -0.342041 0.037383 0.938941 -0.418330 0.050300 0.906901 -0.531299 0.077017 0.843676 -0.687572 0.120168 0.716104 -0.854657 0.175342 0.488689 -0.953492 0.226066 0.199367 -0.963444 0.264448 -0.042925 -0.929473 0.297055 -0.218718 -0.862756 0.318832 -0.392426 -0.742755 0.310523 -0.593203 -0.578844 0.266408 -0.770692 -0.421460 0.208344 -0.882589 -0.301283 0.156698 -0.940571 -0.218454 0.117169 -0.968787 -0.163526 0.088339 -0.982576 -0.126346 0.066913 -0.989727 -0.097363 0.049369 -0.994024 -0.069296 0.033175 -0.997044 -0.040235 0.018004 -0.999028 -0.018234 0.006355 -0.999814 -0.020871 -0.001181 0.999781 -0.050678 0.005262 0.998701 -0.097132 0.010919 0.995212 -0.152877 0.014182 0.988143 -0.212179 0.012495 0.977151 -0.270217 0.004095 0.962791 -0.326559 -0.010128 0.945123 -0.388804 -0.026824 0.920930 -0.471127 -0.043080 0.881013 -0.587459 -0.058495 0.807137 -0.737242 -0.073588 0.671609 -0.882271 -0.085198 0.462969 -0.967427 -0.085482 0.238280 -0.995023 -0.068903 0.071977 -0.997940 -0.034801 -0.053886 -0.974907 0.011229 -0.222331 -0.880907 0.053493 -0.470256 -0.698927 0.073144 -0.711443 -0.504136 0.070588 -0.860735 -0.354541 0.059385 -0.933153 -0.252941 0.048000 -0.966290 -0.186130 0.039025 -0.981750 -0.141203 0.032191 -0.989457 -0.107066 0.025945 -0.993913 -0.075420 0.018829 -0.996974 -0.043615 0.010757 -0.998991 -0.019639 0.003357 -0.999801 -0.021061 -0.002481 0.999775 -0.052717 0.000455 0.998609 -0.102042 0.002444 0.994777 -0.162228 0.002318 0.986751 -0.228065 -0.002360 0.973643 -0.294785 -0.014140 0.955459 -0.361151 -0.034385 0.931873 -0.433630 -0.063011 0.898885 -0.525493 -0.100363 0.844858 -0.647200 -0.148550 0.747707 -0.785608 -0.206677 0.583184 -0.891177 -0.261471 0.370724 -0.934244 -0.295626 0.199484 -0.944791 -0.304314 0.121504 -0.953980 -0.288616 0.081377 -0.966916 -0.253363 -0.029689 -0.937979 -0.201066 -0.282431 -0.790965 -0.135732 -0.596616 -0.579535 -0.080381 -0.810974 -0.404959 -0.046399 -0.913157 -0.286074 -0.026948 -0.957829 -0.208202 -0.014681 -0.977976 -0.155767 -0.006032 -0.987775 -0.116272 -0.000160 -0.993217 -0.080805 0.002698 -0.996726 -0.046329 0.002616 -0.998923 -0.020605 0.000124 -0.999788 -0.021060 -0.004334 0.999769 -0.053426 -0.005257 0.998558 -0.103966 -0.007282 0.994554 -0.166435 -0.010436 0.985997 -0.236522 -0.016227 0.971491 -0.310410 -0.026879 0.950223 -0.387453 -0.045018 0.920790 -0.474245 -0.073763 0.877297 -0.583742 -0.117541 0.803386 -0.721552 -0.181353 0.668187 -0.854646 -0.261203 0.448725 -0.918876 -0.334696 0.208917 -0.918741 -0.387052 0.078138 -0.904411 -0.417497 0.087956 -0.895498 -0.420799 0.144954 -0.906987 -0.405635 0.113291 -0.920770 -0.377888 -0.096870 -0.836083 -0.313991 -0.449860 -0.636269 -0.222574 -0.738663 -0.446200 -0.148449 -0.882535 -0.313721 -0.099936 -0.944241 -0.226918 -0.067745 -0.971555 -0.168230 -0.044652 -0.984736 -0.124002 -0.027294 -0.991907 -0.085041 -0.014591 -0.996271 -0.048264 -0.006387 -0.998814 -0.021148 -0.003599 -0.999770 -0.020710 -0.006736 0.999763 -0.052656 -0.011995 0.998541 -0.102594 -0.019023 0.994541 -0.164719 -0.026277 0.985990 -0.235650 -0.033843 0.971249 -0.312875 -0.042677 0.948835 -0.397381 -0.055057 0.916001 -0.497595 -0.075231 0.864141 -0.628238 -0.109620 0.770260 -0.791007 -0.164422 0.589299 -0.926586 -0.233114 0.295122 -0.955957 -0.293454 0.005488 -0.930921 -0.346938 -0.114106 -0.915213 -0.400898 -0.040812 -0.894268 -0.432920 0.113424 -0.881813 -0.441656 0.165363 -0.895458 -0.444952 0.013117 -0.847841 -0.412828 -0.332775 -0.669553 -0.321263 -0.669693 -0.473775 -0.226145 -0.851114 -0.332816 -0.158258 -0.929617 -0.240062 -0.111992 -0.964276 -0.176988 -0.078386 -0.981087 -0.129215 -0.052198 -0.990242 -0.087577 -0.031265 -0.995667 -0.049184 -0.015484 -0.998670 -0.021147 -0.007505 -0.999748 -0.019987 -0.009157 0.999758 -0.050428 -0.019113 0.998545 -0.097913 -0.032138 0.994676 -0.156851 -0.045123 0.986591 -0.224533 -0.056718 0.972814 -0.299507 -0.066511 0.951773 -0.384328 -0.075919 0.920070 -0.489454 -0.088934 0.867482 -0.632330 -0.111298 0.766663 -0.815250 -0.146398 0.560300 -0.960149 -0.183399 0.210898 -0.970008 -0.204955 -0.130681 -0.932311 -0.227992 -0.280740 -0.935527 -0.275258 -0.221408 -0.941991 -0.334461 -0.028070 -0.920252 -0.379710 0.094634 -0.909609 -0.415464 -0.001265 -0.854303 -0.417192 -0.310027 -0.681579 -0.349628 -0.642814 -0.485797 -0.259659 -0.834613 -0.342142 -0.189089 -0.920426 -0.246857 -0.138971 -0.959035 -0.181458 -0.101543 -0.978142 -0.131522 -0.071100 -0.988760 -0.088232 -0.044993 -0.995083 -0.049055 -0.023428 -0.998521 -0.020664 -0.010820 -0.999728 -0.019136 -0.010972 0.999757 -0.047110 -0.025627 0.998561 -0.090572 -0.045101 0.994868 -0.143806 -0.065051 0.987465 -0.204448 -0.082929 0.975358 -0.271635 -0.097348 0.957464 -0.348790 -0.109447 0.930788 -0.447257 -0.123590 0.885826 -0.586289 -0.145476 0.796933 -0.775748 -0.176171 0.605953 -0.946679 -0.198173 0.254021 -0.973770 -0.188434 -0.127536 -0.928660 -0.171309 -0.329005 -0.925174 -0.179115 -0.334621 -0.953908 -0.220263 -0.203823 -0.956400 -0.279301 -0.085376 -0.930804 -0.335142 -0.145890 -0.845618 -0.356358 -0.397416 -0.667661 -0.315614 -0.674252 -0.479916 -0.247764 -0.841602 -0.341135 -0.189182 -0.920781 -0.247420 -0.145288 -0.957953 -0.181916 -0.111095 -0.977018 -0.131220 -0.081529 -0.987995 -0.087304 -0.053975 -0.994718 -0.048156 -0.029099 -0.998416 -0.020083 -0.012761 -0.999717 -0.018492 -0.011935 0.999758 -0.043276 -0.030805 0.998588 -0.081717 -0.056453 0.995055 -0.127610 -0.083738 0.988283 -0.178635 -0.109140 0.977844 -0.234164 -0.130623 0.963382 -0.297815 -0.149622 0.942825 -0.380451 -0.171846 0.908694 -0.500712 -0.204913 0.841010 -0.676279 -0.251983 0.692208 -0.872744 -0.293597 0.390023 -0.958404 -0.285324 -0.007128 -0.931223 -0.242354 -0.272191 -0.911690 -0.215155 -0.350042 -0.924949 -0.221322 -0.309009 -0.930696 -0.254745 -0.262508 -0.895958 -0.293275 -0.333539 -0.790399 -0.303579 -0.532080 -0.619869 -0.269768 -0.736877 -0.453199 -0.217663 -0.864426 -0.328280 -0.171772 -0.928831 -0.241160 -0.136897 -0.960781 -0.178327 -0.109270 -0.977885 -0.128557 -0.083923 -0.988145 -0.085148 -0.057932 -0.994683 -0.046850 -0.032112 -0.998386 -0.019937 -0.013073 -0.999716 -0.018103 -0.012358 0.999760 -0.039295 -0.034543 0.998630 -0.072365 -0.065547 0.995222 -0.110379 -0.099760 0.988870 -0.150845 -0.132851 0.979590 -0.193125 -0.162196 0.967675 -0.240608 -0.189570 0.951930 -0.302803 -0.222194 0.926790 -0.395446 -0.270268 0.877826 -0.537231 -0.341640 0.771145 -0.724528 -0.424849 0.542737 -0.868686 -0.461929 0.178903 -0.894177 -0.424900 -0.141096 -0.878657 -0.375520 -0.294869 -0.873873 -0.351112 -0.336255 -0.862192 -0.348228 -0.367916 -0.810326 -0.345147 -0.473545 -0.696565 -0.316525 -0.643901 -0.545117 -0.261715 -0.796463 -0.406498 -0.204070 -0.890570 -0.301586 -0.158633 -0.940150 -0.225927 -0.126612 -0.965881 -0.169225 -0.103067 -0.980174 -0.122773 -0.081740 -0.989063 -0.081504 -0.058360 -0.994963 -0.045154 -0.033057 -0.998433 -0.020465 -0.012283 -0.999715 -0.017448 -0.012875 0.999765 -0.034957 -0.037294 0.998693 -0.062695 -0.072653 0.995385 -0.093165 -0.112995 0.989218 -0.123578 -0.153311 0.980420 -0.153071 -0.190328 0.969714 -0.184462 -0.225819 0.956546 -0.225550 -0.268034 0.936635 -0.288338 -0.329160 0.899174 -0.387324 -0.420780 0.820320 -0.529656 -0.541302 0.653037 -0.677538 -0.642324 0.358278 -0.754565 -0.655518 0.030445 -0.769222 -0.611318 -0.185979 -0.766968 -0.566555 -0.301288 -0.747431 -0.527760 -0.403505 -0.687211 -0.474582 -0.550011 -0.578238 -0.393208 -0.714862 -0.451395 -0.300346 -0.840259 -0.341893 -0.220803 -0.913431 -0.259461 -0.163342 -0.951840 -0.198836 -0.125370 -0.971981 -0.151866 -0.100122 -0.983317 -0.111842 -0.079650 -0.990529 -0.075131 -0.057774 -0.995499 -0.042412 -0.033178 -0.998549 -0.021221 -0.011460 -0.999709 -0.015521 -0.013943 0.999782 -0.029407 -0.039635 0.998781 -0.051777 -0.078427 0.995574 -0.075296 -0.124033 0.989417 -0.096955 -0.170934 0.980501 -0.115487 -0.215202 0.969717 -0.132749 -0.258199 0.956928 -0.154581 -0.308505 0.938579 -0.189419 -0.379394 0.905638 -0.246424 -0.484112 0.839590 -0.331394 -0.625639 0.706225 -0.431353 -0.768803 0.472099 -0.507692 -0.841874 0.183023 -0.546293 -0.836048 -0.050872 -0.563506 -0.797566 -0.215290 -0.558879 -0.738766 -0.376667 -0.514979 -0.641263 -0.568840 -0.430992 -0.505537 -0.747448 -0.337257 -0.369172 -0.866008 -0.259021 -0.261214 -0.929879 -0.200787 -0.185652 -0.961883 -0.157733 -0.136197 -0.978044 -0.123610 -0.104347 -0.986829 -0.093298 -0.080963 -0.992341 -0.064162 -0.058351 -0.996232 -0.037398 -0.033681 -0.998733 -0.021031 -0.011611 -0.999711 -0.011307 -0.015432 0.999817 -0.021541 -0.041770 0.998895 -0.038006 -0.083174 0.995810 -0.054734 -0.133148 0.989584 -0.068823 -0.185931 0.980149 -0.078616 -0.237131 0.968291 -0.084690 -0.287484 0.954034 -0.090557 -0.345281 0.934120 -0.101256 -0.424094 0.899940 -0.121280 -0.537219 0.834678 -0.152541 -0.686686 0.710770 -0.190304 -0.840374 0.507499 -0.223741 -0.938021 0.264681 -0.250236 -0.966339 0.059766 -0.274464 -0.955710 -0.106240 -0.291700 -0.909302 -0.296783 -0.285044 -0.797132 -0.532288 -0.247779 -0.622521 -0.742343 -0.199191 -0.447107 -0.872020 -0.157187 -0.311388 -0.937192 -0.125692 -0.217325 -0.967973 -0.102338 -0.155221 -0.982565 -0.083441 -0.114805 -0.989878 -0.065632 -0.086172 -0.994116 -0.047069 -0.060863 -0.997036 -0.028874 -0.035073 -0.998968 -0.018445 -0.013044 -0.999745 -0.004431 -0.016616 0.999852 -0.010681 -0.043333 0.999004 -0.020089 -0.086431 0.996055 -0.029358 -0.139604 0.989772 -0.036180 -0.197221 0.979691 -0.038781 -0.254848 0.966203 -0.036478 -0.312782 0.949124 -0.030161 -0.378774 0.924998 -0.021297 -0.466153 0.884448 -0.010313 -0.587134 0.809424 0.003611 -0.738502 0.674241 0.019850 -0.881136 0.472447 0.033061 -0.964720 0.261196 0.036494 -0.993768 0.105321 0.027086 -0.999453 -0.018964 0.006688 -0.981255 -0.192596 -0.017269 -0.893601 -0.448531 -0.033784 -0.714133 -0.699194 -0.039320 -0.514956 -0.856314 -0.038911 -0.357698 -0.933026 -0.036959 -0.248509 -0.967924 -0.035033 -0.175756 -0.983810 -0.032894 -0.127543 -0.991287 -0.029424 -0.093358 -0.995198 -0.023704 -0.064535 -0.997634 -0.016345 -0.036970 -0.999183 -0.012504 -0.015143 -0.999807 0.004403 -0.016616 0.999852 0.002846 -0.043646 0.999043 0.001976 -0.087226 0.996187 0.001512 -0.141868 0.989884 0.002726 -0.202482 0.979282 0.007119 -0.265119 0.964189 0.016252 -0.330213 0.943767 0.031716 -0.405336 0.913617 0.055734 -0.503612 0.862130 0.091644 -0.635424 0.766706 0.140874 -0.788031 0.599301 0.194692 -0.907444 0.372344 0.237843 -0.955116 0.176590 0.264571 -0.961552 0.073624 0.274298 -0.961543 0.013966 0.266949 -0.957916 -0.105526 0.238581 -0.908191 -0.343901 0.186376 -0.757978 -0.625086 0.130012 -0.558003 -0.819591 0.087474 -0.389838 -0.916719 0.058709 -0.271343 -0.960691 0.038623 -0.191765 -0.980681 0.023639 -0.138225 -0.990119 0.012232 -0.099761 -0.994936 0.004140 -0.067815 -0.997689 -0.000596 -0.038459 -0.999260 -0.003406 -0.016710 -0.999855 0.013492 -0.015050 0.999796 0.017560 -0.042274 0.998952 0.026477 -0.084853 0.996042 0.036245 -0.138657 0.989677 0.046827 -0.199468 0.978785 0.059150 -0.264222 0.962646 0.075190 -0.334123 0.939526 0.098510 -0.417336 0.903397 0.134601 -0.527536 0.838802 0.189640 -0.673372 0.714567 0.261967 -0.828290 0.495286 0.330566 -0.917742 0.220171 0.380288 -0.924515 0.025558 0.418116 -0.907893 -0.030160 0.442823 -0.896421 -0.018340 0.450152 -0.890530 -0.065719 0.434094 -0.863672 -0.256189 0.374747 -0.752526 -0.541544 0.285570 -0.570743 -0.769872 0.206771 -0.403314 -0.891394 0.150151 -0.282160 -0.947544 0.109893 -0.200123 -0.973588 0.079237 -0.144279 -0.986360 0.054097 -0.103483 -0.993159 0.032922 -0.069487 -0.997039 0.016310 -0.038795 -0.999114 0.007310 -0.016710 -0.999834 0.020753 -0.012484 0.999707 0.031254 -0.039538 0.998729 0.050398 -0.079666 0.995547 0.071178 -0.130166 0.988934 0.092155 -0.187805 0.977873 0.113490 -0.250526 0.961435 0.137275 -0.320587 0.937219 0.168586 -0.407267 0.897615 0.215466 -0.525657 0.822958 0.285188 -0.684190 0.671231 0.367474 -0.842116 0.394719 0.425048 -0.903006 0.062569 0.456635 -0.877741 -0.145105 0.492833 -0.851869 -0.177299 0.530061 -0.840892 -0.109257 0.550601 -0.830443 -0.084876 0.548623 -0.807681 -0.216020 0.499075 -0.721403 -0.480105 0.399611 -0.561387 -0.724676 0.299114 -0.401756 -0.865519 0.222994 -0.282962 -0.932848 0.167968 -0.201867 -0.964902 0.125612 -0.146091 -0.981264 0.089928 -0.104577 -0.990443 0.058269 -0.069531 -0.995877 0.031621 -0.037986 -0.998778 0.017241 -0.014999 -0.999739 0.024620 -0.010341 0.999643 0.041815 -0.036588 0.998455 0.070472 -0.073353 0.994813 0.101891 -0.118674 0.987692 0.133280 -0.170129 0.976367 0.163845 -0.226502 0.960131 0.195591 -0.290955 0.936531 0.234864 -0.373685 0.897328 0.291869 -0.491209 0.820687 0.374229 -0.654399 0.657049 0.460732 -0.818005 0.344375 0.494746 -0.868397 -0.033364 0.491738 -0.829595 -0.264511 0.508169 -0.805182 -0.305689 0.546508 -0.807147 -0.223253 0.577014 -0.802066 -0.154095 0.585222 -0.776031 -0.235141 0.547203 -0.695353 -0.465890 0.452386 -0.547484 -0.703995 0.347206 -0.395558 -0.850283 0.264079 -0.280690 -0.922754 0.202995 -0.201729 -0.958174 0.155394 -0.146784 -0.976886 0.114294 -0.105031 -0.987879 0.076366 -0.069215 -0.994675 0.042855 -0.036929 -0.998399 0.024072 -0.012584 -0.999631 0.024766 -0.010226 0.999641 0.048058 -0.034924 0.998234 0.084418 -0.068359 0.994083 0.124872 -0.107971 0.986281 0.165465 -0.151685 0.974481 0.204245 -0.198744 0.958533 0.242857 -0.252776 0.936549 0.288678 -0.324207 0.900863 0.353919 -0.429849 0.830645 0.447760 -0.584223 0.676901 0.544375 -0.753845 0.367931 0.567747 -0.822634 -0.030624 0.532952 -0.794705 -0.290527 0.517295 -0.777084 -0.358534 0.535059 -0.789957 -0.299467 0.559384 -0.795330 -0.233538 0.567315 -0.768457 -0.296021 0.532772 -0.683940 -0.498378 0.446045 -0.539465 -0.714158 0.348006 -0.393196 -0.851052 0.269278 -0.282038 -0.920839 0.211094 -0.204797 -0.955771 0.165348 -0.150031 -0.974757 0.124676 -0.107390 -0.986369 0.085353 -0.070283 -0.993869 0.048737 -0.036922 -0.998129 0.026568 -0.011200 -0.999584 0.022245 -0.012967 0.999668 0.050162 -0.035507 0.998110 0.091771 -0.066588 0.993551 0.138817 -0.101596 0.985093 0.186501 -0.138200 0.972686 0.231635 -0.175543 0.956833 0.275195 -0.217110 0.936553 0.325165 -0.272824 0.905447 0.395335 -0.358362 0.845747 0.497430 -0.489809 0.715996 0.611121 -0.652968 0.447397 0.652566 -0.754982 0.064496 0.609519 -0.761428 -0.220713 0.567552 -0.758100 -0.321200 0.555789 -0.775096 -0.300541 0.556798 -0.784085 -0.274201 0.547605 -0.757080 -0.356313 0.500872 -0.669131 -0.548991 0.413238 -0.528838 -0.741327 0.321681 -0.391015 -0.862339 0.250259 -0.285797 -0.925035 0.198783 -0.211112 -0.957036 0.158988 -0.156423 -0.974810 0.122887 -0.112423 -0.986032 0.086086 -0.073519 -0.993571 0.049656 -0.038771 -0.998014 0.025100 -0.012360 -0.999609 0.018949 -0.017898 0.999660 0.049458 -0.037946 0.998055 0.093890 -0.067973 0.993259 0.144960 -0.100520 0.984318 0.197401 -0.132568 0.971318 0.246978 -0.162602 0.955281 0.293849 -0.193164 0.936131 0.346110 -0.232939 0.908817 0.418381 -0.295611 0.858820 0.524232 -0.395887 0.753959 0.652513 -0.532557 0.539082 0.730550 -0.650093 0.208986 0.712980 -0.696812 -0.078187 0.666808 -0.715490 -0.208425 0.635401 -0.736738 -0.231264 0.612724 -0.746028 -0.260790 0.577284 -0.718593 -0.387773 0.502755 -0.630240 -0.591637 0.397737 -0.499081 -0.769885 0.300737 -0.375611 -0.876626 0.229507 -0.281638 -0.931669 0.180921 -0.213367 -0.960074 0.145655 -0.161255 -0.976105 0.114504 -0.117403 -0.986461 0.081722 -0.077556 -0.993633 0.047391 -0.041976 -0.997994 0.021424 -0.016357 -0.999637 0.016619 -0.022865 0.999600 0.047641 -0.040302 0.998051 0.093046 -0.069857 0.993208 0.146146 -0.101625 0.984029 0.201510 -0.131985 0.970553 0.254305 -0.158596 0.954032 0.304032 -0.182346 0.935048 0.358505 -0.209761 0.909656 0.432432 -0.251998 0.865736 0.539898 -0.320956 0.778137 0.675699 -0.419388 0.606254 0.784469 -0.519177 0.339210 0.809548 -0.581241 0.082408 0.785146 -0.616495 -0.058989 0.755350 -0.644311 -0.119628 0.723450 -0.658733 -0.206616 0.665416 -0.636636 -0.389764 0.554655 -0.554531 -0.620365 0.418548 -0.438740 -0.795188 0.303787 -0.335300 -0.891789 0.223404 -0.258132 -0.939925 0.170715 -0.201507 -0.964495 0.135007 -0.156613 -0.978389 0.105908 -0.116763 -0.987497 0.076107 -0.078907 -0.993973 0.044178 -0.044550 -0.998030 0.017782 -0.021804 -0.999604 0.015962 -0.025059 0.999559 0.045850 -0.039747 0.998157 0.091052 -0.067848 0.993532 0.144964 -0.098534 0.984518 0.202212 -0.128135 0.970923 0.257908 -0.153962 0.953823 0.311327 -0.175269 0.934000 0.369859 -0.195753 0.908232 0.447779 -0.223342 0.865802 0.558785 -0.266577 0.785300 0.699258 -0.327368 0.635507 0.823705 -0.390024 0.411572 0.879934 -0.433404 0.194623 0.884398 -0.462033 0.066075 0.873293 -0.487093 -0.010003 0.851672 -0.505833 -0.137066 0.784802 -0.495528 -0.372207 0.638846 -0.431600 -0.636865 0.465945 -0.341696 -0.816174 0.327552 -0.265028 -0.906901 0.233080 -0.209606 -0.949599 0.171771 -0.169172 -0.970503 0.131375 -0.136152 -0.981938 0.100843 -0.105009 -0.989345 0.071850 -0.073470 -0.994706 0.041613 -0.043732 -0.998176 0.015788 -0.026054 -0.999536 0.016364 -0.022304 0.999617 0.044157 -0.033834 0.998451 0.088296 -0.057853 0.994413 0.142128 -0.084763 0.986212 0.200542 -0.111491 0.973320 0.259105 -0.135735 0.956264 0.317416 -0.155926 0.935379 0.382658 -0.173232 0.907504 0.468593 -0.191996 0.862298 0.588263 -0.216950 0.779025 0.736475 -0.247303 0.629640 0.867376 -0.271530 0.417049 0.933644 -0.280367 0.222944 0.952313 -0.282194 0.116048 0.956659 -0.286960 0.049578 0.951409 -0.295632 -0.086160 0.889811 -0.293214 -0.349659 0.721216 -0.258805 -0.642548 0.517255 -0.208275 -0.830102 0.357386 -0.166377 -0.919018 0.249523 -0.137140 -0.958609 0.179286 -0.116116 -0.976921 0.132938 -0.098223 -0.986245 0.099159 -0.079587 -0.991884 0.069357 -0.058571 -0.995871 0.040025 -0.037260 -0.998504 0.015695 -0.026363 -0.999529 0.000000 0.000000 0.000000 0.036009 -0.024111 0.999061 0.076610 -0.044432 0.996071 0.128599 -0.068717 0.989313 0.186767 -0.093610 0.977934 0.246780 -0.117388 0.961935 0.307598 -0.138344 0.941406 0.375122 -0.156202 0.913720 0.462281 -0.173134 0.869667 0.583049 -0.192077 0.789405 0.735757 -0.211719 0.643302 0.876663 -0.221797 0.426928 0.951491 -0.214634 0.220450 0.973813 -0.199594 0.108860 0.980473 -0.187728 0.058578 0.982121 -0.182958 -0.044337 0.942040 -0.179511 -0.283436 0.790205 -0.162297 -0.590962 0.575193 -0.133973 -0.806972 0.396550 -0.109802 -0.911423 0.274221 -0.093634 -0.957098 0.194023 -0.082771 -0.977499 0.141074 -0.073589 -0.987260 0.103530 -0.062929 -0.992634 0.072166 -0.048948 -0.996191 0.041712 -0.031947 -0.998619 0.016452 -0.021189 -0.999640 0.020201 0.023219 0.999526 0.059907 0.047427 0.997077 0.114107 0.078476 0.990364 0.176654 0.107977 0.978332 0.253288 0.140235 0.957173 0.355211 0.183254 0.916648 0.490443 0.243321 0.836816 0.645438 0.316589 0.695112 0.770444 0.383377 0.509351 0.826930 0.429678 0.362719 0.835174 0.466257 0.291700 0.834241 0.508045 0.214319 0.833150 0.552703 0.019484 0.771831 0.554829 -0.310550 0.616109 0.480178 -0.624371 0.448913 0.380912 -0.808321 0.324948 0.299430 -0.897079 0.240771 0.236577 -0.941308 0.179172 0.182281 -0.966784 0.126866 0.130243 -0.983332 0.079276 0.080868 -0.993567 0.038984 0.040228 -0.998430 0.000000 0.000000 -0.000000 0.008169 0.041455 0.999107 0.041974 0.067926 0.996807 0.084469 0.109171 0.990428 0.134590 0.150594 0.979391 0.196863 0.193847 0.961077 0.281775 0.247738 0.926946 0.399061 0.320816 0.858969 0.543836 0.410942 0.731689 0.677551 0.494206 0.544688 0.753439 0.544905 0.367978 0.776371 0.572475 0.263668 0.779668 0.599912 0.179508 0.775855 0.630875 0.006743 0.723339 0.625740 -0.291943 0.588108 0.546295 -0.596398 0.433487 0.438172 -0.787461 0.314332 0.348937 -0.882858 0.232752 0.281818 -0.930809 0.174059 0.224495 -0.958804 0.125152 0.167561 -0.977886 0.080619 0.110064 -0.990650 0.041954 0.058406 -0.997411 0.015309 0.026997 -0.999518 0.000161 0.049743 0.998762 0.027111 0.092045 0.995386 0.054988 0.154430 0.986472 0.085168 0.218033 0.972218 0.123081 0.282915 0.951215 0.178634 0.359612 0.915844 0.260310 0.459293 0.849288 0.366140 0.579273 0.728275 0.472048 0.688273 0.550864 0.545290 0.749472 0.375435 0.583907 0.769881 0.257556 0.606653 0.780028 0.153393 0.615994 0.787023 -0.033860 0.576360 0.747946 -0.329222 0.469108 0.634353 -0.614438 0.347891 0.504458 -0.790249 0.254061 0.404980 -0.878319 0.189283 0.334432 -0.923216 0.141988 0.275032 -0.950893 0.101535 0.212871 -0.971790 0.063925 0.145582 -0.987279 0.030933 0.081212 -0.996217 0.005712 0.041540 -0.999121 0.000441 0.049545 0.998772 0.020075 0.104981 0.994272 0.037299 0.183081 0.982390 0.051098 0.263754 0.963236 0.065726 0.345122 0.936254 0.089660 0.437391 0.894791 0.129855 0.551710 0.823865 0.185802 0.683191 0.706207 0.246227 0.798905 0.548746 0.298047 0.864837 0.404011 0.342018 0.888127 0.307007 0.386020 0.899391 0.205146 0.424929 0.905210 0.005473 0.423392 0.850962 -0.310809 0.359200 0.705281 -0.611191 0.275045 0.546559 -0.790964 0.207109 0.430959 -0.878283 0.158698 0.354666 -0.921427 0.121486 0.294860 -0.947786 0.087639 0.232525 -0.968634 0.054877 0.162409 -0.985196 0.025598 0.092227 -0.995409 0.001411 0.045993 -0.998941 0.007895 0.046201 0.998901 0.020889 0.109564 0.993760 0.033836 0.197320 0.979755 0.040412 0.289615 0.956290 0.041470 0.383170 0.922746 0.042235 0.486465 0.872678 0.047933 0.608054 0.792447 0.059709 0.738261 0.671867 0.075346 0.843202 0.532291 0.095377 0.898373 0.428754 0.125670 0.918321 0.375359 0.170322 0.938139 0.301472 0.223865 0.968434 0.109635 0.258959 0.937950 -0.230631 0.244403 0.781469 -0.574084 0.202115 0.592998 -0.779425 0.163106 0.454275 -0.875803 0.133143 0.365193 -0.921362 0.107182 0.300349 -0.947788 0.080276 0.237019 -0.968183 0.052016 0.166626 -0.984647 0.025848 0.094886 -0.995152 0.004567 0.043765 -0.999031 0.016248 0.044300 0.998886 0.023855 0.109715 0.993677 0.036973 0.201803 0.978728 0.045393 0.300918 0.952569 0.046607 0.403693 0.913707 0.041197 0.517350 0.854782 0.030746 0.647047 0.761830 0.016185 0.776295 0.630161 0.000001 0.867400 0.497612 -0.010354 0.903167 0.429164 -0.005577 0.906408 0.422367 0.017237 0.922201 0.386327 0.053965 0.973676 0.221457 0.093729 0.988253 -0.120711 0.114211 0.852759 -0.509665 0.112446 0.646928 -0.754214 0.104143 0.485723 -0.867887 0.095241 0.380165 -0.920002 0.083894 0.305286 -0.948558 0.067710 0.237321 -0.969069 0.047395 0.165749 -0.985028 0.026922 0.094040 -0.995204 0.012073 0.040395 -0.999111 0.018256 0.044259 0.998853 0.021093 0.106918 0.994044 0.033308 0.198673 0.979500 0.045043 0.299979 0.952882 0.052680 0.408456 0.911257 0.053918 0.531477 0.845355 0.047066 0.672236 0.738839 0.030748 0.808238 0.588053 0.005990 0.896004 0.444006 -0.021683 0.921139 0.388629 -0.044028 0.908505 0.415548 -0.055445 0.908728 0.413690 -0.056467 0.958572 0.279199 -0.045446 0.998059 -0.042574 -0.021239 0.893142 -0.449273 0.004287 0.688165 -0.725542 0.022993 0.514291 -0.857307 0.034975 0.395853 -0.917648 0.040512 0.310853 -0.949594 0.039383 0.236750 -0.970772 0.032384 0.163087 -0.986080 0.022510 0.092152 -0.995490 0.017529 0.039152 -0.999079 0.010621 0.042806 0.999027 0.007915 0.099637 0.994992 0.013344 0.186080 0.982444 0.021336 0.283912 0.958613 0.028585 0.392407 0.919347 0.031899 0.520107 0.853505 0.029269 0.670494 0.741337 0.020335 0.818775 0.573754 0.005501 0.915726 0.401765 -0.016587 0.946828 0.321312 -0.048433 0.937450 0.344734 -0.086688 0.928995 0.359797 -0.124662 0.960786 0.247689 -0.150129 0.987534 -0.047301 -0.141585 0.889259 -0.434939 -0.106090 0.693652 -0.712455 -0.069918 0.520559 -0.850958 -0.041769 0.398331 -0.916290 -0.020820 0.308485 -0.951001 -0.005591 0.230988 -0.972941 0.004238 0.156828 -0.987617 0.009250 0.088317 -0.996049 0.015743 0.039188 -0.999108 -0.004185 0.036557 0.999323 -0.014404 0.085902 0.996199 -0.022471 0.161429 0.986628 -0.027512 0.248574 0.968222 -0.032440 0.348741 0.936657 -0.041612 0.472167 0.880526 -0.056839 0.625186 0.778403 -0.074149 0.787220 0.612198 -0.086449 0.904999 0.416537 -0.095866 0.953265 0.286524 -0.115681 0.958899 0.259095 -0.153880 0.956161 0.249152 -0.204487 0.969489 0.135187 -0.244892 0.959480 -0.139376 -0.241548 0.841820 -0.482694 -0.200724 0.655235 -0.728270 -0.155600 0.493626 -0.855641 -0.118419 0.377422 -0.918439 -0.087139 0.290181 -0.952996 -0.058411 0.214682 -0.974936 -0.032271 0.143810 -0.989079 -0.011128 0.080423 -0.996699 0.006114 0.037353 -0.999283 -0.020175 0.025363 0.999475 -0.040159 0.066303 0.996991 -0.065784 0.125839 0.989867 -0.089605 0.194845 0.976732 -0.114217 0.276834 0.954106 -0.146259 0.383162 0.912028 -0.189539 0.523416 0.830729 -0.237540 0.687185 0.686551 -0.271875 0.828027 0.490362 -0.283780 0.904288 0.318955 -0.290516 0.930021 0.225079 -0.311335 0.937683 0.154343 -0.345621 0.938366 0.003949 -0.364659 0.891752 -0.267959 -0.336047 0.753666 -0.564855 -0.277590 0.579661 -0.766118 -0.223003 0.436591 -0.871584 -0.180644 0.333565 -0.925258 -0.144271 0.255246 -0.956052 -0.107147 0.187038 -0.976492 -0.068569 0.123534 -0.989969 -0.033373 0.067967 -0.997129 -0.007553 0.031581 -0.999473 -0.032030 0.012666 0.999407 -0.063154 0.044621 0.997006 -0.106671 0.085531 0.990609 -0.150034 0.131350 0.979917 -0.195151 0.186976 0.962786 -0.251149 0.263511 0.931389 -0.325580 0.371171 0.869615 -0.413913 0.508286 0.755196 -0.491253 0.646632 0.583556 -0.531305 0.745379 0.402648 -0.542321 0.798173 0.262313 -0.549708 0.825294 0.129271 -0.555631 0.827932 -0.076182 -0.526233 0.766660 -0.367847 -0.443970 0.628622 -0.638534 -0.349500 0.477335 -0.806226 -0.276413 0.358650 -0.891609 -0.225995 0.273741 -0.934876 -0.185835 0.208824 -0.960134 -0.144139 0.151853 -0.977837 -0.097725 0.098797 -0.990297 -0.052291 0.052873 -0.997231 -0.020145 0.022763 -0.999538 -0.038006 0.002845 0.999273 -0.079942 0.025642 0.996470 -0.138905 0.048954 0.989095 -0.199277 0.071285 0.977347 -0.261589 0.097402 0.960252 -0.336229 0.136843 0.931785 -0.433549 0.197885 0.879134 -0.551601 0.281540 0.785157 -0.665663 0.375481 0.644908 -0.742362 0.458708 0.488350 -0.778825 0.523415 0.345642 -0.796999 0.575726 0.182573 -0.792899 0.605272 -0.070406 -0.717455 0.569221 -0.401554 -0.570908 0.464195 -0.677191 -0.428195 0.351289 -0.832613 -0.327059 0.264582 -0.907209 -0.262091 0.202982 -0.943455 -0.215070 0.155630 -0.964118 -0.169172 0.113256 -0.979058 -0.117712 0.073015 -0.990360 -0.065505 0.037881 -0.997133 -0.028546 0.013766 -0.999498 -0.039787 -0.002067 0.999206 -0.090460 0.011960 0.995828 -0.161278 0.021831 0.986667 -0.235287 0.025699 0.971586 -0.311239 0.026112 0.949973 -0.398881 0.029564 0.916526 -0.508486 0.041528 0.860068 -0.636594 0.062964 0.768624 -0.757253 0.090850 0.646773 -0.841419 0.123074 0.526182 -0.892208 0.163156 0.421124 -0.935451 0.215036 0.280520 -0.962857 0.269149 0.021549 -0.890707 0.288198 -0.351543 -0.701608 0.251644 -0.666650 -0.512527 0.197233 -0.835712 -0.380376 0.152827 -0.912118 -0.296745 0.121019 -0.947257 -0.238989 0.096048 -0.966260 -0.186812 0.072018 -0.979752 -0.130669 0.047214 -0.990301 -0.073683 0.024248 -0.996987 -0.032747 0.006864 -0.999440 -0.040023 -0.003573 0.999192 -0.096238 0.002378 0.995355 -0.175236 0.003670 0.984520 -0.259948 -0.002752 0.965619 -0.347980 -0.017788 0.937333 -0.447406 -0.039888 0.893441 -0.565596 -0.067395 0.821924 -0.692314 -0.099082 0.714761 -0.794944 -0.129922 0.592608 -0.851400 -0.148879 0.502944 -0.880583 -0.145788 0.450910 -0.922472 -0.120863 0.366658 -0.984707 -0.081633 0.153908 -0.973820 -0.035836 -0.224479 -0.801230 0.000051 -0.598356 -0.587979 0.016896 -0.808700 -0.431488 0.023454 -0.901814 -0.330726 0.026953 -0.943342 -0.261174 0.028473 -0.964872 -0.201007 0.026266 -0.979238 -0.139535 0.019772 -0.990020 -0.078651 0.010991 -0.996842 -0.034500 0.002034 -0.999403 -0.039975 -0.005026 0.999188 -0.098177 -0.006782 0.995146 -0.181511 -0.011470 0.983322 -0.273696 -0.021594 0.961574 -0.372825 -0.040286 0.927027 -0.486479 -0.070914 0.870810 -0.618948 -0.116783 0.776701 -0.749809 -0.177791 0.637320 -0.834081 -0.243703 0.494892 -0.854501 -0.296574 0.426465 -0.843011 -0.321841 0.430989 -0.852725 -0.323509 0.410125 -0.911517 -0.317934 0.260873 -0.951684 -0.297086 -0.077702 -0.839462 -0.236933 -0.489047 -0.635928 -0.164857 -0.753935 -0.469703 -0.110720 -0.875854 -0.358379 -0.072756 -0.930737 -0.279588 -0.044691 -0.959079 -0.211929 -0.024200 -0.976985 -0.145298 -0.010819 -0.989329 -0.081407 -0.003633 -0.996674 -0.035200 -0.002443 -0.999377 -0.039153 -0.008748 0.999195 -0.095875 -0.018543 0.995221 -0.178904 -0.030070 0.983407 -0.273387 -0.042890 0.960947 -0.379271 -0.059982 0.923339 -0.505717 -0.086662 0.858336 -0.657006 -0.128266 0.742894 -0.805137 -0.184876 0.563538 -0.891721 -0.247030 0.379224 -0.901674 -0.305214 0.306315 -0.866383 -0.349531 0.356662 -0.837430 -0.376292 0.396377 -0.864298 -0.403100 0.300832 -0.906228 -0.422671 0.010045 -0.832421 -0.385342 -0.398230 -0.651438 -0.299418 -0.697121 -0.488032 -0.220191 -0.844595 -0.373674 -0.160308 -0.913602 -0.289940 -0.113239 -0.950322 -0.217213 -0.074349 -0.973289 -0.147042 -0.042922 -0.988199 -0.081729 -0.019863 -0.996457 -0.035021 -0.007885 -0.999355 -0.036719 -0.014508 0.999220 -0.088796 -0.033042 0.995502 -0.166115 -0.054222 0.984614 -0.255518 -0.073566 0.964001 -0.359001 -0.093016 0.928691 -0.487871 -0.118077 0.864893 -0.649349 -0.152665 0.745010 -0.816100 -0.191687 0.545194 -0.921208 -0.221980 0.319530 -0.947883 -0.245512 0.203080 -0.930599 -0.276758 0.239563 -0.897810 -0.318500 0.304132 -0.896299 -0.372159 0.241136 -0.906378 -0.422167 -0.015928 -0.821269 -0.415194 -0.391320 -0.646765 -0.347676 -0.678835 -0.488664 -0.274017 -0.828325 -0.375501 -0.213845 -0.901814 -0.290278 -0.162535 -0.943038 -0.215315 -0.115050 -0.969744 -0.143967 -0.071558 -0.986992 -0.079276 -0.035607 -0.996217 -0.033721 -0.013767 -0.999336 -0.032825 -0.020420 0.999253 -0.077663 -0.047948 0.995826 -0.144277 -0.080989 0.986217 -0.220967 -0.111317 0.968908 -0.311060 -0.140337 0.939972 -0.427016 -0.174674 0.887213 -0.579919 -0.218256 0.784893 -0.753542 -0.261372 0.603208 -0.885335 -0.280399 0.370888 -0.939377 -0.273138 0.207285 -0.947448 -0.268703 0.173613 -0.939197 -0.289455 0.184728 -0.936320 -0.336244 0.101218 -0.912770 -0.381713 -0.145420 -0.797308 -0.377690 -0.470798 -0.623145 -0.327046 -0.710444 -0.473590 -0.271920 -0.837718 -0.365195 -0.226403 -0.902981 -0.281388 -0.184311 -0.941727 -0.206849 -0.139166 -0.968425 -0.136694 -0.091637 -0.986366 -0.074583 -0.047896 -0.996064 -0.031792 -0.018329 -0.999326 -0.028393 -0.025018 0.999284 -0.064364 -0.060727 0.996077 -0.117172 -0.105807 0.987459 -0.175950 -0.149118 0.973039 -0.244227 -0.191891 0.950542 -0.333846 -0.242729 0.910840 -0.457336 -0.308238 0.834166 -0.611650 -0.379980 0.693902 -0.756941 -0.427358 0.494373 -0.846361 -0.430389 0.313748 -0.885051 -0.413767 0.213265 -0.901167 -0.410390 0.139564 -0.904834 -0.425585 -0.012347 -0.858926 -0.427198 -0.282397 -0.727193 -0.381588 -0.570597 -0.566326 -0.313022 -0.762425 -0.435440 -0.257098 -0.862724 -0.339198 -0.218764 -0.914925 -0.262161 -0.186195 -0.946891 -0.192066 -0.147891 -0.970175 -0.126059 -0.101980 -0.986767 -0.068573 -0.055301 -0.996112 -0.030340 -0.020533 -0.999329 -0.023679 -0.028353 0.999317 -0.050332 -0.070426 0.996246 -0.088657 -0.125986 0.988062 -0.128186 -0.181694 0.974964 -0.171454 -0.238324 0.955932 -0.228056 -0.305837 0.924367 -0.308557 -0.393494 0.866000 -0.415620 -0.496746 0.761908 -0.532415 -0.587377 0.609527 -0.628925 -0.633966 0.450044 -0.694829 -0.643439 0.321244 -0.741336 -0.645611 0.183322 -0.765119 -0.642425 -0.043385 -0.721874 -0.589723 -0.362110 -0.600058 -0.474496 -0.644037 -0.467219 -0.356361 -0.809143 -0.364465 -0.272878 -0.890338 -0.288966 -0.221938 -0.931258 -0.226629 -0.186756 -0.955909 -0.167639 -0.150462 -0.974299 -0.110692 -0.106323 -0.988151 -0.060977 -0.059035 -0.996392 -0.029613 -0.021287 -0.999335 -0.017349 -0.031200 0.999363 -0.035088 -0.077501 0.996375 -0.059705 -0.141280 0.988168 -0.081753 -0.207611 0.974789 -0.101865 -0.276363 0.955640 -0.126170 -0.357486 0.925356 -0.161529 -0.460812 0.872674 -0.210518 -0.582792 0.784880 -0.267875 -0.698187 0.663912 -0.324187 -0.777789 0.538467 -0.377100 -0.823656 0.423539 -0.431461 -0.860376 0.271282 -0.478323 -0.878178 0.003174 -0.472691 -0.800414 -0.368648 -0.400352 -0.620103 -0.674678 -0.317104 -0.444528 -0.837759 -0.253531 -0.322831 -0.911867 -0.207027 -0.247631 -0.946477 -0.167437 -0.198605 -0.965671 -0.127522 -0.156170 -0.979464 -0.086552 -0.109971 -0.990159 -0.049515 -0.061645 -0.996869 -0.027749 -0.022607 -0.999359 -0.007412 -0.033463 0.999412 -0.016612 -0.082258 0.996473 -0.027996 -0.151842 0.988008 -0.035086 -0.226699 0.973333 -0.036520 -0.305846 0.951380 -0.034173 -0.398263 0.916635 -0.030565 -0.512232 0.858303 -0.026957 -0.640971 0.767092 -0.024264 -0.756594 0.653435 -0.025839 -0.834138 0.550950 -0.037146 -0.883966 0.466073 -0.061469 -0.938059 0.340981 -0.096091 -0.991457 0.088201 -0.124511 -0.944585 -0.303737 -0.127263 -0.748429 -0.650891 -0.114927 -0.535606 -0.836611 -0.102414 -0.382857 -0.918113 -0.092375 -0.284924 -0.954089 -0.081916 -0.219698 -0.972123 -0.067842 -0.166948 -0.983629 -0.049809 -0.115278 -0.992084 -0.031229 -0.064562 -0.997425 -0.021476 -0.025429 -0.999446 0.006591 -0.033737 0.999409 0.006459 -0.083832 0.996459 0.009228 -0.156349 0.987659 0.016059 -0.236848 0.971414 0.029441 -0.324333 0.945485 0.051606 -0.427005 0.902776 0.084371 -0.550792 0.830367 0.127358 -0.682727 0.719489 0.174059 -0.787034 0.591846 0.212903 -0.840646 0.497983 0.235802 -0.864200 0.444472 0.244766 -0.899489 0.361952 0.244419 -0.956650 0.158369 0.222974 -0.953208 -0.204148 0.170831 -0.798012 -0.577922 0.115215 -0.588220 -0.800452 0.073973 -0.424664 -0.902324 0.044829 -0.314939 -0.948053 0.023502 -0.239044 -0.970724 0.008365 -0.177688 -0.984051 -0.000919 -0.120358 -0.992730 -0.005260 -0.066935 -0.997743 -0.008705 -0.028339 -0.999560 0.022154 -0.030756 0.999281 0.032671 -0.080986 0.996180 0.051395 -0.152671 0.986940 0.072979 -0.234211 0.969443 0.099867 -0.325832 0.940138 0.137308 -0.436125 0.889349 0.190201 -0.569809 0.799463 0.257285 -0.707718 0.657982 0.326083 -0.803651 0.497809 0.382466 -0.834484 0.396681 0.420940 -0.827735 0.371032 0.446848 -0.829615 0.334761 0.470758 -0.862594 0.185254 0.473745 -0.871729 -0.125117 0.416218 -0.764414 -0.492375 0.323726 -0.585996 -0.742839 0.242961 -0.432820 -0.868123 0.181521 -0.324929 -0.928155 0.132177 -0.247125 -0.959926 0.089739 -0.182292 -0.979141 0.053441 -0.121873 -0.991106 0.025240 -0.066887 -0.997441 0.009034 -0.028686 -0.999548 0.034783 -0.025408 0.999072 0.057689 -0.074028 0.995586 0.093376 -0.140689 0.985641 0.130753 -0.217208 0.967328 0.171491 -0.305824 0.936516 0.222765 -0.416601 0.881374 0.290799 -0.555341 0.779123 0.370415 -0.700797 0.609653 0.440644 -0.798781 0.409613 0.490104 -0.824632 0.282454 0.525596 -0.807964 0.266351 0.554313 -0.788230 0.267264 0.587146 -0.793086 0.162091 0.605772 -0.789064 -0.102075 0.559421 -0.701081 -0.442193 0.460775 -0.550646 -0.696043 0.364807 -0.415435 -0.833264 0.287399 -0.317213 -0.903757 0.221305 -0.243665 -0.944273 0.159721 -0.179734 -0.970662 0.102285 -0.119016 -0.987610 0.053845 -0.063947 -0.996500 0.026592 -0.025321 -0.999326 0.040935 -0.021092 0.998939 0.076649 -0.065771 0.994886 0.128069 -0.124311 0.983944 0.180505 -0.190378 0.964974 0.234640 -0.267932 0.934428 0.298988 -0.368541 0.880218 0.380565 -0.500636 0.777518 0.469728 -0.647567 0.600011 0.534737 -0.756074 0.377370 0.563034 -0.796621 0.219971 0.577036 -0.795673 0.184211 0.594024 -0.782230 0.187753 0.622376 -0.776464 0.098756 0.640270 -0.755047 -0.141276 0.597324 -0.662220 -0.452404 0.504517 -0.521663 -0.687990 0.413324 -0.397975 -0.819011 0.338657 -0.307653 -0.889191 0.271533 -0.238108 -0.932510 0.203672 -0.175466 -0.963187 0.135389 -0.115021 -0.984094 0.074087 -0.060278 -0.995428 0.038117 -0.020438 -0.999064 0.040617 -0.021433 0.998945 0.087173 -0.060015 0.994384 0.150770 -0.109935 0.982437 0.215266 -0.163456 0.962779 0.280368 -0.224802 0.933198 0.355426 -0.305879 0.883239 0.448616 -0.417217 0.790363 0.549146 -0.550655 0.628664 0.618814 -0.665670 0.417076 0.636499 -0.729449 0.250546 0.628256 -0.755413 0.186130 0.624027 -0.765779 0.155479 0.634770 -0.771623 0.040806 0.632627 -0.746200 -0.207287 0.573697 -0.647671 -0.501392 0.479820 -0.511407 -0.712907 0.397574 -0.394709 -0.828336 0.335204 -0.308367 -0.890252 0.278973 -0.239490 -0.929956 0.217004 -0.175818 -0.960207 0.148775 -0.114274 -0.982246 0.083097 -0.059174 -0.994783 0.040890 -0.018493 -0.998992 0.037330 -0.026829 0.998943 0.090591 -0.058243 0.994184 0.161792 -0.101504 0.981591 0.234365 -0.144697 0.961320 0.307172 -0.190259 0.932441 0.389700 -0.248472 0.886789 0.491015 -0.329880 0.806277 0.601852 -0.433000 0.671033 0.685277 -0.534246 0.494951 0.713634 -0.607849 0.348204 0.705596 -0.654835 0.270785 0.695732 -0.689839 0.200196 0.695456 -0.717589 0.037502 0.666687 -0.703237 -0.246954 0.572437 -0.611939 -0.545754 0.456402 -0.489247 -0.743192 0.367375 -0.386042 -0.846172 0.308487 -0.307855 -0.900034 0.261399 -0.242063 -0.934385 0.208953 -0.178688 -0.961462 0.146907 -0.116682 -0.982244 0.083044 -0.061619 -0.994639 0.037114 -0.022541 -0.999057 0.035133 -0.032866 0.998842 0.090262 -0.057248 0.994271 0.165089 -0.095856 0.981610 0.242552 -0.132751 0.961013 0.320950 -0.167308 0.932201 0.409319 -0.206190 0.888788 0.516567 -0.257533 0.816600 0.634413 -0.322394 0.702554 0.729682 -0.389219 0.562203 0.775370 -0.444607 0.448471 0.785333 -0.489156 0.379445 0.794441 -0.533936 0.289441 0.809856 -0.580070 0.087472 0.771555 -0.586711 -0.245913 0.636767 -0.517188 -0.571878 0.481486 -0.419841 -0.769353 0.367544 -0.339920 -0.865659 0.295691 -0.279273 -0.913550 0.245321 -0.225815 -0.942775 0.195999 -0.170982 -0.965583 0.139063 -0.114764 -0.983611 0.079053 -0.063858 -0.994823 0.032058 -0.030838 -0.999010 0.035176 -0.032595 0.998849 0.088351 -0.050370 0.994815 0.163904 -0.083311 0.982952 0.244352 -0.115081 0.962833 0.327905 -0.142537 0.933896 0.423033 -0.168096 0.890386 0.537655 -0.195841 0.820106 0.662512 -0.226063 0.714124 0.765025 -0.252933 0.592252 0.820240 -0.272258 0.503072 0.843745 -0.289334 0.452084 0.874995 -0.315680 0.367055 0.922250 -0.354903 0.153294 0.900297 -0.376275 -0.218819 0.736593 -0.342449 -0.583232 0.540234 -0.285732 -0.791520 0.396328 -0.239890 -0.886215 0.304405 -0.205706 -0.930066 0.242027 -0.174074 -0.954527 0.188143 -0.138235 -0.972365 0.131983 -0.097822 -0.986413 0.075076 -0.058863 -0.995439 0.029850 -0.036900 -0.998873 0.034818 -0.021362 0.999165 0.084019 -0.032000 0.995950 0.157487 -0.054373 0.986023 0.238761 -0.076907 0.968028 0.326711 -0.095582 0.940279 0.429753 -0.109525 0.896279 0.555029 -0.119030 0.823271 0.691219 -0.122729 0.712148 0.801810 -0.117145 0.585984 0.859778 -0.102331 0.500311 0.882874 -0.085217 0.461813 0.916816 -0.075394 0.392129 0.978724 -0.078254 0.189671 0.977500 -0.088848 -0.191310 0.807685 -0.093387 -0.582172 0.587451 -0.091573 -0.804062 0.423397 -0.090042 -0.901458 0.316437 -0.089013 -0.944428 0.243102 -0.085275 -0.966245 0.183025 -0.075771 -0.980184 0.125654 -0.059899 -0.990264 0.071263 -0.041127 -0.996609 0.030366 -0.033631 -0.998973 0.030214 -0.000464 0.999543 0.074789 -0.001833 0.997198 0.142289 -0.006948 0.989801 0.219956 -0.012963 0.975424 0.308219 -0.016256 0.951176 0.416257 -0.013514 0.909146 0.551733 -0.002383 0.834018 0.702503 0.018293 0.711446 0.825633 0.047751 0.562183 0.886863 0.083333 0.454455 0.903349 0.122059 0.411173 0.921885 0.160969 0.352443 0.965967 0.196513 0.168200 0.958670 0.209869 -0.192111 0.797891 0.178063 -0.575903 0.583500 0.126836 -0.802147 0.419788 0.083701 -0.903755 0.310643 0.051382 -0.949137 0.234353 0.026722 -0.971784 0.172444 0.008067 -0.984986 0.115882 -0.004454 -0.993253 0.065086 -0.010895 -0.997820 0.029880 -0.018456 -0.999383 0.000000 0.000000 0.000000 0.059539 0.008355 0.998191 0.119956 0.014584 0.992672 0.192326 0.019471 0.981138 0.275604 0.025361 0.960937 0.378852 0.036766 0.924727 0.512098 0.057968 0.856969 0.669450 0.090466 0.737328 0.810275 0.130377 0.571364 0.887889 0.171596 0.426858 0.908457 0.214141 0.358956 0.914139 0.260750 0.310419 0.936163 0.310751 0.164416 0.927589 0.342608 -0.148993 0.791638 0.315395 -0.523293 0.588477 0.248208 -0.769472 0.423796 0.185832 -0.886489 0.312023 0.138120 -0.939981 0.234146 0.100224 -0.967022 0.171653 0.067698 -0.982829 0.114811 0.039706 -0.992594 0.062689 0.017922 -0.997872 0.024810 0.004535 -0.999682 0.734478 0.287741 0.614611 0.712497 0.343291 0.611963 0.677507 0.425050 0.600264 0.628725 0.516818 0.581038 0.553845 0.623287 0.552058 0.415794 0.761403 0.497374 0.160780 0.911079 0.379586 -0.158647 0.964947 0.209067 -0.387996 0.918044 0.081572 -0.580557 0.812559 -0.051976 -0.774134 0.573366 -0.268268 -0.848828 0.277053 -0.450258 -0.837524 0.069727 -0.541933 -0.809408 -0.052876 -0.584861 -0.783937 -0.131451 -0.606765 -0.762863 -0.190148 -0.617967 0.000000 0.000000 0.000000 0.719663 0.275180 0.637464 0.697136 0.319517 0.641802 0.658303 0.386471 0.645970 0.605857 0.467707 0.643574 0.528588 0.565832 0.632795 0.389503 0.696755 0.602346 0.124599 0.850857 0.510409 -0.237134 0.914716 0.327204 -0.495684 0.852402 0.166456 -0.662882 0.747282 0.046450 -0.823281 0.549009 -0.144216 -0.893821 0.280850 -0.349582 -0.876636 0.074330 -0.475378 -0.839154 -0.051355 -0.541464 -0.803991 -0.129429 -0.580384 -0.773452 -0.185137 -0.606215 -0.750586 -0.221059 -0.622698 0.710232 0.259864 0.654249 0.676422 0.293770 0.675391 0.622226 0.338528 0.705857 0.555039 0.393485 0.732872 0.463356 0.463791 0.755115 0.303702 0.563421 0.768324 0.000874 0.684475 0.729036 -0.410872 0.723857 0.554270 -0.681960 0.644725 0.345341 -0.819487 0.539226 0.194107 -0.926127 0.377213 0.000322 -0.960436 0.171315 -0.219577 -0.927256 0.008593 -0.374330 -0.879879 -0.093548 -0.465899 -0.835468 -0.157780 -0.526402 -0.794178 -0.203200 -0.572705 -0.764740 -0.233102 -0.600696 0.708092 0.252672 0.659365 0.663380 0.273310 0.696584 0.595231 0.294255 0.747739 0.514611 0.316111 0.797025 0.413356 0.344433 0.842913 0.248290 0.387986 0.887592 -0.051004 0.438927 0.897074 -0.454880 0.443751 0.772120 -0.735648 0.388230 0.555068 -0.878260 0.317238 0.357798 -0.971848 0.202950 0.119680 -0.989332 0.056767 -0.134160 -0.947681 -0.060139 -0.313502 -0.896989 -0.135296 -0.420839 -0.850381 -0.183916 -0.492978 -0.805084 -0.218967 -0.551265 -0.771284 -0.244392 -0.587702 0.708305 0.256278 0.657743 0.657447 0.264176 0.705673 0.579070 0.268870 0.769667 0.486514 0.265458 0.832367 0.377234 0.256024 0.890026 0.214023 0.243890 0.945892 -0.058270 0.221575 0.973401 -0.403645 0.178234 0.897387 -0.662017 0.136354 0.736982 -0.831650 0.102002 0.545852 -0.964624 0.034504 0.261362 -0.996949 -0.056725 -0.053617 -0.953966 -0.127602 -0.271417 -0.901312 -0.173188 -0.397043 -0.854392 -0.204548 -0.477676 -0.808581 -0.228749 -0.542098 -0.772106 -0.247578 -0.585284 0.707596 0.260979 0.656656 0.656784 0.259250 0.708113 0.573251 0.256390 0.778234 0.470164 0.243561 0.848307 0.347728 0.216693 0.912211 0.175818 0.170282 0.969583 -0.083367 0.096032 0.991881 -0.368997 0.009035 0.929387 -0.562830 -0.047061 0.825232 -0.722083 -0.080873 0.687063 -0.906340 -0.131392 0.401601 -0.983039 -0.180747 0.031070 -0.950760 -0.206175 -0.231404 -0.899029 -0.218668 -0.379383 -0.852619 -0.228352 -0.469996 -0.808194 -0.237829 -0.538758 -0.772006 -0.244964 -0.586515 0.709376 0.255963 0.656711 0.663778 0.246327 0.706203 0.583508 0.235568 0.777191 0.478095 0.218217 0.850768 0.343488 0.187671 0.920215 0.148582 0.129900 0.980331 -0.135116 0.030917 0.990347 -0.410910 -0.082393 0.907945 -0.553668 -0.159039 0.817409 -0.661256 -0.216095 0.718362 -0.840065 -0.281086 0.463984 -0.947066 -0.310409 0.081926 -0.932289 -0.298049 -0.204948 -0.887041 -0.278546 -0.368199 -0.844205 -0.263857 -0.466581 -0.803829 -0.254121 -0.537849 -0.771870 -0.245895 -0.586304 0.717844 0.241277 0.653058 0.681262 0.222317 0.697465 0.615551 0.196551 0.763194 0.525112 0.165765 0.834733 0.400182 0.123135 0.908126 0.201912 0.049775 0.978138 -0.112980 -0.071101 0.991050 -0.438509 -0.200294 0.876123 -0.602365 -0.282896 0.746409 -0.685880 -0.348878 0.638634 -0.814492 -0.414990 0.405445 -0.903066 -0.425647 0.057409 -0.897316 -0.385968 -0.214132 -0.861867 -0.342344 -0.374147 -0.826511 -0.306853 -0.471933 -0.793531 -0.277969 -0.541333 -0.768732 -0.255377 -0.586373 0.731055 0.225940 0.643824 0.705996 0.194924 0.680863 0.663003 0.149219 0.733594 0.601905 0.097501 0.792593 0.511728 0.032250 0.858542 0.353514 -0.071962 0.932657 0.060152 -0.238732 0.969221 -0.321088 -0.408931 0.854212 -0.564762 -0.491174 0.663168 -0.684100 -0.532694 0.498241 -0.789723 -0.555305 0.260720 -0.852448 -0.521566 -0.036067 -0.850843 -0.454698 -0.263280 -0.826492 -0.394331 -0.401764 -0.801161 -0.345173 -0.488873 -0.777961 -0.302019 -0.550963 -0.761146 -0.269216 -0.590068 0.742843 0.217090 0.633290 0.730283 0.173085 0.660854 0.710993 0.108044 0.694850 0.682150 0.035611 0.730345 0.635167 -0.051190 0.770676 0.541315 -0.184472 0.820334 0.335868 -0.401961 0.851833 -0.020145 -0.647681 0.761645 -0.347448 -0.759023 0.550603 -0.549174 -0.764952 0.336536 -0.694153 -0.714427 0.088010 -0.773780 -0.612359 -0.162115 -0.791714 -0.508362 -0.338758 -0.784516 -0.430680 -0.446149 -0.772295 -0.371849 -0.515062 -0.760500 -0.319724 -0.565169 -0.751612 -0.280525 -0.596980 0.749752 0.214354 0.626038 0.748897 0.159852 0.643118 0.748371 0.079590 0.658488 0.744858 -0.009906 0.667149 0.733150 -0.112131 0.670760 0.695334 -0.260075 0.669979 0.586175 -0.494995 0.641388 0.346505 -0.775922 0.527143 0.039057 -0.940375 0.337889 -0.240614 -0.961253 0.134525 -0.488897 -0.866737 -0.098722 -0.645876 -0.700832 -0.302787 -0.711594 -0.555758 -0.429846 -0.733821 -0.457551 -0.502150 -0.740769 -0.388807 -0.547804 -0.743108 -0.330387 -0.581923 -0.743028 -0.286953 -0.604621 0.753672 0.214171 0.621377 0.762636 0.154106 0.628201 0.774486 0.063897 0.629356 0.785299 -0.039842 0.617833 0.792659 -0.156771 0.589165 0.784888 -0.314583 0.533843 0.726238 -0.541382 0.423655 0.576980 -0.778833 0.245996 0.380734 -0.921833 0.072568 0.142759 -0.985987 -0.086313 -0.187532 -0.939521 -0.286585 -0.465575 -0.762410 -0.449411 -0.607389 -0.591477 -0.530314 -0.671854 -0.476793 -0.566816 -0.704773 -0.399131 -0.586506 -0.724869 -0.336005 -0.601386 -0.735297 -0.289959 -0.612586 0.757813 0.215586 0.615827 0.775117 0.155694 0.612334 0.796073 0.062579 0.601956 0.813836 -0.050426 0.578902 0.825589 -0.184586 0.533227 0.819981 -0.364913 0.440987 0.755556 -0.600222 0.262429 0.616018 -0.787142 0.030484 0.501159 -0.855974 -0.127071 0.374552 -0.894410 -0.244420 0.080192 -0.901716 -0.424826 -0.278375 -0.770161 -0.573898 -0.497266 -0.602384 -0.624387 -0.606178 -0.483144 -0.631759 -0.666534 -0.401712 -0.627981 -0.705586 -0.336876 -0.623429 -0.727232 -0.290299 -0.621981 0.762389 0.219468 0.608766 0.787299 0.165517 0.593940 0.817480 0.079400 0.570458 0.842800 -0.029706 0.537406 0.858534 -0.168950 0.484123 0.849033 -0.369915 0.377233 0.751802 -0.638857 0.163263 0.552122 -0.827735 -0.100082 0.435829 -0.864631 -0.249932 0.378661 -0.859817 -0.342535 0.165103 -0.847384 -0.504659 -0.177083 -0.739479 -0.649471 -0.423244 -0.588169 -0.689146 -0.556601 -0.474680 -0.681817 -0.635087 -0.395377 -0.663582 -0.688653 -0.332632 -0.644293 -0.719972 -0.287816 -0.631508 0.765680 0.224957 0.602601 0.796988 0.181838 0.575974 0.836034 0.112401 0.537042 0.871126 0.023928 0.490475 0.899183 -0.093511 0.427464 0.908987 -0.275721 0.312602 0.830372 -0.550281 0.087593 0.590680 -0.782741 -0.195993 0.388684 -0.848572 -0.358957 0.285099 -0.845332 -0.451810 0.094670 -0.805728 -0.584671 -0.191176 -0.693524 -0.694605 -0.410210 -0.558552 -0.720935 -0.538355 -0.456097 -0.708625 -0.619080 -0.382738 -0.685749 -0.678357 -0.325017 -0.658935 -0.715934 -0.284415 -0.637610 0.767277 0.230673 0.598394 0.802594 0.200890 0.561681 0.847927 0.153014 0.507550 0.890437 0.094649 0.445156 0.929671 0.017774 0.367961 0.964615 -0.107109 0.240925 0.947683 -0.319137 0.007000 0.765742 -0.565417 -0.306500 0.503418 -0.694290 -0.514327 0.290981 -0.726231 -0.622832 0.039537 -0.697812 -0.715189 -0.233782 -0.607878 -0.758835 -0.428156 -0.505641 -0.749006 -0.543071 -0.425173 -0.724087 -0.617390 -0.364239 -0.697251 -0.675143 -0.315483 -0.666823 -0.714956 -0.282791 -0.639428 0.767682 0.238582 0.594763 0.804264 0.221879 0.551297 0.852628 0.195367 0.484620 0.898258 0.166489 0.406712 0.940452 0.131519 0.313453 0.982578 0.072254 0.171233 0.996605 -0.040017 -0.071952 0.891873 -0.206737 -0.402271 0.660037 -0.354050 -0.662571 0.386227 -0.444620 -0.808172 0.057423 -0.479619 -0.875596 -0.246267 -0.456167 -0.855140 -0.442125 -0.410829 -0.797336 -0.553214 -0.368763 -0.746972 -0.622560 -0.332324 -0.708506 -0.676211 -0.300527 -0.672623 -0.714461 -0.280974 -0.640781 0.765670 0.252454 0.591622 0.801365 0.247962 0.544360 0.849558 0.241684 0.468871 0.895167 0.237296 0.377314 0.934566 0.235357 0.266820 0.967665 0.228966 0.105827 0.967941 0.202246 -0.148954 0.872633 0.140296 -0.467791 0.688432 0.055518 -0.723173 0.441820 -0.044968 -0.895976 0.091264 -0.158673 -0.983104 -0.243447 -0.237255 -0.940449 -0.451434 -0.270071 -0.850452 -0.564543 -0.279874 -0.776506 -0.631388 -0.279471 -0.723357 -0.680406 -0.274173 -0.679615 -0.714121 -0.272094 -0.644978 0.759230 0.271241 0.591607 0.791977 0.280087 0.542516 0.835595 0.295169 0.463310 0.877717 0.312889 0.362924 0.911908 0.335629 0.236170 0.929603 0.365130 0.050177 0.891069 0.391157 -0.230202 0.750078 0.389308 -0.534623 0.576575 0.362519 -0.732216 0.387704 0.304281 -0.870114 0.081530 0.171496 -0.981805 -0.253283 0.007384 -0.967364 -0.467501 -0.106103 -0.877602 -0.581038 -0.171127 -0.795682 -0.645009 -0.210718 -0.734549 -0.688833 -0.236738 -0.685175 -0.717116 -0.252704 -0.649527 0.750060 0.287321 0.595698 0.776693 0.312177 0.547078 0.809793 0.350107 0.470808 0.842327 0.390586 0.371387 0.867822 0.435779 0.238708 0.869932 0.492090 0.032637 0.789291 0.543854 -0.285031 0.586005 0.544644 -0.599968 0.402746 0.523211 -0.751030 0.261308 0.496742 -0.827626 0.017457 0.389541 -0.920844 -0.286978 0.198111 -0.937228 -0.493592 0.033218 -0.869059 -0.602521 -0.073199 -0.794739 -0.662107 -0.145045 -0.735239 -0.700643 -0.198432 -0.685364 -0.724953 -0.229478 -0.649448 0.744255 0.294001 0.599706 0.761155 0.335402 0.555111 0.779120 0.394115 0.487489 0.795229 0.455607 0.400040 0.805811 0.521746 0.280088 0.793019 0.603674 0.081846 0.690070 0.679589 -0.248924 0.451944 0.663951 -0.595748 0.253588 0.602592 -0.756687 0.130250 0.563416 -0.815842 -0.071931 0.466294 -0.881700 -0.336110 0.279871 -0.899279 -0.522220 0.103854 -0.846463 -0.621979 -0.016961 -0.782850 -0.676805 -0.103210 -0.728892 -0.711178 -0.172206 -0.681595 -0.733279 -0.214192 -0.645309 0.745514 0.293067 0.598598 0.751399 0.346632 0.561468 0.754613 0.420112 0.504049 0.752041 0.496681 0.433293 0.742685 0.577459 0.339058 0.711673 0.679298 0.179098 0.603723 0.789573 -0.109964 0.374576 0.801027 -0.466957 0.168605 0.713504 -0.680062 0.029935 0.626814 -0.778594 -0.166124 0.491599 -0.854829 -0.394756 0.290056 -0.871800 -0.550414 0.113492 -0.827142 -0.635745 -0.005114 -0.771882 -0.685022 -0.090391 -0.722893 -0.716165 -0.162524 -0.678744 -0.735458 -0.211574 -0.643691 0.749113 0.291628 0.594796 0.746153 0.349819 0.566465 0.738912 0.431383 0.517608 0.721661 0.517221 0.460096 0.692867 0.606621 0.389803 0.638615 0.718743 0.274918 0.517096 0.853796 0.060359 0.301768 0.921855 -0.243146 0.094801 0.868520 -0.486503 -0.074342 0.757764 -0.648280 -0.287243 0.561958 -0.775690 -0.484196 0.309548 -0.818373 -0.598182 0.113072 -0.793343 -0.657704 -0.009762 -0.753213 -0.694134 -0.092983 -0.713815 -0.718410 -0.162811 -0.676299 -0.730937 -0.214955 -0.647708 0.746347 0.291782 0.598189 0.737477 0.348279 0.578645 0.722195 0.432485 0.539807 0.694484 0.524376 0.492668 0.649570 0.621885 0.437398 0.569161 0.742330 0.353556 0.414533 0.887778 0.200030 0.180000 0.983370 -0.024168 -0.037386 0.972723 -0.228936 -0.232758 0.880649 -0.412651 -0.460438 0.651490 -0.602957 -0.620037 0.346263 -0.704029 -0.683243 0.121526 -0.720008 -0.705951 -0.012735 -0.708146 -0.718392 -0.098388 -0.688645 -0.727242 -0.165759 -0.666065 -0.728030 -0.216053 -0.650610 0.000000 0.000000 0.000000 0.735014 0.331151 0.591687 0.718096 0.411647 0.561146 0.688482 0.505629 0.519934 0.641047 0.606407 0.470457 0.557025 0.727608 0.400388 0.394760 0.876441 0.275709 0.139962 0.986599 0.083868 -0.099068 0.990551 -0.094841 -0.291328 0.923868 -0.248185 -0.517014 0.730318 -0.446466 -0.683197 0.413383 -0.601960 -0.736122 0.157011 -0.658386 -0.742748 0.002787 -0.669565 -0.740873 -0.091538 -0.665378 -0.739596 -0.162685 -0.653093 -0.735157 -0.215801 -0.642630 -0.824166 0.532168 0.193772 -0.853292 0.478427 0.207367 -0.887613 0.402018 0.224777 -0.924607 0.297789 0.237537 -0.959344 0.137163 0.246668 -0.964239 -0.092312 0.248438 -0.912627 -0.331411 0.239328 -0.822749 -0.520078 0.229356 -0.643836 -0.734854 0.213223 -0.250018 -0.955998 0.153487 0.183271 -0.980898 0.065196 0.435299 -0.900276 0.004239 0.566719 -0.823169 -0.034962 0.651291 -0.755584 -0.070089 0.716856 -0.689139 -0.105856 0.765494 -0.628806 -0.136461 0.000000 0.000000 0.000000 -0.818584 0.533935 0.211742 -0.843245 0.484475 0.232855 -0.869938 0.414646 0.266976 -0.897443 0.321873 0.301651 -0.923581 0.181999 0.337452 -0.928601 -0.024545 0.370268 -0.884777 -0.263178 0.384587 -0.797713 -0.470594 0.377088 -0.631842 -0.690553 0.352012 -0.267862 -0.923993 0.272922 0.163218 -0.975719 0.146056 0.424681 -0.903657 0.055228 0.558560 -0.829456 0.003520 0.641692 -0.766083 -0.036725 0.706953 -0.702852 -0.078845 0.758011 -0.641213 -0.119441 0.789032 -0.597583 -0.142559 -0.818010 0.534341 0.212931 -0.836681 0.484286 0.255796 -0.852584 0.414872 0.317776 -0.861369 0.327983 0.387905 -0.859947 0.203793 0.467932 -0.834112 0.028852 0.550840 -0.776576 -0.164452 0.608182 -0.701007 -0.340799 0.626455 -0.551394 -0.565108 0.613692 -0.194460 -0.838151 0.509596 0.225809 -0.925918 0.302797 0.466257 -0.872162 0.148112 0.582965 -0.809954 0.064238 0.654682 -0.755857 0.008462 0.713421 -0.699262 -0.045416 0.761238 -0.640903 -0.098798 0.791811 -0.596286 -0.132204 -0.821585 0.530856 0.207821 -0.834274 0.484287 0.263538 -0.844114 0.413965 0.340740 -0.840243 0.327508 0.432122 -0.814263 0.211425 0.540625 -0.754788 0.062726 0.652963 -0.678217 -0.076074 0.730914 -0.613630 -0.186980 0.767136 -0.491813 -0.368164 0.789034 -0.160797 -0.671827 0.723044 0.267275 -0.841509 0.469497 0.505875 -0.827391 0.243957 0.612232 -0.782015 0.116724 0.673393 -0.738325 0.037654 0.722998 -0.690235 -0.029143 0.764174 -0.638489 -0.091486 0.790605 -0.597276 -0.134924 -0.821806 0.530595 0.207615 -0.829317 0.490872 0.266980 -0.835969 0.422350 0.350395 -0.827593 0.333291 0.451671 -0.789422 0.212428 0.575923 -0.706307 0.063108 0.705087 -0.608667 -0.054379 0.791560 -0.541175 -0.112933 0.833292 -0.426214 -0.227520 0.875543 -0.112174 -0.495997 0.861048 0.316930 -0.719873 0.617526 0.556508 -0.755636 0.345416 0.654686 -0.734552 0.178379 0.704739 -0.705807 0.071966 0.741578 -0.670746 -0.012727 0.771147 -0.630855 -0.085758 0.788316 -0.599542 -0.138232 -0.813309 0.541973 0.211645 -0.815105 0.512621 0.269858 -0.815373 0.457165 0.355200 -0.802269 0.378645 0.461511 -0.757871 0.263221 0.596948 -0.660766 0.106038 0.743064 -0.537502 -0.033674 0.842590 -0.445125 -0.098542 0.890030 -0.310495 -0.179683 0.933438 0.007964 -0.388710 0.921326 0.409911 -0.596409 0.690122 0.628208 -0.660096 0.411859 0.713047 -0.662870 0.228400 0.750557 -0.652435 0.104845 0.772281 -0.635259 0.005261 0.786366 -0.612838 -0.077834 0.791425 -0.596070 -0.135452 -0.798719 0.563231 0.211705 -0.792322 0.548292 0.267586 -0.780045 0.518781 0.349852 -0.755933 0.471024 0.454645 -0.702258 0.391364 0.594699 -0.595150 0.262931 0.759384 -0.446017 0.111306 0.888076 -0.306185 -0.002110 0.951970 -0.122686 -0.115395 0.985714 0.210110 -0.309988 0.927233 0.549832 -0.490447 0.676127 0.716075 -0.562000 0.413996 0.777834 -0.580934 0.239771 0.801394 -0.586556 0.117130 0.808784 -0.587939 0.014009 0.807538 -0.585276 -0.073045 0.801668 -0.583261 -0.130904 -0.785630 0.583788 0.204884 -0.767986 0.586378 0.257601 -0.738345 0.588130 0.330075 -0.696557 0.580649 0.421490 -0.626523 0.554768 0.547450 -0.506680 0.492778 0.707422 -0.340407 0.386704 0.857078 -0.158463 0.259456 0.952666 0.084977 0.094317 0.991909 0.436332 -0.152523 0.886764 0.703894 -0.366314 0.608561 0.806635 -0.465005 0.364844 0.838246 -0.503005 0.210544 0.846249 -0.522989 0.101715 0.841370 -0.540417 0.006800 0.827849 -0.555760 -0.076131 0.814052 -0.565844 -0.130920 -0.778892 0.595502 0.196737 -0.749132 0.615708 0.244345 -0.701370 0.644991 0.303424 -0.638348 0.673615 0.372498 -0.545904 0.696832 0.465202 -0.408098 0.701883 0.583794 -0.235192 0.670939 0.703225 -0.043963 0.596877 0.801127 0.233495 0.441305 0.866447 0.615544 0.128715 0.777521 0.840971 -0.187121 0.507694 0.890832 -0.351933 0.287336 0.891441 -0.425615 0.155514 0.882143 -0.466380 0.065681 0.865780 -0.500236 -0.013776 0.842782 -0.531329 -0.086072 0.823077 -0.551493 -0.135648 -0.777059 0.599309 0.192372 -0.737838 0.633569 0.232778 -0.675409 0.681817 0.280979 -0.591698 0.735380 0.330318 -0.472905 0.791677 0.386791 -0.311585 0.838081 0.447810 -0.141026 0.855393 0.498413 0.018750 0.839268 0.543394 0.270909 0.756617 0.595096 0.681521 0.468217 0.562407 0.931215 0.045290 0.361646 0.959238 -0.213628 0.185000 0.937110 -0.339084 0.082752 0.911670 -0.410613 0.015955 0.883919 -0.465611 -0.043504 0.852704 -0.512698 -0.100178 0.827775 -0.542927 -0.141488 -0.776522 0.600960 0.189371 -0.732475 0.644038 0.220670 -0.661134 0.703120 0.261773 -0.561154 0.770406 0.302624 -0.414258 0.844060 0.340519 -0.218183 0.905951 0.362836 -0.043109 0.933893 0.354945 0.066838 0.938623 0.338407 0.248220 0.908016 0.337482 0.633532 0.710031 0.307399 0.946119 0.269101 0.180120 0.995654 -0.070108 0.061304 0.968707 -0.248161 -0.004656 0.934253 -0.353741 -0.045153 0.897691 -0.433009 -0.081569 0.859625 -0.496981 -0.118554 0.830238 -0.537517 -0.147580 -0.776501 0.603215 0.182148 -0.732200 0.650615 0.201455 -0.658996 0.715356 0.232358 -0.552438 0.789428 0.267610 -0.386256 0.871219 0.302958 -0.149974 0.934521 0.322768 0.061317 0.950102 0.305853 0.155589 0.951454 0.265569 0.279088 0.934630 0.220403 0.603478 0.783479 0.148237 0.922178 0.385367 0.032862 0.998311 0.026969 -0.051448 0.979815 -0.178102 -0.090788 0.945392 -0.306782 -0.110090 0.905456 -0.405517 -0.125321 0.863667 -0.483782 -0.141542 0.831660 -0.532997 -0.155741 -0.778267 0.604460 0.170083 -0.737381 0.652756 0.173723 -0.669908 0.718993 0.185127 -0.571102 0.795572 0.202257 -0.411462 0.883780 0.222780 -0.166372 0.956417 0.239974 0.089811 0.966316 0.241181 0.240904 0.944795 0.222100 0.386711 0.905760 0.173359 0.676186 0.732863 0.075398 0.931687 0.360368 -0.045759 0.992102 0.036830 -0.119902 0.975944 -0.156260 -0.152043 0.944261 -0.285544 -0.163818 0.905414 -0.390653 -0.166181 0.863814 -0.475874 -0.165438 0.831710 -0.530028 -0.165313 -0.781978 0.603097 0.157432 -0.746978 0.649223 0.143296 -0.690555 0.711854 0.128053 -0.610288 0.784023 0.113387 -0.480917 0.871507 0.095886 -0.274260 0.958713 0.075179 -0.020773 0.998051 0.058839 0.198569 0.979000 0.046139 0.434441 0.900659 0.008592 0.750895 0.656600 -0.070939 0.951641 0.271476 -0.143807 0.983785 -0.014948 -0.178728 0.963901 -0.180647 -0.195604 0.934102 -0.294182 -0.202263 0.898472 -0.392017 -0.197662 0.860221 -0.475104 -0.185194 0.830656 -0.529287 -0.172818 -0.786909 0.599357 0.146783 -0.758880 0.640796 0.116112 -0.714734 0.695483 0.073880 -0.654699 0.755517 0.023741 -0.560424 0.827219 -0.040422 -0.410596 0.904053 -0.118738 -0.213536 0.957835 -0.192236 0.006137 0.968529 -0.248824 0.309940 0.897320 -0.314252 0.706808 0.604752 -0.367012 0.921847 0.188110 -0.338841 0.953453 -0.083044 -0.289881 0.937875 -0.229052 -0.260624 0.913840 -0.324615 -0.243971 0.884851 -0.407637 -0.225545 0.853304 -0.481020 -0.201226 0.829258 -0.529847 -0.177742 -0.793725 0.592654 0.136974 -0.772723 0.627855 0.093257 -0.739510 0.672545 0.028447 -0.694949 0.717114 -0.052852 -0.626393 0.763126 -0.158966 -0.520624 0.803694 -0.288142 -0.387519 0.824776 -0.411794 -0.231511 0.824419 -0.516465 0.037518 0.767073 -0.640462 0.487034 0.497305 -0.717973 0.796209 0.087859 -0.598608 0.876040 -0.166270 -0.452668 0.884576 -0.294324 -0.361799 0.876492 -0.371888 -0.305715 0.861108 -0.436251 -0.261109 0.841414 -0.493963 -0.219141 0.826204 -0.532288 -0.184543 -0.803734 0.581100 0.127809 -0.790052 0.608535 0.074181 -0.767153 0.641419 -0.007595 -0.732989 0.670761 -0.113165 -0.677013 0.690889 -0.253626 -0.589812 0.688137 -0.422598 -0.492020 0.656254 -0.572056 -0.398416 0.613058 -0.682220 -0.218213 0.533222 -0.817348 0.175932 0.297629 -0.938331 0.574696 -0.054733 -0.816534 0.741548 -0.273935 -0.612426 0.796271 -0.377774 -0.472483 0.816939 -0.434734 -0.378968 0.823938 -0.477790 -0.304701 0.822221 -0.515520 -0.241230 0.818311 -0.540278 -0.196129 -0.815393 0.565816 0.122417 -0.810581 0.582433 0.061073 -0.799737 0.599529 -0.031391 -0.775874 0.612165 -0.152557 -0.726151 0.609443 -0.318253 -0.635690 0.570260 -0.520290 -0.532940 0.493491 -0.687344 -0.464369 0.416108 -0.781803 -0.349603 0.312872 -0.883113 -0.044625 0.088722 -0.995056 0.356270 -0.209053 -0.910697 0.587973 -0.388709 -0.709361 0.689964 -0.467044 -0.553010 0.743770 -0.503814 -0.439293 0.777634 -0.526395 -0.343793 0.797330 -0.543663 -0.262098 0.805037 -0.555484 -0.208214 -0.824042 0.553150 0.122392 -0.829974 0.554931 0.056515 -0.833109 0.551733 -0.038987 -0.823478 0.543274 -0.163517 -0.786134 0.517535 -0.337862 -0.695181 0.452461 -0.558572 -0.566614 0.352487 -0.744782 -0.474239 0.263362 -0.840082 -0.368066 0.152957 -0.917132 -0.105500 -0.066037 -0.992224 0.255687 -0.325904 -0.910171 0.491431 -0.474170 -0.730519 0.610248 -0.535245 -0.584046 0.682810 -0.559643 -0.469648 0.736548 -0.568541 -0.366412 0.774182 -0.570179 -0.274842 0.791635 -0.572241 -0.214137 -0.826653 0.548932 0.123771 -0.843296 0.534241 0.058646 -0.859528 0.510029 -0.032905 -0.865843 0.477832 -0.148299 -0.849556 0.427098 -0.309584 -0.782362 0.342232 -0.520373 -0.658590 0.236884 -0.714245 -0.534806 0.149707 -0.831607 -0.384044 0.036544 -0.922591 -0.090833 -0.177739 -0.979877 0.261752 -0.400415 -0.878153 0.479310 -0.517067 -0.709157 0.587696 -0.566427 -0.577732 0.656982 -0.587499 -0.472462 0.714850 -0.592240 -0.371809 0.760747 -0.586123 -0.278791 0.785151 -0.581121 -0.214092 -0.825578 0.550840 0.122457 -0.850009 0.522925 0.063512 -0.875882 0.482076 -0.020819 -0.895330 0.428552 -0.121360 -0.900008 0.352856 -0.255887 -0.868221 0.247481 -0.430052 -0.787831 0.136264 -0.600628 -0.681095 0.045667 -0.730770 -0.505400 -0.084076 -0.858779 -0.148759 -0.308487 -0.939524 0.254772 -0.492199 -0.832365 0.485861 -0.562401 -0.669063 0.593831 -0.587371 -0.549872 0.657474 -0.599535 -0.456383 0.711182 -0.600916 -0.364855 0.757446 -0.590969 -0.277546 0.786493 -0.579046 -0.214788 -0.825773 0.550447 0.122911 -0.853883 0.515273 0.073330 -0.886186 0.463322 -0.002489 -0.915031 0.393284 -0.089704 -0.934840 0.294358 -0.198563 -0.929402 0.164224 -0.330518 -0.890156 0.036451 -0.454196 -0.827296 -0.069233 -0.557484 -0.683165 -0.230664 -0.692878 -0.301611 -0.492392 -0.816444 0.182832 -0.647379 -0.739914 0.459656 -0.658674 -0.595705 0.587261 -0.641524 -0.493530 0.657705 -0.627426 -0.416846 0.711720 -0.613343 -0.342441 0.757510 -0.594502 -0.269714 0.789326 -0.573848 -0.218318 -0.828275 0.543682 0.135540 -0.857443 0.505316 0.097194 -0.894673 0.445321 0.035340 -0.931420 0.362014 -0.037445 -0.962329 0.240900 -0.126054 -0.970581 0.079750 -0.227185 -0.947723 -0.077178 -0.309620 -0.908622 -0.202819 -0.365063 -0.801809 -0.390055 -0.452725 -0.444986 -0.690081 -0.570768 0.089825 -0.829482 -0.551264 0.413284 -0.786564 -0.458817 0.565234 -0.726406 -0.390953 0.648799 -0.679866 -0.341824 0.708608 -0.641038 -0.294864 0.756091 -0.605896 -0.247420 0.788456 -0.575893 -0.216068 -0.828730 0.535362 0.163075 -0.858149 0.494099 0.139453 -0.897969 0.427944 0.102544 -0.940706 0.334723 0.055074 -0.980848 0.194670 -0.006368 -0.996792 -0.000657 -0.080029 -0.969872 -0.200240 -0.138754 -0.921141 -0.353441 -0.163028 -0.812656 -0.549463 -0.194113 -0.472739 -0.841848 -0.260404 0.048196 -0.957048 -0.285895 0.381552 -0.885332 -0.265718 0.545238 -0.801210 -0.246531 0.638225 -0.733438 -0.233962 0.704232 -0.674407 -0.221885 0.754315 -0.622945 -0.207238 0.785688 -0.585919 -0.198478 0.000000 0.000000 0.000000 -0.850333 0.502211 0.157220 -0.888911 0.436547 0.138794 -0.931757 0.345763 0.110801 -0.975218 0.209629 0.070754 -0.999831 0.007511 0.016784 -0.973531 -0.225687 -0.036091 -0.909956 -0.410329 -0.060084 -0.802214 -0.593010 -0.069231 -0.506262 -0.856273 -0.102443 -0.012208 -0.989994 -0.140584 0.341022 -0.927558 -0.152773 0.519613 -0.840000 -0.156214 0.620507 -0.767472 -0.161111 0.692777 -0.701589 -0.166834 0.749433 -0.639868 -0.170055 0.785637 -0.595215 -0.168800</float_array>
          <technique_common>
            <accessor source="#Pink-norm-array" count="3549" stride="3">
              <param name="X" type="float"/><param name="Y" type="float"/><param name="Z" type="float"/>
            </accessor>
          </technique_common>
        </source>
        <source id="Pink-uv">
          <float_array id="Pink-uv-array" count="7098">0.000000 1.000000 0.000000 0.937500 0.000000 0.875000 0.000000 0.812500 0.000000 0.750000 0.000000 0.687500 0.000000 0.625000 0.000000 0.562500 0.000000 0.500000 0.000000 0.437500 0.000000 0.375000 0.000000 0.312500 0.000000 0.250000 0.000000 0.187500 0.000000 0.125000 0.000000 0.062500 0.000000 0.000000 0.020833 1.000000 0.020833 0.937500 0.020833 0.875000 0.020833 0.812500 0.020833 0.750000 0.020833 0.687500 0.020833 0.625000 0.020833 0.562500 0.020833 0.500000 0.020833 0.437500 0.020833 0.375000 0.020833 0.312500 0.020833 0.250000 0.020833 0.187500 0.020833 0.125000 0.020833 0.062500 0.020833 0.000000 0.041667 1.000000 0.041667 0.937500 0.041667 0.875000 0.041667 0.812500 0.041667 0.750000 0.041667 0.687500 0.041667 0.625000 0.041667 0.562500 0.041667 0.500000 0.041667 0.437500 0.041667 0.375000 0.041667 0.312500 0.041667 0.250000 0.041667 0.187500 0.041667 0.125000 0.041667 0.062500 0.041667 0.000000 0.062500 1.000000 0.062500 0.937500 0.062500 0.875000 0.062500 0.812500 0.062500 0.750000 0.062500 0.687500 0.062500 0.625000 0.062500 0.562500 0.062500 0.500000 0.062500 0.437500 0.062500 0.375000 0.062500 0.312500 0.062500 0.250000 0.062500 0.187500 0.062500 0.125000 0.062500 0.062500 0.062500 0.000000 0.083333 1.000000 0.083333 0.937500 0.083333 0.875000 0.083333 0.812500 0.083333 0.750000 0.083333 0.687500 0.083333 0.625000 0.083333 0.562500 0.083333 0.500000 0.083333 0.437500 0.083333 0.375000 0.083333 0.312500 0.083333 0.250000 0.083333 0.187500 0.083333 0.125000 0.083333 0.062500 0.083333 0.000000 0.104167 1.000000 0.104167 0.937500 0.104167 0.875000 0.104167 0.812500 0.104167 0.750000 0.104167 0.687500 0.104167 0.625000 0.104167 0.562500 0.104167 0.500000 0.104167 0.437500 0.104167 0.375000 0.104167 0.312500 0.104167 0.250000 0.104167 0.187500 0.104167 0.125000 0.104167 0.062500 0.104167 0.000000 0.125000 1.000000 0.125000 0.937500 0.125000 0.875000 0.125000 0.812500 0.125000 0.750000 0.125000 0.687500 0.125000 0.625000 0.125000 0.562500 0.125000 0.500000 0.125000 0.437500 0.125000 0.375000 0.125000 0.312500 0.125000 0.250000 0.125000 0.187500 0.125000 0.125000 0.125000 0.062500 0.125000 0.000000 0.145833 1.000000 0.145833 0.937500 0.145833 0.875000 0.145833 0.812500 0.145833 0.750000 0.145833 0.687500 0.145833 0.625000 0.145833 0.562500 0.145833 0.500000 0.145833 0.437500 0.145833 0.375000 0.145833 0.312500 0.145833 0.250000 0.145833 0.187500 0.145833 0.125000 0.145833 0.062500 0.145833 0.000000 0.166667 1.000000 0.166667 0.937500 0.166667 0.875000 0.166667 0.812500 0.166667 0.750000 0.166667 0.687500 0.166667 0.625000 0.166667 0.562500 0.166667 0.500000 0.166667 0.437500 0.166667 0.375000 0.166667 0.312500 0.166667 0.250000 0.166667 0.187500 0.166667 0.125000 0.166667 0.062500 0.166667 0.000000 0.187500 1.000000 0.187500 0.937500 0.187500 0.875000 0.187500 0.812500 0.187500 0.750000 0.187500 0.687500 0.187500 0.625000 0.187500 0.562500 0.187500 0.500000 0.187500 0.437500 0.187500 0.375000 0.187500 0.312500 0.187500 0.250000 0.187500 0.187500 0.187500 0.125000 0.187500 0.062500 0.187500 0.000000 0.208333 1.000000 0.208333 0.937500 0.208333 0.875000 0.208333 0.812500 0.208333 0.750000 0.208333 0.687500 0.208333 0.625000 0.208333 0.562500 0.208333 0.500000 0.208333 0.437500 0.208333 0.375000 0.208333 0.312500 0.208333 0.250000 0.208333 0.187500 0.208333 0.125000 0.208333 0.062500 0.208333 0.000000 0.229167 1.000000 0.229167 0.937500 0.229167 0.875000 0.229167 0.812500 0.229167 0.750000 0.229167 0.687500 0.229167 0.625000 0.229167 0.562500 0.229167 0.500000 0.229167 0.437500 0.229167 0.375000 0.229167 0.312500 0.229167 0.250000 0.229167 0.187500 0.229167 0.125000 0.229167 0.062500 0.229167 0.000000 0.250000 1.000000 0.250000 0.937500 0.250000 0.875000 0.250000 0.812500 0.250000 0.750000 0.250000 0.687500 0.250000 0.625000 0.250000 0.562500 0.250000 0.500000 0.250000 0.437500 0.250000 0.375000 0.250000 0.312500 0.250000 0.250000 0.250000 0.187500 0.250000 0.125000 0.250000 0.062500 0.250000 0.000000 0.270833 1.000000 0.270833 0.937500 0.270833 0.875000 0.270833 0.812500 0.270833 0.750000 0.270833 0.687500 0.270833 0.625000 0.270833 0.562500 0.270833 0.500000 0.270833 0.437500 0.270833 0.375000 0.270833 0.312500 0.270833 0.250000 0.270833 0.187500 0.270833 0.125000 0.270833 0.062500 0.270833 0.000000 0.291667 1.000000 0.291667 0.937500 0.291667 0.875000 0.291667 0.812500 0.291667 0.750000 0.291667 0.687500 0.291667 0.625000 0.291667 0.562500 0.291667 0.500000 0.291667 0.437500 0.291667 0.375000 0.291667 0.312500 0.291667 0.250000 0.291667 0.187500 0.291667 0.125000 0.291667 0.062500 0.291667 0.000000 0.312500 1.000000 0.312500 0.937500 0.312500 0.875000 0.312500 0.812500 0.312500 0.750000 0.312500 0.687500 0.312500 0.625000 0.312500 0.562500 0.312500 0.500000 0.312500 0.437500 0.312500 0.375000 0.312500 0.312500 0.312500 0.250000 0.312500 0.187500 0.312500 0.125000 0.312500 0.062500 0.312500 0.000000 0.333333 1.000000 0.333333 0.937500 0.333333 0.875000 0.333333 0.812500 0.333333 0.750000 0.333333 0.687500 0.333333 0.625000 0.333333 0.562500 0.333333 0.500000 0.333333 0.437500 0.333333 0.375000 0.333333 0.312500 0.333333 0.250000 0.333333 0.187500 0.333333 0.125000 0.333333 0.062500 0.333333 0.000000 0.354167 1.000000 0.354167 0.937500 0.354167 0.875000 0.354167 0.812500 0.354167 0.750000 0.354167 0.687500 0.354167 0.625000 0.354167 0.562500 0.354167 0.500000 0.354167 0.437500 0.354167 0.375000 0.354167 0.312500 0.354167 0.250000 0.354167 0.187500 0.354167 0.125000 0.354167 0.062500 0.354167 0.000000 0.375000 1.000000 0.375000 0.937500 0.375000 0.875000 0.375000 0.812500 0.375000 0.750000 0.375000 0.687500 0.375000 0.625000 0.375000 0.562500 0.375000 0.500000 0.375000 0.437500 0.375000 0.375000 0.375000 0.312500 0.375000 0.250000 0.375000 0.187500 0.375000 0.125000 0.375000 0.062500 0.375000 0.000000 0.395833 1.000000 0.395833 0.937500 0.395833 0.875000 0.395833 0.812500 0.395833 0.750000 0.395833 0.687500 0.395833 0.625000 0.395833 0.562500 0.395833 0.500000 0.395833 0.437500 0.395833 0.375000 0.395833 0.312500 0.395833 0.250000 0.395833 0.187500 0.395833 0.125000 0.395833 0.062500 0.395833 0.000000 0.416667 1.000000 0.416667 0.937500 0.416667 0.875000 0.416667 0.812500 0.416667 0.750000 0.416667 0.687500 0.416667 0.625000 0.416667 0.562500 0.416667 0.500000 0.416667 0.437500 0.416667 0.375000 0.416667 0.312500 0.416667 0.250000 0.416667 0.187500 0.416667 0.125000 0.416667 0.062500 0.416667 0.000000 0.437500 1.000000 0.437500 0.937500 0.437500 0.875000 0.437500 0.812500 0.437500 0.750000 0.437500 0.687500 0.437500 0.625000 0.437500 0.562500 0.437500 0.500000 0.437500 0.437500 0.437500 0.375000 0.437500 0.312500 0.437500 0.250000 0.437500 0.187500 0.437500 0.125000 0.437500 0.062500 0.437500 0.000000 0.458333 1.000000 0.458333 0.937500 0.458333 0.875000 0.458333 0.812500 0.458333 0.750000 0.458333 0.687500 0.458333 0.625000 0.458333 0.562500 0.458333 0.500000 0.458333 0.437500 0.458333 0.375000 0.458333 0.312500 0.458333 0.250000 0.458333 0.187500 0.458333 0.125000 0.458333 0.062500 0.458333 0.000000 0.479167 1.000000 0.479167 0.937500 0.479167 0.875000 0.479167 0.812500 0.479167 0.750000 0.479167 0.687500 0.479167 0.625000 0.479167 0.562500 0.479167 0.500000 0.479167 0.437500 0.479167 0.375000 0.479167 0.312500 0.479167 0.250000 0.479167 0.187500 0.479167 0.125000 0.479167 0.062500 0.479167 0.000000 0.500000 1.000000 0.500000 0.937500 0.500000 0.875000 0.500000 0.812500 0.500000 0.750000 0.500000 0.687500 0.500000 0.625000 0.500000 0.562500 0.500000 0.500000 0.500000 0.437500 0.500000 0.375000 0.500000 0.312500 0.500000 0.250000 0.500000 0.187500 0.500000 0.125000 0.500000 0.062500 0.500000 0.000000 0.520833 1.000000 0.520833 0.937500 0.520833 0.875000 0.520833 0.812500 0.520833 0.750000 0.520833 0.687500 0.520833 0.625000 0.520833 0.562500 0.520833 0.500000 0.520833 0.437500 0.520833 0.375000 0.520833 0.312500 0.520833 0.250000 0.520833 0.187500 0.520833 0.125000 0.520833 0.062500 0.520833 0.000000 0.541667 1.000000 0.541667 0.937500 0.541667 0.875000 0.541667 0.812500 0.541667 0.750000 0.541667 0.687500 0.541667 0.625000 0.541667 0.562500 0.541667 0.500000 0.541667 0.437500 0.541667 0.375000 0.541667 0.312500 0.541667 0.250000 0.541667 0.187500 0.541667 0.125000 0.541667 0.062500 0.541667 0.000000 0.562500 1.000000 0.562500 0.937500 0.562500 0.875000 0.562500 0.812500 0.562500 0.750000 0.562500 0.687500 0.562500 0.625000 0.562500 0.562500 0.562500 0.500000 0.562500 0.437500 0.562500 0.375000 0.562500 0.312500 0.562500 0.250000 0.562500 0.187500 0.562500 0.125000 0.562500 0.062500 0.562500 0.000000 0.583333 1.000000 0.583333 0.937500 0.583333 0.875000 0.583333 0.812500 0.583333 0.750000 0.583333 0.687500 0.583333 0.625000 0.583333 0.562500 0.583333 0.500000 0.583333 0.437500 0.583333 0.375000 0.583333 0.312500 0.583333 0.250000 0.583333 0.187500 0.583333 0.125000 0.583333 0.062500 0.583333 0.000000 0.604167 1.000000 0.604167 0.937500 0.604167 0.875000 0.604167 0.812500 0.604167 0.750000 0.604167 0.687500 0.604167 0.625000 0.604167 0.562500 0.604167 0.500000 0.604167 0.437500 0.604167 0.375000 0.604167 0.312500 0.604167 0.250000 0.604167 0.187500 0.604167 0.125000 0.604167 0.062500 0.604167 0.000000 0.625000 1.000000 0.625000 0.937500 0.625000 0.875000 0.625000 0.812500 0.625000 0.750000 0.625000 0.687500 0.625000 0.625000 0.625000 0.562500 0.625000 0.500000 0.625000 0.437500 0.625000 0.375000 0.625000 0.312500 0.625000 0.250000 0.625000 0.187500 0.625000 0.125000 0.625000 0.062500 0.625000 0.000000 0.645833 1.000000 0.645833 0.937500 0.645833 0.875000 0.645833 0.812500 0.645833 0.750000 0.645833 0.687500 0.645833 0.625000 0.645833 0.562500 0.645833 0.500000 0.645833 0.437500 0.645833 0.375000 0.645833 0.312500 0.645833 0.250000 0.645833 0.187500 0.645833 0.125000 0.645833 0.062500 0.645833 0.000000 0.666667 1.000000 0.666667 0.937500 0.666667 0.875000 0.666667 0.812500 0.666667 0.750000 0.666667 0.687500 0.666667 0.625000 0.666667 0.562500 0.666667 0.500000 0.666667 0.437500 0.666667 0.375000 0.666667 0.312500 0.666667 0.250000 0.666667 0.187500 0.666667 0.125000 0.666667 0.062500 0.666667 0.000000 0.687500 1.000000 0.687500 0.937500 0.687500 0.875000 0.687500 0.812500 0.687500 0.750000 0.687500 0.687500 0.687500 0.625000 0.687500 0.562500 0.687500 0.500000 0.687500 0.437500 0.687500 0.375000 0.687500 0.312500 0.687500 0.250000 0.687500 0.187500 0.687500 0.125000 0.687500 0.062500 0.687500 0.000000 0.708333 1.000000 0.708333 0.937500 0.708333 0.875000 0.708333 0.812500 0.708333 0.750000 0.708333 0.687500 0.708333 0.625000 0.708333 0.562500 0.708333 0.500000 0.708333 0.437500 0.708333 0.375000 0.708333 0.312500 0.708333 0.250000 0.708333 0.187500 0.708333 0.125000 0.708333 0.062500 0.708333 0.000000 0.729167 1.000000 0.729167 0.937500 0.729167 0.875000 0.729167 0.812500 0.729167 0.750000 0.729167 0.687500 0.729167 0.625000 0.729167 0.562500 0.729167 0.500000 0.729167 0.437500 0.729167 0.375000 0.729167 0.312500 0.729167 0.250000 0.729167 0.187500 0.729167 0.125000 0.729167 0.062500 0.729167 0.000000 0.750000 1.000000 0.750000 0.937500 0.750000 0.875000 0.750000 0.812500 0.750000 0.750000 0.750000 0.687500 0.750000 0.625000 0.750000 0.562500 0.750000 0.500000 0.750000 0.437500 0.750000 0.375000 0.750000 0.312500 0.750000 0.250000 0.750000 0.187500 0.750000 0.125000 0.750000 0.062500 0.750000 0.000000 0.770833 1.000000 0.770833 0.937500 0.770833 0.875000 0.770833 0.812500 0.770833 0.750000 0.770833 0.687500 0.770833 0.625000 0.770833 0.562500 0.770833 0.500000 0.770833 0.437500 0.770833 0.375000 0.770833 0.312500 0.770833 0.250000 0.770833 0.187500 0.770833 0.125000 0.770833 0.062500 0.770833 0.000000 0.791667 1.000000 0.791667 0.937500 0.791667 0.875000 0.791667 0.812500 0.791667 0.750000 0.791667 0.687500 0.791667 0.625000 0.791667 0.562500 0.791667 0.500000 0.791667 0.437500 0.791667 0.375000 0.791667 0.312500 0.791667 0.250000 0.791667 0.187500 0.791667 0.125000 0.791667 0.062500 0.791667 0.000000 0.812500 1.000000 0.812500 0.937500 0.812500 0.875000 0.812500 0.812500 0.812500 0.750000 0.812500 0.687500 0.812500 0.625000 0.812500 0.562500 0.812500 0.500000 0.812500 0.437500 0.812500 0.375000 0.812500 0.312500 0.812500 0.250000 0.812500 0.187500 0.812500 0.125000 0.812500 0.062500 0.812500 0.000000 0.833333 1.000000 0.833333 0.937500 0.833333 0.875000 0.833333 0.812500 0.833333 0.750000 0.833333 0.687500 0.833333 0.625000 0.833333 0.562500 0.833333 0.500000 0.833333 0.437500 0.833333 0.375000 0.833333 0.312500 0.833333 0.250000 0.833333 0.187500 0.833333 0.125000 0.833333 0.062500 0.833333 0.000000 0.854167 1.000000 0.854167 0.937500 0.854167 0.875000 0.854167 0.812500 0.854167 0.750000 0.854167 0.687500 0.854167 0.625000 0.854167 0.562500 0.854167 0.500000 0.854167 0.437500 0.854167 0.375000 0.854167 0.312500 0.854167 0.250000 0.854167 0.187500 0.854167 0.125000 0.854167 0.062500 0.854167 0.000000 0.875000 1.000000 0.875000 0.937500 0.875000 0.875000 0.875000 0.812500 0.875000 0.750000 0.875000 0.687500 0.875000 0.625000 0.875000 0.562500 0.875000 0.500000 0.875000 0.437500 0.875000 0.375000 0.875000 0.312500 0.875000 0.250000 0.875000 0.187500 0.875000 0.125000 0.875000 0.062500 0.875000 0.000000 0.895833 1.000000 0.895833 0.937500 0.895833 0.875000 0.895833 0.812500 0.895833 0.750000 0.895833 0.687500 0.895833 0.625000 0.895833 0.562500 0.895833 0.500000 0.895833 0.437500 0.895833 0.375000 0.895833 0.312500 0.895833 0.250000 0.895833 0.187500 0.895833 0.125000 0.895833 0.062500 0.895833 0.000000 0.916667 1.000000 0.916667 0.937500 0.916667 0.875000 0.916667 0.812500 0.916667 0.750000 0.916667 0.687500 0.916667 0.625000 0.916667 0.562500 0.916667 0.500000 0.916667 0.437500 0.916667 0.375000 0.916667 0.312500 0.916667 0.250000 0.916667 0.187500 0.916667 0.125000 0.916667 0.062500 0.916667 0.000000 0.937500 1.000000 0.937500 0.937500 0.937500 0.875000 0.937500 0.812500 0.937500 0.750000 0.937500 0.687500 0.937500 0.625000 0.937500 0.562500 0.937500 0.500000 0.937500 0.437500 0.937500 0.375000 0.937500 0.312500 0.937500 0.250000 0.937500 0.187500 0.937500 0.125000 0.937500 0.062500 0.937500 0.000000 0.958333 1.000000 0.958333 0.937500 0.958333 0.875000 0.958333 0.812500 0.958333 0.750000 0.958333 0.687500 0.958333 0.625000 0.958333 0.562500 0.958333 0.500000 0.958333 0.437500 0.958333 0.375000 0.958333 0.312500 0.958333 0.250000 0.958333 0.187500 0.958333 0.125000 0.958333 0.062500 0.958333 0.000000 0.979167 1.000000 0.979167 0.937500 0.979167 0.875000 0.979167 0.812500 0.979167 0.750000 0.979167 0.687500 0.979167 0.625000 0.979167 0.562500 0.979167 0.500000 0.979167 0.437500 0.979167 0.375000 0.979167 0.312500 0.979167 0.250000 0.979167 0.187500 0.979167 0.125000 0.979167 0.062500 0.979167 0.000000 1.000000 1.000000 1.000000 0.937500 1.000000 0.875000 1.000000 0.812500 1.000000 0.750000 1.000000 0.687500 1.000000 0.625000 1.000000 0.562500 1.000000 0.500000 1.000000 0.437500 1.000000 0.375000 1.000000 0.312500 1.000000 0.250000 1.000000 0.187500 1.000000 0.125000 1.000000 0.062500 1.000000 0.000000 0.000000 1.000000 0.000000 0.961538 0.000000 0.923077 0.000000 0.884615 0.000000 0.846154 0.000000 0.807692 0.000000 0.769231 0.000000 0.730769 0.000000 0.692308 0.000000 0.653846 0.000000 0.615385 0.000000 0.576923 0.000000 0.538462 0.000000 0.500000 0.000000 0.461538 0.000000 0.423077 0.000000 0.384615 0.000000 0.346154 0.000000 0.307692 0.000000 0.269231 0.000000 0.230769 0.000000 0.192308 0.000000 0.153846 0.000000 0.115385 0.000000 0.076923 0.000000 0.038462 0.000000 0.000000 0.025000 1.000000 0.025000 0.961538 0.025000 0.923077 0.025000 0.884615 0.025000 0.846154 0.025000 0.807692 0.025000 0.769231 0.025000 0.730769 0.025000 0.692308 0.025000 0.653846 0.025000 0.615385 0.025000 0.576923 0.025000 0.538462 0.025000 0.500000 0.025000 0.461538 0.025000 0.423077 0.025000 0.384615 0.025000 0.346154 0.025000 0.307692 0.025000 0.269231 0.025000 0.230769 0.025000 0.192308 0.025000 0.153846 0.025000 0.115385 0.025000 0.076923 0.025000 0.038462 0.025000 0.000000 0.050000 1.000000 0.050000 0.961538 0.050000 0.923077 0.050000 0.884615 0.050000 0.846154 0.050000 0.807692 0.050000 0.769231 0.050000 0.730769 0.050000 0.692308 0.050000 0.653846 0.050000 0.615385 0.050000 0.576923 0.050000 0.538462 0.050000 0.500000 0.050000 0.461538 0.050000 0.423077 0.050000 0.384615 0.050000 0.346154 0.050000 0.307692 0.050000 0.269231 0.050000 0.230769 0.050000 0.192308 0.050000 0.153846 0.050000 0.115385 0.050000 0.076923 0.050000 0.038462 0.050000 0.000000 0.075000 1.000000 0.075000 0.961538 0.075000 0.923077 0.075000 0.884615 0.075000 0.846154 0.075000 0.807692 0.075000 0.769231 0.075000 0.730769 0.075000 0.692308 0.075000 0.653846 0.075000 0.615385 0.075000 0.576923 0.075000 0.538462 0.075000 0.500000 0.075000 0.461538 0.075000 0.423077 0.075000 0.384615 0.075000 0.346154 0.075000 0.307692 0.075000 0.269231 0.075000 0.230769 0.075000 0.192308 0.075000 0.153846 0.075000 0.115385 0.075000 0.076923 0.075000 0.038462 0.075000 0.000000 0.100000 1.000000 0.100000 0.961538 0.100000 0.923077 0.100000 0.884615 0.100000 0.846154 0.100000 0.807692 0.100000 0.769231 0.100000 0.730769 0.100000 0.692308 0.100000 0.653846 0.100000 0.615385 0.100000 0.576923 0.100000 0.538462 0.100000 0.500000 0.100000 0.461538 0.100000 0.423077 0.100000 0.384615 0.100000 0.346154 0.100000 0.307692 0.100000 0.269231 0.100000 0.230769 0.100000 0.192308 0.100000 0.153846 0.100000 0.115385 0.100000 0.076923 0.100000 0.038462 0.100000 0.000000 0.125000 1.000000 0.125000 0.961538 0.125000 0.923077 0.125000 0.884615 0.125000 0.846154 0.125000 0.807692 0.125000 0.769231 0.125000 0.730769 0.125000 0.692308 0.125000 0.653846 0.125000 0.615385 0.125000 0.576923 0.125000 0.538462 0.125000 0.500000 0.125000 0.461538 0.125000 0.423077 0.125000 0.384615 0.125000 0.346154 0.125000 0.307692 0.125000 0.269231 0.125000 0.230769 0.125000 0.192308 0.125000 0.153846 0.125000 0.115385 0.125000 0.076923 0.125000 0.038462 0.125000 0.000000 0.150000 1.000000 0.150000 0.961538 0.150000 0.923077 0.150000 0.884615 0.150000 0.846154 0.150000 0.807692 0.150000 0.769231 0.150000 0.730769 0.150000 0.692308 0.150000 0.653846 0.150000 0.615385 0.150000 0.576923 0.150000 0.538462 0.150000 0.500000 0.150000 0.461538 0.150000 0.423077 0.150000 0.384615 0.150000 0.346154 0.150000 0.307692 0.150000 0.269231 0.150000 0.230769 0.150000 0.192308 0.150000 0.153846 0.150000 0.115385 0.150000 0.076923 0.150000 0.038462 0.150000 0.000000 0.175000 1.000000 0.175000 0.961538 0.175000 0.923077 0.175000 0.884615 0.175000 0.846154 0.175000 0.807692 0.175000 0.769231 0.175000 0.730769 0.175000 0.692308 0.175000 0.653846 0.175000 0.615385 0.175000 0.576923 0.175000 0.538462 0.175000 0.500000 0.175000 0.461538 0.175000 0.423077 0.175000 0.384615 0.175000 0.346154 0.175000 0.307692 0.175000 0.269231 0.175000 0.230769 0.175000 0.192308 0.175000 0.153846 0.175000 0.115385 0.175000 0.076923 0.175000 0.038462 0.175000 0.000000 0.200000 1.000000 0.200000 0.961538 0.200000 0.923077 0.200000 0.884615 0.200000 0.846154 0.200000 0.807692 0.200000 0.769231 0.200000 0.730769 0.200000 0.692308 0.200000 0.653846 0.200000 0.615385 0.200000 0.576923 0.200000 0.538462 0.200000 0.500000 0.200000 0.461538 0.200000 0.423077 0.200000 0.384615 0.200000 0.346154 0.200000 0.307692 0.200000 0.269231 0.200000 0.230769 0.200000 0.192308 0.200000 0.153846 0.200000 0.115385 0.200000 0.076923 0.200000 0.038462 0.200000 0.000000 0.225000 1.000000 0.225000 0.961538 0.225000 0.923077 0.225000 0.884615 0.225000 0.846154 0.225000 0.807692 0.225000 0.769231 0.225000 0.730769 0.225000 0.692308 0.225000 0.653846 0.225000 0.615385 0.225000 0.576923 0.225000 0.538462 0.225000 0.500000 0.225000 0.461538 0.225000 0.423077 0.225000 0.384615 0.225000 0.346154 0.225000 0.307692 0.225000 0.269231 0.225000 0.230769 0.225000 0.192308 0.225000 0.153846 0.225000 0.115385 0.225000 0.076923 0.225000 0.038462 0.225000 0.000000 0.250000 1.000000 0.250000 0.961538 0.250000 0.923077 0.250000 0.884615 0.250000 0.846154 0.250000 0.807692 0.250000 0.769231 0.250000 0.730769 0.250000 0.692308 0.250000 0.653846 0.250000 0.615385 0.250000 0.576923 0.250000 0.538462 0.250000 0.500000 0.250000 0.461538 0.250000 0.423077 0.250000 0.384615 0.250000 0.346154 0.250000 0.307692 0.250000 0.269231 0.250000 0.230769 0.250000 0.192308 0.250000 0.153846 0.250000 0.115385 0.250000 0.076923 0.250000 0.038462 0.250000 0.000000 0.275000 1.000000 0.275000 0.961538 0.275000 0.923077 0.275000 0.884615 0.275000 0.846154 0.275000 0.807692 0.275000 0.769231 0.275000 0.730769 0.275000 0.692308 0.275000 0.653846 0.275000 0.615385 0.275000 0.576923 0.275000 0.538462 0.275000 0.500000 0.275000 0.461538 0.275000 0.423077 0.275000 0.384615 0.275000 0.346154 0.275000 0.307692 0.275000 0.269231 0.275000 0.230769 0.275000 0.192308 0.275000 0.153846 0.275000 0.115385 0.275000 0.076923 0.275000 0.038462 0.275000 0.000000 0.300000 1.000000 0.300000 0.961538 0.300000 0.923077 0.300000 0.884615 0.300000 0.846154 0.300000 0.807692 0.300000 0.769231 0.300000 0.730769 0.300000 0.692308 0.300000 0.653846 0.300000 0.615385 0.300000 0.576923 0.300000 0.538462 0.300000 0.500000 0.300000 0.461538 0.300000 0.423077 0.300000 0.384615 0.300000 0.346154 0.300000 0.307692 0.300000 0.269231 0.300000 0.230769 0.300000 0.192308 0.300000 0.153846 0.300000 0.115385 0.300000 0.076923 0.300000 0.038462 0.300000 0.000000 0.325000 1.000000 0.325000 0.961538 0.325000 0.923077 0.325000 0.884615 0.325000 0.846154 0.325000 0.807692 0.325000 0.769231 0.325000 0.730769 0.325000 0.692308 0.325000 0.653846 0.325000 0.615385 0.325000 0.576923 0.325000 0.538462 0.325000 0.500000 0.325000 0.461538 0.325000 0.423077 0.325000 0.384615 0.325000 0.346154 0.325000 0.307692 0.325000 0.269231 0.325000 0.230769 0.325000 0.192308 0.325000 0.153846 0.325000 0.115385 0.325000 0.076923 0.325000 0.038462 0.325000 0.000000 0.350000 1.000000 0.350000 0.961538 0.350000 0.923077 0.350000 0.884615 0.350000 0.846154 0.350000 0.807692 0.350000 0.769231 0.350000 0.730769 0.350000 0.692308 0.350000 0.653846 0.350000 0.615385 0.350000 0.576923 0.350000 0.538462 0.350000 0.500000 0.350000 0.461538 0.350000 0.423077 0.350000 0.384615 0.350000 0.346154 0.350000 0.307692 0.350000 0.269231 0.350000 0.230769 0.350000 0.192308 0.350000 0.153846 0.350000 0.115385 0.350000 0.076923 0.350000 0.038462 0.350000 0.000000 0.375000 1.000000 0.375000 0.961538 0.375000 0.923077 0.375000 0.884615 0.375000 0.846154 0.375000 0.807692 0.375000 0.769231 0.375000 0.730769 0.375000 0.692308 0.375000 0.653846 0.375000 0.615385 0.375000 0.576923 0.375000 0.538462 0.375000 0.500000 0.375000 0.461538 0.375000 0.423077 0.375000 0.384615 0.375000 0.346154 0.375000 0.307692 0.375000 0.269231 0.375000 0.230769 0.375000 0.192308 0.375000 0.153846 0.375000 0.115385 0.375000 0.076923 0.375000 0.038462 0.375000 0.000000 0.400000 1.000000 0.400000 0.961538 0.400000 0.923077 0.400000 0.884615 0.400000 0.846154 0.400000 0.807692 0.400000 0.769231 0.400000 0.730769 0.400000 0.692308 0.400000 0.653846 0.400000 0.615385 0.400000 0.576923 0.400000 0.538462 0.400000 0.500000 0.400000 0.461538 0.400000 0.423077 0.400000 0.384615 0.400000 0.346154 0.400000 0.307692 0.400000 0.269231 0.400000 0.230769 0.400000 0.192308 0.400000 0.153846 0.400000 0.115385 0.400000 0.076923 0.400000 0.038462 0.400000 0.000000 0.425000 1.000000 0.425000 0.961538 0.425000 0.923077 0.425000 0.884615 0.425000 0.846154 0.425000 0.807692 0.425000 0.769231 0.425000 0.730769 0.425000 0.692308 0.425000 0.653846 0.425000 0.615385 0.425000 0.576923 0.425000 0.538462 0.425000 0.500000 0.425000 0.461538 0.425000 0.423077 0.425000 0.384615 0.425000 0.346154 0.425000 0.307692 0.425000 0.269231 0.425000 0.230769 0.425000 0.192308 0.425000 0.153846 0.425000 0.115385 0.425000 0.076923 0.425000 0.038462 0.425000 0.000000 0.450000 1.000000 0.450000 0.961538 0.450000 0.923077 0.450000 0.884615 0.450000 0.846154 0.450000 0.807692 0.450000 0.769231 0.450000 0.730769 0.450000 0.692308 0.450000 0.653846 0.450000 0.615385 0.450000 0.576923 0.450000 0.538462 0.450000 0.500000 0.450000 0.461538 0.450000 0.423077 0.450000 0.384615 0.450000 0.346154 0.450000 0.307692 0.450000 0.269231 0.450000 0.230769 0.450000 0.192308 0.450000 0.153846 0.450000 0.115385 0.450000 0.076923 0.450000 0.038462 0.450000 0.000000 0.475000 1.000000 0.475000 0.961538 0.475000 0.923077 0.475000 0.884615 0.475000 0.846154 0.475000 0.807692 0.475000 0.769231 0.475000 0.730769 0.475000 0.692308 0.475000 0.653846 0.475000 0.615385 0.475000 0.576923 0.475000 0.538462 0.475000 0.500000 0.475000 0.461538 0.475000 0.423077 0.475000 0.384615 0.475000 0.346154 0.475000 0.307692 0.475000 0.269231 0.475000 0.230769 0.475000 0.192308 0.475000 0.153846 0.475000 0.115385 0.475000 0.076923 0.475000 0.038462 0.475000 0.000000 0.500000 1.000000 0.500000 0.961538 0.500000 0.923077 0.500000 0.884615 0.500000 0.846154 0.500000 0.807692 0.500000 0.769231 0.500000 0.730769 0.500000 0.692308 0.500000 0.653846 0.500000 0.615385 0.500000 0.576923 0.500000 0.538462 0.500000 0.500000 0.500000 0.461538 0.500000 0.423077 0.500000 0.384615 0.500000 0.346154 0.500000 0.307692 0.500000 0.269231 0.500000 0.230769 0.500000 0.192308 0.500000 0.153846 0.500000 0.115385 0.500000 0.076923 0.500000 0.038462 0.500000 0.000000 0.525000 1.000000 0.525000 0.961538 0.525000 0.923077 0.525000 0.884615 0.525000 0.846154 0.525000 0.807692 0.525000 0.769231 0.525000 0.730769 0.525000 0.692308 0.525000 0.653846 0.525000 0.615385 0.525000 0.576923 0.525000 0.538462 0.525000 0.500000 0.525000 0.461538 0.525000 0.423077 0.525000 0.384615 0.525000 0.346154 0.525000 0.307692 0.525000 0.269231 0.525000 0.230769 0.525000 0.192308 0.525000 0.153846 0.525000 0.115385 0.525000 0.076923 0.525000 0.038462 0.525000 0.000000 0.550000 1.000000 0.550000 0.961538 0.550000 0.923077 0.550000 0.884615 0.550000 0.846154 0.550000 0.807692 0.550000 0.769231 0.550000 0.730769 0.550000 0.692308 0.550000 0.653846 0.550000 0.615385 0.550000 0.576923 0.550000 0.538462 0.550000 0.500000 0.550000 0.461538 0.550000 0.423077 0.550000 0.384615 0.550000 0.346154 0.550000 0.307692 0.550000 0.269231 0.550000 0.230769 0.550000 0.192308 0.550000 0.153846 0.550000 0.115385 0.550000 0.076923 0.550000 0.038462 0.550000 0.000000 0.575000 1.000000 0.575000 0.961538 0.575000 0.923077 0.575000 0.884615 0.575000 0.846154 0.575000 0.807692 0.575000 0.769231 0.575000 0.730769 0.575000 0.692308 0.575000 0.653846 0.575000 0.615385 0.575000 0.576923 0.575000 0.538462 0.575000 0.500000 0.575000 0.461538 0.575000 0.423077 0.575000 0.384615 0.575000 0.346154 0.575000 0.307692 0.575000 0.269231 0.575000 0.230769 0.575000 0.192308 0.575000 0.153846 0.575000 0.115385 0.575000 0.076923 0.575000 0.038462 0.575000 0.000000 0.600000 1.000000 0.600000 0.961538 0.600000 0.923077 0.600000 0.884615 0.600000 0.846154 0.600000 0.807692 0.600000 0.769231 0.600000 0.730769 0.600000 0.692308 0.600000 0.653846 0.600000 0.615385 0.600000 0.576923 0.600000 0.538462 0.600000 0.500000 0.600000 0.461538 0.600000 0.423077 0.600000 0.384615 0.600000 0.346154 0.600000 0.307692 0.600000 0.269231 0.600000 0.230769 0.600000 0.192308 0.600000 0.153846 0.600000 0.115385 0.600000 0.076923 0.600000 0.038462 0.600000 0.000000 0.625000 1.000000 0.625000 0.961538 0.625000 0.923077 0.625000 0.884615 0.625000 0.846154 0.625000 0.807692 0.625000 0.769231 0.625000 0.730769 0.625000 0.692308 0.625000 0.653846 0.625000 0.615385 0.625000 0.576923 0.625000 0.538462 0.625000 0.500000 0.625000 0.461538 0.625000 0.423077 0.625000 0.384615 0.625000 0.346154 0.625000 0.307692 0.625000 0.269231 0.625000 0.230769 0.625000 0.192308 0.625000 0.153846 0.625000 0.115385 0.625000 0.076923 0.625000 0.038462 0.625000 0.000000 0.650000 1.000000 0.650000 0.961538 0.650000 0.923077 0.650000 0.884615 0.650000 0.846154 0.650000 0.807692 0.650000 0.769231 0.650000 0.730769 0.650000 0.692308 0.650000 0.653846 0.650000 0.615385 0.650000 0.576923 0.650000 0.538462 0.650000 0.500000 0.650000 0.461538 0.650000 0.423077 0.650000 0.384615 0.650000 0.346154 0.650000 0.307692 0.650000 0.269231 0.650000 0.230769 0.650000 0.192308 0.650000 0.153846 0.650000 0.115385 0.650000 0.076923 0.650000 0.038462 0.650000 0.000000 0.675000 1.000000 0.675000 0.961538 0.675000 0.923077 0.675000 0.884615 0.675000 0.846154 0.675000 0.807692 0.675000 0.769231 0.675000 0.730769 0.675000 0.692308 0.675000 0.653846 0.675000 0.615385 0.675000 0.576923 0.675000 0.538462 0.675000 0.500000 0.675000 0.461538 0.675000 0.423077 0.675000 0.384615 0.675000 0.346154 0.675000 0.307692 0.675000 0.269231 0.675000 0.230769 0.675000 0.192308 0.675000 0.153846 0.675000 0.115385 0.675000 0.076923 0.675000 0.038462 0.675000 0.000000 0.700000 1.000000 0.700000 0.961538 0.700000 0.923077 0.700000 0.884615 0.700000 0.846154 0.700000 0.807692 0.700000 0.769231 0.700000 0.730769 0.700000 0.692308 0.700000 0.653846 0.700000 0.615385 0.700000 0.576923 0.700000 0.538462 0.700000 0.500000 0.700000 0.461538 0.700000 0.423077 0.700000 0.384615 0.700000 0.346154 0.700000 0.307692 0.700000 0.269231 0.700000 0.230769 0.700000 0.192308 0.700000 0.153846 0.700000 0.115385 0.700000 0.076923 0.700000 0.038462 0.700000 0.000000 0.725000 1.000000 0.725000 0.961538 0.725000 0.923077 0.725000 0.884615 0.725000 0.846154 0.725000 0.807692 0.725000 0.769231 0.725000 0.730769 0.725000 0.692308 0.725000 0.653846 0.725000 0.615385 0.725000 0.576923 0.725000 0.538462 0.725000 0.500000 0.725000 0.461538 0.725000 0.423077 0.725000 0.384615 0.725000 0.346154 0.725000 0.307692 0.725000 0.269231 0.725000 0.230769 0.725000 0.192308 0.725000 0.153846 0.725000 0.115385 0.725000 0.076923 0.725000 0.038462 0.725000 0.000000 0.750000 1.000000 0.750000 0.961538 0.750000 0.923077 0.750000 0.884615 0.750000 0.846154 0.750000 0.807692 0.750000 0.769231 0.750000 0.730769 0.750000 0.692308 0.750000 0.653846 0.750000 0.615385 0.750000 0.576923 0.750000 0.538462 0.750000 0.500000 0.750000 0.461538 0.750000 0.423077 0.750000 0.384615 0.750000 0.346154 0.750000 0.307692 0.750000 0.269231 0.750000 0.230769 0.750000 0.192308 0.750000 0.153846 0.750000 0.115385 0.750000 0.076923 0.750000 0.038462 0.750000 0.000000 0.775000 1.000000 0.775000 0.961538 0.775000 0.923077 0.775000 0.884615 0.775000 0.846154 0.775000 0.807692 0.775000 0.769231 0.775000 0.730769 0.775000 0.692308 0.775000 0.653846 0.775000 0.615385 0.775000 0.576923 0.775000 0.538462 0.775000 0.500000 0.775000 0.461538 0.775000 0.423077 0.775000 0.384615 0.775000 0.346154 0.775000 0.307692 0.775000 0.269231 0.775000 0.230769 0.775000 0.192308 0.775000 0.153846 0.775000 0.115385 0.775000 0.076923 0.775000 0.038462 0.775000 0.000000 0.800000 1.000000 0.800000 0.961538 0.800000 0.923077 0.800000 0.884615 0.800000 0.846154 0.800000 0.807692 0.800000 0.769231 0.800000 0.730769 0.800000 0.692308 0.800000 0.653846 0.800000 0.615385 0.800000 0.576923 0.800000 0.538462 0.800000 0.500000 0.800000 0.461538 0.800000 0.423077 0.800000 0.384615 0.800000 0.346154 0.800000 0.307692 0.800000 0.269231 0.800000 0.230769 0.800000 0.192308 0.800000 0.153846 0.800000 0.115385 0.800000 0.076923 0.800000 0.038462 0.800000 0.000000 0.825000 1.000000 0.825000 0.961538 0.825000 0.923077 0.825000 0.884615 0.825000 0.846154 0.825000 0.807692 0.825000 0.769231 0.825000 0.730769 0.825000 0.692308 0.825000 0.653846 0.825000 0.615385 0.825000 0.576923 0.825000 0.538462 0.825000 0.500000 0.825000 0.461538 0.825000 0.423077 0.825000 0.384615 0.825000 0.346154 0.825000 0.307692 0.825000 0.269231 0.825000 0.230769 0.825000 0.192308 0.825000 0.153846 0.825000 0.115385 0.825000 0.076923 0.825000 0.038462 0.825000 0.000000 0.850000 1.000000 0.850000 0.961538 0.850000 0.923077 0.850000 0.884615 0.850000 0.846154 0.850000 0.807692 0.850000 0.769231 0.850000 0.730769 0.850000 0.692308 0.850000 0.653846 0.850000 0.615385 0.850000 0.576923 0.850000 0.538462 0.850000 0.500000 0.850000 0.461538 0.850000 0.423077 0.850000 0.384615 0.850000 0.346154 0.850000 0.307692 0.850000 0.269231 0.850000 0.230769 0.850000 0.192308 0.850000 0.153846 0.850000 0.115385 0.850000 0.076923 0.850000 0.038462 0.850000 0.000000 0.875000 1.000000 0.875000 0.961538 0.875000 0.923077 0.875000 0.884615 0.875000 0.846154 0.875000 0.807692 0.875000 0.769231 0.875000 0.730769 0.875000 0.692308 0.875000 0.653846 0.875000 0.615385 0.875000 0.576923 0.875000 0.538462 0.875000 0.500000 0.875000 0.461538 0.875000 0.423077 0.875000 0.384615 0.875000 0.346154 0.875000 0.307692 0.875000 0.269231 0.875000 0.230769 0.875000 0.192308 0.875000 0.153846 0.875000 0.115385 0.875000 0.076923 0.875000 0.038462 0.875000 0.000000 0.900000 1.000000 0.900000 0.961538 0.900000 0.923077 0.900000 0.884615 0.900000 0.846154 0.900000 0.807692 0.900000 0.769231 0.900000 0.730769 0.900000 0.692308 0.900000 0.653846 0.900000 0.615385 0.900000 0.576923 0.900000 0.538462 0.900000 0.500000 0.900000 0.461538 0.900000 0.423077 0.900000 0.384615 0.900000 0.346154 0.900000 0.307692 0.900000 0.269231 0.900000 0.230769 0.900000 0.192308 0.900000 0.153846 0.900000 0.115385 0.900000 0.076923 0.900000 0.038462 0.900000 0.000000 0.925000 1.000000 0.925000 0.961538 0.925000 0.923077 0.925000 0.884615 0.925000 0.846154 0.925000 0.807692 0.925000 0.769231 0.925000 0.730769 0.925000 0.692308 0.925000 0.653846 0.925000 0.615385 0.925000 0.576923 0.925000 0.538462 0.925000 0.500000 0.925000 0.461538 0.925000 0.423077 0.925000 0.384615 0.925000 0.346154 0.925000 0.307692 0.925000 0.269231 0.925000 0.230769 0.925000 0.192308 0.925000 0.153846 0.925000 0.115385 0.925000 0.076923 0.925000 0.038462 0.925000 0.000000 0.950000 1.000000 0.950000 0.961538 0.950000 0.923077 0.950000 0.884615 0.950000 0.846154 0.950000 0.807692 0.950000 0.769231 0.950000 0.730769 0.950000 0.692308 0.950000 0.653846 0.950000 0.615385 0.950000 0.576923 0.950000 0.538462 0.950000 0.500000 0.950000 0.461538 0.950000 0.423077 0.950000 0.384615 0.950000 0.346154 0.950000 0.307692 0.950000 0.269231 0.950000 0.230769 0.950000 0.192308 0.950000 0.153846 0.950000 0.115385 0.950000 0.076923 0.950000 0.038462 0.950000 0.000000 0.975000 1.000000 0.975000 0.961538 0.975000 0.923077 0.975000 0.884615 0.975000 0.846154 0.975000 0.807692 0.975000 0.769231 0.975000 0.730769 0.975000 0.692308 0.975000 0.653846 0.975000 0.615385 0.975000 0.576923 0.975000 0.538462 0.975000 0.500000 0.975000 0.461538 0.975000 0.423077 0.975000 0.384615 0.975000 0.346154 0.975000 0.307692 0.975000 0.269231 0.975000 0.230769 0.975000 0.192308 0.975000 0.153846 0.975000 0.115385 0.975000 0.076923 0.975000 0.038462 0.975000 0.000000 1.000000 1.000000 1.000000 0.961538 1.000000 0.923077 1.000000 0.884615 1.000000 0.846154 1.000000 0.807692 1.000000 0.769231 1.000000 0.730769 1.000000 0.692308 1.000000 0.653846 1.000000 0.615385 1.000000 0.576923 1.000000 0.538462 1.000000 0.500000 1.000000 0.461538 1.000000 0.423077 1.000000 0.384615 1.000000 0.346154 1.000000 0.307692 1.000000 0.269231 1.000000 0.230769 1.000000 0.192308 1.000000 0.153846 1.000000 0.115385 1.000000 0.076923 1.000000 0.038462 1.000000 0.000000 0.000000 1.000000 0.000000 0.954545 0.000000 0.909091 0.000000 0.863636 0.000000 0.818182 0.000000 0.772727 0.000000 0.727273 0.000000 0.681818 0.000000 0.636364 0.000000 0.590909 0.000000 0.545455 0.000000 0.500000 0.000000 0.454545 0.000000 0.409091 0.000000 0.363636 0.000000 0.318182 0.000000 0.272727 0.000000 0.227273 0.000000 0.181818 0.000000 0.136364 0.000000 0.090909 0.000000 0.045455 0.000000 0.000000 0.031250 1.000000 0.031250 0.954545 0.031250 0.909091 0.031250 0.863636 0.031250 0.818182 0.031250 0.772727 0.031250 0.727273 0.031250 0.681818 0.031250 0.636364 0.031250 0.590909 0.031250 0.545455 0.031250 0.500000 0.031250 0.454545 0.031250 0.409091 0.031250 0.363636 0.031250 0.318182 0.031250 0.272727 0.031250 0.227273 0.031250 0.181818 0.031250 0.136364 0.031250 0.090909 0.031250 0.045455 0.031250 0.000000 0.062500 1.000000 0.062500 0.954545 0.062500 0.909091 0.062500 0.863636 0.062500 0.818182 0.062500 0.772727 0.062500 0.727273 0.062500 0.681818 0.062500 0.636364 0.062500 0.590909 0.062500 0.545455 0.062500 0.500000 0.062500 0.454545 0.062500 0.409091 0.062500 0.363636 0.062500 0.318182 0.062500 0.272727 0.062500 0.227273 0.062500 0.181818 0.062500 0.136364 0.062500 0.090909 0.062500 0.045455 0.062500 0.000000 0.093750 1.000000 0.093750 0.954545 0.093750 0.909091 0.093750 0.863636 0.093750 0.818182 0.093750 0.772727 0.093750 0.727273 0.093750 0.681818 0.093750 0.636364 0.093750 0.590909 0.093750 0.545455 0.093750 0.500000 0.093750 0.454545 0.093750 0.409091 0.093750 0.363636 0.093750 0.318182 0.093750 0.272727 0.093750 0.227273 0.093750 0.181818 0.093750 0.136364 0.093750 0.090909 0.093750 0.045455 0.093750 0.000000 0.125000 1.000000 0.125000 0.954545 0.125000 0.909091 0.125000 0.863636 0.125000 0.818182 0.125000 0.772727 0.125000 0.727273 0.125000 0.681818 0.125000 0.636364 0.125000 0.590909 0.125000 0.545455 0.125000 0.500000 0.125000 0.454545 0.125000 0.409091 0.125000 0.363636 0.125000 0.318182 0.125000 0.272727 0.125000 0.227273 0.125000 0.181818 0.125000 0.136364 0.125000 0.090909 0.125000 0.045455 0.125000 0.000000 0.156250 1.000000 0.156250 0.954545 0.156250 0.909091 0.156250 0.863636 0.156250 0.818182 0.156250 0.772727 0.156250 0.727273 0.156250 0.681818 0.156250 0.636364 0.156250 0.590909 0.156250 0.545455 0.156250 0.500000 0.156250 0.454545 0.156250 0.409091 0.156250 0.363636 0.156250 0.318182 0.156250 0.272727 0.156250 0.227273 0.156250 0.181818 0.156250 0.136364 0.156250 0.090909 0.156250 0.045455 0.156250 0.000000 0.187500 1.000000 0.187500 0.954545 0.187500 0.909091 0.187500 0.863636 0.187500 0.818182 0.187500 0.772727 0.187500 0.727273 0.187500 0.681818 0.187500 0.636364 0.187500 0.590909 0.187500 0.545455 0.187500 0.500000 0.187500 0.454545 0.187500 0.409091 0.187500 0.363636 0.187500 0.318182 0.187500 0.272727 0.187500 0.227273 0.187500 0.181818 0.187500 0.136364 0.187500 0.090909 0.187500 0.045455 0.187500 0.000000 0.218750 1.000000 0.218750 0.954545 0.218750 0.909091 0.218750 0.863636 0.218750 0.818182 0.218750 0.772727 0.218750 0.727273 0.218750 0.681818 0.218750 0.636364 0.218750 0.590909 0.218750 0.545455 0.218750 0.500000 0.218750 0.454545 0.218750 0.409091 0.218750 0.363636 0.218750 0.318182 0.218750 0.272727 0.218750 0.227273 0.218750 0.181818 0.218750 0.136364 0.218750 0.090909 0.218750 0.045455 0.218750 0.000000 0.250000 1.000000 0.250000 0.954545 0.250000 0.909091 0.250000 0.863636 0.250000 0.818182 0.250000 0.772727 0.250000 0.727273 0.250000 0.681818 0.250000 0.636364 0.250000 0.590909 0.250000 0.545455 0.250000 0.500000 0.250000 0.454545 0.250000 0.409091 0.250000 0.363636 0.250000 0.318182 0.250000 0.272727 0.250000 0.227273 0.250000 0.181818 0.250000 0.136364 0.250000 0.090909 0.250000 0.045455 0.250000 0.000000 0.281250 1.000000 0.281250 0.954545 0.281250 0.909091 0.281250 0.863636 0.281250 0.818182 0.281250 0.772727 0.281250 0.727273 0.281250 0.681818 0.281250 0.636364 0.281250 0.590909 0.281250 0.545455 0.281250 0.500000 0.281250 0.454545 0.281250 0.409091 0.281250 0.363636 0.281250 0.318182 0.281250 0.272727 0.281250 0.227273 0.281250 0.181818 0.281250 0.136364 0.281250 0.090909 0.281250 0.045455 0.281250 0.000000 0.312500 1.000000 0.312500 0.954545 0.312500 0.909091 0.312500 0.863636 0.312500 0.818182 0.312500 0.772727 0.312500 0.727273 0.312500 0.681818 0.312500 0.636364 0.312500 0.590909 0.312500 0.545455 0.312500 0.500000 0.312500 0.454545 0.312500 0.409091 0.312500 0.363636 0.312500 0.318182 0.312500 0.272727 0.312500 0.227273 0.312500 0.181818 0.312500 0.136364 0.312500 0.090909 0.312500 0.045455 0.312500 0.000000 0.343750 1.000000 0.343750 0.954545 0.343750 0.909091 0.343750 0.863636 0.343750 0.818182 0.343750 0.772727 0.343750 0.727273 0.343750 0.681818 0.343750 0.636364 0.343750 0.590909 0.343750 0.545455 0.343750 0.500000 0.343750 0.454545 0.343750 0.409091 0.343750 0.363636 0.343750 0.318182 0.343750 0.272727 0.343750 0.227273 0.343750 0.181818 0.343750 0.136364 0.343750 0.090909 0.343750 0.045455 0.343750 0.000000 0.375000 1.000000 0.375000 0.954545 0.375000 0.909091 0.375000 0.863636 0.375000 0.818182 0.375000 0.772727 0.375000 0.727273 0.375000 0.681818 0.375000 0.636364 0.375000 0.590909 0.375000 0.545455 0.375000 0.500000 0.375000 0.454545 0.375000 0.409091 0.375000 0.363636 0.375000 0.318182 0.375000 0.272727 0.375000 0.227273 0.375000 0.181818 0.375000 0.136364 0.375000 0.090909 0.375000 0.045455 0.375000 0.000000 0.406250 1.000000 0.406250 0.954545 0.406250 0.909091 0.406250 0.863636 0.406250 0.818182 0.406250 0.772727 0.406250 0.727273 0.406250 0.681818 0.406250 0.636364 0.406250 0.590909 0.406250 0.545455 0.406250 0.500000 0.406250 0.454545 0.406250 0.409091 0.406250 0.363636 0.406250 0.318182 0.406250 0.272727 0.406250 0.227273 0.406250 0.181818 0.406250 0.136364 0.406250 0.090909 0.406250 0.045455 0.406250 0.000000 0.437500 1.000000 0.437500 0.954545 0.437500 0.909091 0.437500 0.863636 0.437500 0.818182 0.437500 0.772727 0.437500 0.727273 0.437500 0.681818 0.437500 0.636364 0.437500 0.590909 0.437500 0.545455 0.437500 0.500000 0.437500 0.454545 0.437500 0.409091 0.437500 0.363636 0.437500 0.318182 0.437500 0.272727 0.437500 0.227273 0.437500 0.181818 0.437500 0.136364 0.437500 0.090909 0.437500 0.045455 0.437500 0.000000 0.468750 1.000000 0.468750 0.954545 0.468750 0.909091 0.468750 0.863636 0.468750 0.818182 0.468750 0.772727 0.468750 0.727273 0.468750 0.681818 0.468750 0.636364 0.468750 0.590909 0.468750 0.545455 0.468750 0.500000 0.468750 0.454545 0.468750 0.409091 0.468750 0.363636 0.468750 0.318182 0.468750 0.272727 0.468750 0.227273 0.468750 0.181818 0.468750 0.136364 0.468750 0.090909 0.468750 0.045455 0.468750 0.000000 0.500000 1.000000 0.500000 0.954545 0.500000 0.909091 0.500000 0.863636 0.500000 0.818182 0.500000 0.772727 0.500000 0.727273 0.500000 0.681818 0.500000 0.636364 0.500000 0.590909 0.500000 0.545455 0.500000 0.500000 0.500000 0.454545 0.500000 0.409091 0.500000 0.363636 0.500000 0.318182 0.500000 0.272727 0.500000 0.227273 0.500000 0.181818 0.500000 0.136364 0.500000 0.090909 0.500000 0.045455 0.500000 0.000000 0.531250 1.000000 0.531250 0.954545 0.531250 0.909091 0.531250 0.863636 0.531250 0.818182 0.531250 0.772727 0.531250 0.727273 0.531250 0.681818 0.531250 0.636364 0.531250 0.590909 0.531250 0.545455 0.531250 0.500000 0.531250 0.454545 0.531250 0.409091 0.531250 0.363636 0.531250 0.318182 0.531250 0.272727 0.531250 0.227273 0.531250 0.181818 0.531250 0.136364 0.531250 0.090909 0.531250 0.045455 0.531250 0.000000 0.562500 1.000000 0.562500 0.954545 0.562500 0.909091 0.562500 0.863636 0.562500 0.818182 0.562500 0.772727 0.562500 0.727273 0.562500 0.681818 0.562500 0.636364 0.562500 0.590909 0.562500 0.545455 0.562500 0.500000 0.562500 0.454545 0.562500 0.409091 0.562500 0.363636 0.562500 0.318182 0.562500 0.272727 0.562500 0.227273 0.562500 0.181818 0.562500 0.136364 0.562500 0.090909 0.562500 0.045455 0.562500 0.000000 0.593750 1.000000 0.593750 0.954545 0.593750 0.909091 0.593750 0.863636 0.593750 0.818182 0.593750 0.772727 0.593750 0.727273 0.593750 0.681818 0.593750 0.636364 0.593750 0.590909 0.593750 0.545455 0.593750 0.500000 0.593750 0.454545 0.593750 0.409091 0.593750 0.363636 0.593750 0.318182 0.593750 0.272727 0.593750 0.227273 0.593750 0.181818 0.593750 0.136364 0.593750 0.090909 0.593750 0.045455 0.593750 0.000000 0.625000 1.000000 0.625000 0.954545 0.625000 0.909091 0.625000 0.863636 0.625000 0.818182 0.625000 0.772727 0.625000 0.727273 0.625000 0.681818 0.625000 0.636364 0.625000 0.590909 0.625000 0.545455 0.625000 0.500000 0.625000 0.454545 0.625000 0.409091 0.625000 0.363636 0.625000 0.318182 0.625000 0.272727 0.625000 0.227273 0.625000 0.181818 0.625000 0.136364 0.625000 0.090909 0.625000 0.045455 0.625000 0.000000 0.656250 1.000000 0.656250 0.954545 0.656250 0.909091 0.656250 0.863636 0.656250 0.818182 0.656250 0.772727 0.656250 0.727273 0.656250 0.681818 0.656250 0.636364 0.656250 0.590909 0.656250 0.545455 0.656250 0.500000 0.656250 0.454545 0.656250 0.409091 0.656250 0.363636 0.656250 0.318182 0.656250 0.272727 0.656250 0.227273 0.656250 0.181818 0.656250 0.136364 0.656250 0.090909 0.656250 0.045455 0.656250 0.000000 0.687500 1.000000 0.687500 0.954545 0.687500 0.909091 0.687500 0.863636 0.687500 0.818182 0.687500 0.772727 0.687500 0.727273 0.687500 0.681818 0.687500 0.636364 0.687500 0.590909 0.687500 0.545455 0.687500 0.500000 0.687500 0.454545 0.687500 0.409091 0.687500 0.363636 0.687500 0.318182 0.687500 0.272727 0.687500 0.227273 0.687500 0.181818 0.687500 0.136364 0.687500 0.090909 0.687500 0.045455 0.687500 0.000000 0.718750 1.000000 0.718750 0.954545 0.718750 0.909091 0.718750 0.863636 0.718750 0.818182 0.718750 0.772727 0.718750 0.727273 0.718750 0.681818 0.718750 0.636364 0.718750 0.590909 0.718750 0.545455 0.718750 0.500000 0.718750 0.454545 0.718750 0.409091 0.718750 0.363636 0.718750 0.318182 0.718750 0.272727 0.718750 0.227273 0.718750 0.181818 0.718750 0.136364 0.718750 0.090909 0.718750 0.045455 0.718750 0.000000 0.750000 1.000000 0.750000 0.954545 0.750000 0.909091 0.750000 0.863636 0.750000 0.818182 0.750000 0.772727 0.750000 0.727273 0.750000 0.681818 0.750000 0.636364 0.750000 0.590909 0.750000 0.545455 0.750000 0.500000 0.750000 0.454545 0.750000 0.409091 0.750000 0.363636 0.750000 0.318182 0.750000 0.272727 0.750000 0.227273 0.750000 0.181818 0.750000 0.136364 0.750000 0.090909 0.750000 0.045455 0.750000 0.000000 0.781250 1.000000 0.781250 0.954545 0.781250 0.909091 0.781250 0.863636 0.781250 0.818182 0.781250 0.772727 0.781250 0.727273 0.781250 0.681818 0.781250 0.636364 0.781250 0.590909 0.781250 0.545455 0.781250 0.500000 0.781250 0.454545 0.781250 0.409091 0.781250 0.363636 0.781250 0.318182 0.781250 0.272727 0.781250 0.227273 0.781250 0.181818 0.781250 0.136364 0.781250 0.090909 0.781250 0.045455 0.781250 0.000000 0.812500 1.000000 0.812500 0.954545 0.812500 0.909091 0.812500 0.863636 0.812500 0.818182 0.812500 0.772727 0.812500 0.727273 0.812500 0.681818 0.812500 0.636364 0.812500 0.590909 0.812500 0.545455 0.812500 0.500000 0.812500 0.454545 0.812500 0.409091 0.812500 0.363636 0.812500 0.318182 0.812500 0.272727 0.812500 0.227273 0.812500 0.181818 0.812500 0.136364 0.812500 0.090909 0.812500 0.045455 0.812500 0.000000 0.843750 1.000000 0.843750 0.954545 0.843750 0.909091 0.843750 0.863636 0.843750 0.818182 0.843750 0.772727 0.843750 0.727273 0.843750 0.681818 0.843750 0.636364 0.843750 0.590909 0.843750 0.545455 0.843750 0.500000 0.843750 0.454545 0.843750 0.409091 0.843750 0.363636 0.843750 0.318182 0.843750 0.272727 0.843750 0.227273 0.843750 0.181818 0.843750 0.136364 0.843750 0.090909 0.843750 0.045455 0.843750 0.000000 0.875000 1.000000 0.875000 0.954545 0.875000 0.909091 0.875000 0.863636 0.875000 0.818182 0.875000 0.772727 0.875000 0.727273 0.875000 0.681818 0.875000 0.636364 0.875000 0.590909 0.875000 0.545455 0.875000 0.500000 0.875000 0.454545 0.875000 0.409091 0.875000 0.363636 0.875000 0.318182 0.875000 0.272727 0.875000 0.227273 0.875000 0.181818 0.875000 0.136364 0.875000 0.090909 0.875000 0.045455 0.875000 0.000000 0.906250 1.000000 0.906250 0.954545 0.906250 0.909091 0.906250 0.863636 0.906250 0.818182 0.906250 0.772727 0.906250 0.727273 0.906250 0.681818 0.906250 0.636364 0.906250 0.590909 0.906250 0.545455 0.906250 0.500000 0.906250 0.454545 0.906250 0.409091 0.906250 0.363636 0.906250 0.318182 0.906250 0.272727 0.906250 0.227273 0.906250 0.181818 0.906250 0.136364 0.906250 0.090909 0.906250 0.045455 0.906250 0.000000 0.937500 1.000000 0.937500 0.954545 0.937500 0.909091 0.937500 0.863636 0.937500 0.818182 0.937500 0.772727 0.937500 0.727273 0.937500 0.681818 0.937500 0.636364 0.937500 0.590909 0.937500 0.545455 0.937500 0.500000 0.937500 0.454545 0.937500 0.409091 0.937500 0.363636 0.937500 0.318182 0.937500 0.272727 0.937500 0.227273 0.937500 0.181818 0.937500 0.136364 0.937500 0.090909 0.937500 0.045455 0.937500 0.000000 0.968750 1.000000 0.968750 0.954545 0.968750 0.909091 0.968750 0.863636 0.968750 0.818182 0.968750 0.772727 0.968750 0.727273 0.968750 0.681818 0.968750 0.636364 0.968750 0.590909 0.968750 0.545455 0.968750 0.500000 0.968750 0.454545 0.968750 0.409091 0.968750 0.363636 0.968750 0.318182 0.968750 0.272727 0.968750 0.227273 0.968750 0.181818 0.968750 0.136364 0.968750 0.090909 0.968750 0.045455 0.968750 0.000000 1.000000 1.000000 1.000000 0.954545 1.000000 0.909091 1.000000 0.863636 1.000000 0.818182 1.000000 0.772727 1.000000 0.727273 1.000000 0.681818 1.000000 0.636364 1.000000 0.590909 1.000000 0.545455 1.000000 0.500000 1.000000 0.454545 1.000000 0.409091 1.000000 0.363636 1.000000 0.318182 1.000000 0.272727 1.000000 0.227273 1.000000 0.181818 1.000000 0.136364 1.000000 0.090909 1.000000 0.045455 1.000000 0.000000 0.000000 1.000000 0.000000 0.937500 0.000000 0.875000 0.000000 0.812500 0.000000 0.750000 0.000000 0.687500 0.000000 0.625000 0.000000 0.562500 0.000000 0.500000 0.000000 0.437500 0.000000 0.375000 0.000000 0.312500 0.000000 0.250000 0.000000 0.187500 0.000000 0.125000 0.000000 0.062500 0.000000 0.000000 0.041667 1.000000 0.041667 0.937500 0.041667 0.875000 0.041667 0.812500 0.041667 0.750000 0.041667 0.687500 0.041667 0.625000 0.041667 0.562500 0.041667 0.500000 0.041667 0.437500 0.041667 0.375000 0.041667 0.312500 0.041667 0.250000 0.041667 0.187500 0.041667 0.125000 0.041667 0.062500 0.041667 0.000000 0.083333 1.000000 0.083333 0.937500 0.083333 0.875000 0.083333 0.812500 0.083333 0.750000 0.083333 0.687500 0.083333 0.625000 0.083333 0.562500 0.083333 0.500000 0.083333 0.437500 0.083333 0.375000 0.083333 0.312500 0.083333 0.250000 0.083333 0.187500 0.083333 0.125000 0.083333 0.062500 0.083333 0.000000 0.125000 1.000000 0.125000 0.937500 0.125000 0.875000 0.125000 0.812500 0.125000 0.750000 0.125000 0.687500 0.125000 0.625000 0.125000 0.562500 0.125000 0.500000 0.125000 0.437500 0.125000 0.375000 0.125000 0.312500 0.125000 0.250000 0.125000 0.187500 0.125000 0.125000 0.125000 0.062500 0.125000 0.000000 0.166667 1.000000 0.166667 0.937500 0.166667 0.875000 0.166667 0.812500 0.166667 0.750000 0.166667 0.687500 0.166667 0.625000 0.166667 0.562500 0.166667 0.500000 0.166667 0.437500 0.166667 0.375000 0.166667 0.312500 0.166667 0.250000 0.166667 0.187500 0.166667 0.125000 0.166667 0.062500 0.166667 0.000000 0.208333 1.000000 0.208333 0.937500 0.208333 0.875000 0.208333 0.812500 0.208333 0.750000 0.208333 0.687500 0.208333 0.625000 0.208333 0.562500 0.208333 0.500000 0.208333 0.437500 0.208333 0.375000 0.208333 0.312500 0.208333 0.250000 0.208333 0.187500 0.208333 0.125000 0.208333 0.062500 0.208333 0.000000 0.250000 1.000000 0.250000 0.937500 0.250000 0.875000 0.250000 0.812500 0.250000 0.750000 0.250000 0.687500 0.250000 0.625000 0.250000 0.562500 0.250000 0.500000 0.250000 0.437500 0.250000 0.375000 0.250000 0.312500 0.250000 0.250000 0.250000 0.187500 0.250000 0.125000 0.250000 0.062500 0.250000 0.000000 0.291667 1.000000 0.291667 0.937500 0.291667 0.875000 0.291667 0.812500 0.291667 0.750000 0.291667 0.687500 0.291667 0.625000 0.291667 0.562500 0.291667 0.500000 0.291667 0.437500 0.291667 0.375000 0.291667 0.312500 0.291667 0.250000 0.291667 0.187500 0.291667 0.125000 0.291667 0.062500 0.291667 0.000000 0.333333 1.000000 0.333333 0.937500 0.333333 0.875000 0.333333 0.812500 0.333333 0.750000 0.333333 0.687500 0.333333 0.625000 0.333333 0.562500 0.333333 0.500000 0.333333 0.437500 0.333333 0.375000 0.333333 0.312500 0.333333 0.250000 0.333333 0.187500 0.333333 0.125000 0.333333 0.062500 0.333333 0.000000 0.375000 1.000000 0.375000 0.937500 0.375000 0.875000 0.375000 0.812500 0.375000 0.750000 0.375000 0.687500 0.375000 0.625000 0.375000 0.562500 0.375000 0.500000 0.375000 0.437500 0.375000 0.375000 0.375000 0.312500 0.375000 0.250000 0.375000 0.187500 0.375000 0.125000 0.375000 0.062500 0.375000 0.000000 0.416667 1.000000 0.416667 0.937500 0.416667 0.875000 0.416667 0.812500 0.416667 0.750000 0.416667 0.687500 0.416667 0.625000 0.416667 0.562500 0.416667 0.500000 0.416667 0.437500 0.416667 0.375000 0.416667 0.312500 0.416667 0.250000 0.416667 0.187500 0.416667 0.125000 0.416667 0.062500 0.416667 0.000000 0.458333 1.000000 0.458333 0.937500 0.458333 0.875000 0.458333 0.812500 0.458333 0.750000 0.458333 0.687500 0.458333 0.625000 0.458333 0.562500 0.458333 0.500000 0.458333 0.437500 0.458333 0.375000 0.458333 0.312500 0.458333 0.250000 0.458333 0.187500 0.458333 0.125000 0.458333 0.062500 0.458333 0.000000 0.500000 1.000000 0.500000 0.937500 0.500000 0.875000 0.500000 0.812500 0.500000 0.750000 0.500000 0.687500 0.500000 0.625000 0.500000 0.562500 0.500000 0.500000 0.500000 0.437500 0.500000 0.375000 0.500000 0.312500 0.500000 0.250000 0.500000 0.187500 0.500000 0.125000 0.500000 0.062500 0.500000 0.000000 0.541667 1.000000 0.541667 0.937500 0.541667 0.875000 0.541667 0.812500 0.541667 0.750000 0.541667 0.687500 0.541667 0.625000 0.541667 0.562500 0.541667 0.500000 0.541667 0.437500 0.541667 0.375000 0.541667 0.312500 0.541667 0.250000 0.541667 0.187500 0.541667 0.125000 0.541667 0.062500 0.541667 0.000000 0.583333 1.000000 0.583333 0.937500 0.583333 0.875000 0.583333 0.812500 0.583333 0.750000 0.583333 0.687500 0.583333 0.625000 0.583333 0.562500 0.583333 0.500000 0.583333 0.437500 0.583333 0.375000 0.583333 0.312500 0.583333 0.250000 0.583333 0.187500 0.583333 0.125000 0.583333 0.062500 0.583333 0.000000 0.625000 1.000000 0.625000 0.937500 0.625000 0.875000 0.625000 0.812500 0.625000 0.750000 0.625000 0.687500 0.625000 0.625000 0.625000 0.562500 0.625000 0.500000 0.625000 0.437500 0.625000 0.375000 0.625000 0.312500 0.625000 0.250000 0.625000 0.187500 0.625000 0.125000 0.625000 0.062500 0.625000 0.000000 0.666667 1.000000 0.666667 0.937500 0.666667 0.875000 0.666667 0.812500 0.666667 0.750000 0.666667 0.687500 0.666667 0.625000 0.666667 0.562500 0.666667 0.500000 0.666667 0.437500 0.666667 0.375000 0.666667 0.312500 0.666667 0.250000 0.666667 0.187500 0.666667 0.125000 0.666667 0.062500 0.666667 0.000000 0.708333 1.000000 0.708333 0.937500 0.708333 0.875000 0.708333 0.812500 0.708333 0.750000 0.708333 0.687500 0.708333 0.625000 0.708333 0.562500 0.708333 0.500000 0.708333 0.437500 0.708333 0.375000 0.708333 0.312500 0.708333 0.250000 0.708333 0.187500 0.708333 0.125000 0.708333 0.062500 0.708333 0.000000 0.750000 1.000000 0.750000 0.937500 0.750000 0.875000 0.750000 0.812500 0.750000 0.750000 0.750000 0.687500 0.750000 0.625000 0.750000 0.562500 0.750000 0.500000 0.750000 0.437500 0.750000 0.375000 0.750000 0.312500 0.750000 0.250000 0.750000 0.187500 0.750000 0.125000 0.750000 0.062500 0.750000 0.000000 0.791667 1.000000 0.791667 0.937500 0.791667 0.875000 0.791667 0.812500 0.791667 0.750000 0.791667 0.687500 0.791667 0.625000 0.791667 0.562500 0.791667 0.500000 0.791667 0.437500 0.791667 0.375000 0.791667 0.312500 0.791667 0.250000 0.791667 0.187500 0.791667 0.125000 0.791667 0.062500 0.791667 0.000000 0.833333 1.000000 0.833333 0.937500 0.833333 0.875000 0.833333 0.812500 0.833333 0.750000 0.833333 0.687500 0.833333 0.625000 0.833333 0.562500 0.833333 0.500000 0.833333 0.437500 0.833333 0.375000 0.833333 0.312500 0.833333 0.250000 0.833333 0.187500 0.833333 0.125000 0.833333 0.062500 0.833333 0.000000 0.875000 1.000000 0.875000 0.937500 0.875000 0.875000 0.875000 0.812500 0.875000 0.750000 0.875000 0.687500 0.875000 0.625000 0.875000 0.562500 0.875000 0.500000 0.875000 0.437500 0.875000 0.375000 0.875000 0.312500 0.875000 0.250000 0.875000 0.187500 0.875000 0.125000 0.875000 0.062500 0.875000 0.000000 0.916667 1.000000 0.916667 0.937500 0.916667 0.875000 0.916667 0.812500 0.916667 0.750000 0.916667 0.687500 0.916667 0.625000 0.916667 0.562500 0.916667 0.500000 0.916667 0.437500 0.916667 0.375000 0.916667 0.312500 0.916667 0.250000 0.916667 0.187500 0.916667 0.125000 0.916667 0.062500 0.916667 0.000000 0.958333 1.000000 0.958333 0.937500 0.958333 0.875000 0.958333 0.812500 0.958333 0.750000 0.958333 0.687500 0.958333 0.625000 0.958333 0.562500 0.958333 0.500000 0.958333 0.437500 0.958333 0.375000 0.958333 0.312500 0.958333 0.250000 0.958333 0.187500 0.958333 0.125000 0.958333 0.062500 0.958333 0.000000 1.000000 1.000000 1.000000 0.937500 1.000000 0.875000 1.000000 0.812500 1.000000 0.750000 1.000000 0.687500 1.000000 0.625000 1.000000 0.562500 1.000000 0.500000 1.000000 0.437500 1.000000 0.375000 1.000000 0.312500 1.000000 0.250000 1.000000 0.187500 1.000000 0.125000 1.000000 0.062500 1.000000 0.000000 0.000000 1.000000 0.000000 0.937500 0.000000 0.875000 0.000000 0.812500 0.000000 0.750000 0.000000 0.687500 0.000000 0.625000 0.000000 0.562500 0.000000 0.500000 0.000000 0.437500 0.000000 0.375000 0.000000 0.312500 0.000000 0.250000 0.000000 0.187500 0.000000 0.125000 0.000000 0.062500 0.000000 0.000000 0.041667 1.000000 0.041667 0.937500 0.041667 0.875000 0.041667 0.812500 0.041667 0.750000 0.041667 0.687500 0.041667 0.625000 0.041667 0.562500 0.041667 0.500000 0.041667 0.437500 0.041667 0.375000 0.041667 0.312500 0.041667 0.250000 0.041667 0.187500 0.041667 0.125000 0.041667 0.062500 0.041667 0.000000 0.083333 1.000000 0.083333 0.937500 0.083333 0.875000 0.083333 0.812500 0.083333 0.750000 0.083333 0.687500 0.083333 0.625000 0.083333 0.562500 0.083333 0.500000 0.083333 0.437500 0.083333 0.375000 0.083333 0.312500 0.083333 0.250000 0.083333 0.187500 0.083333 0.125000 0.083333 0.062500 0.083333 0.000000 0.125000 1.000000 0.125000 0.937500 0.125000 0.875000 0.125000 0.812500 0.125000 0.750000 0.125000 0.687500 0.125000 0.625000 0.125000 0.562500 0.125000 0.500000 0.125000 0.437500 0.125000 0.375000 0.125000 0.312500 0.125000 0.250000 0.125000 0.187500 0.125000 0.125000 0.125000 0.062500 0.125000 0.000000 0.166667 1.000000 0.166667 0.937500 0.166667 0.875000 0.166667 0.812500 0.166667 0.750000 0.166667 0.687500 0.166667 0.625000 0.166667 0.562500 0.166667 0.500000 0.166667 0.437500 0.166667 0.375000 0.166667 0.312500 0.166667 0.250000 0.166667 0.187500 0.166667 0.125000 0.166667 0.062500 0.166667 0.000000 0.208333 1.000000 0.208333 0.937500 0.208333 0.875000 0.208333 0.812500 0.208333 0.750000 0.208333 0.687500 0.208333 0.625000 0.208333 0.562500 0.208333 0.500000 0.208333 0.437500 0.208333 0.375000 0.208333 0.312500 0.208333 0.250000 0.208333 0.187500 0.208333 0.125000 0.208333 0.062500 0.208333 0.000000 0.250000 1.000000 0.250000 0.937500 0.250000 0.875000 0.250000 0.812500 0.250000 0.750000 0.250000 0.687500 0.250000 0.625000 0.250000 0.562500 0.250000 0.500000 0.250000 0.437500 0.250000 0.375000 0.250000 0.312500 0.250000 0.250000 0.250000 0.187500 0.250000 0.125000 0.250000 0.062500 0.250000 0.000000 0.291667 1.000000 0.291667 0.937500 0.291667 0.875000 0.291667 0.812500 0.291667 0.750000 0.291667 0.687500 0.291667 0.625000 0.291667 0.562500 0.291667 0.500000 0.291667 0.437500 0.291667 0.375000 0.291667 0.312500 0.291667 0.250000 0.291667 0.187500 0.291667 0.125000 0.291667 0.062500 0.291667 0.000000 0.333333 1.000000 0.333333 0.937500 0.333333 0.875000 0.333333 0.812500 0.333333 0.750000 0.333333 0.687500 0.333333 0.625000 0.333333 0.562500 0.333333 0.500000 0.333333 0.437500 0.333333 0.375000 0.333333 0.312500 0.333333 0.250000 0.333333 0.187500 0.333333 0.125000 0.333333 0.062500 0.333333 0.000000 0.375000 1.000000 0.375000 0.937500 0.375000 0.875000 0.375000 0.812500 0.375000 0.750000 0.375000 0.687500 0.375000 0.625000 0.375000 0.562500 0.375000 0.500000 0.375000 0.437500 0.375000 0.375000 0.375000 0.312500 0.375000 0.250000 0.375000 0.187500 0.375000 0.125000 0.375000 0.062500 0.375000 0.000000 0.416667 1.000000 0.416667 0.937500 0.416667 0.875000 0.416667 0.812500 0.416667 0.750000 0.416667 0.687500 0.416667 0.625000 0.416667 0.562500 0.416667 0.500000 0.416667 0.437500 0.416667 0.375000 0.416667 0.312500 0.416667 0.250000 0.416667 0.187500 0.416667 0.125000 0.416667 0.062500 0.416667 0.000000 0.458333 1.000000 0.458333 0.937500 0.458333 0.875000 0.458333 0.812500 0.458333 0.750000 0.458333 0.687500 0.458333 0.625000 0.458333 0.562500 0.458333 0.500000 0.458333 0.437500 0.458333 0.375000 0.458333 0.312500 0.458333 0.250000 0.458333 0.187500 0.458333 0.125000 0.458333 0.062500 0.458333 0.000000 0.500000 1.000000 0.500000 0.937500 0.500000 0.875000 0.500000 0.812500 0.500000 0.750000 0.500000 0.687500 0.500000 0.625000 0.500000 0.562500 0.500000 0.500000 0.500000 0.437500 0.500000 0.375000 0.500000 0.312500 0.500000 0.250000 0.500000 0.187500 0.500000 0.125000 0.500000 0.062500 0.500000 0.000000 0.541667 1.000000 0.541667 0.937500 0.541667 0.875000 0.541667 0.812500 0.541667 0.750000 0.541667 0.687500 0.541667 0.625000 0.541667 0.562500 0.541667 0.500000 0.541667 0.437500 0.541667 0.375000 0.541667 0.312500 0.541667 0.250000 0.541667 0.187500 0.541667 0.125000 0.541667 0.062500 0.541667 0.000000 0.583333 1.000000 0.583333 0.937500 0.583333 0.875000 0.583333 0.812500 0.583333 0.750000 0.583333 0.687500 0.583333 0.625000 0.583333 0.562500 0.583333 0.500000 0.583333 0.437500 0.583333 0.375000 0.583333 0.312500 0.583333 0.250000 0.583333 0.187500 0.583333 0.125000 0.583333 0.062500 0.583333 0.000000 0.625000 1.000000 0.625000 0.937500 0.625000 0.875000 0.625000 0.812500 0.625000 0.750000 0.625000 0.687500 0.625000 0.625000 0.625000 0.562500 0.625000 0.500000 0.625000 0.437500 0.625000 0.375000 0.625000 0.312500 0.625000 0.250000 0.625000 0.187500 0.625000 0.125000 0.625000 0.062500 0.625000 0.000000 0.666667 1.000000 0.666667 0.937500 0.666667 0.875000 0.666667 0.812500 0.666667 0.750000 0.666667 0.687500 0.666667 0.625000 0.666667 0.562500 0.666667 0.500000 0.666667 0.437500 0.666667 0.375000 0.666667 0.312500 0.666667 0.250000 0.666667 0.187500 0.666667 0.125000 0.666667 0.062500 0.666667 0.000000 0.708333 1.000000 0.708333 0.937500 0.708333 0.875000 0.708333 0.812500 0.708333 0.750000 0.708333 0.687500 0.708333 0.625000 0.708333 0.562500 0.708333 0.500000 0.708333 0.437500 0.708333 0.375000 0.708333 0.312500 0.708333 0.250000 0.708333 0.187500 0.708333 0.125000 0.708333 0.062500 0.708333 0.000000 0.750000 1.000000 0.750000 0.937500 0.750000 0.875000 0.750000 0.812500 0.750000 0.750000 0.750000 0.687500 0.750000 0.625000 0.750000 0.562500 0.750000 0.500000 0.750000 0.437500 0.750000 0.375000 0.750000 0.312500 0.750000 0.250000 0.750000 0.187500 0.750000 0.125000 0.750000 0.062500 0.750000 0.000000 0.791667 1.000000 0.791667 0.937500 0.791667 0.875000 0.791667 0.812500 0.791667 0.750000 0.791667 0.687500 0.791667 0.625000 0.791667 0.562500 0.791667 0.500000 0.791667 0.437500 0.791667 0.375000 0.791667 0.312500 0.791667 0.250000 0.791667 0.187500 0.791667 0.125000 0.791667 0.062500 0.791667 0.000000 0.833333 1.000000 0.833333 0.937500 0.833333 0.875000 0.833333 0.812500 0.833333 0.750000 0.833333 0.687500 0.833333 0.625000 0.833333 0.562500 0.833333 0.500000 0.833333 0.437500 0.833333 0.375000 0.833333 0.312500 0.833333 0.250000 0.833333 0.187500 0.833333 0.125000 0.833333 0.062500 0.833333 0.000000 0.875000 1.000000 0.875000 0.937500 0.875000 0.875000 0.875000 0.812500 0.875000 0.750000 0.875000 0.687500 0.875000 0.625000 0.875000 0.562500 0.875000 0.500000 0.875000 0.437500 0.875000 0.375000 0.875000 0.312500 0.875000 0.250000 0.875000 0.187500 0.875000 0.125000 0.875000 0.062500 0.875000 0.000000 0.916667 1.000000 0.916667 0.937500 0.916667 0.875000 0.916667 0.812500 0.916667 0.750000 0.916667 0.687500 0.916667 0.625000 0.916667 0.562500 0.916667 0.500000 0.916667 0.437500 0.916667 0.375000 0.916667 0.312500 0.916667 0.250000 0.916667 0.187500 0.916667 0.125000 0.916667 0.062500 0.916667 0.000000 0.958333 1.000000 0.958333 0.937500 0.958333 0.875000 0.958333 0.812500 0.958333 0.750000 0.958333 0.687500 0.958333 0.625000 0.958333 0.562500 0.958333 0.500000 0.958333 0.437500 0.958333 0.375000 0.958333 0.312500 0.958333 0.250000 0.958333 0.187500 0.958333 0.125000 0.958333 0.062500 0.958333 0.000000 1.000000 1.000000 1.000000 0.937500 1.000000 0.875000 1.000000 0.812500 1.000000 0.750000 1.000000 0.687500 1.000000 0.625000 1.000000 0.562500 1.000000 0.500000 1.000000 0.437500 1.000000 0.375000 1.000000 0.312500 1.000000 0.250000 1.000000 0.187500 1.000000 0.125000 1.000000 0.062500 1.000000 0.000000</float_array>
          <technique_common>
            <accessor source="#Pink-uv-array" count="3549" stride="2">
              <param name="S" type="float"/><param name="T" type="float"/>
            </accessor>
          </technique_common>
        </source>
        <vertices id="Pink-vtx"><input semantic="POSITION" source="#Pink-pos"/></vertices>
        <triangles material="Pink" count="6560">
          <input semantic="VERTEX" source="#Pink-vtx" offset="0"/>
          <input semantic="NORMAL" source="#Pink-norm" offset="1"/>
          <input semantic="TEXCOORD" source="#Pink-uv" offset="2" set="0"/>
          <p>0 0 0 1 1 1 18 18 18 0 0 0 18 18 18 17 17 17 1 1 1 2 2 2 19 19 19 1 1 1 19 19 19 18 18 18 2 2 2 3 3 3 20 20 20 2 2 2 20 20 20 19 19 19 3 3 3 4 4 4 21 21 21 3 3 3 21 21 21 20 20 20 4 4 4 5 5 5 22 22 22 4 4 4 22 22 22 21 21 21 5 5 5 6 6 6 23 23 23 5 5 5 23 23 23 22 22 22 6 6 6 7 7 7 24 24 24 6 6 6 24 24 24 23 23 23 7 7 7 8 8 8 25 25 25 7 7 7 25 25 25 24 24 24 8 8 8 9 9 9 26 26 26 8 8 8 26 26 26 25 25 25 9 9 9 10 10 10 27 27 27 9 9 9 27 27 27 26 26 26 10 10 10 11 11 11 28 28 28 10 10 10 28 28 28 27 27 27 11 11 11 12 12 12 29 29 29 11 11 11 29 29 29 28 28 28 12 12 12 13 13 13 30 30 30 12 12 12 30 30 30 29 29 29 13 13 13 14 14 14 31 31 31 13 13 13 31 31 31 30 30 30 14 14 14 15 15 15 32 32 32 14 14 14 32 32 32 31 31 31 15 15 15 16 16 16 33 33 33 15 15 15 33 33 33 32 32 32 17 17 17 18 18 18 35 35 35 17 17 17 35 35 35 34 34 34 18 18 18 19 19 19 36 36 36 18 18 18 36 36 36 35 35 35 19 19 19 20 20 20 37 37 37 19 19 19 37 37 37 36 36 36 20 20 20 21 21 21 38 38 38 20 20 20 38 38 38 37 37 37 21 21 21 22 22 22 39 39 39 21 21 21 39 39 39 38 38 38 22 22 22 23 23 23 40 40 40 22 22 22 40 40 40 39 39 39 23 23 23 24 24 24 41 41 41 23 23 23 41 41 41 40 40 40 24 24 24 25 25 25 42 42 42 24 24 24 42 42 42 41 41 41 25 25 25 26 26 26 43 43 43 25 25 25 43 43 43 42 42 42 26 26 26 27 27 27 44 44 44 26 26 26 44 44 44 43 43 43 27 27 27 28 28 28 45 45 45 27 27 27 45 45 45 44 44 44 28 28 28 29 29 29 46 46 46 28 28 28 46 46 46 45 45 45 29 29 29 30 30 30 47 47 47 29 29 29 47 47 47 46 46 46 30 30 30 31 31 31 48 48 48 30 30 30 48 48 48 47 47 47 31 31 31 32 32 32 49 49 49 31 31 31 49 49 49 48 48 48 32 32 32 33 33 33 50 50 50 32 32 32 50 50 50 49 49 49 34 34 34 35 35 35 52 52 52 34 34 34 52 52 52 51 51 51 35 35 35 36 36 36 53 53 53 35 35 35 53 53 53 52 52 52 36 36 36 37 37 37 54 54 54 36 36 36 54 54 54 53 53 53 37 37 37 38 38 38 55 55 55 37 37 37 55 55 55 54 54 54 38 38 38 39 39 39 56 56 56 38 38 38 56 56 56 55 55 55 39 39 39 40 40 40 57 57 57 39 39 39 57 57 57 56 56 56 40 40 40 41 41 41 58 58 58 40 40 40 58 58 58 57 57 57 41 41 41 42 42 42 59 59 59 41 41 41 59 59 59 58 58 58 42 42 42 43 43 43 60 60 60 42 42 42 60 60 60 59 59 59 43 43 43 44 44 44 61 61 61 43 43 43 61 61 61 60 60 60 44 44 44 45 45 45 62 62 62 44 44 44 62 62 62 61 61 61 45 45 45 46 46 46 63 63 63 45 45 45 63 63 63 62 62 62 46 46 46 47 47 47 64 64 64 46 46 46 64 64 64 63 63 63 47 47 47 48 48 48 65 65 65 47 47 47 65 65 65 64 64 64 48 48 48 49 49 49 66 66 66 48 48 48 66 66 66 65 65 65 49 49 49 50 50 50 67 67 67 49 49 49 67 67 67 66 66 66 51 51 51 52 52 52 69 69 69 51 51 51 69 69 69 68 68 68 52 52 52 53 53 53 70 70 70 52 52 52 70 70 70 69 69 69 53 53 53 54 54 54 71 71 71 53 53 53 71 71 71 70 70 70 54 54 54 55 55 55 72 72 72 54 54 54 72 72 72 71 71 71 55 55 55 56 56 56 73 73 73 55 55 55 73 73 73 72 72 72 56 56 56 57 57 57 74 74 74 56 56 56 74 74 74 73 73 73 57 57 57 58 58 58 75 75 75 57 57 57 75 75 75 74 74 74 58 58 58 59 59 59 76 76 76 58 58 58 76 76 76 75 75 75 59 59 59 60 60 60 77 77 77 59 59 59 77 77 77 76 76 76 60 60 60 61 61 61 78 78 78 60 60 60 78 78 78 77 77 77 61 61 61 62 62 62 79 79 79 61 61 61 79 79 79 78 78 78 62 62 62 63 63 63 80 80 80 62 62 62 80 80 80 79 79 79 63 63 63 64 64 64 81 81 81 63 63 63 81 81 81 80 80 80 64 64 64 65 65 65 82 82 82 64 64 64 82 82 82 81 81 81 65 65 65 66 66 66 83 83 83 65 65 65 83 83 83 82 82 82 66 66 66 67 67 67 84 84 84 66 66 66 84 84 84 83 83 83 68 68 68 69 69 69 86 86 86 68 68 68 86 86 86 85 85 85 69 69 69 70 70 70 87 87 87 69 69 69 87 87 87 86 86 86 70 70 70 71 71 71 88 88 88 70 70 70 88 88 88 87 87 87 71 71 71 72 72 72 89 89 89 71 71 71 89 89 89 88 88 88 72 72 72 73 73 73 90 90 90 72 72 72 90 90 90 89 89 89 73 73 73 74 74 74 91 91 91 73 73 73 91 91 91 90 90 90 74 74 74 75 75 75 92 92 92 74 74 74 92 92 92 91 91 91 75 75 75 76 76 76 93 93 93 75 75 75 93 93 93 92 92 92 76 76 76 77 77 77 94 94 94 76 76 76 94 94 94 93 93 93 77 77 77 78 78 78 95 95 95 77 77 77 95 95 95 94 94 94 78 78 78 79 79 79 96 96 96 78 78 78 96 96 96 95 95 95 79 79 79 80 80 80 97 97 97 79 79 79 97 97 97 96 96 96 80 80 80 81 81 81 98 98 98 80 80 80 98 98 98 97 97 97 81 81 81 82 82 82 99 99 99 81 81 81 99 99 99 98 98 98 82 82 82 83 83 83 100 100 100 82 82 82 100 100 100 99 99 99 83 83 83 84 84 84 101 101 101 83 83 83 101 101 101 100 100 100 85 85 85 86 86 86 103 103 103 85 85 85 103 103 103 102 102 102 86 86 86 87 87 87 104 104 104 86 86 86 104 104 104 103 103 103 87 87 87 88 88 88 105 105 105 87 87 87 105 105 105 104 104 104 88 88 88 89 89 89 106 106 106 88 88 88 106 106 106 105 105 105 89 89 89 90 90 90 107 107 107 89 89 89 107 107 107 106 106 106 90 90 90 91 91 91 108 108 108 90 90 90 108 108 108 107 107 107 91 91 91 92 92 92 109 109 109 91 91 91 109 109 109 108 108 108 92 92 92 93 93 93 110 110 110 92 92 92 110 110 110 109 109 109 93 93 93 94 94 94 111 111 111 93 93 93 111 111 111 110 110 110 94 94 94 95 95 95 112 112 112 94 94 94 112 112 112 111 111 111 95 95 95 96 96 96 113 113 113 95 95 95 113 113 113 112 112 112 96 96 96 97 97 97 114 114 114 96 96 96 114 114 114 113 113 113 97 97 97 98 98 98 115 115 115 97 97 97 115 115 115 114 114 114 98 98 98 99 99 99 116 116 116 98 98 98 116 116 116 115 115 115 99 99 99 100 100 100 117 117 117 99 99 99 117 117 117 116 116 116 100 100 100 101 101 101 118 118 118 100 100 100 118 118 118 117 117 117 102 102 102 103 103 103 120 120 120 102 102 102 120 120 120 119 119 119 103 103 103 104 104 104 121 121 121 103 103 103 121 121 121 120 120 120 104 104 104 105 105 105 122 122 122 104 104 104 122 122 122 121 121 121 105 105 105 106 106 106 123 123 123 105 105 105 123 123 123 122 122 122 106 106 106 107 107 107 124 124 124 106 106 106 124 124 124 123 123 123 107 107 107 108 108 108 125 125 125 107 107 107 125 125 125 124 124 124 108 108 108 109 109 109 126 126 126 108 108 108 126 126 126 125 125 125 109 109 109 110 110 110 127 127 127 109 109 109 127 127 127 126 126 126 110 110 110 111 111 111 128 128 128 110 110 110 128 128 128 127 127 127 111 111 111 112 112 112 129 129 129 111 111 111 129 129 129 128 128 128 112 112 112 113 113 113 130 130 130 112 112 112 130 130 130 129 129 129 113 113 113 114 114 114 131 131 131 113 113 113 131 131 131 130 130 130 114 114 114 115 115 115 132 132 132 114 114 114 132 132 132 131 131 131 115 115 115 116 116 116 133 133 133 115 115 115 133 133 133 132 132 132 116 116 116 117 117 117 134 134 134 116 116 116 134 134 134 133 133 133 117 117 117 118 118 118 135 135 135 117 117 117 135 135 135 134 134 134 119 119 119 120 120 120 137 137 137 119 119 119 137 137 137 136 136 136 120 120 120 121 121 121 138 138 138 120 120 120 138 138 138 137 137 137 121 121 121 122 122 122 139 139 139 121 121 121 139 139 139 138 138 138 122 122 122 123 123 123 140 140 140 122 122 122 140 140 140 139 139 139 123 123 123 124 124 124 141 141 141 123 123 123 141 141 141 140 140 140 124 124 124 125 125 125 142 142 142 124 124 124 142 142 142 141 141 141 125 125 125 126 126 126 143 143 143 125 125 125 143 143 143 142 142 142 126 126 126 127 127 127 144 144 144 126 126 126 144 144 144 143 143 143 127 127 127 128 128 128 145 145 145 127 127 127 145 145 145 144 144 144 128 128 128 129 129 129 146 146 146 128 128 128 146 146 146 145 145 145 129 129 129 130 130 130 147 147 147 129 129 129 147 147 147 146 146 146 130 130 130 131 131 131 148 148 148 130 130 130 148 148 148 147 147 147 131 131 131 132 132 132 149 149 149 131 131 131 149 149 149 148 148 148 132 132 132 133 133 133 150 150 150 132 132 132 150 150 150 149 149 149 133 133 133 134 134 134 151 151 151 133 133 133 151 151 151 150 150 150 134 134 134 135 135 135 152 152 152 134 134 134 152 152 152 151 151 151 136 136 136 137 137 137 154 154 154 136 136 136 154 154 154 153 153 153 137 137 137 138 138 138 155 155 155 137 137 137 155 155 155 154 154 154 138 138 138 139 139 139 156 156 156 138 138 138 156 156 156 155 155 155 139 139 139 140 140 140 157 157 157 139 139 139 157 157 157 156 156 156 140 140 140 141 141 141 158 158 158 140 140 140 158 158 158 157 157 157 141 141 141 142 142 142 159 159 159 141 141 141 159 159 159 158 158 158 142 142 142 143 143 143 160 160 160 142 142 142 160 160 160 159 159 159 143 143 143 144 144 144 161 161 161 143 143 143 161 161 161 160 160 160 144 144 144 145 145 145 162 162 162 144 144 144 162 162 162 161 161 161 145 145 145 146 146 146 163 163 163 145 145 145 163 163 163 162 162 162 146 146 146 147 147 147 164 164 164 146 146 146 164 164 164 163 163 163 147 147 147 148 148 148 165 165 165 147 147 147 165 165 165 164 164 164 148 148 148 149 149 149 166 166 166 148 148 148 166 166 166 165 165 165 149 149 149 150 150 150 167 167 167 149 149 149 167 167 167 166 166 166 150 150 150 151 151 151 168 168 168 150 150 150 168 168 168 167 167 167 151 151 151 152 152 152 169 169 169 151 151 151 169 169 169 168 168 168 153 153 153 154 154 154 171 171 171 153 153 153 171 171 171 170 170 170 154 154 154 155 155 155 172 172 172 154 154 154 172 172 172 171 171 171 155 155 155 156 156 156 173 173 173 155 155 155 173 173 173 172 172 172 156 156 156 157 157 157 174 174 174 156 156 156 174 174 174 173 173 173 157 157 157 158 158 158 175 175 175 157 157 157 175 175 175 174 174 174 158 158 158 159 159 159 176 176 176 158 158 158 176 176 176 175 175 175 159 159 159 160 160 160 177 177 177 159 159 159 177 177 177 176 176 176 160 160 160 161 161 161 178 178 178 160 160 160 178 178 178 177 177 177 161 161 161 162 162 162 179 179 179 161 161 161 179 179 179 178 178 178 162 162 162 163 163 163 180 180 180 162 162 162 180 180 180 179 179 179 163 163 163 164 164 164 181 181 181 163 163 163 181 181 181 180 180 180 164 164 164 165 165 165 182 182 182 164 164 164 182 182 182 181 181 181 165 165 165 166 166 166 183 183 183 165 165 165 183 183 183 182 182 182 166 166 166 167 167 167 184 184 184 166 166 166 184 184 184 183 183 183 167 167 167 168 168 168 185 185 185 167 167 167 185 185 185 184 184 184 168 168 168 169 169 169 186 186 186 168 168 168 186 186 186 185 185 185 170 170 170 171 171 171 188 188 188 170 170 170 188 188 188 187 187 187 171 171 171 172 172 172 189 189 189 171 171 171 189 189 189 188 188 188 172 172 172 173 173 173 190 190 190 172 172 172 190 190 190 189 189 189 173 173 173 174 174 174 191 191 191 173 173 173 191 191 191 190 190 190 174 174 174 175 175 175 192 192 192 174 174 174 192 192 192 191 191 191 175 175 175 176 176 176 193 193 193 175 175 175 193 193 193 192 192 192 176 176 176 177 177 177 194 194 194 176 176 176 194 194 194 193 193 193 177 177 177 178 178 178 195 195 195 177 177 177 195 195 195 194 194 194 178 178 178 179 179 179 196 196 196 178 178 178 196 196 196 195 195 195 179 179 179 180 180 180 197 197 197 179 179 179 197 197 197 196 196 196 180 180 180 181 181 181 198 198 198 180 180 180 198 198 198 197 197 197 181 181 181 182 182 182 199 199 199 181 181 181 199 199 199 198 198 198 182 182 182 183 183 183 200 200 200 182 182 182 200 200 200 199 199 199 183 183 183 184 184 184 201 201 201 183 183 183 201 201 201 200 200 200 184 184 184 185 185 185 202 202 202 184 184 184 202 202 202 201 201 201 185 185 185 186 186 186 203 203 203 185 185 185 203 203 203 202 202 202 187 187 187 188 188 188 205 205 205 187 187 187 205 205 205 204 204 204 188 188 188 189 189 189 206 206 206 188 188 188 206 206 206 205 205 205 189 189 189 190 190 190 207 207 207 189 189 189 207 207 207 206 206 206 190 190 190 191 191 191 208 208 208 190 190 190 208 208 208 207 207 207 191 191 191 192 192 192 209 209 209 191 191 191 209 209 209 208 208 208 192 192 192 193 193 193 210 210 210 192 192 192 210 210 210 209 209 209 193 193 193 194 194 194 211 211 211 193 193 193 211 211 211 210 210 210 194 194 194 195 195 195 212 212 212 194 194 194 212 212 212 211 211 211 195 195 195 196 196 196 213 213 213 195 195 195 213 213 213 212 212 212 196 196 196 197 197 197 214 214 214 196 196 196 214 214 214 213 213 213 197 197 197 198 198 198 215 215 215 197 197 197 215 215 215 214 214 214 198 198 198 199 199 199 216 216 216 198 198 198 216 216 216 215 215 215 199 199 199 200 200 200 217 217 217 199 199 199 217 217 217 216 216 216 200 200 200 201 201 201 218 218 218 200 200 200 218 218 218 217 217 217 201 201 201 202 202 202 219 219 219 201 201 201 219 219 219 218 218 218 202 202 202 203 203 203 220 220 220 202 202 202 220 220 220 219 219 219 204 204 204 205 205 205 222 222 222 204 204 204 222 222 222 221 221 221 205 205 205 206 206 206 223 223 223 205 205 205 223 223 223 222 222 222 206 206 206 207 207 207 224 224 224 206 206 206 224 224 224 223 223 223 207 207 207 208 208 208 225 225 225 207 207 207 225 225 225 224 224 224 208 208 208 209 209 209 226 226 226 208 208 208 226 226 226 225 225 225 209 209 209 210 210 210 227 227 227 209 209 209 227 227 227 226 226 226 210 210 210 211 211 211 228 228 228 210 210 210 228 228 228 227 227 227 211 211 211 212 212 212 229 229 229 211 211 211 229 229 229 228 228 228 212 212 212 213 213 213 230 230 230 212 212 212 230 230 230 229 229 229 213 213 213 214 214 214 231 231 231 213 213 213 231 231 231 230 230 230 214 214 214 215 215 215 232 232 232 214 214 214 232 232 232 231 231 231 215 215 215 216 216 216 233 233 233 215 215 215 233 233 233 232 232 232 216 216 216 217 217 217 234 234 234 216 216 216 234 234 234 233 233 233 217 217 217 218 218 218 235 235 235 217 217 217 235 235 235 234 234 234 218 218 218 219 219 219 236 236 236 218 218 218 236 236 236 235 235 235 219 219 219 220 220 220 237 237 237 219 219 219 237 237 237 236 236 236 221 221 221 222 222 222 239 239 239 221 221 221 239 239 239 238 238 238 222 222 222 223 223 223 240 240 240 222 222 222 240 240 240 239 239 239 223 223 223 224 224 224 241 241 241 223 223 223 241 241 241 240 240 240 224 224 224 225 225 225 242 242 242 224 224 224 242 242 242 241 241 241 225 225 225 226 226 226 243 243 243 225 225 225 243 243 243 242 242 242 226 226 226 227 227 227 244 244 244 226 226 226 244 244 244 243 243 243 227 227 227 228 228 228 245 245 245 227 227 227 245 245 245 244 244 244 228 228 228 229 229 229 246 246 246 228 228 228 246 246 246 245 245 245 229 229 229 230 230 230 247 247 247 229 229 229 247 247 247 246 246 246 230 230 230 231 231 231 248 248 248 230 230 230 248 248 248 247 247 247 231 231 231 232 232 232 249 249 249 231 231 231 249 249 249 248 248 248 232 232 232 233 233 233 250 250 250 232 232 232 250 250 250 249 249 249 233 233 233 234 234 234 251 251 251 233 233 233 251 251 251 250 250 250 234 234 234 235 235 235 252 252 252 234 234 234 252 252 252 251 251 251 235 235 235 236 236 236 253 253 253 235 235 235 253 253 253 252 252 252 236 236 236 237 237 237 254 254 254 236 236 236 254 254 254 253 253 253 238 238 238 239 239 239 256 256 256 238 238 238 256 256 256 255 255 255 239 239 239 240 240 240 257 257 257 239 239 239 257 257 257 256 256 256 240 240 240 241 241 241 258 258 258 240 240 240 258 258 258 257 257 257 241 241 241 242 242 242 259 259 259 241 241 241 259 259 259 258 258 258 242 242 242 243 243 243 260 260 260 242 242 242 260 260 260 259 259 259 243 243 243 244 244 244 261 261 261 243 243 243 261 261 261 260 260 260 244 244 244 245 245 245 262 262 262 244 244 244 262 262 262 261 261 261 245 245 245 246 246 246 263 263 263 245 245 245 263 263 263 262 262 262 246 246 246 247 247 247 264 264 264 246 246 246 264 264 264 263 263 263 247 247 247 248 248 248 265 265 265 247 247 247 265 265 265 264 264 264 248 248 248 249 249 249 266 266 266 248 248 248 266 266 266 265 265 265 249 249 249 250 250 250 267 267 267 249 249 249 267 267 267 266 266 266 250 250 250 251 251 251 268 268 268 250 250 250 268 268 268 267 267 267 251 251 251 252 252 252 269 269 269 251 251 251 269 269 269 268 268 268 252 252 252 253 253 253 270 270 270 252 252 252 270 270 270 269 269 269 253 253 253 254 254 254 271 271 271 253 253 253 271 271 271 270 270 270 255 255 255 256 256 256 273 273 273 255 255 255 273 273 273 272 272 272 256 256 256 257 257 257 274 274 274 256 256 256 274 274 274 273 273 273 257 257 257 258 258 258 275 275 275 257 257 257 275 275 275 274 274 274 258 258 258 259 259 259 276 276 276 258 258 258 276 276 276 275 275 275 259 259 259 260 260 260 277 277 277 259 259 259 277 277 277 276 276 276 260 260 260 261 261 261 278 278 278 260 260 260 278 278 278 277 277 277 261 261 261 262 262 262 279 279 279 261 261 261 279 279 279 278 278 278 262 262 262 263 263 263 280 280 280 262 262 262 280 280 280 279 279 279 263 263 263 264 264 264 281 281 281 263 263 263 281 281 281 280 280 280 264 264 264 265 265 265 282 282 282 264 264 264 282 282 282 281 281 281 265 265 265 266 266 266 283 283 283 265 265 265 283 283 283 282 282 282 266 266 266 267 267 267 284 284 284 266 266 266 284 284 284 283 283 283 267 267 267 268 268 268 285 285 285 267 267 267 285 285 285 284 284 284 268 268 268 269 269 269 286 286 286 268 268 268 286 286 286 285 285 285 269 269 269 270 270 270 287 287 287 269 269 269 287 287 287 286 286 286 270 270 270 271 271 271 288 288 288 270 270 270 288 288 288 287 287 287 272 272 272 273 273 273 290 290 290 272 272 272 290 290 290 289 289 289 273 273 273 274 274 274 291 291 291 273 273 273 291 291 291 290 290 290 274 274 274 275 275 275 292 292 292 274 274 274 292 292 292 291 291 291 275 275 275 276 276 276 293 293 293 275 275 275 293 293 293 292 292 292 276 276 276 277 277 277 294 294 294 276 276 276 294 294 294 293 293 293 277 277 277 278 278 278 295 295 295 277 277 277 295 295 295 294 294 294 278 278 278 279 279 279 296 296 296 278 278 278 296 296 296 295 295 295 279 279 279 280 280 280 297 297 297 279 279 279 297 297 297 296 296 296 280 280 280 281 281 281 298 298 298 280 280 280 298 298 298 297 297 297 281 281 281 282 282 282 299 299 299 281 281 281 299 299 299 298 298 298 282 282 282 283 283 283 300 300 300 282 282 282 300 300 300 299 299 299 283 283 283 284 284 284 301 301 301 283 283 283 301 301 301 300 300 300 284 284 284 285 285 285 302 302 302 284 284 284 302 302 302 301 301 301 285 285 285 286 286 286 303 303 303 285 285 285 303 303 303 302 302 302 286 286 286 287 287 287 304 304 304 286 286 286 304 304 304 303 303 303 287 287 287 288 288 288 305 305 305 287 287 287 305 305 305 304 304 304 289 289 289 290 290 290 307 307 307 289 289 289 307 307 307 306 306 306 290 290 290 291 291 291 308 308 308 290 290 290 308 308 308 307 307 307 291 291 291 292 292 292 309 309 309 291 291 291 309 309 309 308 308 308 292 292 292 293 293 293 310 310 310 292 292 292 310 310 310 309 309 309 293 293 293 294 294 294 311 311 311 293 293 293 311 311 311 310 310 310 294 294 294 295 295 295 312 312 312 294 294 294 312 312 312 311 311 311 295 295 295 296 296 296 313 313 313 295 295 295 313 313 313 312 312 312 296 296 296 297 297 297 314 314 314 296 296 296 314 314 314 313 313 313 297 297 297 298 298 298 315 315 315 297 297 297 315 315 315 314 314 314 298 298 298 299 299 299 316 316 316 298 298 298 316 316 316 315 315 315 299 299 299 300 300 300 317 317 317 299 299 299 317 317 317 316 316 316 300 300 300 301 301 301 318 318 318 300 300 300 318 318 318 317 317 317 301 301 301 302 302 302 319 319 319 301 301 301 319 319 319 318 318 318 302 302 302 303 303 303 320 320 320 302 302 302 320 320 320 319 319 319 303 303 303 304 304 304 321 321 321 303 303 303 321 321 321 320 320 320 304 304 304 305 305 305 322 322 322 304 304 304 322 322 322 321 321 321 306 306 306 307 307 307 324 324 324 306 306 306 324 324 324 323 323 323 307 307 307 308 308 308 325 325 325 307 307 307 325 325 325 324 324 324 308 308 308 309 309 309 326 326 326 308 308 308 326 326 326 325 325 325 309 309 309 310 310 310 327 327 327 309 309 309 327 327 327 326 326 326 310 310 310 311 311 311 328 328 328 310 310 310 328 328 328 327 327 327 311 311 311 312 312 312 329 329 329 311 311 311 329 329 329 328 328 328 312 312 312 313 313 313 330 330 330 312 312 312 330 330 330 329 329 329 313 313 313 314 314 314 331 331 331 313 313 313 331 331 331 330 330 330 314 314 314 315 315 315 332 332 332 314 314 314 332 332 332 331 331 331 315 315 315 316 316 316 333 333 333 315 315 315 333 333 333 332 332 332 316 316 316 317 317 317 334 334 334 316 316 316 334 334 334 333 333 333 317 317 317 318 318 318 335 335 335 317 317 317 335 335 335 334 334 334 318 318 318 319 319 319 336 336 336 318 318 318 336 336 336 335 335 335 319 319 319 320 320 320 337 337 337 319 319 319 337 337 337 336 336 336 320 320 320 321 321 321 338 338 338 320 320 320 338 338 338 337 337 337 321 321 321 322 322 322 339 339 339 321 321 321 339 339 339 338 338 338 323 323 323 324 324 324 341 341 341 323 323 323 341 341 341 340 340 340 324 324 324 325 325 325 342 342 342 324 324 324 342 342 342 341 341 341 325 325 325 326 326 326 343 343 343 325 325 325 343 343 343 342 342 342 326 326 326 327 327 327 344 344 344 326 326 326 344 344 344 343 343 343 327 327 327 328 328 328 345 345 345 327 327 327 345 345 345 344 344 344 328 328 328 329 329 329 346 346 346 328 328 328 346 346 346 345 345 345 329 329 329 330 330 330 347 347 347 329 329 329 347 347 347 346 346 346 330 330 330 331 331 331 348 348 348 330 330 330 348 348 348 347 347 347 331 331 331 332 332 332 349 349 349 331 331 331 349 349 349 348 348 348 332 332 332 333 333 333 350 350 350 332 332 332 350 350 350 349 349 349 333 333 333 334 334 334 351 351 351 333 333 333 351 351 351 350 350 350 334 334 334 335 335 335 352 352 352 334 334 334 352 352 352 351 351 351 335 335 335 336 336 336 353 353 353 335 335 335 353 353 353 352 352 352 336 336 336 337 337 337 354 354 354 336 336 336 354 354 354 353 353 353 337 337 337 338 338 338 355 355 355 337 337 337 355 355 355 354 354 354 338 338 338 339 339 339 356 356 356 338 338 338 356 356 356 355 355 355 340 340 340 341 341 341 358 358 358 340 340 340 358 358 358 357 357 357 341 341 341 342 342 342 359 359 359 341 341 341 359 359 359 358 358 358 342 342 342 343 343 343 360 360 360 342 342 342 360 360 360 359 359 359 343 343 343 344 344 344 361 361 361 343 343 343 361 361 361 360 360 360 344 344 344 345 345 345 362 362 362 344 344 344 362 362 362 361 361 361 345 345 345 346 346 346 363 363 363 345 345 345 363 363 363 362 362 362 346 346 346 347 347 347 364 364 364 346 346 346 364 364 364 363 363 363 347 347 347 348 348 348 365 365 365 347 347 347 365 365 365 364 364 364 348 348 348 349 349 349 366 366 366 348 348 348 366 366 366 365 365 365 349 349 349 350 350 350 367 367 367 349 349 349 367 367 367 366 366 366 350 350 350 351 351 351 368 368 368 350 350 350 368 368 368 367 367 367 351 351 351 352 352 352 369 369 369 351 351 351 369 369 369 368 368 368 352 352 352 353 353 353 370 370 370 352 352 352 370 370 370 369 369 369 353 353 353 354 354 354 371 371 371 353 353 353 371 371 371 370 370 370 354 354 354 355 355 355 372 372 372 354 354 354 372 372 372 371 371 371 355 355 355 356 356 356 373 373 373 355 355 355 373 373 373 372 372 372 357 357 357 358 358 358 375 375 375 357 357 357 375 375 375 374 374 374 358 358 358 359 359 359 376 376 376 358 358 358 376 376 376 375 375 375 359 359 359 360 360 360 377 377 377 359 359 359 377 377 377 376 376 376 360 360 360 361 361 361 378 378 378 360 360 360 378 378 378 377 377 377 361 361 361 362 362 362 379 379 379 361 361 361 379 379 379 378 378 378 362 362 362 363 363 363 380 380 380 362 362 362 380 380 380 379 379 379 363 363 363 364 364 364 381 381 381 363 363 363 381 381 381 380 380 380 364 364 364 365 365 365 382 382 382 364 364 364 382 382 382 381 381 381 365 365 365 366 366 366 383 383 383 365 365 365 383 383 383 382 382 382 366 366 366 367 367 367 384 384 384 366 366 366 384 384 384 383 383 383 367 367 367 368 368 368 385 385 385 367 367 367 385 385 385 384 384 384 368 368 368 369 369 369 386 386 386 368 368 368 386 386 386 385 385 385 369 369 369 370 370 370 387 387 387 369 369 369 387 387 387 386 386 386 370 370 370 371 371 371 388 388 388 370 370 370 388 388 388 387 387 387 371 371 371 372 372 372 389 389 389 371 371 371 389 389 389 388 388 388 372 372 372 373 373 373 390 390 390 372 372 372 390 390 390 389 389 389 374 374 374 375 375 375 392 392 392 374 374 374 392 392 392 391 391 391 375 375 375 376 376 376 393 393 393 375 375 375 393 393 393 392 392 392 376 376 376 377 377 377 394 394 394 376 376 376 394 394 394 393 393 393 377 377 377 378 378 378 395 395 395 377 377 377 395 395 395 394 394 394 378 378 378 379 379 379 396 396 396 378 378 378 396 396 396 395 395 395 379 379 379 380 380 380 397 397 397 379 379 379 397 397 397 396 396 396 380 380 380 381 381 381 398 398 398 380 380 380 398 398 398 397 397 397 381 381 381 382 382 382 399 399 399 381 381 381 399 399 399 398 398 398 382 382 382 383 383 383 400 400 400 382 382 382 400 400 400 399 399 399 383 383 383 384 384 384 401 401 401 383 383 383 401 401 401 400 400 400 384 384 384 385 385 385 402 402 402 384 384 384 402 402 402 401 401 401 385 385 385 386 386 386 403 403 403 385 385 385 403 403 403 402 402 402 386 386 386 387 387 387 404 404 404 386 386 386 404 404 404 403 403 403 387 387 387 388 388 388 405 405 405 387 387 387 405 405 405 404 404 404 388 388 388 389 389 389 406 406 406 388 388 388 406 406 406 405 405 405 389 389 389 390 390 390 407 407 407 389 389 389 407 407 407 406 406 406 391 391 391 392 392 392 409 409 409 391 391 391 409 409 409 408 408 408 392 392 392 393 393 393 410 410 410 392 392 392 410 410 410 409 409 409 393 393 393 394 394 394 411 411 411 393 393 393 411 411 411 410 410 410 394 394 394 395 395 395 412 412 412 394 394 394 412 412 412 411 411 411 395 395 395 396 396 396 413 413 413 395 395 395 413 413 413 412 412 412 396 396 396 397 397 397 414 414 414 396 396 396 414 414 414 413 413 413 397 397 397 398 398 398 415 415 415 397 397 397 415 415 415 414 414 414 398 398 398 399 399 399 416 416 416 398 398 398 416 416 416 415 415 415 399 399 399 400 400 400 417 417 417 399 399 399 417 417 417 416 416 416 400 400 400 401 401 401 418 418 418 400 400 400 418 418 418 417 417 417 401 401 401 402 402 402 419 419 419 401 401 401 419 419 419 418 418 418 402 402 402 403 403 403 420 420 420 402 402 402 420 420 420 419 419 419 403 403 403 404 404 404 421 421 421 403 403 403 421 421 421 420 420 420 404 404 404 405 405 405 422 422 422 404 404 404 422 422 422 421 421 421 405 405 405 406 406 406 423 423 423 405 405 405 423 423 423 422 422 422 406 406 406 407 407 407 424 424 424 406 406 406 424 424 424 423 423 423 408 408 408 409 409 409 426 426 426 408 408 408 426 426 426 425 425 425 409 409 409 410 410 410 427 427 427 409 409 409 427 427 427 426 426 426 410 410 410 411 411 411 428 428 428 410 410 410 428 428 428 427 427 427 411 411 411 412 412 412 429 429 429 411 411 411 429 429 429 428 428 428 412 412 412 413 413 413 430 430 430 412 412 412 430 430 430 429 429 429 413 413 413 414 414 414 431 431 431 413 413 413 431 431 431 430 430 430 414 414 414 415 415 415 432 432 432 414 414 414 432 432 432 431 431 431 415 415 415 416 416 416 433 433 433 415 415 415 433 433 433 432 432 432 416 416 416 417 417 417 434 434 434 416 416 416 434 434 434 433 433 433 417 417 417 418 418 418 435 435 435 417 417 417 435 435 435 434 434 434 418 418 418 419 419 419 436 436 436 418 418 418 436 436 436 435 435 435 419 419 419 420 420 420 437 437 437 419 419 419 437 437 437 436 436 436 420 420 420 421 421 421 438 438 438 420 420 420 438 438 438 437 437 437 421 421 421 422 422 422 439 439 439 421 421 421 439 439 439 438 438 438 422 422 422 423 423 423 440 440 440 422 422 422 440 440 440 439 439 439 423 423 423 424 424 424 441 441 441 423 423 423 441 441 441 440 440 440 425 425 425 426 426 426 443 443 443 425 425 425 443 443 443 442 442 442 426 426 426 427 427 427 444 444 444 426 426 426 444 444 444 443 443 443 427 427 427 428 428 428 445 445 445 427 427 427 445 445 445 444 444 444 428 428 428 429 429 429 446 446 446 428 428 428 446 446 446 445 445 445 429 429 429 430 430 430 447 447 447 429 429 429 447 447 447 446 446 446 430 430 430 431 431 431 448 448 448 430 430 430 448 448 448 447 447 447 431 431 431 432 432 432 449 449 449 431 431 431 449 449 449 448 448 448 432 432 432 433 433 433 450 450 450 432 432 432 450 450 450 449 449 449 433 433 433 434 434 434 451 451 451 433 433 433 451 451 451 450 450 450 434 434 434 435 435 435 452 452 452 434 434 434 452 452 452 451 451 451 435 435 435 436 436 436 453 453 453 435 435 435 453 453 453 452 452 452 436 436 436 437 437 437 454 454 454 436 436 436 454 454 454 453 453 453 437 437 437 438 438 438 455 455 455 437 437 437 455 455 455 454 454 454 438 438 438 439 439 439 456 456 456 438 438 438 456 456 456 455 455 455 439 439 439 440 440 440 457 457 457 439 439 439 457 457 457 456 456 456 440 440 440 441 441 441 458 458 458 440 440 440 458 458 458 457 457 457 442 442 442 443 443 443 460 460 460 442 442 442 460 460 460 459 459 459 443 443 443 444 444 444 461 461 461 443 443 443 461 461 461 460 460 460 444 444 444 445 445 445 462 462 462 444 444 444 462 462 462 461 461 461 445 445 445 446 446 446 463 463 463 445 445 445 463 463 463 462 462 462 446 446 446 447 447 447 464 464 464 446 446 446 464 464 464 463 463 463 447 447 447 448 448 448 465 465 465 447 447 447 465 465 465 464 464 464 448 448 448 449 449 449 466 466 466 448 448 448 466 466 466 465 465 465 449 449 449 450 450 450 467 467 467 449 449 449 467 467 467 466 466 466 450 450 450 451 451 451 468 468 468 450 450 450 468 468 468 467 467 467 451 451 451 452 452 452 469 469 469 451 451 451 469 469 469 468 468 468 452 452 452 453 453 453 470 470 470 452 452 452 470 470 470 469 469 469 453 453 453 454 454 454 471 471 471 453 453 453 471 471 471 470 470 470 454 454 454 455 455 455 472 472 472 454 454 454 472 472 472 471 471 471 455 455 455 456 456 456 473 473 473 455 455 455 473 473 473 472 472 472 456 456 456 457 457 457 474 474 474 456 456 456 474 474 474 473 473 473 457 457 457 458 458 458 475 475 475 457 457 457 475 475 475 474 474 474 459 459 459 460 460 460 477 477 477 459 459 459 477 477 477 476 476 476 460 460 460 461 461 461 478 478 478 460 460 460 478 478 478 477 477 477 461 461 461 462 462 462 479 479 479 461 461 461 479 479 479 478 478 478 462 462 462 463 463 463 480 480 480 462 462 462 480 480 480 479 479 479 463 463 463 464 464 464 481 481 481 463 463 463 481 481 481 480 480 480 464 464 464 465 465 465 482 482 482 464 464 464 482 482 482 481 481 481 465 465 465 466 466 466 483 483 483 465 465 465 483 483 483 482 482 482 466 466 466 467 467 467 484 484 484 466 466 466 484 484 484 483 483 483 467 467 467 468 468 468 485 485 485 467 467 467 485 485 485 484 484 484 468 468 468 469 469 469 486 486 486 468 468 468 486 486 486 485 485 485 469 469 469 470 470 470 487 487 487 469 469 469 487 487 487 486 486 486 470 470 470 471 471 471 488 488 488 470 470 470 488 488 488 487 487 487 471 471 471 472 472 472 489 489 489 471 471 471 489 489 489 488 488 488 472 472 472 473 473 473 490 490 490 472 472 472 490 490 490 489 489 489 473 473 473 474 474 474 491 491 491 473 473 473 491 491 491 490 490 490 474 474 474 475 475 475 492 492 492 474 474 474 492 492 492 491 491 491 476 476 476 477 477 477 494 494 494 476 476 476 494 494 494 493 493 493 477 477 477 478 478 478 495 495 495 477 477 477 495 495 495 494 494 494 478 478 478 479 479 479 496 496 496 478 478 478 496 496 496 495 495 495 479 479 479 480 480 480 497 497 497 479 479 479 497 497 497 496 496 496 480 480 480 481 481 481 498 498 498 480 480 480 498 498 498 497 497 497 481 481 481 482 482 482 499 499 499 481 481 481 499 499 499 498 498 498 482 482 482 483 483 483 500 500 500 482 482 482 500 500 500 499 499 499 483 483 483 484 484 484 501 501 501 483 483 483 501 501 501 500 500 500 484 484 484 485 485 485 502 502 502 484 484 484 502 502 502 501 501 501 485 485 485 486 486 486 503 503 503 485 485 485 503 503 503 502 502 502 486 486 486 487 487 487 504 504 504 486 486 486 504 504 504 503 503 503 487 487 487 488 488 488 505 505 505 487 487 487 505 505 505 504 504 504 488 488 488 489 489 489 506 506 506 488 488 488 506 506 506 505 505 505 489 489 489 490 490 490 507 507 507 489 489 489 507 507 507 506 506 506 490 490 490 491 491 491 508 508 508 490 490 490 508 508 508 507 507 507 491 491 491 492 492 492 509 509 509 491 491 491 509 509 509 508 508 508 493 493 493 494 494 494 511 511 511 493 493 493 511 511 511 510 510 510 494 494 494 495 495 495 512 512 512 494 494 494 512 512 512 511 511 511 495 495 495 496 496 496 513 513 513 495 495 495 513 513 513 512 512 512 496 496 496 497 497 497 514 514 514 496 496 496 514 514 514 513 513 513 497 497 497 498 498 498 515 515 515 497 497 497 515 515 515 514 514 514 498 498 498 499 499 499 516 516 516 498 498 498 516 516 516 515 515 515 499 499 499 500 500 500 517 517 517 499 499 499 517 517 517 516 516 516 500 500 500 501 501 501 518 518 518 500 500 500 518 518 518 517 517 517 501 501 501 502 502 502 519 519 519 501 501 501 519 519 519 518 518 518 502 502 502 503 503 503 520 520 520 502 502 502 520 520 520 519 519 519 503 503 503 504 504 504 521 521 521 503 503 503 521 521 521 520 520 520 504 504 504 505 505 505 522 522 522 504 504 504 522 522 522 521 521 521 505 505 505 506 506 506 523 523 523 505 505 505 523 523 523 522 522 522 506 506 506 507 507 507 524 524 524 506 506 506 524 524 524 523 523 523 507 507 507 508 508 508 525 525 525 507 507 507 525 525 525 524 524 524 508 508 508 509 509 509 526 526 526 508 508 508 526 526 526 525 525 525 510 510 510 511 511 511 528 528 528 510 510 510 528 528 528 527 527 527 511 511 511 512 512 512 529 529 529 511 511 511 529 529 529 528 528 528 512 512 512 513 513 513 530 530 530 512 512 512 530 530 530 529 529 529 513 513 513 514 514 514 531 531 531 513 513 513 531 531 531 530 530 530 514 514 514 515 515 515 532 532 532 514 514 514 532 532 532 531 531 531 515 515 515 516 516 516 533 533 533 515 515 515 533 533 533 532 532 532 516 516 516 517 517 517 534 534 534 516 516 516 534 534 534 533 533 533 517 517 517 518 518 518 535 535 535 517 517 517 535 535 535 534 534 534 518 518 518 519 519 519 536 536 536 518 518 518 536 536 536 535 535 535 519 519 519 520 520 520 537 537 537 519 519 519 537 537 537 536 536 536 520 520 520 521 521 521 538 538 538 520 520 520 538 538 538 537 537 537 521 521 521 522 522 522 539 539 539 521 521 521 539 539 539 538 538 538 522 522 522 523 523 523 540 540 540 522 522 522 540 540 540 539 539 539 523 523 523 524 524 524 541 541 541 523 523 523 541 541 541 540 540 540 524 524 524 525 525 525 542 542 542 524 524 524 542 542 542 541 541 541 525 525 525 526 526 526 543 543 543 525 525 525 543 543 543 542 542 542 527 527 527 528 528 528 545 545 545 527 527 527 545 545 545 544 544 544 528 528 528 529 529 529 546 546 546 528 528 528 546 546 546 545 545 545 529 529 529 530 530 530 547 547 547 529 529 529 547 547 547 546 546 546 530 530 530 531 531 531 548 548 548 530 530 530 548 548 548 547 547 547 531 531 531 532 532 532 549 549 549 531 531 531 549 549 549 548 548 548 532 532 532 533 533 533 550 550 550 532 532 532 550 550 550 549 549 549 533 533 533 534 534 534 551 551 551 533 533 533 551 551 551 550 550 550 534 534 534 535 535 535 552 552 552 534 534 534 552 552 552 551 551 551 535 535 535 536 536 536 553 553 553 535 535 535 553 553 553 552 552 552 536 536 536 537 537 537 554 554 554 536 536 536 554 554 554 553 553 553 537 537 537 538 538 538 555 555 555 537 537 537 555 555 555 554 554 554 538 538 538 539 539 539 556 556 556 538 538 538 556 556 556 555 555 555 539 539 539 540 540 540 557 557 557 539 539 539 557 557 557 556 556 556 540 540 540 541 541 541 558 558 558 540 540 540 558 558 558 557 557 557 541 541 541 542 542 542 559 559 559 541 541 541 559 559 559 558 558 558 542 542 542 543 543 543 560 560 560 542 542 542 560 560 560 559 559 559 544 544 544 545 545 545 562 562 562 544 544 544 562 562 562 561 561 561 545 545 545 546 546 546 563 563 563 545 545 545 563 563 563 562 562 562 546 546 546 547 547 547 564 564 564 546 546 546 564 564 564 563 563 563 547 547 547 548 548 548 565 565 565 547 547 547 565 565 565 564 564 564 548 548 548 549 549 549 566 566 566 548 548 548 566 566 566 565 565 565 549 549 549 550 550 550 567 567 567 549 549 549 567 567 567 566 566 566 550 550 550 551 551 551 568 568 568 550 550 550 568 568 568 567 567 567 551 551 551 552 552 552 569 569 569 551 551 551 569 569 569 568 568 568 552 552 552 553 553 553 570 570 570 552 552 552 570 570 570 569 569 569 553 553 553 554 554 554 571 571 571 553 553 553 571 571 571 570 570 570 554 554 554 555 555 555 572 572 572 554 554 554 572 572 572 571 571 571 555 555 555 556 556 556 573 573 573 555 555 555 573 573 573 572 572 572 556 556 556 557 557 557 574 574 574 556 556 556 574 574 574 573 573 573 557 557 557 558 558 558 575 575 575 557 557 557 575 575 575 574 574 574 558 558 558 559 559 559 576 576 576 558 558 558 576 576 576 575 575 575 559 559 559 560 560 560 577 577 577 559 559 559 577 577 577 576 576 576 561 561 561 562 562 562 579 579 579 561 561 561 579 579 579 578 578 578 562 562 562 563 563 563 580 580 580 562 562 562 580 580 580 579 579 579 563 563 563 564 564 564 581 581 581 563 563 563 581 581 581 580 580 580 564 564 564 565 565 565 582 582 582 564 564 564 582 582 582 581 581 581 565 565 565 566 566 566 583 583 583 565 565 565 583 583 583 582 582 582 566 566 566 567 567 567 584 584 584 566 566 566 584 584 584 583 583 583 567 567 567 568 568 568 585 585 585 567 567 567 585 585 585 584 584 584 568 568 568 569 569 569 586 586 586 568 568 568 586 586 586 585 585 585 569 569 569 570 570 570 587 587 587 569 569 569 587 587 587 586 586 586 570 570 570 571 571 571 588 588 588 570 570 570 588 588 588 587 587 587 571 571 571 572 572 572 589 589 589 571 571 571 589 589 589 588 588 588 572 572 572 573 573 573 590 590 590 572 572 572 590 590 590 589 589 589 573 573 573 574 574 574 591 591 591 573 573 573 591 591 591 590 590 590 574 574 574 575 575 575 592 592 592 574 574 574 592 592 592 591 591 591 575 575 575 576 576 576 593 593 593 575 575 575 593 593 593 592 592 592 576 576 576 577 577 577 594 594 594 576 576 576 594 594 594 593 593 593 578 578 578 579 579 579 596 596 596 578 578 578 596 596 596 595 595 595 579 579 579 580 580 580 597 597 597 579 579 579 597 597 597 596 596 596 580 580 580 581 581 581 598 598 598 580 580 580 598 598 598 597 597 597 581 581 581 582 582 582 599 599 599 581 581 581 599 599 599 598 598 598 582 582 582 583 583 583 600 600 600 582 582 582 600 600 600 599 599 599 583 583 583 584 584 584 601 601 601 583 583 583 601 601 601 600 600 600 584 584 584 585 585 585 602 602 602 584 584 584 602 602 602 601 601 601 585 585 585 586 586 586 603 603 603 585 585 585 603 603 603 602 602 602 586 586 586 587 587 587 604 604 604 586 586 586 604 604 604 603 603 603 587 587 587 588 588 588 605 605 605 587 587 587 605 605 605 604 604 604 588 588 588 589 589 589 606 606 606 588 588 588 606 606 606 605 605 605 589 589 589 590 590 590 607 607 607 589 589 589 607 607 607 606 606 606 590 590 590 591 591 591 608 608 608 590 590 590 608 608 608 607 607 607 591 591 591 592 592 592 609 609 609 591 591 591 609 609 609 608 608 608 592 592 592 593 593 593 610 610 610 592 592 592 610 610 610 609 609 609 593 593 593 594 594 594 611 611 611 593 593 593 611 611 611 610 610 610 595 595 595 596 596 596 613 613 613 595 595 595 613 613 613 612 612 612 596 596 596 597 597 597 614 614 614 596 596 596 614 614 614 613 613 613 597 597 597 598 598 598 615 615 615 597 597 597 615 615 615 614 614 614 598 598 598 599 599 599 616 616 616 598 598 598 616 616 616 615 615 615 599 599 599 600 600 600 617 617 617 599 599 599 617 617 617 616 616 616 600 600 600 601 601 601 618 618 618 600 600 600 618 618 618 617 617 617 601 601 601 602 602 602 619 619 619 601 601 601 619 619 619 618 618 618 602 602 602 603 603 603 620 620 620 602 602 602 620 620 620 619 619 619 603 603 603 604 604 604 621 621 621 603 603 603 621 621 621 620 620 620 604 604 604 605 605 605 622 622 622 604 604 604 622 622 622 621 621 621 605 605 605 606 606 606 623 623 623 605 605 605 623 623 623 622 622 622 606 606 606 607 607 607 624 624 624 606 606 606 624 624 624 623 623 623 607 607 607 608 608 608 625 625 625 607 607 607 625 625 625 624 624 624 608 608 608 609 609 609 626 626 626 608 608 608 626 626 626 625 625 625 609 609 609 610 610 610 627 627 627 609 609 609 627 627 627 626 626 626 610 610 610 611 611 611 628 628 628 610 610 610 628 628 628 627 627 627 612 612 612 613 613 613 630 630 630 612 612 612 630 630 630 629 629 629 613 613 613 614 614 614 631 631 631 613 613 613 631 631 631 630 630 630 614 614 614 615 615 615 632 632 632 614 614 614 632 632 632 631 631 631 615 615 615 616 616 616 633 633 633 615 615 615 633 633 633 632 632 632 616 616 616 617 617 617 634 634 634 616 616 616 634 634 634 633 633 633 617 617 617 618 618 618 635 635 635 617 617 617 635 635 635 634 634 634 618 618 618 619 619 619 636 636 636 618 618 618 636 636 636 635 635 635 619 619 619 620 620 620 637 637 637 619 619 619 637 637 637 636 636 636 620 620 620 621 621 621 638 638 638 620 620 620 638 638 638 637 637 637 621 621 621 622 622 622 639 639 639 621 621 621 639 639 639 638 638 638 622 622 622 623 623 623 640 640 640 622 622 622 640 640 640 639 639 639 623 623 623 624 624 624 641 641 641 623 623 623 641 641 641 640 640 640 624 624 624 625 625 625 642 642 642 624 624 624 642 642 642 641 641 641 625 625 625 626 626 626 643 643 643 625 625 625 643 643 643 642 642 642 626 626 626 627 627 627 644 644 644 626 626 626 644 644 644 643 643 643 627 627 627 628 628 628 645 645 645 627 627 627 645 645 645 644 644 644 629 629 629 630 630 630 647 647 647 629 629 629 647 647 647 646 646 646 630 630 630 631 631 631 648 648 648 630 630 630 648 648 648 647 647 647 631 631 631 632 632 632 649 649 649 631 631 631 649 649 649 648 648 648 632 632 632 633 633 633 650 650 650 632 632 632 650 650 650 649 649 649 633 633 633 634 634 634 651 651 651 633 633 633 651 651 651 650 650 650 634 634 634 635 635 635 652 652 652 634 634 634 652 652 652 651 651 651 635 635 635 636 636 636 653 653 653 635 635 635 653 653 653 652 652 652 636 636 636 637 637 637 654 654 654 636 636 636 654 654 654 653 653 653 637 637 637 638 638 638 655 655 655 637 637 637 655 655 655 654 654 654 638 638 638 639 639 639 656 656 656 638 638 638 656 656 656 655 655 655 639 639 639 640 640 640 657 657 657 639 639 639 657 657 657 656 656 656 640 640 640 641 641 641 658 658 658 640 640 640 658 658 658 657 657 657 641 641 641 642 642 642 659 659 659 641 641 641 659 659 659 658 658 658 642 642 642 643 643 643 660 660 660 642 642 642 660 660 660 659 659 659 643 643 643 644 644 644 661 661 661 643 643 643 661 661 661 660 660 660 644 644 644 645 645 645 662 662 662 644 644 644 662 662 662 661 661 661 646 646 646 647 647 647 664 664 664 646 646 646 664 664 664 663 663 663 647 647 647 648 648 648 665 665 665 647 647 647 665 665 665 664 664 664 648 648 648 649 649 649 666 666 666 648 648 648 666 666 666 665 665 665 649 649 649 650 650 650 667 667 667 649 649 649 667 667 667 666 666 666 650 650 650 651 651 651 668 668 668 650 650 650 668 668 668 667 667 667 651 651 651 652 652 652 669 669 669 651 651 651 669 669 669 668 668 668 652 652 652 653 653 653 670 670 670 652 652 652 670 670 670 669 669 669 653 653 653 654 654 654 671 671 671 653 653 653 671 671 671 670 670 670 654 654 654 655 655 655 672 672 672 654 654 654 672 672 672 671 671 671 655 655 655 656 656 656 673 673 673 655 655 655 673 673 673 672 672 672 656 656 656 657 657 657 674 674 674 656 656 656 674 674 674 673 673 673 657 657 657 658 658 658 675 675 675 657 657 657 675 675 675 674 674 674 658 658 658 659 659 659 676 676 676 658 658 658 676 676 676 675 675 675 659 659 659 660 660 660 677 677 677 659 659 659 677 677 677 676 676 676 660 660 660 661 661 661 678 678 678 660 660 660 678 678 678 677 677 677 661 661 661 662 662 662 679 679 679 661 661 661 679 679 679 678 678 678 663 663 663 664 664 664 681 681 681 663 663 663 681 681 681 680 680 680 664 664 664 665 665 665 682 682 682 664 664 664 682 682 682 681 681 681 665 665 665 666 666 666 683 683 683 665 665 665 683 683 683 682 682 682 666 666 666 667 667 667 684 684 684 666 666 666 684 684 684 683 683 683 667 667 667 668 668 668 685 685 685 667 667 667 685 685 685 684 684 684 668 668 668 669 669 669 686 686 686 668 668 668 686 686 686 685 685 685 669 669 669 670 670 670 687 687 687 669 669 669 687 687 687 686 686 686 670 670 670 671 671 671 688 688 688 670 670 670 688 688 688 687 687 687 671 671 671 672 672 672 689 689 689 671 671 671 689 689 689 688 688 688 672 672 672 673 673 673 690 690 690 672 672 672 690 690 690 689 689 689 673 673 673 674 674 674 691 691 691 673 673 673 691 691 691 690 690 690 674 674 674 675 675 675 692 692 692 674 674 674 692 692 692 691 691 691 675 675 675 676 676 676 693 693 693 675 675 675 693 693 693 692 692 692 676 676 676 677 677 677 694 694 694 676 676 676 694 694 694 693 693 693 677 677 677 678 678 678 695 695 695 677 677 677 695 695 695 694 694 694 678 678 678 679 679 679 696 696 696 678 678 678 696 696 696 695 695 695 680 680 680 681 681 681 698 698 698 680 680 680 698 698 698 697 697 697 681 681 681 682 682 682 699 699 699 681 681 681 699 699 699 698 698 698 682 682 682 683 683 683 700 700 700 682 682 682 700 700 700 699 699 699 683 683 683 684 684 684 701 701 701 683 683 683 701 701 701 700 700 700 684 684 684 685 685 685 702 702 702 684 684 684 702 702 702 701 701 701 685 685 685 686 686 686 703 703 703 685 685 685 703 703 703 702 702 702 686 686 686 687 687 687 704 704 704 686 686 686 704 704 704 703 703 703 687 687 687 688 688 688 705 705 705 687 687 687 705 705 705 704 704 704 688 688 688 689 689 689 706 706 706 688 688 688 706 706 706 705 705 705 689 689 689 690 690 690 707 707 707 689 689 689 707 707 707 706 706 706 690 690 690 691 691 691 708 708 708 690 690 690 708 708 708 707 707 707 691 691 691 692 692 692 709 709 709 691 691 691 709 709 709 708 708 708 692 692 692 693 693 693 710 710 710 692 692 692 710 710 710 709 709 709 693 693 693 694 694 694 711 711 711 693 693 693 711 711 711 710 710 710 694 694 694 695 695 695 712 712 712 694 694 694 712 712 712 711 711 711 695 695 695 696 696 696 713 713 713 695 695 695 713 713 713 712 712 712 697 697 697 698 698 698 715 715 715 697 697 697 715 715 715 714 714 714 698 698 698 699 699 699 716 716 716 698 698 698 716 716 716 715 715 715 699 699 699 700 700 700 717 717 717 699 699 699 717 717 717 716 716 716 700 700 700 701 701 701 718 718 718 700 700 700 718 718 718 717 717 717 701 701 701 702 702 702 719 719 719 701 701 701 719 719 719 718 718 718 702 702 702 703 703 703 720 720 720 702 702 702 720 720 720 719 719 719 703 703 703 704 704 704 721 721 721 703 703 703 721 721 721 720 720 720 704 704 704 705 705 705 722 722 722 704 704 704 722 722 722 721 721 721 705 705 705 706 706 706 723 723 723 705 705 705 723 723 723 722 722 722 706 706 706 707 707 707 724 724 724 706 706 706 724 724 724 723 723 723 707 707 707 708 708 708 725 725 725 707 707 707 725 725 725 724 724 724 708 708 708 709 709 709 726 726 726 708 708 708 726 726 726 725 725 725 709 709 709 710 710 710 727 727 727 709 709 709 727 727 727 726 726 726 710 710 710 711 711 711 728 728 728 710 710 710 728 728 728 727 727 727 711 711 711 712 712 712 729 729 729 711 711 711 729 729 729 728 728 728 712 712 712 713 713 713 730 730 730 712 712 712 730 730 730 729 729 729 714 714 714 715 715 715 732 732 732 714 714 714 732 732 732 731 731 731 715 715 715 716 716 716 733 733 733 715 715 715 733 733 733 732 732 732 716 716 716 717 717 717 734 734 734 716 716 716 734 734 734 733 733 733 717 717 717 718 718 718 735 735 735 717 717 717 735 735 735 734 734 734 718 718 718 719 719 719 736 736 736 718 718 718 736 736 736 735 735 735 719 719 719 720 720 720 737 737 737 719 719 719 737 737 737 736 736 736 720 720 720 721 721 721 738 738 738 720 720 720 738 738 738 737 737 737 721 721 721 722 722 722 739 739 739 721 721 721 739 739 739 738 738 738 722 722 722 723 723 723 740 740 740 722 722 722 740 740 740 739 739 739 723 723 723 724 724 724 741 741 741 723 723 723 741 741 741 740 740 740 724 724 724 725 725 725 742 742 742 724 724 724 742 742 742 741 741 741 725 725 725 726 726 726 743 743 743 725 725 725 743 743 743 742 742 742 726 726 726 727 727 727 744 744 744 726 726 726 744 744 744 743 743 743 727 727 727 728 728 728 745 745 745 727 727 727 745 745 745 744 744 744 728 728 728 729 729 729 746 746 746 728 728 728 746 746 746 745 745 745 729 729 729 730 730 730 747 747 747 729 729 729 747 747 747 746 746 746 731 731 731 732 732 732 749 749 749 731 731 731 749 749 749 748 748 748 732 732 732 733 733 733 750 750 750 732 732 732 750 750 750 749 749 749 733 733 733 734 734 734 751 751 751 733 733 733 751 751 751 750 750 750 734 734 734 735 735 735 752 752 752 734 734 734 752 752 752 751 751 751 735 735 735 736 736 736 753 753 753 735 735 735 753 753 753 752 752 752 736 736 736 737 737 737 754 754 754 736 736 736 754 754 754 753 753 753 737 737 737 738 738 738 755 755 755 737 737 737 755 755 755 754 754 754 738 738 738 739 739 739 756 756 756 738 738 738 756 756 756 755 755 755 739 739 739 740 740 740 757 757 757 739 739 739 757 757 757 756 756 756 740 740 740 741 741 741 758 758 758 740 740 740 758 758 758 757 757 757 741 741 741 742 742 742 759 759 759 741 741 741 759 759 759 758 758 758 742 742 742 743 743 743 760 760 760 742 742 742 760 760 760 759 759 759 743 743 743 744 744 744 761 761 761 743 743 743 761 761 761 760 760 760 744 744 744 745 745 745 762 762 762 744 744 744 762 762 762 761 761 761 745 745 745 746 746 746 763 763 763 745 745 745 763 763 763 762 762 762 746 746 746 747 747 747 764 764 764 746 746 746 764 764 764 763 763 763 748 748 748 749 749 749 766 766 766 748 748 748 766 766 766 765 765 765 749 749 749 750 750 750 767 767 767 749 749 749 767 767 767 766 766 766 750 750 750 751 751 751 768 768 768 750 750 750 768 768 768 767 767 767 751 751 751 752 752 752 769 769 769 751 751 751 769 769 769 768 768 768 752 752 752 753 753 753 770 770 770 752 752 752 770 770 770 769 769 769 753 753 753 754 754 754 771 771 771 753 753 753 771 771 771 770 770 770 754 754 754 755 755 755 772 772 772 754 754 754 772 772 772 771 771 771 755 755 755 756 756 756 773 773 773 755 755 755 773 773 773 772 772 772 756 756 756 757 757 757 774 774 774 756 756 756 774 774 774 773 773 773 757 757 757 758 758 758 775 775 775 757 757 757 775 775 775 774 774 774 758 758 758 759 759 759 776 776 776 758 758 758 776 776 776 775 775 775 759 759 759 760 760 760 777 777 777 759 759 759 777 777 777 776 776 776 760 760 760 761 761 761 778 778 778 760 760 760 778 778 778 777 777 777 761 761 761 762 762 762 779 779 779 761 761 761 779 779 779 778 778 778 762 762 762 763 763 763 780 780 780 762 762 762 780 780 780 779 779 779 763 763 763 764 764 764 781 781 781 763 763 763 781 781 781 780 780 780 765 765 765 766 766 766 783 783 783 765 765 765 783 783 783 782 782 782 766 766 766 767 767 767 784 784 784 766 766 766 784 784 784 783 783 783 767 767 767 768 768 768 785 785 785 767 767 767 785 785 785 784 784 784 768 768 768 769 769 769 786 786 786 768 768 768 786 786 786 785 785 785 769 769 769 770 770 770 787 787 787 769 769 769 787 787 787 786 786 786 770 770 770 771 771 771 788 788 788 770 770 770 788 788 788 787 787 787 771 771 771 772 772 772 789 789 789 771 771 771 789 789 789 788 788 788 772 772 772 773 773 773 790 790 790 772 772 772 790 790 790 789 789 789 773 773 773 774 774 774 791 791 791 773 773 773 791 791 791 790 790 790 774 774 774 775 775 775 792 792 792 774 774 774 792 792 792 791 791 791 775 775 775 776 776 776 793 793 793 775 775 775 793 793 793 792 792 792 776 776 776 777 777 777 794 794 794 776 776 776 794 794 794 793 793 793 777 777 777 778 778 778 795 795 795 777 777 777 795 795 795 794 794 794 778 778 778 779 779 779 796 796 796 778 778 778 796 796 796 795 795 795 779 779 779 780 780 780 797 797 797 779 779 779 797 797 797 796 796 796 780 780 780 781 781 781 798 798 798 780 780 780 798 798 798 797 797 797 782 782 782 783 783 783 800 800 800 782 782 782 800 800 800 799 799 799 783 783 783 784 784 784 801 801 801 783 783 783 801 801 801 800 800 800 784 784 784 785 785 785 802 802 802 784 784 784 802 802 802 801 801 801 785 785 785 786 786 786 803 803 803 785 785 785 803 803 803 802 802 802 786 786 786 787 787 787 804 804 804 786 786 786 804 804 804 803 803 803 787 787 787 788 788 788 805 805 805 787 787 787 805 805 805 804 804 804 788 788 788 789 789 789 806 806 806 788 788 788 806 806 806 805 805 805 789 789 789 790 790 790 807 807 807 789 789 789 807 807 807 806 806 806 790 790 790 791 791 791 808 808 808 790 790 790 808 808 808 807 807 807 791 791 791 792 792 792 809 809 809 791 791 791 809 809 809 808 808 808 792 792 792 793 793 793 810 810 810 792 792 792 810 810 810 809 809 809 793 793 793 794 794 794 811 811 811 793 793 793 811 811 811 810 810 810 794 794 794 795 795 795 812 812 812 794 794 794 812 812 812 811 811 811 795 795 795 796 796 796 813 813 813 795 795 795 813 813 813 812 812 812 796 796 796 797 797 797 814 814 814 796 796 796 814 814 814 813 813 813 797 797 797 798 798 798 815 815 815 797 797 797 815 815 815 814 814 814 799 799 799 800 800 800 817 817 817 799 799 799 817 817 817 816 816 816 800 800 800 801 801 801 818 818 818 800 800 800 818 818 818 817 817 817 801 801 801 802 802 802 819 819 819 801 801 801 819 819 819 818 818 818 802 802 802 803 803 803 820 820 820 802 802 802 820 820 820 819 819 819 803 803 803 804 804 804 821 821 821 803 803 803 821 821 821 820 820 820 804 804 804 805 805 805 822 822 822 804 804 804 822 822 822 821 821 821 805 805 805 806 806 806 823 823 823 805 805 805 823 823 823 822 822 822 806 806 806 807 807 807 824 824 824 806 806 806 824 824 824 823 823 823 807 807 807 808 808 808 825 825 825 807 807 807 825 825 825 824 824 824 808 808 808 809 809 809 826 826 826 808 808 808 826 826 826 825 825 825 809 809 809 810 810 810 827 827 827 809 809 809 827 827 827 826 826 826 810 810 810 811 811 811 828 828 828 810 810 810 828 828 828 827 827 827 811 811 811 812 812 812 829 829 829 811 811 811 829 829 829 828 828 828 812 812 812 813 813 813 830 830 830 812 812 812 830 830 830 829 829 829 813 813 813 814 814 814 831 831 831 813 813 813 831 831 831 830 830 830 814 814 814 815 815 815 832 832 832 814 814 814 832 832 832 831 831 831 833 833 833 834 834 834 861 861 861 833 833 833 861 861 861 860 860 860 834 834 834 835 835 835 862 862 862 834 834 834 862 862 862 861 861 861 835 835 835 836 836 836 863 863 863 835 835 835 863 863 863 862 862 862 836 836 836 837 837 837 864 864 864 836 836 836 864 864 864 863 863 863 837 837 837 838 838 838 865 865 865 837 837 837 865 865 865 864 864 864 838 838 838 839 839 839 866 866 866 838 838 838 866 866 866 865 865 865 839 839 839 840 840 840 867 867 867 839 839 839 867 867 867 866 866 866 840 840 840 841 841 841 868 868 868 840 840 840 868 868 868 867 867 867 841 841 841 842 842 842 869 869 869 841 841 841 869 869 869 868 868 868 842 842 842 843 843 843 870 870 870 842 842 842 870 870 870 869 869 869 843 843 843 844 844 844 871 871 871 843 843 843 871 871 871 870 870 870 844 844 844 845 845 845 872 872 872 844 844 844 872 872 872 871 871 871 845 845 845 846 846 846 873 873 873 845 845 845 873 873 873 872 872 872 846 846 846 847 847 847 874 874 874 846 846 846 874 874 874 873 873 873 847 847 847 848 848 848 875 875 875 847 847 847 875 875 875 874 874 874 848 848 848 849 849 849 876 876 876 848 848 848 876 876 876 875 875 875 849 849 849 850 850 850 877 877 877 849 849 849 877 877 877 876 876 876 850 850 850 851 851 851 878 878 878 850 850 850 878 878 878 877 877 877 851 851 851 852 852 852 879 879 879 851 851 851 879 879 879 878 878 878 852 852 852 853 853 853 880 880 880 852 852 852 880 880 880 879 879 879 853 853 853 854 854 854 881 881 881 853 853 853 881 881 881 880 880 880 854 854 854 855 855 855 882 882 882 854 854 854 882 882 882 881 881 881 855 855 855 856 856 856 883 883 883 855 855 855 883 883 883 882 882 882 856 856 856 857 857 857 884 884 884 856 856 856 884 884 884 883 883 883 857 857 857 858 858 858 885 885 885 857 857 857 885 885 885 884 884 884 858 858 858 859 859 859 886 886 886 858 858 858 886 886 886 885 885 885 860 860 860 861 861 861 888 888 888 860 860 860 888 888 888 887 887 887 861 861 861 862 862 862 889 889 889 861 861 861 889 889 889 888 888 888 862 862 862 863 863 863 890 890 890 862 862 862 890 890 890 889 889 889 863 863 863 864 864 864 891 891 891 863 863 863 891 891 891 890 890 890 864 864 864 865 865 865 892 892 892 864 864 864 892 892 892 891 891 891 865 865 865 866 866 866 893 893 893 865 865 865 893 893 893 892 892 892 866 866 866 867 867 867 894 894 894 866 866 866 894 894 894 893 893 893 867 867 867 868 868 868 895 895 895 867 867 867 895 895 895 894 894 894 868 868 868 869 869 869 896 896 896 868 868 868 896 896 896 895 895 895 869 869 869 870 870 870 897 897 897 869 869 869 897 897 897 896 896 896 870 870 870 871 871 871 898 898 898 870 870 870 898 898 898 897 897 897 871 871 871 872 872 872 899 899 899 871 871 871 899 899 899 898 898 898 872 872 872 873 873 873 900 900 900 872 872 872 900 900 900 899 899 899 873 873 873 874 874 874 901 901 901 873 873 873 901 901 901 900 900 900 874 874 874 875 875 875 902 902 902 874 874 874 902 902 902 901 901 901 875 875 875 876 876 876 903 903 903 875 875 875 903 903 903 902 902 902 876 876 876 877 877 877 904 904 904 876 876 876 904 904 904 903 903 903 877 877 877 878 878 878 905 905 905 877 877 877 905 905 905 904 904 904 878 878 878 879 879 879 906 906 906 878 878 878 906 906 906 905 905 905 879 879 879 880 880 880 907 907 907 879 879 879 907 907 907 906 906 906 880 880 880 881 881 881 908 908 908 880 880 880 908 908 908 907 907 907 881 881 881 882 882 882 909 909 909 881 881 881 909 909 909 908 908 908 882 882 882 883 883 883 910 910 910 882 882 882 910 910 910 909 909 909 883 883 883 884 884 884 911 911 911 883 883 883 911 911 911 910 910 910 884 884 884 885 885 885 912 912 912 884 884 884 912 912 912 911 911 911 885 885 885 886 886 886 913 913 913 885 885 885 913 913 913 912 912 912 887 887 887 888 888 888 915 915 915 887 887 887 915 915 915 914 914 914 888 888 888 889 889 889 916 916 916 888 888 888 916 916 916 915 915 915 889 889 889 890 890 890 917 917 917 889 889 889 917 917 917 916 916 916 890 890 890 891 891 891 918 918 918 890 890 890 918 918 918 917 917 917 891 891 891 892 892 892 919 919 919 891 891 891 919 919 919 918 918 918 892 892 892 893 893 893 920 920 920 892 892 892 920 920 920 919 919 919 893 893 893 894 894 894 921 921 921 893 893 893 921 921 921 920 920 920 894 894 894 895 895 895 922 922 922 894 894 894 922 922 922 921 921 921 895 895 895 896 896 896 923 923 923 895 895 895 923 923 923 922 922 922 896 896 896 897 897 897 924 924 924 896 896 896 924 924 924 923 923 923 897 897 897 898 898 898 925 925 925 897 897 897 925 925 925 924 924 924 898 898 898 899 899 899 926 926 926 898 898 898 926 926 926 925 925 925 899 899 899 900 900 900 927 927 927 899 899 899 927 927 927 926 926 926 900 900 900 901 901 901 928 928 928 900 900 900 928 928 928 927 927 927 901 901 901 902 902 902 929 929 929 901 901 901 929 929 929 928 928 928 902 902 902 903 903 903 930 930 930 902 902 902 930 930 930 929 929 929 903 903 903 904 904 904 931 931 931 903 903 903 931 931 931 930 930 930 904 904 904 905 905 905 932 932 932 904 904 904 932 932 932 931 931 931 905 905 905 906 906 906 933 933 933 905 905 905 933 933 933 932 932 932 906 906 906 907 907 907 934 934 934 906 906 906 934 934 934 933 933 933 907 907 907 908 908 908 935 935 935 907 907 907 935 935 935 934 934 934 908 908 908 909 909 909 936 936 936 908 908 908 936 936 936 935 935 935 909 909 909 910 910 910 937 937 937 909 909 909 937 937 937 936 936 936 910 910 910 911 911 911 938 938 938 910 910 910 938 938 938 937 937 937 911 911 911 912 912 912 939 939 939 911 911 911 939 939 939 938 938 938 912 912 912 913 913 913 940 940 940 912 912 912 940 940 940 939 939 939 914 914 914 915 915 915 942 942 942 914 914 914 942 942 942 941 941 941 915 915 915 916 916 916 943 943 943 915 915 915 943 943 943 942 942 942 916 916 916 917 917 917 944 944 944 916 916 916 944 944 944 943 943 943 917 917 917 918 918 918 945 945 945 917 917 917 945 945 945 944 944 944 918 918 918 919 919 919 946 946 946 918 918 918 946 946 946 945 945 945 919 919 919 920 920 920 947 947 947 919 919 919 947 947 947 946 946 946 920 920 920 921 921 921 948 948 948 920 920 920 948 948 948 947 947 947 921 921 921 922 922 922 949 949 949 921 921 921 949 949 949 948 948 948 922 922 922 923 923 923 950 950 950 922 922 922 950 950 950 949 949 949 923 923 923 924 924 924 951 951 951 923 923 923 951 951 951 950 950 950 924 924 924 925 925 925 952 952 952 924 924 924 952 952 952 951 951 951 925 925 925 926 926 926 953 953 953 925 925 925 953 953 953 952 952 952 926 926 926 927 927 927 954 954 954 926 926 926 954 954 954 953 953 953 927 927 927 928 928 928 955 955 955 927 927 927 955 955 955 954 954 954 928 928 928 929 929 929 956 956 956 928 928 928 956 956 956 955 955 955 929 929 929 930 930 930 957 957 957 929 929 929 957 957 957 956 956 956 930 930 930 931 931 931 958 958 958 930 930 930 958 958 958 957 957 957 931 931 931 932 932 932 959 959 959 931 931 931 959 959 959 958 958 958 932 932 932 933 933 933 960 960 960 932 932 932 960 960 960 959 959 959 933 933 933 934 934 934 961 961 961 933 933 933 961 961 961 960 960 960 934 934 934 935 935 935 962 962 962 934 934 934 962 962 962 961 961 961 935 935 935 936 936 936 963 963 963 935 935 935 963 963 963 962 962 962 936 936 936 937 937 937 964 964 964 936 936 936 964 964 964 963 963 963 937 937 937 938 938 938 965 965 965 937 937 937 965 965 965 964 964 964 938 938 938 939 939 939 966 966 966 938 938 938 966 966 966 965 965 965 939 939 939 940 940 940 967 967 967 939 939 939 967 967 967 966 966 966 941 941 941 942 942 942 969 969 969 941 941 941 969 969 969 968 968 968 942 942 942 943 943 943 970 970 970 942 942 942 970 970 970 969 969 969 943 943 943 944 944 944 971 971 971 943 943 943 971 971 971 970 970 970 944 944 944 945 945 945 972 972 972 944 944 944 972 972 972 971 971 971 945 945 945 946 946 946 973 973 973 945 945 945 973 973 973 972 972 972 946 946 946 947 947 947 974 974 974 946 946 946 974 974 974 973 973 973 947 947 947 948 948 948 975 975 975 947 947 947 975 975 975 974 974 974 948 948 948 949 949 949 976 976 976 948 948 948 976 976 976 975 975 975 949 949 949 950 950 950 977 977 977 949 949 949 977 977 977 976 976 976 950 950 950 951 951 951 978 978 978 950 950 950 978 978 978 977 977 977 951 951 951 952 952 952 979 979 979 951 951 951 979 979 979 978 978 978 952 952 952 953 953 953 980 980 980 952 952 952 980 980 980 979 979 979 953 953 953 954 954 954 981 981 981 953 953 953 981 981 981 980 980 980 954 954 954 955 955 955 982 982 982 954 954 954 982 982 982 981 981 981 955 955 955 956 956 956 983 983 983 955 955 955 983 983 983 982 982 982 956 956 956 957 957 957 984 984 984 956 956 956 984 984 984 983 983 983 957 957 957 958 958 958 985 985 985 957 957 957 985 985 985 984 984 984 958 958 958 959 959 959 986 986 986 958 958 958 986 986 986 985 985 985 959 959 959 960 960 960 987 987 987 959 959 959 987 987 987 986 986 986 960 960 960 961 961 961 988 988 988 960 960 960 988 988 988 987 987 987 961 961 961 962 962 962 989 989 989 961 961 961 989 989 989 988 988 988 962 962 962 963 963 963 990 990 990 962 962 962 990 990 990 989 989 989 963 963 963 964 964 964 991 991 991 963 963 963 991 991 991 990 990 990 964 964 964 965 965 965 992 992 992 964 964 964 992 992 992 991 991 991 965 965 965 966 966 966 993 993 993 965 965 965 993 993 993 992 992 992 966 966 966 967 967 967 994 994 994 966 966 966 994 994 994 993 993 993 968 968 968 969 969 969 996 996 996 968 968 968 996 996 996 995 995 995 969 969 969 970 970 970 997 997 997 969 969 969 997 997 997 996 996 996 970 970 970 971 971 971 998 998 998 970 970 970 998 998 998 997 997 997 971 971 971 972 972 972 999 999 999 971 971 971 999 999 999 998 998 998 972 972 972 973 973 973 1000 1000 1000 972 972 972 1000 1000 1000 999 999 999 973 973 973 974 974 974 1001 1001 1001 973 973 973 1001 1001 1001 1000 1000 1000 974 974 974 975 975 975 1002 1002 1002 974 974 974 1002 1002 1002 1001 1001 1001 975 975 975 976 976 976 1003 1003 1003 975 975 975 1003 1003 1003 1002 1002 1002 976 976 976 977 977 977 1004 1004 1004 976 976 976 1004 1004 1004 1003 1003 1003 977 977 977 978 978 978 1005 1005 1005 977 977 977 1005 1005 1005 1004 1004 1004 978 978 978 979 979 979 1006 1006 1006 978 978 978 1006 1006 1006 1005 1005 1005 979 979 979 980 980 980 1007 1007 1007 979 979 979 1007 1007 1007 1006 1006 1006 980 980 980 981 981 981 1008 1008 1008 980 980 980 1008 1008 1008 1007 1007 1007 981 981 981 982 982 982 1009 1009 1009 981 981 981 1009 1009 1009 1008 1008 1008 982 982 982 983 983 983 1010 1010 1010 982 982 982 1010 1010 1010 1009 1009 1009 983 983 983 984 984 984 1011 1011 1011 983 983 983 1011 1011 1011 1010 1010 1010 984 984 984 985 985 985 1012 1012 1012 984 984 984 1012 1012 1012 1011 1011 1011 985 985 985 986 986 986 1013 1013 1013 985 985 985 1013 1013 1013 1012 1012 1012 986 986 986 987 987 987 1014 1014 1014 986 986 986 1014 1014 1014 1013 1013 1013 987 987 987 988 988 988 1015 1015 1015 987 987 987 1015 1015 1015 1014 1014 1014 988 988 988 989 989 989 1016 1016 1016 988 988 988 1016 1016 1016 1015 1015 1015 989 989 989 990 990 990 1017 1017 1017 989 989 989 1017 1017 1017 1016 1016 1016 990 990 990 991 991 991 1018 1018 1018 990 990 990 1018 1018 1018 1017 1017 1017 991 991 991 992 992 992 1019 1019 1019 991 991 991 1019 1019 1019 1018 1018 1018 992 992 992 993 993 993 1020 1020 1020 992 992 992 1020 1020 1020 1019 1019 1019 993 993 993 994 994 994 1021 1021 1021 993 993 993 1021 1021 1021 1020 1020 1020 995 995 995 996 996 996 1023 1023 1023 995 995 995 1023 1023 1023 1022 1022 1022 996 996 996 997 997 997 1024 1024 1024 996 996 996 1024 1024 1024 1023 1023 1023 997 997 997 998 998 998 1025 1025 1025 997 997 997 1025 1025 1025 1024 1024 1024 998 998 998 999 999 999 1026 1026 1026 998 998 998 1026 1026 1026 1025 1025 1025 999 999 999 1000 1000 1000 1027 1027 1027 999 999 999 1027 1027 1027 1026 1026 1026 1000 1000 1000 1001 1001 1001 1028 1028 1028 1000 1000 1000 1028 1028 1028 1027 1027 1027 1001 1001 1001 1002 1002 1002 1029 1029 1029 1001 1001 1001 1029 1029 1029 1028 1028 1028 1002 1002 1002 1003 1003 1003 1030 1030 1030 1002 1002 1002 1030 1030 1030 1029 1029 1029 1003 1003 1003 1004 1004 1004 1031 1031 1031 1003 1003 1003 1031 1031 1031 1030 1030 1030 1004 1004 1004 1005 1005 1005 1032 1032 1032 1004 1004 1004 1032 1032 1032 1031 1031 1031 1005 1005 1005 1006 1006 1006 1033 1033 1033 1005 1005 1005 1033 1033 1033 1032 1032 1032 1006 1006 1006 1007 1007 1007 1034 1034 1034 1006 1006 1006 1034 1034 1034 1033 1033 1033 1007 1007 1007 1008 1008 1008 1035 1035 1035 1007 1007 1007 1035 1035 1035 1034 1034 1034 1008 1008 1008 1009 1009 1009 1036 1036 1036 1008 1008 1008 1036 1036 1036 1035 1035 1035 1009 1009 1009 1010 1010 1010 1037 1037 1037 1009 1009 1009 1037 1037 1037 1036 1036 1036 1010 1010 1010 1011 1011 1011 1038 1038 1038 1010 1010 1010 1038 1038 1038 1037 1037 1037 1011 1011 1011 1012 1012 1012 1039 1039 1039 1011 1011 1011 1039 1039 1039 1038 1038 1038 1012 1012 1012 1013 1013 1013 1040 1040 1040 1012 1012 1012 1040 1040 1040 1039 1039 1039 1013 1013 1013 1014 1014 1014 1041 1041 1041 1013 1013 1013 1041 1041 1041 1040 1040 1040 1014 1014 1014 1015 1015 1015 1042 1042 1042 1014 1014 1014 1042 1042 1042 1041 1041 1041 1015 1015 1015 1016 1016 1016 1043 1043 1043 1015 1015 1015 1043 1043 1043 1042 1042 1042 1016 1016 1016 1017 1017 1017 1044 1044 1044 1016 1016 1016 1044 1044 1044 1043 1043 1043 1017 1017 1017 1018 1018 1018 1045 1045 1045 1017 1017 1017 1045 1045 1045 1044 1044 1044 1018 1018 1018 1019 1019 1019 1046 1046 1046 1018 1018 1018 1046 1046 1046 1045 1045 1045 1019 1019 1019 1020 1020 1020 1047 1047 1047 1019 1019 1019 1047 1047 1047 1046 1046 1046 1020 1020 1020 1021 1021 1021 1048 1048 1048 1020 1020 1020 1048 1048 1048 1047 1047 1047 1022 1022 1022 1023 1023 1023 1050 1050 1050 1022 1022 1022 1050 1050 1050 1049 1049 1049 1023 1023 1023 1024 1024 1024 1051 1051 1051 1023 1023 1023 1051 1051 1051 1050 1050 1050 1024 1024 1024 1025 1025 1025 1052 1052 1052 1024 1024 1024 1052 1052 1052 1051 1051 1051 1025 1025 1025 1026 1026 1026 1053 1053 1053 1025 1025 1025 1053 1053 1053 1052 1052 1052 1026 1026 1026 1027 1027 1027 1054 1054 1054 1026 1026 1026 1054 1054 1054 1053 1053 1053 1027 1027 1027 1028 1028 1028 1055 1055 1055 1027 1027 1027 1055 1055 1055 1054 1054 1054 1028 1028 1028 1029 1029 1029 1056 1056 1056 1028 1028 1028 1056 1056 1056 1055 1055 1055 1029 1029 1029 1030 1030 1030 1057 1057 1057 1029 1029 1029 1057 1057 1057 1056 1056 1056 1030 1030 1030 1031 1031 1031 1058 1058 1058 1030 1030 1030 1058 1058 1058 1057 1057 1057 1031 1031 1031 1032 1032 1032 1059 1059 1059 1031 1031 1031 1059 1059 1059 1058 1058 1058 1032 1032 1032 1033 1033 1033 1060 1060 1060 1032 1032 1032 1060 1060 1060 1059 1059 1059 1033 1033 1033 1034 1034 1034 1061 1061 1061 1033 1033 1033 1061 1061 1061 1060 1060 1060 1034 1034 1034 1035 1035 1035 1062 1062 1062 1034 1034 1034 1062 1062 1062 1061 1061 1061 1035 1035 1035 1036 1036 1036 1063 1063 1063 1035 1035 1035 1063 1063 1063 1062 1062 1062 1036 1036 1036 1037 1037 1037 1064 1064 1064 1036 1036 1036 1064 1064 1064 1063 1063 1063 1037 1037 1037 1038 1038 1038 1065 1065 1065 1037 1037 1037 1065 1065 1065 1064 1064 1064 1038 1038 1038 1039 1039 1039 1066 1066 1066 1038 1038 1038 1066 1066 1066 1065 1065 1065 1039 1039 1039 1040 1040 1040 1067 1067 1067 1039 1039 1039 1067 1067 1067 1066 1066 1066 1040 1040 1040 1041 1041 1041 1068 1068 1068 1040 1040 1040 1068 1068 1068 1067 1067 1067 1041 1041 1041 1042 1042 1042 1069 1069 1069 1041 1041 1041 1069 1069 1069 1068 1068 1068 1042 1042 1042 1043 1043 1043 1070 1070 1070 1042 1042 1042 1070 1070 1070 1069 1069 1069 1043 1043 1043 1044 1044 1044 1071 1071 1071 1043 1043 1043 1071 1071 1071 1070 1070 1070 1044 1044 1044 1045 1045 1045 1072 1072 1072 1044 1044 1044 1072 1072 1072 1071 1071 1071 1045 1045 1045 1046 1046 1046 1073 1073 1073 1045 1045 1045 1073 1073 1073 1072 1072 1072 1046 1046 1046 1047 1047 1047 1074 1074 1074 1046 1046 1046 1074 1074 1074 1073 1073 1073 1047 1047 1047 1048 1048 1048 1075 1075 1075 1047 1047 1047 1075 1075 1075 1074 1074 1074 1049 1049 1049 1050 1050 1050 1077 1077 1077 1049 1049 1049 1077 1077 1077 1076 1076 1076 1050 1050 1050 1051 1051 1051 1078 1078 1078 1050 1050 1050 1078 1078 1078 1077 1077 1077 1051 1051 1051 1052 1052 1052 1079 1079 1079 1051 1051 1051 1079 1079 1079 1078 1078 1078 1052 1052 1052 1053 1053 1053 1080 1080 1080 1052 1052 1052 1080 1080 1080 1079 1079 1079 1053 1053 1053 1054 1054 1054 1081 1081 1081 1053 1053 1053 1081 1081 1081 1080 1080 1080 1054 1054 1054 1055 1055 1055 1082 1082 1082 1054 1054 1054 1082 1082 1082 1081 1081 1081 1055 1055 1055 1056 1056 1056 1083 1083 1083 1055 1055 1055 1083 1083 1083 1082 1082 1082 1056 1056 1056 1057 1057 1057 1084 1084 1084 1056 1056 1056 1084 1084 1084 1083 1083 1083 1057 1057 1057 1058 1058 1058 1085 1085 1085 1057 1057 1057 1085 1085 1085 1084 1084 1084 1058 1058 1058 1059 1059 1059 1086 1086 1086 1058 1058 1058 1086 1086 1086 1085 1085 1085 1059 1059 1059 1060 1060 1060 1087 1087 1087 1059 1059 1059 1087 1087 1087 1086 1086 1086 1060 1060 1060 1061 1061 1061 1088 1088 1088 1060 1060 1060 1088 1088 1088 1087 1087 1087 1061 1061 1061 1062 1062 1062 1089 1089 1089 1061 1061 1061 1089 1089 1089 1088 1088 1088 1062 1062 1062 1063 1063 1063 1090 1090 1090 1062 1062 1062 1090 1090 1090 1089 1089 1089 1063 1063 1063 1064 1064 1064 1091 1091 1091 1063 1063 1063 1091 1091 1091 1090 1090 1090 1064 1064 1064 1065 1065 1065 1092 1092 1092 1064 1064 1064 1092 1092 1092 1091 1091 1091 1065 1065 1065 1066 1066 1066 1093 1093 1093 1065 1065 1065 1093 1093 1093 1092 1092 1092 1066 1066 1066 1067 1067 1067 1094 1094 1094 1066 1066 1066 1094 1094 1094 1093 1093 1093 1067 1067 1067 1068 1068 1068 1095 1095 1095 1067 1067 1067 1095 1095 1095 1094 1094 1094 1068 1068 1068 1069 1069 1069 1096 1096 1096 1068 1068 1068 1096 1096 1096 1095 1095 1095 1069 1069 1069 1070 1070 1070 1097 1097 1097 1069 1069 1069 1097 1097 1097 1096 1096 1096 1070 1070 1070 1071 1071 1071 1098 1098 1098 1070 1070 1070 1098 1098 1098 1097 1097 1097 1071 1071 1071 1072 1072 1072 1099 1099 1099 1071 1071 1071 1099 1099 1099 1098 1098 1098 1072 1072 1072 1073 1073 1073 1100 1100 1100 1072 1072 1072 1100 1100 1100 1099 1099 1099 1073 1073 1073 1074 1074 1074 1101 1101 1101 1073 1073 1073 1101 1101 1101 1100 1100 1100 1074 1074 1074 1075 1075 1075 1102 1102 1102 1074 1074 1074 1102 1102 1102 1101 1101 1101 1076 1076 1076 1077 1077 1077 1104 1104 1104 1076 1076 1076 1104 1104 1104 1103 1103 1103 1077 1077 1077 1078 1078 1078 1105 1105 1105 1077 1077 1077 1105 1105 1105 1104 1104 1104 1078 1078 1078 1079 1079 1079 1106 1106 1106 1078 1078 1078 1106 1106 1106 1105 1105 1105 1079 1079 1079 1080 1080 1080 1107 1107 1107 1079 1079 1079 1107 1107 1107 1106 1106 1106 1080 1080 1080 1081 1081 1081 1108 1108 1108 1080 1080 1080 1108 1108 1108 1107 1107 1107 1081 1081 1081 1082 1082 1082 1109 1109 1109 1081 1081 1081 1109 1109 1109 1108 1108 1108 1082 1082 1082 1083 1083 1083 1110 1110 1110 1082 1082 1082 1110 1110 1110 1109 1109 1109 1083 1083 1083 1084 1084 1084 1111 1111 1111 1083 1083 1083 1111 1111 1111 1110 1110 1110 1084 1084 1084 1085 1085 1085 1112 1112 1112 1084 1084 1084 1112 1112 1112 1111 1111 1111 1085 1085 1085 1086 1086 1086 1113 1113 1113 1085 1085 1085 1113 1113 1113 1112 1112 1112 1086 1086 1086 1087 1087 1087 1114 1114 1114 1086 1086 1086 1114 1114 1114 1113 1113 1113 1087 1087 1087 1088 1088 1088 1115 1115 1115 1087 1087 1087 1115 1115 1115 1114 1114 1114 1088 1088 1088 1089 1089 1089 1116 1116 1116 1088 1088 1088 1116 1116 1116 1115 1115 1115 1089 1089 1089 1090 1090 1090 1117 1117 1117 1089 1089 1089 1117 1117 1117 1116 1116 1116 1090 1090 1090 1091 1091 1091 1118 1118 1118 1090 1090 1090 1118 1118 1118 1117 1117 1117 1091 1091 1091 1092 1092 1092 1119 1119 1119 1091 1091 1091 1119 1119 1119 1118 1118 1118 1092 1092 1092 1093 1093 1093 1120 1120 1120 1092 1092 1092 1120 1120 1120 1119 1119 1119 1093 1093 1093 1094 1094 1094 1121 1121 1121 1093 1093 1093 1121 1121 1121 1120 1120 1120 1094 1094 1094 1095 1095 1095 1122 1122 1122 1094 1094 1094 1122 1122 1122 1121 1121 1121 1095 1095 1095 1096 1096 1096 1123 1123 1123 1095 1095 1095 1123 1123 1123 1122 1122 1122 1096 1096 1096 1097 1097 1097 1124 1124 1124 1096 1096 1096 1124 1124 1124 1123 1123 1123 1097 1097 1097 1098 1098 1098 1125 1125 1125 1097 1097 1097 1125 1125 1125 1124 1124 1124 1098 1098 1098 1099 1099 1099 1126 1126 1126 1098 1098 1098 1126 1126 1126 1125 1125 1125 1099 1099 1099 1100 1100 1100 1127 1127 1127 1099 1099 1099 1127 1127 1127 1126 1126 1126 1100 1100 1100 1101 1101 1101 1128 1128 1128 1100 1100 1100 1128 1128 1128 1127 1127 1127 1101 1101 1101 1102 1102 1102 1129 1129 1129 1101 1101 1101 1129 1129 1129 1128 1128 1128 1103 1103 1103 1104 1104 1104 1131 1131 1131 1103 1103 1103 1131 1131 1131 1130 1130 1130 1104 1104 1104 1105 1105 1105 1132 1132 1132 1104 1104 1104 1132 1132 1132 1131 1131 1131 1105 1105 1105 1106 1106 1106 1133 1133 1133 1105 1105 1105 1133 1133 1133 1132 1132 1132 1106 1106 1106 1107 1107 1107 1134 1134 1134 1106 1106 1106 1134 1134 1134 1133 1133 1133 1107 1107 1107 1108 1108 1108 1135 1135 1135 1107 1107 1107 1135 1135 1135 1134 1134 1134 1108 1108 1108 1109 1109 1109 1136 1136 1136 1108 1108 1108 1136 1136 1136 1135 1135 1135 1109 1109 1109 1110 1110 1110 1137 1137 1137 1109 1109 1109 1137 1137 1137 1136 1136 1136 1110 1110 1110 1111 1111 1111 1138 1138 1138 1110 1110 1110 1138 1138 1138 1137 1137 1137 1111 1111 1111 1112 1112 1112 1139 1139 1139 1111 1111 1111 1139 1139 1139 1138 1138 1138 1112 1112 1112 1113 1113 1113 1140 1140 1140 1112 1112 1112 1140 1140 1140 1139 1139 1139 1113 1113 1113 1114 1114 1114 1141 1141 1141 1113 1113 1113 1141 1141 1141 1140 1140 1140 1114 1114 1114 1115 1115 1115 1142 1142 1142 1114 1114 1114 1142 1142 1142 1141 1141 1141 1115 1115 1115 1116 1116 1116 1143 1143 1143 1115 1115 1115 1143 1143 1143 1142 1142 1142 1116 1116 1116 1117 1117 1117 1144 1144 1144 1116 1116 1116 1144 1144 1144 1143 1143 1143 1117 1117 1117 1118 1118 1118 1145 1145 1145 1117 1117 1117 1145 1145 1145 1144 1144 1144 1118 1118 1118 1119 1119 1119 1146 1146 1146 1118 1118 1118 1146 1146 1146 1145 1145 1145 1119 1119 1119 1120 1120 1120 1147 1147 1147 1119 1119 1119 1147 1147 1147 1146 1146 1146 1120 1120 1120 1121 1121 1121 1148 1148 1148 1120 1120 1120 1148 1148 1148 1147 1147 1147 1121 1121 1121 1122 1122 1122 1149 1149 1149 1121 1121 1121 1149 1149 1149 1148 1148 1148 1122 1122 1122 1123 1123 1123 1150 1150 1150 1122 1122 1122 1150 1150 1150 1149 1149 1149 1123 1123 1123 1124 1124 1124 1151 1151 1151 1123 1123 1123 1151 1151 1151 1150 1150 1150 1124 1124 1124 1125 1125 1125 1152 1152 1152 1124 1124 1124 1152 1152 1152 1151 1151 1151 1125 1125 1125 1126 1126 1126 1153 1153 1153 1125 1125 1125 1153 1153 1153 1152 1152 1152 1126 1126 1126 1127 1127 1127 1154 1154 1154 1126 1126 1126 1154 1154 1154 1153 1153 1153 1127 1127 1127 1128 1128 1128 1155 1155 1155 1127 1127 1127 1155 1155 1155 1154 1154 1154 1128 1128 1128 1129 1129 1129 1156 1156 1156 1128 1128 1128 1156 1156 1156 1155 1155 1155 1130 1130 1130 1131 1131 1131 1158 1158 1158 1130 1130 1130 1158 1158 1158 1157 1157 1157 1131 1131 1131 1132 1132 1132 1159 1159 1159 1131 1131 1131 1159 1159 1159 1158 1158 1158 1132 1132 1132 1133 1133 1133 1160 1160 1160 1132 1132 1132 1160 1160 1160 1159 1159 1159 1133 1133 1133 1134 1134 1134 1161 1161 1161 1133 1133 1133 1161 1161 1161 1160 1160 1160 1134 1134 1134 1135 1135 1135 1162 1162 1162 1134 1134 1134 1162 1162 1162 1161 1161 1161 1135 1135 1135 1136 1136 1136 1163 1163 1163 1135 1135 1135 1163 1163 1163 1162 1162 1162 1136 1136 1136 1137 1137 1137 1164 1164 1164 1136 1136 1136 1164 1164 1164 1163 1163 1163 1137 1137 1137 1138 1138 1138 1165 1165 1165 1137 1137 1137 1165 1165 1165 1164 1164 1164 1138 1138 1138 1139 1139 1139 1166 1166 1166 1138 1138 1138 1166 1166 1166 1165 1165 1165 1139 1139 1139 1140 1140 1140 1167 1167 1167 1139 1139 1139 1167 1167 1167 1166 1166 1166 1140 1140 1140 1141 1141 1141 1168 1168 1168 1140 1140 1140 1168 1168 1168 1167 1167 1167 1141 1141 1141 1142 1142 1142 1169 1169 1169 1141 1141 1141 1169 1169 1169 1168 1168 1168 1142 1142 1142 1143 1143 1143 1170 1170 1170 1142 1142 1142 1170 1170 1170 1169 1169 1169 1143 1143 1143 1144 1144 1144 1171 1171 1171 1143 1143 1143 1171 1171 1171 1170 1170 1170 1144 1144 1144 1145 1145 1145 1172 1172 1172 1144 1144 1144 1172 1172 1172 1171 1171 1171 1145 1145 1145 1146 1146 1146 1173 1173 1173 1145 1145 1145 1173 1173 1173 1172 1172 1172 1146 1146 1146 1147 1147 1147 1174 1174 1174 1146 1146 1146 1174 1174 1174 1173 1173 1173 1147 1147 1147 1148 1148 1148 1175 1175 1175 1147 1147 1147 1175 1175 1175 1174 1174 1174 1148 1148 1148 1149 1149 1149 1176 1176 1176 1148 1148 1148 1176 1176 1176 1175 1175 1175 1149 1149 1149 1150 1150 1150 1177 1177 1177 1149 1149 1149 1177 1177 1177 1176 1176 1176 1150 1150 1150 1151 1151 1151 1178 1178 1178 1150 1150 1150 1178 1178 1178 1177 1177 1177 1151 1151 1151 1152 1152 1152 1179 1179 1179 1151 1151 1151 1179 1179 1179 1178 1178 1178 1152 1152 1152 1153 1153 1153 1180 1180 1180 1152 1152 1152 1180 1180 1180 1179 1179 1179 1153 1153 1153 1154 1154 1154 1181 1181 1181 1153 1153 1153 1181 1181 1181 1180 1180 1180 1154 1154 1154 1155 1155 1155 1182 1182 1182 1154 1154 1154 1182 1182 1182 1181 1181 1181 1155 1155 1155 1156 1156 1156 1183 1183 1183 1155 1155 1155 1183 1183 1183 1182 1182 1182 1157 1157 1157 1158 1158 1158 1185 1185 1185 1157 1157 1157 1185 1185 1185 1184 1184 1184 1158 1158 1158 1159 1159 1159 1186 1186 1186 1158 1158 1158 1186 1186 1186 1185 1185 1185 1159 1159 1159 1160 1160 1160 1187 1187 1187 1159 1159 1159 1187 1187 1187 1186 1186 1186 1160 1160 1160 1161 1161 1161 1188 1188 1188 1160 1160 1160 1188 1188 1188 1187 1187 1187 1161 1161 1161 1162 1162 1162 1189 1189 1189 1161 1161 1161 1189 1189 1189 1188 1188 1188 1162 1162 1162 1163 1163 1163 1190 1190 1190 1162 1162 1162 1190 1190 1190 1189 1189 1189 1163 1163 1163 1164 1164 1164 1191 1191 1191 1163 1163 1163 1191 1191 1191 1190 1190 1190 1164 1164 1164 1165 1165 1165 1192 1192 1192 1164 1164 1164 1192 1192 1192 1191 1191 1191 1165 1165 1165 1166 1166 1166 1193 1193 1193 1165 1165 1165 1193 1193 1193 1192 1192 1192 1166 1166 1166 1167 1167 1167 1194 1194 1194 1166 1166 1166 1194 1194 1194 1193 1193 1193 1167 1167 1167 1168 1168 1168 1195 1195 1195 1167 1167 1167 1195 1195 1195 1194 1194 1194 1168 1168 1168 1169 1169 1169 1196 1196 1196 1168 1168 1168 1196 1196 1196 1195 1195 1195 1169 1169 1169 1170 1170 1170 1197 1197 1197 1169 1169 1169 1197 1197 1197 1196 1196 1196 1170 1170 1170 1171 1171 1171 1198 1198 1198 1170 1170 1170 1198 1198 1198 1197 1197 1197 1171 1171 1171 1172 1172 1172 1199 1199 1199 1171 1171 1171 1199 1199 1199 1198 1198 1198 1172 1172 1172 1173 1173 1173 1200 1200 1200 1172 1172 1172 1200 1200 1200 1199 1199 1199 1173 1173 1173 1174 1174 1174 1201 1201 1201 1173 1173 1173 1201 1201 1201 1200 1200 1200 1174 1174 1174 1175 1175 1175 1202 1202 1202 1174 1174 1174 1202 1202 1202 1201 1201 1201 1175 1175 1175 1176 1176 1176 1203 1203 1203 1175 1175 1175 1203 1203 1203 1202 1202 1202 1176 1176 1176 1177 1177 1177 1204 1204 1204 1176 1176 1176 1204 1204 1204 1203 1203 1203 1177 1177 1177 1178 1178 1178 1205 1205 1205 1177 1177 1177 1205 1205 1205 1204 1204 1204 1178 1178 1178 1179 1179 1179 1206 1206 1206 1178 1178 1178 1206 1206 1206 1205 1205 1205 1179 1179 1179 1180 1180 1180 1207 1207 1207 1179 1179 1179 1207 1207 1207 1206 1206 1206 1180 1180 1180 1181 1181 1181 1208 1208 1208 1180 1180 1180 1208 1208 1208 1207 1207 1207 1181 1181 1181 1182 1182 1182 1209 1209 1209 1181 1181 1181 1209 1209 1209 1208 1208 1208 1182 1182 1182 1183 1183 1183 1210 1210 1210 1182 1182 1182 1210 1210 1210 1209 1209 1209 1184 1184 1184 1185 1185 1185 1212 1212 1212 1184 1184 1184 1212 1212 1212 1211 1211 1211 1185 1185 1185 1186 1186 1186 1213 1213 1213 1185 1185 1185 1213 1213 1213 1212 1212 1212 1186 1186 1186 1187 1187 1187 1214 1214 1214 1186 1186 1186 1214 1214 1214 1213 1213 1213 1187 1187 1187 1188 1188 1188 1215 1215 1215 1187 1187 1187 1215 1215 1215 1214 1214 1214 1188 1188 1188 1189 1189 1189 1216 1216 1216 1188 1188 1188 1216 1216 1216 1215 1215 1215 1189 1189 1189 1190 1190 1190 1217 1217 1217 1189 1189 1189 1217 1217 1217 1216 1216 1216 1190 1190 1190 1191 1191 1191 1218 1218 1218 1190 1190 1190 1218 1218 1218 1217 1217 1217 1191 1191 1191 1192 1192 1192 1219 1219 1219 1191 1191 1191 1219 1219 1219 1218 1218 1218 1192 1192 1192 1193 1193 1193 1220 1220 1220 1192 1192 1192 1220 1220 1220 1219 1219 1219 1193 1193 1193 1194 1194 1194 1221 1221 1221 1193 1193 1193 1221 1221 1221 1220 1220 1220 1194 1194 1194 1195 1195 1195 1222 1222 1222 1194 1194 1194 1222 1222 1222 1221 1221 1221 1195 1195 1195 1196 1196 1196 1223 1223 1223 1195 1195 1195 1223 1223 1223 1222 1222 1222 1196 1196 1196 1197 1197 1197 1224 1224 1224 1196 1196 1196 1224 1224 1224 1223 1223 1223 1197 1197 1197 1198 1198 1198 1225 1225 1225 1197 1197 1197 1225 1225 1225 1224 1224 1224 1198 1198 1198 1199 1199 1199 1226 1226 1226 1198 1198 1198 1226 1226 1226 1225 1225 1225 1199 1199 1199 1200 1200 1200 1227 1227 1227 1199 1199 1199 1227 1227 1227 1226 1226 1226 1200 1200 1200 1201 1201 1201 1228 1228 1228 1200 1200 1200 1228 1228 1228 1227 1227 1227 1201 1201 1201 1202 1202 1202 1229 1229 1229 1201 1201 1201 1229 1229 1229 1228 1228 1228 1202 1202 1202 1203 1203 1203 1230 1230 1230 1202 1202 1202 1230 1230 1230 1229 1229 1229 1203 1203 1203 1204 1204 1204 1231 1231 1231 1203 1203 1203 1231 1231 1231 1230 1230 1230 1204 1204 1204 1205 1205 1205 1232 1232 1232 1204 1204 1204 1232 1232 1232 1231 1231 1231 1205 1205 1205 1206 1206 1206 1233 1233 1233 1205 1205 1205 1233 1233 1233 1232 1232 1232 1206 1206 1206 1207 1207 1207 1234 1234 1234 1206 1206 1206 1234 1234 1234 1233 1233 1233 1207 1207 1207 1208 1208 1208 1235 1235 1235 1207 1207 1207 1235 1235 1235 1234 1234 1234 1208 1208 1208 1209 1209 1209 1236 1236 1236 1208 1208 1208 1236 1236 1236 1235 1235 1235 1209 1209 1209 1210 1210 1210 1237 1237 1237 1209 1209 1209 1237 1237 1237 1236 1236 1236 1211 1211 1211 1212 1212 1212 1239 1239 1239 1211 1211 1211 1239 1239 1239 1238 1238 1238 1212 1212 1212 1213 1213 1213 1240 1240 1240 1212 1212 1212 1240 1240 1240 1239 1239 1239 1213 1213 1213 1214 1214 1214 1241 1241 1241 1213 1213 1213 1241 1241 1241 1240 1240 1240 1214 1214 1214 1215 1215 1215 1242 1242 1242 1214 1214 1214 1242 1242 1242 1241 1241 1241 1215 1215 1215 1216 1216 1216 1243 1243 1243 1215 1215 1215 1243 1243 1243 1242 1242 1242 1216 1216 1216 1217 1217 1217 1244 1244 1244 1216 1216 1216 1244 1244 1244 1243 1243 1243 1217 1217 1217 1218 1218 1218 1245 1245 1245 1217 1217 1217 1245 1245 1245 1244 1244 1244 1218 1218 1218 1219 1219 1219 1246 1246 1246 1218 1218 1218 1246 1246 1246 1245 1245 1245 1219 1219 1219 1220 1220 1220 1247 1247 1247 1219 1219 1219 1247 1247 1247 1246 1246 1246 1220 1220 1220 1221 1221 1221 1248 1248 1248 1220 1220 1220 1248 1248 1248 1247 1247 1247 1221 1221 1221 1222 1222 1222 1249 1249 1249 1221 1221 1221 1249 1249 1249 1248 1248 1248 1222 1222 1222 1223 1223 1223 1250 1250 1250 1222 1222 1222 1250 1250 1250 1249 1249 1249 1223 1223 1223 1224 1224 1224 1251 1251 1251 1223 1223 1223 1251 1251 1251 1250 1250 1250 1224 1224 1224 1225 1225 1225 1252 1252 1252 1224 1224 1224 1252 1252 1252 1251 1251 1251 1225 1225 1225 1226 1226 1226 1253 1253 1253 1225 1225 1225 1253 1253 1253 1252 1252 1252 1226 1226 1226 1227 1227 1227 1254 1254 1254 1226 1226 1226 1254 1254 1254 1253 1253 1253 1227 1227 1227 1228 1228 1228 1255 1255 1255 1227 1227 1227 1255 1255 1255 1254 1254 1254 1228 1228 1228 1229 1229 1229 1256 1256 1256 1228 1228 1228 1256 1256 1256 1255 1255 1255 1229 1229 1229 1230 1230 1230 1257 1257 1257 1229 1229 1229 1257 1257 1257 1256 1256 1256 1230 1230 1230 1231 1231 1231 1258 1258 1258 1230 1230 1230 1258 1258 1258 1257 1257 1257 1231 1231 1231 1232 1232 1232 1259 1259 1259 1231 1231 1231 1259 1259 1259 1258 1258 1258 1232 1232 1232 1233 1233 1233 1260 1260 1260 1232 1232 1232 1260 1260 1260 1259 1259 1259 1233 1233 1233 1234 1234 1234 1261 1261 1261 1233 1233 1233 1261 1261 1261 1260 1260 1260 1234 1234 1234 1235 1235 1235 1262 1262 1262 1234 1234 1234 1262 1262 1262 1261 1261 1261 1235 1235 1235 1236 1236 1236 1263 1263 1263 1235 1235 1235 1263 1263 1263 1262 1262 1262 1236 1236 1236 1237 1237 1237 1264 1264 1264 1236 1236 1236 1264 1264 1264 1263 1263 1263 1238 1238 1238 1239 1239 1239 1266 1266 1266 1238 1238 1238 1266 1266 1266 1265 1265 1265 1239 1239 1239 1240 1240 1240 1267 1267 1267 1239 1239 1239 1267 1267 1267 1266 1266 1266 1240 1240 1240 1241 1241 1241 1268 1268 1268 1240 1240 1240 1268 1268 1268 1267 1267 1267 1241 1241 1241 1242 1242 1242 1269 1269 1269 1241 1241 1241 1269 1269 1269 1268 1268 1268 1242 1242 1242 1243 1243 1243 1270 1270 1270 1242 1242 1242 1270 1270 1270 1269 1269 1269 1243 1243 1243 1244 1244 1244 1271 1271 1271 1243 1243 1243 1271 1271 1271 1270 1270 1270 1244 1244 1244 1245 1245 1245 1272 1272 1272 1244 1244 1244 1272 1272 1272 1271 1271 1271 1245 1245 1245 1246 1246 1246 1273 1273 1273 1245 1245 1245 1273 1273 1273 1272 1272 1272 1246 1246 1246 1247 1247 1247 1274 1274 1274 1246 1246 1246 1274 1274 1274 1273 1273 1273 1247 1247 1247 1248 1248 1248 1275 1275 1275 1247 1247 1247 1275 1275 1275 1274 1274 1274 1248 1248 1248 1249 1249 1249 1276 1276 1276 1248 1248 1248 1276 1276 1276 1275 1275 1275 1249 1249 1249 1250 1250 1250 1277 1277 1277 1249 1249 1249 1277 1277 1277 1276 1276 1276 1250 1250 1250 1251 1251 1251 1278 1278 1278 1250 1250 1250 1278 1278 1278 1277 1277 1277 1251 1251 1251 1252 1252 1252 1279 1279 1279 1251 1251 1251 1279 1279 1279 1278 1278 1278 1252 1252 1252 1253 1253 1253 1280 1280 1280 1252 1252 1252 1280 1280 1280 1279 1279 1279 1253 1253 1253 1254 1254 1254 1281 1281 1281 1253 1253 1253 1281 1281 1281 1280 1280 1280 1254 1254 1254 1255 1255 1255 1282 1282 1282 1254 1254 1254 1282 1282 1282 1281 1281 1281 1255 1255 1255 1256 1256 1256 1283 1283 1283 1255 1255 1255 1283 1283 1283 1282 1282 1282 1256 1256 1256 1257 1257 1257 1284 1284 1284 1256 1256 1256 1284 1284 1284 1283 1283 1283 1257 1257 1257 1258 1258 1258 1285 1285 1285 1257 1257 1257 1285 1285 1285 1284 1284 1284 1258 1258 1258 1259 1259 1259 1286 1286 1286 1258 1258 1258 1286 1286 1286 1285 1285 1285 1259 1259 1259 1260 1260 1260 1287 1287 1287 1259 1259 1259 1287 1287 1287 1286 1286 1286 1260 1260 1260 1261 1261 1261 1288 1288 1288 1260 1260 1260 1288 1288 1288 1287 1287 1287 1261 1261 1261 1262 1262 1262 1289 1289 1289 1261 1261 1261 1289 1289 1289 1288 1288 1288 1262 1262 1262 1263 1263 1263 1290 1290 1290 1262 1262 1262 1290 1290 1290 1289 1289 1289 1263 1263 1263 1264 1264 1264 1291 1291 1291 1263 1263 1263 1291 1291 1291 1290 1290 1290 1265 1265 1265 1266 1266 1266 1293 1293 1293 1265 1265 1265 1293 1293 1293 1292 1292 1292 1266 1266 1266 1267 1267 1267 1294 1294 1294 1266 1266 1266 1294 1294 1294 1293 1293 1293 1267 1267 1267 1268 1268 1268 1295 1295 1295 1267 1267 1267 1295 1295 1295 1294 1294 1294 1268 1268 1268 1269 1269 1269 1296 1296 1296 1268 1268 1268 1296 1296 1296 1295 1295 1295 1269 1269 1269 1270 1270 1270 1297 1297 1297 1269 1269 1269 1297 1297 1297 1296 1296 1296 1270 1270 1270 1271 1271 1271 1298 1298 1298 1270 1270 1270 1298 1298 1298 1297 1297 1297 1271 1271 1271 1272 1272 1272 1299 1299 1299 1271 1271 1271 1299 1299 1299 1298 1298 1298 1272 1272 1272 1273 1273 1273 1300 1300 1300 1272 1272 1272 1300 1300 1300 1299 1299 1299 1273 1273 1273 1274 1274 1274 1301 1301 1301 1273 1273 1273 1301 1301 1301 1300 1300 1300 1274 1274 1274 1275 1275 1275 1302 1302 1302 1274 1274 1274 1302 1302 1302 1301 1301 1301 1275 1275 1275 1276 1276 1276 1303 1303 1303 1275 1275 1275 1303 1303 1303 1302 1302 1302 1276 1276 1276 1277 1277 1277 1304 1304 1304 1276 1276 1276 1304 1304 1304 1303 1303 1303 1277 1277 1277 1278 1278 1278 1305 1305 1305 1277 1277 1277 1305 1305 1305 1304 1304 1304 1278 1278 1278 1279 1279 1279 1306 1306 1306 1278 1278 1278 1306 1306 1306 1305 1305 1305 1279 1279 1279 1280 1280 1280 1307 1307 1307 1279 1279 1279 1307 1307 1307 1306 1306 1306 1280 1280 1280 1281 1281 1281 1308 1308 1308 1280 1280 1280 1308 1308 1308 1307 1307 1307 1281 1281 1281 1282 1282 1282 1309 1309 1309 1281 1281 1281 1309 1309 1309 1308 1308 1308 1282 1282 1282 1283 1283 1283 1310 1310 1310 1282 1282 1282 1310 1310 1310 1309 1309 1309 1283 1283 1283 1284 1284 1284 1311 1311 1311 1283 1283 1283 1311 1311 1311 1310 1310 1310 1284 1284 1284 1285 1285 1285 1312 1312 1312 1284 1284 1284 1312 1312 1312 1311 1311 1311 1285 1285 1285 1286 1286 1286 1313 1313 1313 1285 1285 1285 1313 1313 1313 1312 1312 1312 1286 1286 1286 1287 1287 1287 1314 1314 1314 1286 1286 1286 1314 1314 1314 1313 1313 1313 1287 1287 1287 1288 1288 1288 1315 1315 1315 1287 1287 1287 1315 1315 1315 1314 1314 1314 1288 1288 1288 1289 1289 1289 1316 1316 1316 1288 1288 1288 1316 1316 1316 1315 1315 1315 1289 1289 1289 1290 1290 1290 1317 1317 1317 1289 1289 1289 1317 1317 1317 1316 1316 1316 1290 1290 1290 1291 1291 1291 1318 1318 1318 1290 1290 1290 1318 1318 1318 1317 1317 1317 1292 1292 1292 1293 1293 1293 1320 1320 1320 1292 1292 1292 1320 1320 1320 1319 1319 1319 1293 1293 1293 1294 1294 1294 1321 1321 1321 1293 1293 1293 1321 1321 1321 1320 1320 1320 1294 1294 1294 1295 1295 1295 1322 1322 1322 1294 1294 1294 1322 1322 1322 1321 1321 1321 1295 1295 1295 1296 1296 1296 1323 1323 1323 1295 1295 1295 1323 1323 1323 1322 1322 1322 1296 1296 1296 1297 1297 1297 1324 1324 1324 1296 1296 1296 1324 1324 1324 1323 1323 1323 1297 1297 1297 1298 1298 1298 1325 1325 1325 1297 1297 1297 1325 1325 1325 1324 1324 1324 1298 1298 1298 1299 1299 1299 1326 1326 1326 1298 1298 1298 1326 1326 1326 1325 1325 1325 1299 1299 1299 1300 1300 1300 1327 1327 1327 1299 1299 1299 1327 1327 1327 1326 1326 1326 1300 1300 1300 1301 1301 1301 1328 1328 1328 1300 1300 1300 1328 1328 1328 1327 1327 1327 1301 1301 1301 1302 1302 1302 1329 1329 1329 1301 1301 1301 1329 1329 1329 1328 1328 1328 1302 1302 1302 1303 1303 1303 1330 1330 1330 1302 1302 1302 1330 1330 1330 1329 1329 1329 1303 1303 1303 1304 1304 1304 1331 1331 1331 1303 1303 1303 1331 1331 1331 1330 1330 1330 1304 1304 1304 1305 1305 1305 1332 1332 1332 1304 1304 1304 1332 1332 1332 1331 1331 1331 1305 1305 1305 1306 1306 1306 1333 1333 1333 1305 1305 1305 1333 1333 1333 1332 1332 1332 1306 1306 1306 1307 1307 1307 1334 1334 1334 1306 1306 1306 1334 1334 1334 1333 1333 1333 1307 1307 1307 1308 1308 1308 1335 1335 1335 1307 1307 1307 1335 1335 1335 1334 1334 1334 1308 1308 1308 1309 1309 1309 1336 1336 1336 1308 1308 1308 1336 1336 1336 1335 1335 1335 1309 1309 1309 1310 1310 1310 1337 1337 1337 1309 1309 1309 1337 1337 1337 1336 1336 1336 1310 1310 1310 1311 1311 1311 1338 1338 1338 1310 1310 1310 1338 1338 1338 1337 1337 1337 1311 1311 1311 1312 1312 1312 1339 1339 1339 1311 1311 1311 1339 1339 1339 1338 1338 1338 1312 1312 1312 1313 1313 1313 1340 1340 1340 1312 1312 1312 1340 1340 1340 1339 1339 1339 1313 1313 1313 1314 1314 1314 1341 1341 1341 1313 1313 1313 1341 1341 1341 1340 1340 1340 1314 1314 1314 1315 1315 1315 1342 1342 1342 1314 1314 1314 1342 1342 1342 1341 1341 1341 1315 1315 1315 1316 1316 1316 1343 1343 1343 1315 1315 1315 1343 1343 1343 1342 1342 1342 1316 1316 1316 1317 1317 1317 1344 1344 1344 1316 1316 1316 1344 1344 1344 1343 1343 1343 1317 1317 1317 1318 1318 1318 1345 1345 1345 1317 1317 1317 1345 1345 1345 1344 1344 1344 1319 1319 1319 1320 1320 1320 1347 1347 1347 1319 1319 1319 1347 1347 1347 1346 1346 1346 1320 1320 1320 1321 1321 1321 1348 1348 1348 1320 1320 1320 1348 1348 1348 1347 1347 1347 1321 1321 1321 1322 1322 1322 1349 1349 1349 1321 1321 1321 1349 1349 1349 1348 1348 1348 1322 1322 1322 1323 1323 1323 1350 1350 1350 1322 1322 1322 1350 1350 1350 1349 1349 1349 1323 1323 1323 1324 1324 1324 1351 1351 1351 1323 1323 1323 1351 1351 1351 1350 1350 1350 1324 1324 1324 1325 1325 1325 1352 1352 1352 1324 1324 1324 1352 1352 1352 1351 1351 1351 1325 1325 1325 1326 1326 1326 1353 1353 1353 1325 1325 1325 1353 1353 1353 1352 1352 1352 1326 1326 1326 1327 1327 1327 1354 1354 1354 1326 1326 1326 1354 1354 1354 1353 1353 1353 1327 1327 1327 1328 1328 1328 1355 1355 1355 1327 1327 1327 1355 1355 1355 1354 1354 1354 1328 1328 1328 1329 1329 1329 1356 1356 1356 1328 1328 1328 1356 1356 1356 1355 1355 1355 1329 1329 1329 1330 1330 1330 1357 1357 1357 1329 1329 1329 1357 1357 1357 1356 1356 1356 1330 1330 1330 1331 1331 1331 1358 1358 1358 1330 1330 1330 1358 1358 1358 1357 1357 1357 1331 1331 1331 1332 1332 1332 1359 1359 1359 1331 1331 1331 1359 1359 1359 1358 1358 1358 1332 1332 1332 1333 1333 1333 1360 1360 1360 1332 1332 1332 1360 1360 1360 1359 1359 1359 1333 1333 1333 1334 1334 1334 1361 1361 1361 1333 1333 1333 1361 1361 1361 1360 1360 1360 1334 1334 1334 1335 1335 1335 1362 1362 1362 1334 1334 1334 1362 1362 1362 1361 1361 1361 1335 1335 1335 1336 1336 1336 1363 1363 1363 1335 1335 1335 1363 1363 1363 1362 1362 1362 1336 1336 1336 1337 1337 1337 1364 1364 1364 1336 1336 1336 1364 1364 1364 1363 1363 1363 1337 1337 1337 1338 1338 1338 1365 1365 1365 1337 1337 1337 1365 1365 1365 1364 1364 1364 1338 1338 1338 1339 1339 1339 1366 1366 1366 1338 1338 1338 1366 1366 1366 1365 1365 1365 1339 1339 1339 1340 1340 1340 1367 1367 1367 1339 1339 1339 1367 1367 1367 1366 1366 1366 1340 1340 1340 1341 1341 1341 1368 1368 1368 1340 1340 1340 1368 1368 1368 1367 1367 1367 1341 1341 1341 1342 1342 1342 1369 1369 1369 1341 1341 1341 1369 1369 1369 1368 1368 1368 1342 1342 1342 1343 1343 1343 1370 1370 1370 1342 1342 1342 1370 1370 1370 1369 1369 1369 1343 1343 1343 1344 1344 1344 1371 1371 1371 1343 1343 1343 1371 1371 1371 1370 1370 1370 1344 1344 1344 1345 1345 1345 1372 1372 1372 1344 1344 1344 1372 1372 1372 1371 1371 1371 1346 1346 1346 1347 1347 1347 1374 1374 1374 1346 1346 1346 1374 1374 1374 1373 1373 1373 1347 1347 1347 1348 1348 1348 1375 1375 1375 1347 1347 1347 1375 1375 1375 1374 1374 1374 1348 1348 1348 1349 1349 1349 1376 1376 1376 1348 1348 1348 1376 1376 1376 1375 1375 1375 1349 1349 1349 1350 1350 1350 1377 1377 1377 1349 1349 1349 1377 1377 1377 1376 1376 1376 1350 1350 1350 1351 1351 1351 1378 1378 1378 1350 1350 1350 1378 1378 1378 1377 1377 1377 1351 1351 1351 1352 1352 1352 1379 1379 1379 1351 1351 1351 1379 1379 1379 1378 1378 1378 1352 1352 1352 1353 1353 1353 1380 1380 1380 1352 1352 1352 1380 1380 1380 1379 1379 1379 1353 1353 1353 1354 1354 1354 1381 1381 1381 1353 1353 1353 1381 1381 1381 1380 1380 1380 1354 1354 1354 1355 1355 1355 1382 1382 1382 1354 1354 1354 1382 1382 1382 1381 1381 1381 1355 1355 1355 1356 1356 1356 1383 1383 1383 1355 1355 1355 1383 1383 1383 1382 1382 1382 1356 1356 1356 1357 1357 1357 1384 1384 1384 1356 1356 1356 1384 1384 1384 1383 1383 1383 1357 1357 1357 1358 1358 1358 1385 1385 1385 1357 1357 1357 1385 1385 1385 1384 1384 1384 1358 1358 1358 1359 1359 1359 1386 1386 1386 1358 1358 1358 1386 1386 1386 1385 1385 1385 1359 1359 1359 1360 1360 1360 1387 1387 1387 1359 1359 1359 1387 1387 1387 1386 1386 1386 1360 1360 1360 1361 1361 1361 1388 1388 1388 1360 1360 1360 1388 1388 1388 1387 1387 1387 1361 1361 1361 1362 1362 1362 1389 1389 1389 1361 1361 1361 1389 1389 1389 1388 1388 1388 1362 1362 1362 1363 1363 1363 1390 1390 1390 1362 1362 1362 1390 1390 1390 1389 1389 1389 1363 1363 1363 1364 1364 1364 1391 1391 1391 1363 1363 1363 1391 1391 1391 1390 1390 1390 1364 1364 1364 1365 1365 1365 1392 1392 1392 1364 1364 1364 1392 1392 1392 1391 1391 1391 1365 1365 1365 1366 1366 1366 1393 1393 1393 1365 1365 1365 1393 1393 1393 1392 1392 1392 1366 1366 1366 1367 1367 1367 1394 1394 1394 1366 1366 1366 1394 1394 1394 1393 1393 1393 1367 1367 1367 1368 1368 1368 1395 1395 1395 1367 1367 1367 1395 1395 1395 1394 1394 1394 1368 1368 1368 1369 1369 1369 1396 1396 1396 1368 1368 1368 1396 1396 1396 1395 1395 1395 1369 1369 1369 1370 1370 1370 1397 1397 1397 1369 1369 1369 1397 1397 1397 1396 1396 1396 1370 1370 1370 1371 1371 1371 1398 1398 1398 1370 1370 1370 1398 1398 1398 1397 1397 1397 1371 1371 1371 1372 1372 1372 1399 1399 1399 1371 1371 1371 1399 1399 1399 1398 1398 1398 1373 1373 1373 1374 1374 1374 1401 1401 1401 1373 1373 1373 1401 1401 1401 1400 1400 1400 1374 1374 1374 1375 1375 1375 1402 1402 1402 1374 1374 1374 1402 1402 1402 1401 1401 1401 1375 1375 1375 1376 1376 1376 1403 1403 1403 1375 1375 1375 1403 1403 1403 1402 1402 1402 1376 1376 1376 1377 1377 1377 1404 1404 1404 1376 1376 1376 1404 1404 1404 1403 1403 1403 1377 1377 1377 1378 1378 1378 1405 1405 1405 1377 1377 1377 1405 1405 1405 1404 1404 1404 1378 1378 1378 1379 1379 1379 1406 1406 1406 1378 1378 1378 1406 1406 1406 1405 1405 1405 1379 1379 1379 1380 1380 1380 1407 1407 1407 1379 1379 1379 1407 1407 1407 1406 1406 1406 1380 1380 1380 1381 1381 1381 1408 1408 1408 1380 1380 1380 1408 1408 1408 1407 1407 1407 1381 1381 1381 1382 1382 1382 1409 1409 1409 1381 1381 1381 1409 1409 1409 1408 1408 1408 1382 1382 1382 1383 1383 1383 1410 1410 1410 1382 1382 1382 1410 1410 1410 1409 1409 1409 1383 1383 1383 1384 1384 1384 1411 1411 1411 1383 1383 1383 1411 1411 1411 1410 1410 1410 1384 1384 1384 1385 1385 1385 1412 1412 1412 1384 1384 1384 1412 1412 1412 1411 1411 1411 1385 1385 1385 1386 1386 1386 1413 1413 1413 1385 1385 1385 1413 1413 1413 1412 1412 1412 1386 1386 1386 1387 1387 1387 1414 1414 1414 1386 1386 1386 1414 1414 1414 1413 1413 1413 1387 1387 1387 1388 1388 1388 1415 1415 1415 1387 1387 1387 1415 1415 1415 1414 1414 1414 1388 1388 1388 1389 1389 1389 1416 1416 1416 1388 1388 1388 1416 1416 1416 1415 1415 1415 1389 1389 1389 1390 1390 1390 1417 1417 1417 1389 1389 1389 1417 1417 1417 1416 1416 1416 1390 1390 1390 1391 1391 1391 1418 1418 1418 1390 1390 1390 1418 1418 1418 1417 1417 1417 1391 1391 1391 1392 1392 1392 1419 1419 1419 1391 1391 1391 1419 1419 1419 1418 1418 1418 1392 1392 1392 1393 1393 1393 1420 1420 1420 1392 1392 1392 1420 1420 1420 1419 1419 1419 1393 1393 1393 1394 1394 1394 1421 1421 1421 1393 1393 1393 1421 1421 1421 1420 1420 1420 1394 1394 1394 1395 1395 1395 1422 1422 1422 1394 1394 1394 1422 1422 1422 1421 1421 1421 1395 1395 1395 1396 1396 1396 1423 1423 1423 1395 1395 1395 1423 1423 1423 1422 1422 1422 1396 1396 1396 1397 1397 1397 1424 1424 1424 1396 1396 1396 1424 1424 1424 1423 1423 1423 1397 1397 1397 1398 1398 1398 1425 1425 1425 1397 1397 1397 1425 1425 1425 1424 1424 1424 1398 1398 1398 1399 1399 1399 1426 1426 1426 1398 1398 1398 1426 1426 1426 1425 1425 1425 1400 1400 1400 1401 1401 1401 1428 1428 1428 1400 1400 1400 1428 1428 1428 1427 1427 1427 1401 1401 1401 1402 1402 1402 1429 1429 1429 1401 1401 1401 1429 1429 1429 1428 1428 1428 1402 1402 1402 1403 1403 1403 1430 1430 1430 1402 1402 1402 1430 1430 1430 1429 1429 1429 1403 1403 1403 1404 1404 1404 1431 1431 1431 1403 1403 1403 1431 1431 1431 1430 1430 1430 1404 1404 1404 1405 1405 1405 1432 1432 1432 1404 1404 1404 1432 1432 1432 1431 1431 1431 1405 1405 1405 1406 1406 1406 1433 1433 1433 1405 1405 1405 1433 1433 1433 1432 1432 1432 1406 1406 1406 1407 1407 1407 1434 1434 1434 1406 1406 1406 1434 1434 1434 1433 1433 1433 1407 1407 1407 1408 1408 1408 1435 1435 1435 1407 1407 1407 1435 1435 1435 1434 1434 1434 1408 1408 1408 1409 1409 1409 1436 1436 1436 1408 1408 1408 1436 1436 1436 1435 1435 1435 1409 1409 1409 1410 1410 1410 1437 1437 1437 1409 1409 1409 1437 1437 1437 1436 1436 1436 1410 1410 1410 1411 1411 1411 1438 1438 1438 1410 1410 1410 1438 1438 1438 1437 1437 1437 1411 1411 1411 1412 1412 1412 1439 1439 1439 1411 1411 1411 1439 1439 1439 1438 1438 1438 1412 1412 1412 1413 1413 1413 1440 1440 1440 1412 1412 1412 1440 1440 1440 1439 1439 1439 1413 1413 1413 1414 1414 1414 1441 1441 1441 1413 1413 1413 1441 1441 1441 1440 1440 1440 1414 1414 1414 1415 1415 1415 1442 1442 1442 1414 1414 1414 1442 1442 1442 1441 1441 1441 1415 1415 1415 1416 1416 1416 1443 1443 1443 1415 1415 1415 1443 1443 1443 1442 1442 1442 1416 1416 1416 1417 1417 1417 1444 1444 1444 1416 1416 1416 1444 1444 1444 1443 1443 1443 1417 1417 1417 1418 1418 1418 1445 1445 1445 1417 1417 1417 1445 1445 1445 1444 1444 1444 1418 1418 1418 1419 1419 1419 1446 1446 1446 1418 1418 1418 1446 1446 1446 1445 1445 1445 1419 1419 1419 1420 1420 1420 1447 1447 1447 1419 1419 1419 1447 1447 1447 1446 1446 1446 1420 1420 1420 1421 1421 1421 1448 1448 1448 1420 1420 1420 1448 1448 1448 1447 1447 1447 1421 1421 1421 1422 1422 1422 1449 1449 1449 1421 1421 1421 1449 1449 1449 1448 1448 1448 1422 1422 1422 1423 1423 1423 1450 1450 1450 1422 1422 1422 1450 1450 1450 1449 1449 1449 1423 1423 1423 1424 1424 1424 1451 1451 1451 1423 1423 1423 1451 1451 1451 1450 1450 1450 1424 1424 1424 1425 1425 1425 1452 1452 1452 1424 1424 1424 1452 1452 1452 1451 1451 1451 1425 1425 1425 1426 1426 1426 1453 1453 1453 1425 1425 1425 1453 1453 1453 1452 1452 1452 1427 1427 1427 1428 1428 1428 1455 1455 1455 1427 1427 1427 1455 1455 1455 1454 1454 1454 1428 1428 1428 1429 1429 1429 1456 1456 1456 1428 1428 1428 1456 1456 1456 1455 1455 1455 1429 1429 1429 1430 1430 1430 1457 1457 1457 1429 1429 1429 1457 1457 1457 1456 1456 1456 1430 1430 1430 1431 1431 1431 1458 1458 1458 1430 1430 1430 1458 1458 1458 1457 1457 1457 1431 1431 1431 1432 1432 1432 1459 1459 1459 1431 1431 1431 1459 1459 1459 1458 1458 1458 1432 1432 1432 1433 1433 1433 1460 1460 1460 1432 1432 1432 1460 1460 1460 1459 1459 1459 1433 1433 1433 1434 1434 1434 1461 1461 1461 1433 1433 1433 1461 1461 1461 1460 1460 1460 1434 1434 1434 1435 1435 1435 1462 1462 1462 1434 1434 1434 1462 1462 1462 1461 1461 1461 1435 1435 1435 1436 1436 1436 1463 1463 1463 1435 1435 1435 1463 1463 1463 1462 1462 1462 1436 1436 1436 1437 1437 1437 1464 1464 1464 1436 1436 1436 1464 1464 1464 1463 1463 1463 1437 1437 1437 1438 1438 1438 1465 1465 1465 1437 1437 1437 1465 1465 1465 1464 1464 1464 1438 1438 1438 1439 1439 1439 1466 1466 1466 1438 1438 1438 1466 1466 1466 1465 1465 1465 1439 1439 1439 1440 1440 1440 1467 1467 1467 1439 1439 1439 1467 1467 1467 1466 1466 1466 1440 1440 1440 1441 1441 1441 1468 1468 1468 1440 1440 1440 1468 1468 1468 1467 1467 1467 1441 1441 1441 1442 1442 1442 1469 1469 1469 1441 1441 1441 1469 1469 1469 1468 1468 1468 1442 1442 1442 1443 1443 1443 1470 1470 1470 1442 1442 1442 1470 1470 1470 1469 1469 1469 1443 1443 1443 1444 1444 1444 1471 1471 1471 1443 1443 1443 1471 1471 1471 1470 1470 1470 1444 1444 1444 1445 1445 1445 1472 1472 1472 1444 1444 1444 1472 1472 1472 1471 1471 1471 1445 1445 1445 1446 1446 1446 1473 1473 1473 1445 1445 1445 1473 1473 1473 1472 1472 1472 1446 1446 1446 1447 1447 1447 1474 1474 1474 1446 1446 1446 1474 1474 1474 1473 1473 1473 1447 1447 1447 1448 1448 1448 1475 1475 1475 1447 1447 1447 1475 1475 1475 1474 1474 1474 1448 1448 1448 1449 1449 1449 1476 1476 1476 1448 1448 1448 1476 1476 1476 1475 1475 1475 1449 1449 1449 1450 1450 1450 1477 1477 1477 1449 1449 1449 1477 1477 1477 1476 1476 1476 1450 1450 1450 1451 1451 1451 1478 1478 1478 1450 1450 1450 1478 1478 1478 1477 1477 1477 1451 1451 1451 1452 1452 1452 1479 1479 1479 1451 1451 1451 1479 1479 1479 1478 1478 1478 1452 1452 1452 1453 1453 1453 1480 1480 1480 1452 1452 1452 1480 1480 1480 1479 1479 1479 1454 1454 1454 1455 1455 1455 1482 1482 1482 1454 1454 1454 1482 1482 1482 1481 1481 1481 1455 1455 1455 1456 1456 1456 1483 1483 1483 1455 1455 1455 1483 1483 1483 1482 1482 1482 1456 1456 1456 1457 1457 1457 1484 1484 1484 1456 1456 1456 1484 1484 1484 1483 1483 1483 1457 1457 1457 1458 1458 1458 1485 1485 1485 1457 1457 1457 1485 1485 1485 1484 1484 1484 1458 1458 1458 1459 1459 1459 1486 1486 1486 1458 1458 1458 1486 1486 1486 1485 1485 1485 1459 1459 1459 1460 1460 1460 1487 1487 1487 1459 1459 1459 1487 1487 1487 1486 1486 1486 1460 1460 1460 1461 1461 1461 1488 1488 1488 1460 1460 1460 1488 1488 1488 1487 1487 1487 1461 1461 1461 1462 1462 1462 1489 1489 1489 1461 1461 1461 1489 1489 1489 1488 1488 1488 1462 1462 1462 1463 1463 1463 1490 1490 1490 1462 1462 1462 1490 1490 1490 1489 1489 1489 1463 1463 1463 1464 1464 1464 1491 1491 1491 1463 1463 1463 1491 1491 1491 1490 1490 1490 1464 1464 1464 1465 1465 1465 1492 1492 1492 1464 1464 1464 1492 1492 1492 1491 1491 1491 1465 1465 1465 1466 1466 1466 1493 1493 1493 1465 1465 1465 1493 1493 1493 1492 1492 1492 1466 1466 1466 1467 1467 1467 1494 1494 1494 1466 1466 1466 1494 1494 1494 1493 1493 1493 1467 1467 1467 1468 1468 1468 1495 1495 1495 1467 1467 1467 1495 1495 1495 1494 1494 1494 1468 1468 1468 1469 1469 1469 1496 1496 1496 1468 1468 1468 1496 1496 1496 1495 1495 1495 1469 1469 1469 1470 1470 1470 1497 1497 1497 1469 1469 1469 1497 1497 1497 1496 1496 1496 1470 1470 1470 1471 1471 1471 1498 1498 1498 1470 1470 1470 1498 1498 1498 1497 1497 1497 1471 1471 1471 1472 1472 1472 1499 1499 1499 1471 1471 1471 1499 1499 1499 1498 1498 1498 1472 1472 1472 1473 1473 1473 1500 1500 1500 1472 1472 1472 1500 1500 1500 1499 1499 1499 1473 1473 1473 1474 1474 1474 1501 1501 1501 1473 1473 1473 1501 1501 1501 1500 1500 1500 1474 1474 1474 1475 1475 1475 1502 1502 1502 1474 1474 1474 1502 1502 1502 1501 1501 1501 1475 1475 1475 1476 1476 1476 1503 1503 1503 1475 1475 1475 1503 1503 1503 1502 1502 1502 1476 1476 1476 1477 1477 1477 1504 1504 1504 1476 1476 1476 1504 1504 1504 1503 1503 1503 1477 1477 1477 1478 1478 1478 1505 1505 1505 1477 1477 1477 1505 1505 1505 1504 1504 1504 1478 1478 1478 1479 1479 1479 1506 1506 1506 1478 1478 1478 1506 1506 1506 1505 1505 1505 1479 1479 1479 1480 1480 1480 1507 1507 1507 1479 1479 1479 1507 1507 1507 1506 1506 1506 1481 1481 1481 1482 1482 1482 1509 1509 1509 1481 1481 1481 1509 1509 1509 1508 1508 1508 1482 1482 1482 1483 1483 1483 1510 1510 1510 1482 1482 1482 1510 1510 1510 1509 1509 1509 1483 1483 1483 1484 1484 1484 1511 1511 1511 1483 1483 1483 1511 1511 1511 1510 1510 1510 1484 1484 1484 1485 1485 1485 1512 1512 1512 1484 1484 1484 1512 1512 1512 1511 1511 1511 1485 1485 1485 1486 1486 1486 1513 1513 1513 1485 1485 1485 1513 1513 1513 1512 1512 1512 1486 1486 1486 1487 1487 1487 1514 1514 1514 1486 1486 1486 1514 1514 1514 1513 1513 1513 1487 1487 1487 1488 1488 1488 1515 1515 1515 1487 1487 1487 1515 1515 1515 1514 1514 1514 1488 1488 1488 1489 1489 1489 1516 1516 1516 1488 1488 1488 1516 1516 1516 1515 1515 1515 1489 1489 1489 1490 1490 1490 1517 1517 1517 1489 1489 1489 1517 1517 1517 1516 1516 1516 1490 1490 1490 1491 1491 1491 1518 1518 1518 1490 1490 1490 1518 1518 1518 1517 1517 1517 1491 1491 1491 1492 1492 1492 1519 1519 1519 1491 1491 1491 1519 1519 1519 1518 1518 1518 1492 1492 1492 1493 1493 1493 1520 1520 1520 1492 1492 1492 1520 1520 1520 1519 1519 1519 1493 1493 1493 1494 1494 1494 1521 1521 1521 1493 1493 1493 1521 1521 1521 1520 1520 1520 1494 1494 1494 1495 1495 1495 1522 1522 1522 1494 1494 1494 1522 1522 1522 1521 1521 1521 1495 1495 1495 1496 1496 1496 1523 1523 1523 1495 1495 1495 1523 1523 1523 1522 1522 1522 1496 1496 1496 1497 1497 1497 1524 1524 1524 1496 1496 1496 1524 1524 1524 1523 1523 1523 1497 1497 1497 1498 1498 1498 1525 1525 1525 1497 1497 1497 1525 1525 1525 1524 1524 1524 1498 1498 1498 1499 1499 1499 1526 1526 1526 1498 1498 1498 1526 1526 1526 1525 1525 1525 1499 1499 1499 1500 1500 1500 1527 1527 1527 1499 1499 1499 1527 1527 1527 1526 1526 1526 1500 1500 1500 1501 1501 1501 1528 1528 1528 1500 1500 1500 1528 1528 1528 1527 1527 1527 1501 1501 1501 1502 1502 1502 1529 1529 1529 1501 1501 1501 1529 1529 1529 1528 1528 1528 1502 1502 1502 1503 1503 1503 1530 1530 1530 1502 1502 1502 1530 1530 1530 1529 1529 1529 1503 1503 1503 1504 1504 1504 1531 1531 1531 1503 1503 1503 1531 1531 1531 1530 1530 1530 1504 1504 1504 1505 1505 1505 1532 1532 1532 1504 1504 1504 1532 1532 1532 1531 1531 1531 1505 1505 1505 1506 1506 1506 1533 1533 1533 1505 1505 1505 1533 1533 1533 1532 1532 1532 1506 1506 1506 1507 1507 1507 1534 1534 1534 1506 1506 1506 1534 1534 1534 1533 1533 1533 1508 1508 1508 1509 1509 1509 1536 1536 1536 1508 1508 1508 1536 1536 1536 1535 1535 1535 1509 1509 1509 1510 1510 1510 1537 1537 1537 1509 1509 1509 1537 1537 1537 1536 1536 1536 1510 1510 1510 1511 1511 1511 1538 1538 1538 1510 1510 1510 1538 1538 1538 1537 1537 1537 1511 1511 1511 1512 1512 1512 1539 1539 1539 1511 1511 1511 1539 1539 1539 1538 1538 1538 1512 1512 1512 1513 1513 1513 1540 1540 1540 1512 1512 1512 1540 1540 1540 1539 1539 1539 1513 1513 1513 1514 1514 1514 1541 1541 1541 1513 1513 1513 1541 1541 1541 1540 1540 1540 1514 1514 1514 1515 1515 1515 1542 1542 1542 1514 1514 1514 1542 1542 1542 1541 1541 1541 1515 1515 1515 1516 1516 1516 1543 1543 1543 1515 1515 1515 1543 1543 1543 1542 1542 1542 1516 1516 1516 1517 1517 1517 1544 1544 1544 1516 1516 1516 1544 1544 1544 1543 1543 1543 1517 1517 1517 1518 1518 1518 1545 1545 1545 1517 1517 1517 1545 1545 1545 1544 1544 1544 1518 1518 1518 1519 1519 1519 1546 1546 1546 1518 1518 1518 1546 1546 1546 1545 1545 1545 1519 1519 1519 1520 1520 1520 1547 1547 1547 1519 1519 1519 1547 1547 1547 1546 1546 1546 1520 1520 1520 1521 1521 1521 1548 1548 1548 1520 1520 1520 1548 1548 1548 1547 1547 1547 1521 1521 1521 1522 1522 1522 1549 1549 1549 1521 1521 1521 1549 1549 1549 1548 1548 1548 1522 1522 1522 1523 1523 1523 1550 1550 1550 1522 1522 1522 1550 1550 1550 1549 1549 1549 1523 1523 1523 1524 1524 1524 1551 1551 1551 1523 1523 1523 1551 1551 1551 1550 1550 1550 1524 1524 1524 1525 1525 1525 1552 1552 1552 1524 1524 1524 1552 1552 1552 1551 1551 1551 1525 1525 1525 1526 1526 1526 1553 1553 1553 1525 1525 1525 1553 1553 1553 1552 1552 1552 1526 1526 1526 1527 1527 1527 1554 1554 1554 1526 1526 1526 1554 1554 1554 1553 1553 1553 1527 1527 1527 1528 1528 1528 1555 1555 1555 1527 1527 1527 1555 1555 1555 1554 1554 1554 1528 1528 1528 1529 1529 1529 1556 1556 1556 1528 1528 1528 1556 1556 1556 1555 1555 1555 1529 1529 1529 1530 1530 1530 1557 1557 1557 1529 1529 1529 1557 1557 1557 1556 1556 1556 1530 1530 1530 1531 1531 1531 1558 1558 1558 1530 1530 1530 1558 1558 1558 1557 1557 1557 1531 1531 1531 1532 1532 1532 1559 1559 1559 1531 1531 1531 1559 1559 1559 1558 1558 1558 1532 1532 1532 1533 1533 1533 1560 1560 1560 1532 1532 1532 1560 1560 1560 1559 1559 1559 1533 1533 1533 1534 1534 1534 1561 1561 1561 1533 1533 1533 1561 1561 1561 1560 1560 1560 1535 1535 1535 1536 1536 1536 1563 1563 1563 1535 1535 1535 1563 1563 1563 1562 1562 1562 1536 1536 1536 1537 1537 1537 1564 1564 1564 1536 1536 1536 1564 1564 1564 1563 1563 1563 1537 1537 1537 1538 1538 1538 1565 1565 1565 1537 1537 1537 1565 1565 1565 1564 1564 1564 1538 1538 1538 1539 1539 1539 1566 1566 1566 1538 1538 1538 1566 1566 1566 1565 1565 1565 1539 1539 1539 1540 1540 1540 1567 1567 1567 1539 1539 1539 1567 1567 1567 1566 1566 1566 1540 1540 1540 1541 1541 1541 1568 1568 1568 1540 1540 1540 1568 1568 1568 1567 1567 1567 1541 1541 1541 1542 1542 1542 1569 1569 1569 1541 1541 1541 1569 1569 1569 1568 1568 1568 1542 1542 1542 1543 1543 1543 1570 1570 1570 1542 1542 1542 1570 1570 1570 1569 1569 1569 1543 1543 1543 1544 1544 1544 1571 1571 1571 1543 1543 1543 1571 1571 1571 1570 1570 1570 1544 1544 1544 1545 1545 1545 1572 1572 1572 1544 1544 1544 1572 1572 1572 1571 1571 1571 1545 1545 1545 1546 1546 1546 1573 1573 1573 1545 1545 1545 1573 1573 1573 1572 1572 1572 1546 1546 1546 1547 1547 1547 1574 1574 1574 1546 1546 1546 1574 1574 1574 1573 1573 1573 1547 1547 1547 1548 1548 1548 1575 1575 1575 1547 1547 1547 1575 1575 1575 1574 1574 1574 1548 1548 1548 1549 1549 1549 1576 1576 1576 1548 1548 1548 1576 1576 1576 1575 1575 1575 1549 1549 1549 1550 1550 1550 1577 1577 1577 1549 1549 1549 1577 1577 1577 1576 1576 1576 1550 1550 1550 1551 1551 1551 1578 1578 1578 1550 1550 1550 1578 1578 1578 1577 1577 1577 1551 1551 1551 1552 1552 1552 1579 1579 1579 1551 1551 1551 1579 1579 1579 1578 1578 1578 1552 1552 1552 1553 1553 1553 1580 1580 1580 1552 1552 1552 1580 1580 1580 1579 1579 1579 1553 1553 1553 1554 1554 1554 1581 1581 1581 1553 1553 1553 1581 1581 1581 1580 1580 1580 1554 1554 1554 1555 1555 1555 1582 1582 1582 1554 1554 1554 1582 1582 1582 1581 1581 1581 1555 1555 1555 1556 1556 1556 1583 1583 1583 1555 1555 1555 1583 1583 1583 1582 1582 1582 1556 1556 1556 1557 1557 1557 1584 1584 1584 1556 1556 1556 1584 1584 1584 1583 1583 1583 1557 1557 1557 1558 1558 1558 1585 1585 1585 1557 1557 1557 1585 1585 1585 1584 1584 1584 1558 1558 1558 1559 1559 1559 1586 1586 1586 1558 1558 1558 1586 1586 1586 1585 1585 1585 1559 1559 1559 1560 1560 1560 1587 1587 1587 1559 1559 1559 1587 1587 1587 1586 1586 1586 1560 1560 1560 1561 1561 1561 1588 1588 1588 1560 1560 1560 1588 1588 1588 1587 1587 1587 1562 1562 1562 1563 1563 1563 1590 1590 1590 1562 1562 1562 1590 1590 1590 1589 1589 1589 1563 1563 1563 1564 1564 1564 1591 1591 1591 1563 1563 1563 1591 1591 1591 1590 1590 1590 1564 1564 1564 1565 1565 1565 1592 1592 1592 1564 1564 1564 1592 1592 1592 1591 1591 1591 1565 1565 1565 1566 1566 1566 1593 1593 1593 1565 1565 1565 1593 1593 1593 1592 1592 1592 1566 1566 1566 1567 1567 1567 1594 1594 1594 1566 1566 1566 1594 1594 1594 1593 1593 1593 1567 1567 1567 1568 1568 1568 1595 1595 1595 1567 1567 1567 1595 1595 1595 1594 1594 1594 1568 1568 1568 1569 1569 1569 1596 1596 1596 1568 1568 1568 1596 1596 1596 1595 1595 1595 1569 1569 1569 1570 1570 1570 1597 1597 1597 1569 1569 1569 1597 1597 1597 1596 1596 1596 1570 1570 1570 1571 1571 1571 1598 1598 1598 1570 1570 1570 1598 1598 1598 1597 1597 1597 1571 1571 1571 1572 1572 1572 1599 1599 1599 1571 1571 1571 1599 1599 1599 1598 1598 1598 1572 1572 1572 1573 1573 1573 1600 1600 1600 1572 1572 1572 1600 1600 1600 1599 1599 1599 1573 1573 1573 1574 1574 1574 1601 1601 1601 1573 1573 1573 1601 1601 1601 1600 1600 1600 1574 1574 1574 1575 1575 1575 1602 1602 1602 1574 1574 1574 1602 1602 1602 1601 1601 1601 1575 1575 1575 1576 1576 1576 1603 1603 1603 1575 1575 1575 1603 1603 1603 1602 1602 1602 1576 1576 1576 1577 1577 1577 1604 1604 1604 1576 1576 1576 1604 1604 1604 1603 1603 1603 1577 1577 1577 1578 1578 1578 1605 1605 1605 1577 1577 1577 1605 1605 1605 1604 1604 1604 1578 1578 1578 1579 1579 1579 1606 1606 1606 1578 1578 1578 1606 1606 1606 1605 1605 1605 1579 1579 1579 1580 1580 1580 1607 1607 1607 1579 1579 1579 1607 1607 1607 1606 1606 1606 1580 1580 1580 1581 1581 1581 1608 1608 1608 1580 1580 1580 1608 1608 1608 1607 1607 1607 1581 1581 1581 1582 1582 1582 1609 1609 1609 1581 1581 1581 1609 1609 1609 1608 1608 1608 1582 1582 1582 1583 1583 1583 1610 1610 1610 1582 1582 1582 1610 1610 1610 1609 1609 1609 1583 1583 1583 1584 1584 1584 1611 1611 1611 1583 1583 1583 1611 1611 1611 1610 1610 1610 1584 1584 1584 1585 1585 1585 1612 1612 1612 1584 1584 1584 1612 1612 1612 1611 1611 1611 1585 1585 1585 1586 1586 1586 1613 1613 1613 1585 1585 1585 1613 1613 1613 1612 1612 1612 1586 1586 1586 1587 1587 1587 1614 1614 1614 1586 1586 1586 1614 1614 1614 1613 1613 1613 1587 1587 1587 1588 1588 1588 1615 1615 1615 1587 1587 1587 1615 1615 1615 1614 1614 1614 1589 1589 1589 1590 1590 1590 1617 1617 1617 1589 1589 1589 1617 1617 1617 1616 1616 1616 1590 1590 1590 1591 1591 1591 1618 1618 1618 1590 1590 1590 1618 1618 1618 1617 1617 1617 1591 1591 1591 1592 1592 1592 1619 1619 1619 1591 1591 1591 1619 1619 1619 1618 1618 1618 1592 1592 1592 1593 1593 1593 1620 1620 1620 1592 1592 1592 1620 1620 1620 1619 1619 1619 1593 1593 1593 1594 1594 1594 1621 1621 1621 1593 1593 1593 1621 1621 1621 1620 1620 1620 1594 1594 1594 1595 1595 1595 1622 1622 1622 1594 1594 1594 1622 1622 1622 1621 1621 1621 1595 1595 1595 1596 1596 1596 1623 1623 1623 1595 1595 1595 1623 1623 1623 1622 1622 1622 1596 1596 1596 1597 1597 1597 1624 1624 1624 1596 1596 1596 1624 1624 1624 1623 1623 1623 1597 1597 1597 1598 1598 1598 1625 1625 1625 1597 1597 1597 1625 1625 1625 1624 1624 1624 1598 1598 1598 1599 1599 1599 1626 1626 1626 1598 1598 1598 1626 1626 1626 1625 1625 1625 1599 1599 1599 1600 1600 1600 1627 1627 1627 1599 1599 1599 1627 1627 1627 1626 1626 1626 1600 1600 1600 1601 1601 1601 1628 1628 1628 1600 1600 1600 1628 1628 1628 1627 1627 1627 1601 1601 1601 1602 1602 1602 1629 1629 1629 1601 1601 1601 1629 1629 1629 1628 1628 1628 1602 1602 1602 1603 1603 1603 1630 1630 1630 1602 1602 1602 1630 1630 1630 1629 1629 1629 1603 1603 1603 1604 1604 1604 1631 1631 1631 1603 1603 1603 1631 1631 1631 1630 1630 1630 1604 1604 1604 1605 1605 1605 1632 1632 1632 1604 1604 1604 1632 1632 1632 1631 1631 1631 1605 1605 1605 1606 1606 1606 1633 1633 1633 1605 1605 1605 1633 1633 1633 1632 1632 1632 1606 1606 1606 1607 1607 1607 1634 1634 1634 1606 1606 1606 1634 1634 1634 1633 1633 1633 1607 1607 1607 1608 1608 1608 1635 1635 1635 1607 1607 1607 1635 1635 1635 1634 1634 1634 1608 1608 1608 1609 1609 1609 1636 1636 1636 1608 1608 1608 1636 1636 1636 1635 1635 1635 1609 1609 1609 1610 1610 1610 1637 1637 1637 1609 1609 1609 1637 1637 1637 1636 1636 1636 1610 1610 1610 1611 1611 1611 1638 1638 1638 1610 1610 1610 1638 1638 1638 1637 1637 1637 1611 1611 1611 1612 1612 1612 1639 1639 1639 1611 1611 1611 1639 1639 1639 1638 1638 1638 1612 1612 1612 1613 1613 1613 1640 1640 1640 1612 1612 1612 1640 1640 1640 1639 1639 1639 1613 1613 1613 1614 1614 1614 1641 1641 1641 1613 1613 1613 1641 1641 1641 1640 1640 1640 1614 1614 1614 1615 1615 1615 1642 1642 1642 1614 1614 1614 1642 1642 1642 1641 1641 1641 1616 1616 1616 1617 1617 1617 1644 1644 1644 1616 1616 1616 1644 1644 1644 1643 1643 1643 1617 1617 1617 1618 1618 1618 1645 1645 1645 1617 1617 1617 1645 1645 1645 1644 1644 1644 1618 1618 1618 1619 1619 1619 1646 1646 1646 1618 1618 1618 1646 1646 1646 1645 1645 1645 1619 1619 1619 1620 1620 1620 1647 1647 1647 1619 1619 1619 1647 1647 1647 1646 1646 1646 1620 1620 1620 1621 1621 1621 1648 1648 1648 1620 1620 1620 1648 1648 1648 1647 1647 1647 1621 1621 1621 1622 1622 1622 1649 1649 1649 1621 1621 1621 1649 1649 1649 1648 1648 1648 1622 1622 1622 1623 1623 1623 1650 1650 1650 1622 1622 1622 1650 1650 1650 1649 1649 1649 1623 1623 1623 1624 1624 1624 1651 1651 1651 1623 1623 1623 1651 1651 1651 1650 1650 1650 1624 1624 1624 1625 1625 1625 1652 1652 1652 1624 1624 1624 1652 1652 1652 1651 1651 1651 1625 1625 1625 1626 1626 1626 1653 1653 1653 1625 1625 1625 1653 1653 1653 1652 1652 1652 1626 1626 1626 1627 1627 1627 1654 1654 1654 1626 1626 1626 1654 1654 1654 1653 1653 1653 1627 1627 1627 1628 1628 1628 1655 1655 1655 1627 1627 1627 1655 1655 1655 1654 1654 1654 1628 1628 1628 1629 1629 1629 1656 1656 1656 1628 1628 1628 1656 1656 1656 1655 1655 1655 1629 1629 1629 1630 1630 1630 1657 1657 1657 1629 1629 1629 1657 1657 1657 1656 1656 1656 1630 1630 1630 1631 1631 1631 1658 1658 1658 1630 1630 1630 1658 1658 1658 1657 1657 1657 1631 1631 1631 1632 1632 1632 1659 1659 1659 1631 1631 1631 1659 1659 1659 1658 1658 1658 1632 1632 1632 1633 1633 1633 1660 1660 1660 1632 1632 1632 1660 1660 1660 1659 1659 1659 1633 1633 1633 1634 1634 1634 1661 1661 1661 1633 1633 1633 1661 1661 1661 1660 1660 1660 1634 1634 1634 1635 1635 1635 1662 1662 1662 1634 1634 1634 1662 1662 1662 1661 1661 1661 1635 1635 1635 1636 1636 1636 1663 1663 1663 1635 1635 1635 1663 1663 1663 1662 1662 1662 1636 1636 1636 1637 1637 1637 1664 1664 1664 1636 1636 1636 1664 1664 1664 1663 1663 1663 1637 1637 1637 1638 1638 1638 1665 1665 1665 1637 1637 1637 1665 1665 1665 1664 1664 1664 1638 1638 1638 1639 1639 1639 1666 1666 1666 1638 1638 1638 1666 1666 1666 1665 1665 1665 1639 1639 1639 1640 1640 1640 1667 1667 1667 1639 1639 1639 1667 1667 1667 1666 1666 1666 1640 1640 1640 1641 1641 1641 1668 1668 1668 1640 1640 1640 1668 1668 1668 1667 1667 1667 1641 1641 1641 1642 1642 1642 1669 1669 1669 1641 1641 1641 1669 1669 1669 1668 1668 1668 1643 1643 1643 1644 1644 1644 1671 1671 1671 1643 1643 1643 1671 1671 1671 1670 1670 1670 1644 1644 1644 1645 1645 1645 1672 1672 1672 1644 1644 1644 1672 1672 1672 1671 1671 1671 1645 1645 1645 1646 1646 1646 1673 1673 1673 1645 1645 1645 1673 1673 1673 1672 1672 1672 1646 1646 1646 1647 1647 1647 1674 1674 1674 1646 1646 1646 1674 1674 1674 1673 1673 1673 1647 1647 1647 1648 1648 1648 1675 1675 1675 1647 1647 1647 1675 1675 1675 1674 1674 1674 1648 1648 1648 1649 1649 1649 1676 1676 1676 1648 1648 1648 1676 1676 1676 1675 1675 1675 1649 1649 1649 1650 1650 1650 1677 1677 1677 1649 1649 1649 1677 1677 1677 1676 1676 1676 1650 1650 1650 1651 1651 1651 1678 1678 1678 1650 1650 1650 1678 1678 1678 1677 1677 1677 1651 1651 1651 1652 1652 1652 1679 1679 1679 1651 1651 1651 1679 1679 1679 1678 1678 1678 1652 1652 1652 1653 1653 1653 1680 1680 1680 1652 1652 1652 1680 1680 1680 1679 1679 1679 1653 1653 1653 1654 1654 1654 1681 1681 1681 1653 1653 1653 1681 1681 1681 1680 1680 1680 1654 1654 1654 1655 1655 1655 1682 1682 1682 1654 1654 1654 1682 1682 1682 1681 1681 1681 1655 1655 1655 1656 1656 1656 1683 1683 1683 1655 1655 1655 1683 1683 1683 1682 1682 1682 1656 1656 1656 1657 1657 1657 1684 1684 1684 1656 1656 1656 1684 1684 1684 1683 1683 1683 1657 1657 1657 1658 1658 1658 1685 1685 1685 1657 1657 1657 1685 1685 1685 1684 1684 1684 1658 1658 1658 1659 1659 1659 1686 1686 1686 1658 1658 1658 1686 1686 1686 1685 1685 1685 1659 1659 1659 1660 1660 1660 1687 1687 1687 1659 1659 1659 1687 1687 1687 1686 1686 1686 1660 1660 1660 1661 1661 1661 1688 1688 1688 1660 1660 1660 1688 1688 1688 1687 1687 1687 1661 1661 1661 1662 1662 1662 1689 1689 1689 1661 1661 1661 1689 1689 1689 1688 1688 1688 1662 1662 1662 1663 1663 1663 1690 1690 1690 1662 1662 1662 1690 1690 1690 1689 1689 1689 1663 1663 1663 1664 1664 1664 1691 1691 1691 1663 1663 1663 1691 1691 1691 1690 1690 1690 1664 1664 1664 1665 1665 1665 1692 1692 1692 1664 1664 1664 1692 1692 1692 1691 1691 1691 1665 1665 1665 1666 1666 1666 1693 1693 1693 1665 1665 1665 1693 1693 1693 1692 1692 1692 1666 1666 1666 1667 1667 1667 1694 1694 1694 1666 1666 1666 1694 1694 1694 1693 1693 1693 1667 1667 1667 1668 1668 1668 1695 1695 1695 1667 1667 1667 1695 1695 1695 1694 1694 1694 1668 1668 1668 1669 1669 1669 1696 1696 1696 1668 1668 1668 1696 1696 1696 1695 1695 1695 1670 1670 1670 1671 1671 1671 1698 1698 1698 1670 1670 1670 1698 1698 1698 1697 1697 1697 1671 1671 1671 1672 1672 1672 1699 1699 1699 1671 1671 1671 1699 1699 1699 1698 1698 1698 1672 1672 1672 1673 1673 1673 1700 1700 1700 1672 1672 1672 1700 1700 1700 1699 1699 1699 1673 1673 1673 1674 1674 1674 1701 1701 1701 1673 1673 1673 1701 1701 1701 1700 1700 1700 1674 1674 1674 1675 1675 1675 1702 1702 1702 1674 1674 1674 1702 1702 1702 1701 1701 1701 1675 1675 1675 1676 1676 1676 1703 1703 1703 1675 1675 1675 1703 1703 1703 1702 1702 1702 1676 1676 1676 1677 1677 1677 1704 1704 1704 1676 1676 1676 1704 1704 1704 1703 1703 1703 1677 1677 1677 1678 1678 1678 1705 1705 1705 1677 1677 1677 1705 1705 1705 1704 1704 1704 1678 1678 1678 1679 1679 1679 1706 1706 1706 1678 1678 1678 1706 1706 1706 1705 1705 1705 1679 1679 1679 1680 1680 1680 1707 1707 1707 1679 1679 1679 1707 1707 1707 1706 1706 1706 1680 1680 1680 1681 1681 1681 1708 1708 1708 1680 1680 1680 1708 1708 1708 1707 1707 1707 1681 1681 1681 1682 1682 1682 1709 1709 1709 1681 1681 1681 1709 1709 1709 1708 1708 1708 1682 1682 1682 1683 1683 1683 1710 1710 1710 1682 1682 1682 1710 1710 1710 1709 1709 1709 1683 1683 1683 1684 1684 1684 1711 1711 1711 1683 1683 1683 1711 1711 1711 1710 1710 1710 1684 1684 1684 1685 1685 1685 1712 1712 1712 1684 1684 1684 1712 1712 1712 1711 1711 1711 1685 1685 1685 1686 1686 1686 1713 1713 1713 1685 1685 1685 1713 1713 1713 1712 1712 1712 1686 1686 1686 1687 1687 1687 1714 1714 1714 1686 1686 1686 1714 1714 1714 1713 1713 1713 1687 1687 1687 1688 1688 1688 1715 1715 1715 1687 1687 1687 1715 1715 1715 1714 1714 1714 1688 1688 1688 1689 1689 1689 1716 1716 1716 1688 1688 1688 1716 1716 1716 1715 1715 1715 1689 1689 1689 1690 1690 1690 1717 1717 1717 1689 1689 1689 1717 1717 1717 1716 1716 1716 1690 1690 1690 1691 1691 1691 1718 1718 1718 1690 1690 1690 1718 1718 1718 1717 1717 1717 1691 1691 1691 1692 1692 1692 1719 1719 1719 1691 1691 1691 1719 1719 1719 1718 1718 1718 1692 1692 1692 1693 1693 1693 1720 1720 1720 1692 1692 1692 1720 1720 1720 1719 1719 1719 1693 1693 1693 1694 1694 1694 1721 1721 1721 1693 1693 1693 1721 1721 1721 1720 1720 1720 1694 1694 1694 1695 1695 1695 1722 1722 1722 1694 1694 1694 1722 1722 1722 1721 1721 1721 1695 1695 1695 1696 1696 1696 1723 1723 1723 1695 1695 1695 1723 1723 1723 1722 1722 1722 1697 1697 1697 1698 1698 1698 1725 1725 1725 1697 1697 1697 1725 1725 1725 1724 1724 1724 1698 1698 1698 1699 1699 1699 1726 1726 1726 1698 1698 1698 1726 1726 1726 1725 1725 1725 1699 1699 1699 1700 1700 1700 1727 1727 1727 1699 1699 1699 1727 1727 1727 1726 1726 1726 1700 1700 1700 1701 1701 1701 1728 1728 1728 1700 1700 1700 1728 1728 1728 1727 1727 1727 1701 1701 1701 1702 1702 1702 1729 1729 1729 1701 1701 1701 1729 1729 1729 1728 1728 1728 1702 1702 1702 1703 1703 1703 1730 1730 1730 1702 1702 1702 1730 1730 1730 1729 1729 1729 1703 1703 1703 1704 1704 1704 1731 1731 1731 1703 1703 1703 1731 1731 1731 1730 1730 1730 1704 1704 1704 1705 1705 1705 1732 1732 1732 1704 1704 1704 1732 1732 1732 1731 1731 1731 1705 1705 1705 1706 1706 1706 1733 1733 1733 1705 1705 1705 1733 1733 1733 1732 1732 1732 1706 1706 1706 1707 1707 1707 1734 1734 1734 1706 1706 1706 1734 1734 1734 1733 1733 1733 1707 1707 1707 1708 1708 1708 1735 1735 1735 1707 1707 1707 1735 1735 1735 1734 1734 1734 1708 1708 1708 1709 1709 1709 1736 1736 1736 1708 1708 1708 1736 1736 1736 1735 1735 1735 1709 1709 1709 1710 1710 1710 1737 1737 1737 1709 1709 1709 1737 1737 1737 1736 1736 1736 1710 1710 1710 1711 1711 1711 1738 1738 1738 1710 1710 1710 1738 1738 1738 1737 1737 1737 1711 1711 1711 1712 1712 1712 1739 1739 1739 1711 1711 1711 1739 1739 1739 1738 1738 1738 1712 1712 1712 1713 1713 1713 1740 1740 1740 1712 1712 1712 1740 1740 1740 1739 1739 1739 1713 1713 1713 1714 1714 1714 1741 1741 1741 1713 1713 1713 1741 1741 1741 1740 1740 1740 1714 1714 1714 1715 1715 1715 1742 1742 1742 1714 1714 1714 1742 1742 1742 1741 1741 1741 1715 1715 1715 1716 1716 1716 1743 1743 1743 1715 1715 1715 1743 1743 1743 1742 1742 1742 1716 1716 1716 1717 1717 1717 1744 1744 1744 1716 1716 1716 1744 1744 1744 1743 1743 1743 1717 1717 1717 1718 1718 1718 1745 1745 1745 1717 1717 1717 1745 1745 1745 1744 1744 1744 1718 1718 1718 1719 1719 1719 1746 1746 1746 1718 1718 1718 1746 1746 1746 1745 1745 1745 1719 1719 1719 1720 1720 1720 1747 1747 1747 1719 1719 1719 1747 1747 1747 1746 1746 1746 1720 1720 1720 1721 1721 1721 1748 1748 1748 1720 1720 1720 1748 1748 1748 1747 1747 1747 1721 1721 1721 1722 1722 1722 1749 1749 1749 1721 1721 1721 1749 1749 1749 1748 1748 1748 1722 1722 1722 1723 1723 1723 1750 1750 1750 1722 1722 1722 1750 1750 1750 1749 1749 1749 1724 1724 1724 1725 1725 1725 1752 1752 1752 1724 1724 1724 1752 1752 1752 1751 1751 1751 1725 1725 1725 1726 1726 1726 1753 1753 1753 1725 1725 1725 1753 1753 1753 1752 1752 1752 1726 1726 1726 1727 1727 1727 1754 1754 1754 1726 1726 1726 1754 1754 1754 1753 1753 1753 1727 1727 1727 1728 1728 1728 1755 1755 1755 1727 1727 1727 1755 1755 1755 1754 1754 1754 1728 1728 1728 1729 1729 1729 1756 1756 1756 1728 1728 1728 1756 1756 1756 1755 1755 1755 1729 1729 1729 1730 1730 1730 1757 1757 1757 1729 1729 1729 1757 1757 1757 1756 1756 1756 1730 1730 1730 1731 1731 1731 1758 1758 1758 1730 1730 1730 1758 1758 1758 1757 1757 1757 1731 1731 1731 1732 1732 1732 1759 1759 1759 1731 1731 1731 1759 1759 1759 1758 1758 1758 1732 1732 1732 1733 1733 1733 1760 1760 1760 1732 1732 1732 1760 1760 1760 1759 1759 1759 1733 1733 1733 1734 1734 1734 1761 1761 1761 1733 1733 1733 1761 1761 1761 1760 1760 1760 1734 1734 1734 1735 1735 1735 1762 1762 1762 1734 1734 1734 1762 1762 1762 1761 1761 1761 1735 1735 1735 1736 1736 1736 1763 1763 1763 1735 1735 1735 1763 1763 1763 1762 1762 1762 1736 1736 1736 1737 1737 1737 1764 1764 1764 1736 1736 1736 1764 1764 1764 1763 1763 1763 1737 1737 1737 1738 1738 1738 1765 1765 1765 1737 1737 1737 1765 1765 1765 1764 1764 1764 1738 1738 1738 1739 1739 1739 1766 1766 1766 1738 1738 1738 1766 1766 1766 1765 1765 1765 1739 1739 1739 1740 1740 1740 1767 1767 1767 1739 1739 1739 1767 1767 1767 1766 1766 1766 1740 1740 1740 1741 1741 1741 1768 1768 1768 1740 1740 1740 1768 1768 1768 1767 1767 1767 1741 1741 1741 1742 1742 1742 1769 1769 1769 1741 1741 1741 1769 1769 1769 1768 1768 1768 1742 1742 1742 1743 1743 1743 1770 1770 1770 1742 1742 1742 1770 1770 1770 1769 1769 1769 1743 1743 1743 1744 1744 1744 1771 1771 1771 1743 1743 1743 1771 1771 1771 1770 1770 1770 1744 1744 1744 1745 1745 1745 1772 1772 1772 1744 1744 1744 1772 1772 1772 1771 1771 1771 1745 1745 1745 1746 1746 1746 1773 1773 1773 1745 1745 1745 1773 1773 1773 1772 1772 1772 1746 1746 1746 1747 1747 1747 1774 1774 1774 1746 1746 1746 1774 1774 1774 1773 1773 1773 1747 1747 1747 1748 1748 1748 1775 1775 1775 1747 1747 1747 1775 1775 1775 1774 1774 1774 1748 1748 1748 1749 1749 1749 1776 1776 1776 1748 1748 1748 1776 1776 1776 1775 1775 1775 1749 1749 1749 1750 1750 1750 1777 1777 1777 1749 1749 1749 1777 1777 1777 1776 1776 1776 1751 1751 1751 1752 1752 1752 1779 1779 1779 1751 1751 1751 1779 1779 1779 1778 1778 1778 1752 1752 1752 1753 1753 1753 1780 1780 1780 1752 1752 1752 1780 1780 1780 1779 1779 1779 1753 1753 1753 1754 1754 1754 1781 1781 1781 1753 1753 1753 1781 1781 1781 1780 1780 1780 1754 1754 1754 1755 1755 1755 1782 1782 1782 1754 1754 1754 1782 1782 1782 1781 1781 1781 1755 1755 1755 1756 1756 1756 1783 1783 1783 1755 1755 1755 1783 1783 1783 1782 1782 1782 1756 1756 1756 1757 1757 1757 1784 1784 1784 1756 1756 1756 1784 1784 1784 1783 1783 1783 1757 1757 1757 1758 1758 1758 1785 1785 1785 1757 1757 1757 1785 1785 1785 1784 1784 1784 1758 1758 1758 1759 1759 1759 1786 1786 1786 1758 1758 1758 1786 1786 1786 1785 1785 1785 1759 1759 1759 1760 1760 1760 1787 1787 1787 1759 1759 1759 1787 1787 1787 1786 1786 1786 1760 1760 1760 1761 1761 1761 1788 1788 1788 1760 1760 1760 1788 1788 1788 1787 1787 1787 1761 1761 1761 1762 1762 1762 1789 1789 1789 1761 1761 1761 1789 1789 1789 1788 1788 1788 1762 1762 1762 1763 1763 1763 1790 1790 1790 1762 1762 1762 1790 1790 1790 1789 1789 1789 1763 1763 1763 1764 1764 1764 1791 1791 1791 1763 1763 1763 1791 1791 1791 1790 1790 1790 1764 1764 1764 1765 1765 1765 1792 1792 1792 1764 1764 1764 1792 1792 1792 1791 1791 1791 1765 1765 1765 1766 1766 1766 1793 1793 1793 1765 1765 1765 1793 1793 1793 1792 1792 1792 1766 1766 1766 1767 1767 1767 1794 1794 1794 1766 1766 1766 1794 1794 1794 1793 1793 1793 1767 1767 1767 1768 1768 1768 1795 1795 1795 1767 1767 1767 1795 1795 1795 1794 1794 1794 1768 1768 1768 1769 1769 1769 1796 1796 1796 1768 1768 1768 1796 1796 1796 1795 1795 1795 1769 1769 1769 1770 1770 1770 1797 1797 1797 1769 1769 1769 1797 1797 1797 1796 1796 1796 1770 1770 1770 1771 1771 1771 1798 1798 1798 1770 1770 1770 1798 1798 1798 1797 1797 1797 1771 1771 1771 1772 1772 1772 1799 1799 1799 1771 1771 1771 1799 1799 1799 1798 1798 1798 1772 1772 1772 1773 1773 1773 1800 1800 1800 1772 1772 1772 1800 1800 1800 1799 1799 1799 1773 1773 1773 1774 1774 1774 1801 1801 1801 1773 1773 1773 1801 1801 1801 1800 1800 1800 1774 1774 1774 1775 1775 1775 1802 1802 1802 1774 1774 1774 1802 1802 1802 1801 1801 1801 1775 1775 1775 1776 1776 1776 1803 1803 1803 1775 1775 1775 1803 1803 1803 1802 1802 1802 1776 1776 1776 1777 1777 1777 1804 1804 1804 1776 1776 1776 1804 1804 1804 1803 1803 1803 1778 1778 1778 1779 1779 1779 1806 1806 1806 1778 1778 1778 1806 1806 1806 1805 1805 1805 1779 1779 1779 1780 1780 1780 1807 1807 1807 1779 1779 1779 1807 1807 1807 1806 1806 1806 1780 1780 1780 1781 1781 1781 1808 1808 1808 1780 1780 1780 1808 1808 1808 1807 1807 1807 1781 1781 1781 1782 1782 1782 1809 1809 1809 1781 1781 1781 1809 1809 1809 1808 1808 1808 1782 1782 1782 1783 1783 1783 1810 1810 1810 1782 1782 1782 1810 1810 1810 1809 1809 1809 1783 1783 1783 1784 1784 1784 1811 1811 1811 1783 1783 1783 1811 1811 1811 1810 1810 1810 1784 1784 1784 1785 1785 1785 1812 1812 1812 1784 1784 1784 1812 1812 1812 1811 1811 1811 1785 1785 1785 1786 1786 1786 1813 1813 1813 1785 1785 1785 1813 1813 1813 1812 1812 1812 1786 1786 1786 1787 1787 1787 1814 1814 1814 1786 1786 1786 1814 1814 1814 1813 1813 1813 1787 1787 1787 1788 1788 1788 1815 1815 1815 1787 1787 1787 1815 1815 1815 1814 1814 1814 1788 1788 1788 1789 1789 1789 1816 1816 1816 1788 1788 1788 1816 1816 1816 1815 1815 1815 1789 1789 1789 1790 1790 1790 1817 1817 1817 1789 1789 1789 1817 1817 1817 1816 1816 1816 1790 1790 1790 1791 1791 1791 1818 1818 1818 1790 1790 1790 1818 1818 1818 1817 1817 1817 1791 1791 1791 1792 1792 1792 1819 1819 1819 1791 1791 1791 1819 1819 1819 1818 1818 1818 1792 1792 1792 1793 1793 1793 1820 1820 1820 1792 1792 1792 1820 1820 1820 1819 1819 1819 1793 1793 1793 1794 1794 1794 1821 1821 1821 1793 1793 1793 1821 1821 1821 1820 1820 1820 1794 1794 1794 1795 1795 1795 1822 1822 1822 1794 1794 1794 1822 1822 1822 1821 1821 1821 1795 1795 1795 1796 1796 1796 1823 1823 1823 1795 1795 1795 1823 1823 1823 1822 1822 1822 1796 1796 1796 1797 1797 1797 1824 1824 1824 1796 1796 1796 1824 1824 1824 1823 1823 1823 1797 1797 1797 1798 1798 1798 1825 1825 1825 1797 1797 1797 1825 1825 1825 1824 1824 1824 1798 1798 1798 1799 1799 1799 1826 1826 1826 1798 1798 1798 1826 1826 1826 1825 1825 1825 1799 1799 1799 1800 1800 1800 1827 1827 1827 1799 1799 1799 1827 1827 1827 1826 1826 1826 1800 1800 1800 1801 1801 1801 1828 1828 1828 1800 1800 1800 1828 1828 1828 1827 1827 1827 1801 1801 1801 1802 1802 1802 1829 1829 1829 1801 1801 1801 1829 1829 1829 1828 1828 1828 1802 1802 1802 1803 1803 1803 1830 1830 1830 1802 1802 1802 1830 1830 1830 1829 1829 1829 1803 1803 1803 1804 1804 1804 1831 1831 1831 1803 1803 1803 1831 1831 1831 1830 1830 1830 1805 1805 1805 1806 1806 1806 1833 1833 1833 1805 1805 1805 1833 1833 1833 1832 1832 1832 1806 1806 1806 1807 1807 1807 1834 1834 1834 1806 1806 1806 1834 1834 1834 1833 1833 1833 1807 1807 1807 1808 1808 1808 1835 1835 1835 1807 1807 1807 1835 1835 1835 1834 1834 1834 1808 1808 1808 1809 1809 1809 1836 1836 1836 1808 1808 1808 1836 1836 1836 1835 1835 1835 1809 1809 1809 1810 1810 1810 1837 1837 1837 1809 1809 1809 1837 1837 1837 1836 1836 1836 1810 1810 1810 1811 1811 1811 1838 1838 1838 1810 1810 1810 1838 1838 1838 1837 1837 1837 1811 1811 1811 1812 1812 1812 1839 1839 1839 1811 1811 1811 1839 1839 1839 1838 1838 1838 1812 1812 1812 1813 1813 1813 1840 1840 1840 1812 1812 1812 1840 1840 1840 1839 1839 1839 1813 1813 1813 1814 1814 1814 1841 1841 1841 1813 1813 1813 1841 1841 1841 1840 1840 1840 1814 1814 1814 1815 1815 1815 1842 1842 1842 1814 1814 1814 1842 1842 1842 1841 1841 1841 1815 1815 1815 1816 1816 1816 1843 1843 1843 1815 1815 1815 1843 1843 1843 1842 1842 1842 1816 1816 1816 1817 1817 1817 1844 1844 1844 1816 1816 1816 1844 1844 1844 1843 1843 1843 1817 1817 1817 1818 1818 1818 1845 1845 1845 1817 1817 1817 1845 1845 1845 1844 1844 1844 1818 1818 1818 1819 1819 1819 1846 1846 1846 1818 1818 1818 1846 1846 1846 1845 1845 1845 1819 1819 1819 1820 1820 1820 1847 1847 1847 1819 1819 1819 1847 1847 1847 1846 1846 1846 1820 1820 1820 1821 1821 1821 1848 1848 1848 1820 1820 1820 1848 1848 1848 1847 1847 1847 1821 1821 1821 1822 1822 1822 1849 1849 1849 1821 1821 1821 1849 1849 1849 1848 1848 1848 1822 1822 1822 1823 1823 1823 1850 1850 1850 1822 1822 1822 1850 1850 1850 1849 1849 1849 1823 1823 1823 1824 1824 1824 1851 1851 1851 1823 1823 1823 1851 1851 1851 1850 1850 1850 1824 1824 1824 1825 1825 1825 1852 1852 1852 1824 1824 1824 1852 1852 1852 1851 1851 1851 1825 1825 1825 1826 1826 1826 1853 1853 1853 1825 1825 1825 1853 1853 1853 1852 1852 1852 1826 1826 1826 1827 1827 1827 1854 1854 1854 1826 1826 1826 1854 1854 1854 1853 1853 1853 1827 1827 1827 1828 1828 1828 1855 1855 1855 1827 1827 1827 1855 1855 1855 1854 1854 1854 1828 1828 1828 1829 1829 1829 1856 1856 1856 1828 1828 1828 1856 1856 1856 1855 1855 1855 1829 1829 1829 1830 1830 1830 1857 1857 1857 1829 1829 1829 1857 1857 1857 1856 1856 1856 1830 1830 1830 1831 1831 1831 1858 1858 1858 1830 1830 1830 1858 1858 1858 1857 1857 1857 1832 1832 1832 1833 1833 1833 1860 1860 1860 1832 1832 1832 1860 1860 1860 1859 1859 1859 1833 1833 1833 1834 1834 1834 1861 1861 1861 1833 1833 1833 1861 1861 1861 1860 1860 1860 1834 1834 1834 1835 1835 1835 1862 1862 1862 1834 1834 1834 1862 1862 1862 1861 1861 1861 1835 1835 1835 1836 1836 1836 1863 1863 1863 1835 1835 1835 1863 1863 1863 1862 1862 1862 1836 1836 1836 1837 1837 1837 1864 1864 1864 1836 1836 1836 1864 1864 1864 1863 1863 1863 1837 1837 1837 1838 1838 1838 1865 1865 1865 1837 1837 1837 1865 1865 1865 1864 1864 1864 1838 1838 1838 1839 1839 1839 1866 1866 1866 1838 1838 1838 1866 1866 1866 1865 1865 1865 1839 1839 1839 1840 1840 1840 1867 1867 1867 1839 1839 1839 1867 1867 1867 1866 1866 1866 1840 1840 1840 1841 1841 1841 1868 1868 1868 1840 1840 1840 1868 1868 1868 1867 1867 1867 1841 1841 1841 1842 1842 1842 1869 1869 1869 1841 1841 1841 1869 1869 1869 1868 1868 1868 1842 1842 1842 1843 1843 1843 1870 1870 1870 1842 1842 1842 1870 1870 1870 1869 1869 1869 1843 1843 1843 1844 1844 1844 1871 1871 1871 1843 1843 1843 1871 1871 1871 1870 1870 1870 1844 1844 1844 1845 1845 1845 1872 1872 1872 1844 1844 1844 1872 1872 1872 1871 1871 1871 1845 1845 1845 1846 1846 1846 1873 1873 1873 1845 1845 1845 1873 1873 1873 1872 1872 1872 1846 1846 1846 1847 1847 1847 1874 1874 1874 1846 1846 1846 1874 1874 1874 1873 1873 1873 1847 1847 1847 1848 1848 1848 1875 1875 1875 1847 1847 1847 1875 1875 1875 1874 1874 1874 1848 1848 1848 1849 1849 1849 1876 1876 1876 1848 1848 1848 1876 1876 1876 1875 1875 1875 1849 1849 1849 1850 1850 1850 1877 1877 1877 1849 1849 1849 1877 1877 1877 1876 1876 1876 1850 1850 1850 1851 1851 1851 1878 1878 1878 1850 1850 1850 1878 1878 1878 1877 1877 1877 1851 1851 1851 1852 1852 1852 1879 1879 1879 1851 1851 1851 1879 1879 1879 1878 1878 1878 1852 1852 1852 1853 1853 1853 1880 1880 1880 1852 1852 1852 1880 1880 1880 1879 1879 1879 1853 1853 1853 1854 1854 1854 1881 1881 1881 1853 1853 1853 1881 1881 1881 1880 1880 1880 1854 1854 1854 1855 1855 1855 1882 1882 1882 1854 1854 1854 1882 1882 1882 1881 1881 1881 1855 1855 1855 1856 1856 1856 1883 1883 1883 1855 1855 1855 1883 1883 1883 1882 1882 1882 1856 1856 1856 1857 1857 1857 1884 1884 1884 1856 1856 1856 1884 1884 1884 1883 1883 1883 1857 1857 1857 1858 1858 1858 1885 1885 1885 1857 1857 1857 1885 1885 1885 1884 1884 1884 1859 1859 1859 1860 1860 1860 1887 1887 1887 1859 1859 1859 1887 1887 1887 1886 1886 1886 1860 1860 1860 1861 1861 1861 1888 1888 1888 1860 1860 1860 1888 1888 1888 1887 1887 1887 1861 1861 1861 1862 1862 1862 1889 1889 1889 1861 1861 1861 1889 1889 1889 1888 1888 1888 1862 1862 1862 1863 1863 1863 1890 1890 1890 1862 1862 1862 1890 1890 1890 1889 1889 1889 1863 1863 1863 1864 1864 1864 1891 1891 1891 1863 1863 1863 1891 1891 1891 1890 1890 1890 1864 1864 1864 1865 1865 1865 1892 1892 1892 1864 1864 1864 1892 1892 1892 1891 1891 1891 1865 1865 1865 1866 1866 1866 1893 1893 1893 1865 1865 1865 1893 1893 1893 1892 1892 1892 1866 1866 1866 1867 1867 1867 1894 1894 1894 1866 1866 1866 1894 1894 1894 1893 1893 1893 1867 1867 1867 1868 1868 1868 1895 1895 1895 1867 1867 1867 1895 1895 1895 1894 1894 1894 1868 1868 1868 1869 1869 1869 1896 1896 1896 1868 1868 1868 1896 1896 1896 1895 1895 1895 1869 1869 1869 1870 1870 1870 1897 1897 1897 1869 1869 1869 1897 1897 1897 1896 1896 1896 1870 1870 1870 1871 1871 1871 1898 1898 1898 1870 1870 1870 1898 1898 1898 1897 1897 1897 1871 1871 1871 1872 1872 1872 1899 1899 1899 1871 1871 1871 1899 1899 1899 1898 1898 1898 1872 1872 1872 1873 1873 1873 1900 1900 1900 1872 1872 1872 1900 1900 1900 1899 1899 1899 1873 1873 1873 1874 1874 1874 1901 1901 1901 1873 1873 1873 1901 1901 1901 1900 1900 1900 1874 1874 1874 1875 1875 1875 1902 1902 1902 1874 1874 1874 1902 1902 1902 1901 1901 1901 1875 1875 1875 1876 1876 1876 1903 1903 1903 1875 1875 1875 1903 1903 1903 1902 1902 1902 1876 1876 1876 1877 1877 1877 1904 1904 1904 1876 1876 1876 1904 1904 1904 1903 1903 1903 1877 1877 1877 1878 1878 1878 1905 1905 1905 1877 1877 1877 1905 1905 1905 1904 1904 1904 1878 1878 1878 1879 1879 1879 1906 1906 1906 1878 1878 1878 1906 1906 1906 1905 1905 1905 1879 1879 1879 1880 1880 1880 1907 1907 1907 1879 1879 1879 1907 1907 1907 1906 1906 1906 1880 1880 1880 1881 1881 1881 1908 1908 1908 1880 1880 1880 1908 1908 1908 1907 1907 1907 1881 1881 1881 1882 1882 1882 1909 1909 1909 1881 1881 1881 1909 1909 1909 1908 1908 1908 1882 1882 1882 1883 1883 1883 1910 1910 1910 1882 1882 1882 1910 1910 1910 1909 1909 1909 1883 1883 1883 1884 1884 1884 1911 1911 1911 1883 1883 1883 1911 1911 1911 1910 1910 1910 1884 1884 1884 1885 1885 1885 1912 1912 1912 1884 1884 1884 1912 1912 1912 1911 1911 1911 1886 1886 1886 1887 1887 1887 1914 1914 1914 1886 1886 1886 1914 1914 1914 1913 1913 1913 1887 1887 1887 1888 1888 1888 1915 1915 1915 1887 1887 1887 1915 1915 1915 1914 1914 1914 1888 1888 1888 1889 1889 1889 1916 1916 1916 1888 1888 1888 1916 1916 1916 1915 1915 1915 1889 1889 1889 1890 1890 1890 1917 1917 1917 1889 1889 1889 1917 1917 1917 1916 1916 1916 1890 1890 1890 1891 1891 1891 1918 1918 1918 1890 1890 1890 1918 1918 1918 1917 1917 1917 1891 1891 1891 1892 1892 1892 1919 1919 1919 1891 1891 1891 1919 1919 1919 1918 1918 1918 1892 1892 1892 1893 1893 1893 1920 1920 1920 1892 1892 1892 1920 1920 1920 1919 1919 1919 1893 1893 1893 1894 1894 1894 1921 1921 1921 1893 1893 1893 1921 1921 1921 1920 1920 1920 1894 1894 1894 1895 1895 1895 1922 1922 1922 1894 1894 1894 1922 1922 1922 1921 1921 1921 1895 1895 1895 1896 1896 1896 1923 1923 1923 1895 1895 1895 1923 1923 1923 1922 1922 1922 1896 1896 1896 1897 1897 1897 1924 1924 1924 1896 1896 1896 1924 1924 1924 1923 1923 1923 1897 1897 1897 1898 1898 1898 1925 1925 1925 1897 1897 1897 1925 1925 1925 1924 1924 1924 1898 1898 1898 1899 1899 1899 1926 1926 1926 1898 1898 1898 1926 1926 1926 1925 1925 1925 1899 1899 1899 1900 1900 1900 1927 1927 1927 1899 1899 1899 1927 1927 1927 1926 1926 1926 1900 1900 1900 1901 1901 1901 1928 1928 1928 1900 1900 1900 1928 1928 1928 1927 1927 1927 1901 1901 1901 1902 1902 1902 1929 1929 1929 1901 1901 1901 1929 1929 1929 1928 1928 1928 1902 1902 1902 1903 1903 1903 1930 1930 1930 1902 1902 1902 1930 1930 1930 1929 1929 1929 1903 1903 1903 1904 1904 1904 1931 1931 1931 1903 1903 1903 1931 1931 1931 1930 1930 1930 1904 1904 1904 1905 1905 1905 1932 1932 1932 1904 1904 1904 1932 1932 1932 1931 1931 1931 1905 1905 1905 1906 1906 1906 1933 1933 1933 1905 1905 1905 1933 1933 1933 1932 1932 1932 1906 1906 1906 1907 1907 1907 1934 1934 1934 1906 1906 1906 1934 1934 1934 1933 1933 1933 1907 1907 1907 1908 1908 1908 1935 1935 1935 1907 1907 1907 1935 1935 1935 1934 1934 1934 1908 1908 1908 1909 1909 1909 1936 1936 1936 1908 1908 1908 1936 1936 1936 1935 1935 1935 1909 1909 1909 1910 1910 1910 1937 1937 1937 1909 1909 1909 1937 1937 1937 1936 1936 1936 1910 1910 1910 1911 1911 1911 1938 1938 1938 1910 1910 1910 1938 1938 1938 1937 1937 1937 1911 1911 1911 1912 1912 1912 1939 1939 1939 1911 1911 1911 1939 1939 1939 1938 1938 1938 1940 1940 1940 1941 1941 1941 1964 1964 1964 1940 1940 1940 1964 1964 1964 1963 1963 1963 1941 1941 1941 1942 1942 1942 1965 1965 1965 1941 1941 1941 1965 1965 1965 1964 1964 1964 1942 1942 1942 1943 1943 1943 1966 1966 1966 1942 1942 1942 1966 1966 1966 1965 1965 1965 1943 1943 1943 1944 1944 1944 1967 1967 1967 1943 1943 1943 1967 1967 1967 1966 1966 1966 1944 1944 1944 1945 1945 1945 1968 1968 1968 1944 1944 1944 1968 1968 1968 1967 1967 1967 1945 1945 1945 1946 1946 1946 1969 1969 1969 1945 1945 1945 1969 1969 1969 1968 1968 1968 1946 1946 1946 1947 1947 1947 1970 1970 1970 1946 1946 1946 1970 1970 1970 1969 1969 1969 1947 1947 1947 1948 1948 1948 1971 1971 1971 1947 1947 1947 1971 1971 1971 1970 1970 1970 1948 1948 1948 1949 1949 1949 1972 1972 1972 1948 1948 1948 1972 1972 1972 1971 1971 1971 1949 1949 1949 1950 1950 1950 1973 1973 1973 1949 1949 1949 1973 1973 1973 1972 1972 1972 1950 1950 1950 1951 1951 1951 1974 1974 1974 1950 1950 1950 1974 1974 1974 1973 1973 1973 1951 1951 1951 1952 1952 1952 1975 1975 1975 1951 1951 1951 1975 1975 1975 1974 1974 1974 1952 1952 1952 1953 1953 1953 1976 1976 1976 1952 1952 1952 1976 1976 1976 1975 1975 1975 1953 1953 1953 1954 1954 1954 1977 1977 1977 1953 1953 1953 1977 1977 1977 1976 1976 1976 1954 1954 1954 1955 1955 1955 1978 1978 1978 1954 1954 1954 1978 1978 1978 1977 1977 1977 1955 1955 1955 1956 1956 1956 1979 1979 1979 1955 1955 1955 1979 1979 1979 1978 1978 1978 1956 1956 1956 1957 1957 1957 1980 1980 1980 1956 1956 1956 1980 1980 1980 1979 1979 1979 1957 1957 1957 1958 1958 1958 1981 1981 1981 1957 1957 1957 1981 1981 1981 1980 1980 1980 1958 1958 1958 1959 1959 1959 1982 1982 1982 1958 1958 1958 1982 1982 1982 1981 1981 1981 1959 1959 1959 1960 1960 1960 1983 1983 1983 1959 1959 1959 1983 1983 1983 1982 1982 1982 1960 1960 1960 1961 1961 1961 1984 1984 1984 1960 1960 1960 1984 1984 1984 1983 1983 1983 1961 1961 1961 1962 1962 1962 1985 1985 1985 1961 1961 1961 1985 1985 1985 1984 1984 1984 1963 1963 1963 1964 1964 1964 1987 1987 1987 1963 1963 1963 1987 1987 1987 1986 1986 1986 1964 1964 1964 1965 1965 1965 1988 1988 1988 1964 1964 1964 1988 1988 1988 1987 1987 1987 1965 1965 1965 1966 1966 1966 1989 1989 1989 1965 1965 1965 1989 1989 1989 1988 1988 1988 1966 1966 1966 1967 1967 1967 1990 1990 1990 1966 1966 1966 1990 1990 1990 1989 1989 1989 1967 1967 1967 1968 1968 1968 1991 1991 1991 1967 1967 1967 1991 1991 1991 1990 1990 1990 1968 1968 1968 1969 1969 1969 1992 1992 1992 1968 1968 1968 1992 1992 1992 1991 1991 1991 1969 1969 1969 1970 1970 1970 1993 1993 1993 1969 1969 1969 1993 1993 1993 1992 1992 1992 1970 1970 1970 1971 1971 1971 1994 1994 1994 1970 1970 1970 1994 1994 1994 1993 1993 1993 1971 1971 1971 1972 1972 1972 1995 1995 1995 1971 1971 1971 1995 1995 1995 1994 1994 1994 1972 1972 1972 1973 1973 1973 1996 1996 1996 1972 1972 1972 1996 1996 1996 1995 1995 1995 1973 1973 1973 1974 1974 1974 1997 1997 1997 1973 1973 1973 1997 1997 1997 1996 1996 1996 1974 1974 1974 1975 1975 1975 1998 1998 1998 1974 1974 1974 1998 1998 1998 1997 1997 1997 1975 1975 1975 1976 1976 1976 1999 1999 1999 1975 1975 1975 1999 1999 1999 1998 1998 1998 1976 1976 1976 1977 1977 1977 2000 2000 2000 1976 1976 1976 2000 2000 2000 1999 1999 1999 1977 1977 1977 1978 1978 1978 2001 2001 2001 1977 1977 1977 2001 2001 2001 2000 2000 2000 1978 1978 1978 1979 1979 1979 2002 2002 2002 1978 1978 1978 2002 2002 2002 2001 2001 2001 1979 1979 1979 1980 1980 1980 2003 2003 2003 1979 1979 1979 2003 2003 2003 2002 2002 2002 1980 1980 1980 1981 1981 1981 2004 2004 2004 1980 1980 1980 2004 2004 2004 2003 2003 2003 1981 1981 1981 1982 1982 1982 2005 2005 2005 1981 1981 1981 2005 2005 2005 2004 2004 2004 1982 1982 1982 1983 1983 1983 2006 2006 2006 1982 1982 1982 2006 2006 2006 2005 2005 2005 1983 1983 1983 1984 1984 1984 2007 2007 2007 1983 1983 1983 2007 2007 2007 2006 2006 2006 1984 1984 1984 1985 1985 1985 2008 2008 2008 1984 1984 1984 2008 2008 2008 2007 2007 2007 1986 1986 1986 1987 1987 1987 2010 2010 2010 1986 1986 1986 2010 2010 2010 2009 2009 2009 1987 1987 1987 1988 1988 1988 2011 2011 2011 1987 1987 1987 2011 2011 2011 2010 2010 2010 1988 1988 1988 1989 1989 1989 2012 2012 2012 1988 1988 1988 2012 2012 2012 2011 2011 2011 1989 1989 1989 1990 1990 1990 2013 2013 2013 1989 1989 1989 2013 2013 2013 2012 2012 2012 1990 1990 1990 1991 1991 1991 2014 2014 2014 1990 1990 1990 2014 2014 2014 2013 2013 2013 1991 1991 1991 1992 1992 1992 2015 2015 2015 1991 1991 1991 2015 2015 2015 2014 2014 2014 1992 1992 1992 1993 1993 1993 2016 2016 2016 1992 1992 1992 2016 2016 2016 2015 2015 2015 1993 1993 1993 1994 1994 1994 2017 2017 2017 1993 1993 1993 2017 2017 2017 2016 2016 2016 1994 1994 1994 1995 1995 1995 2018 2018 2018 1994 1994 1994 2018 2018 2018 2017 2017 2017 1995 1995 1995 1996 1996 1996 2019 2019 2019 1995 1995 1995 2019 2019 2019 2018 2018 2018 1996 1996 1996 1997 1997 1997 2020 2020 2020 1996 1996 1996 2020 2020 2020 2019 2019 2019 1997 1997 1997 1998 1998 1998 2021 2021 2021 1997 1997 1997 2021 2021 2021 2020 2020 2020 1998 1998 1998 1999 1999 1999 2022 2022 2022 1998 1998 1998 2022 2022 2022 2021 2021 2021 1999 1999 1999 2000 2000 2000 2023 2023 2023 1999 1999 1999 2023 2023 2023 2022 2022 2022 2000 2000 2000 2001 2001 2001 2024 2024 2024 2000 2000 2000 2024 2024 2024 2023 2023 2023 2001 2001 2001 2002 2002 2002 2025 2025 2025 2001 2001 2001 2025 2025 2025 2024 2024 2024 2002 2002 2002 2003 2003 2003 2026 2026 2026 2002 2002 2002 2026 2026 2026 2025 2025 2025 2003 2003 2003 2004 2004 2004 2027 2027 2027 2003 2003 2003 2027 2027 2027 2026 2026 2026 2004 2004 2004 2005 2005 2005 2028 2028 2028 2004 2004 2004 2028 2028 2028 2027 2027 2027 2005 2005 2005 2006 2006 2006 2029 2029 2029 2005 2005 2005 2029 2029 2029 2028 2028 2028 2006 2006 2006 2007 2007 2007 2030 2030 2030 2006 2006 2006 2030 2030 2030 2029 2029 2029 2007 2007 2007 2008 2008 2008 2031 2031 2031 2007 2007 2007 2031 2031 2031 2030 2030 2030 2009 2009 2009 2010 2010 2010 2033 2033 2033 2009 2009 2009 2033 2033 2033 2032 2032 2032 2010 2010 2010 2011 2011 2011 2034 2034 2034 2010 2010 2010 2034 2034 2034 2033 2033 2033 2011 2011 2011 2012 2012 2012 2035 2035 2035 2011 2011 2011 2035 2035 2035 2034 2034 2034 2012 2012 2012 2013 2013 2013 2036 2036 2036 2012 2012 2012 2036 2036 2036 2035 2035 2035 2013 2013 2013 2014 2014 2014 2037 2037 2037 2013 2013 2013 2037 2037 2037 2036 2036 2036 2014 2014 2014 2015 2015 2015 2038 2038 2038 2014 2014 2014 2038 2038 2038 2037 2037 2037 2015 2015 2015 2016 2016 2016 2039 2039 2039 2015 2015 2015 2039 2039 2039 2038 2038 2038 2016 2016 2016 2017 2017 2017 2040 2040 2040 2016 2016 2016 2040 2040 2040 2039 2039 2039 2017 2017 2017 2018 2018 2018 2041 2041 2041 2017 2017 2017 2041 2041 2041 2040 2040 2040 2018 2018 2018 2019 2019 2019 2042 2042 2042 2018 2018 2018 2042 2042 2042 2041 2041 2041 2019 2019 2019 2020 2020 2020 2043 2043 2043 2019 2019 2019 2043 2043 2043 2042 2042 2042 2020 2020 2020 2021 2021 2021 2044 2044 2044 2020 2020 2020 2044 2044 2044 2043 2043 2043 2021 2021 2021 2022 2022 2022 2045 2045 2045 2021 2021 2021 2045 2045 2045 2044 2044 2044 2022 2022 2022 2023 2023 2023 2046 2046 2046 2022 2022 2022 2046 2046 2046 2045 2045 2045 2023 2023 2023 2024 2024 2024 2047 2047 2047 2023 2023 2023 2047 2047 2047 2046 2046 2046 2024 2024 2024 2025 2025 2025 2048 2048 2048 2024 2024 2024 2048 2048 2048 2047 2047 2047 2025 2025 2025 2026 2026 2026 2049 2049 2049 2025 2025 2025 2049 2049 2049 2048 2048 2048 2026 2026 2026 2027 2027 2027 2050 2050 2050 2026 2026 2026 2050 2050 2050 2049 2049 2049 2027 2027 2027 2028 2028 2028 2051 2051 2051 2027 2027 2027 2051 2051 2051 2050 2050 2050 2028 2028 2028 2029 2029 2029 2052 2052 2052 2028 2028 2028 2052 2052 2052 2051 2051 2051 2029 2029 2029 2030 2030 2030 2053 2053 2053 2029 2029 2029 2053 2053 2053 2052 2052 2052 2030 2030 2030 2031 2031 2031 2054 2054 2054 2030 2030 2030 2054 2054 2054 2053 2053 2053 2032 2032 2032 2033 2033 2033 2056 2056 2056 2032 2032 2032 2056 2056 2056 2055 2055 2055 2033 2033 2033 2034 2034 2034 2057 2057 2057 2033 2033 2033 2057 2057 2057 2056 2056 2056 2034 2034 2034 2035 2035 2035 2058 2058 2058 2034 2034 2034 2058 2058 2058 2057 2057 2057 2035 2035 2035 2036 2036 2036 2059 2059 2059 2035 2035 2035 2059 2059 2059 2058 2058 2058 2036 2036 2036 2037 2037 2037 2060 2060 2060 2036 2036 2036 2060 2060 2060 2059 2059 2059 2037 2037 2037 2038 2038 2038 2061 2061 2061 2037 2037 2037 2061 2061 2061 2060 2060 2060 2038 2038 2038 2039 2039 2039 2062 2062 2062 2038 2038 2038 2062 2062 2062 2061 2061 2061 2039 2039 2039 2040 2040 2040 2063 2063 2063 2039 2039 2039 2063 2063 2063 2062 2062 2062 2040 2040 2040 2041 2041 2041 2064 2064 2064 2040 2040 2040 2064 2064 2064 2063 2063 2063 2041 2041 2041 2042 2042 2042 2065 2065 2065 2041 2041 2041 2065 2065 2065 2064 2064 2064 2042 2042 2042 2043 2043 2043 2066 2066 2066 2042 2042 2042 2066 2066 2066 2065 2065 2065 2043 2043 2043 2044 2044 2044 2067 2067 2067 2043 2043 2043 2067 2067 2067 2066 2066 2066 2044 2044 2044 2045 2045 2045 2068 2068 2068 2044 2044 2044 2068 2068 2068 2067 2067 2067 2045 2045 2045 2046 2046 2046 2069 2069 2069 2045 2045 2045 2069 2069 2069 2068 2068 2068 2046 2046 2046 2047 2047 2047 2070 2070 2070 2046 2046 2046 2070 2070 2070 2069 2069 2069 2047 2047 2047 2048 2048 2048 2071 2071 2071 2047 2047 2047 2071 2071 2071 2070 2070 2070 2048 2048 2048 2049 2049 2049 2072 2072 2072 2048 2048 2048 2072 2072 2072 2071 2071 2071 2049 2049 2049 2050 2050 2050 2073 2073 2073 2049 2049 2049 2073 2073 2073 2072 2072 2072 2050 2050 2050 2051 2051 2051 2074 2074 2074 2050 2050 2050 2074 2074 2074 2073 2073 2073 2051 2051 2051 2052 2052 2052 2075 2075 2075 2051 2051 2051 2075 2075 2075 2074 2074 2074 2052 2052 2052 2053 2053 2053 2076 2076 2076 2052 2052 2052 2076 2076 2076 2075 2075 2075 2053 2053 2053 2054 2054 2054 2077 2077 2077 2053 2053 2053 2077 2077 2077 2076 2076 2076 2055 2055 2055 2056 2056 2056 2079 2079 2079 2055 2055 2055 2079 2079 2079 2078 2078 2078 2056 2056 2056 2057 2057 2057 2080 2080 2080 2056 2056 2056 2080 2080 2080 2079 2079 2079 2057 2057 2057 2058 2058 2058 2081 2081 2081 2057 2057 2057 2081 2081 2081 2080 2080 2080 2058 2058 2058 2059 2059 2059 2082 2082 2082 2058 2058 2058 2082 2082 2082 2081 2081 2081 2059 2059 2059 2060 2060 2060 2083 2083 2083 2059 2059 2059 2083 2083 2083 2082 2082 2082 2060 2060 2060 2061 2061 2061 2084 2084 2084 2060 2060 2060 2084 2084 2084 2083 2083 2083 2061 2061 2061 2062 2062 2062 2085 2085 2085 2061 2061 2061 2085 2085 2085 2084 2084 2084 2062 2062 2062 2063 2063 2063 2086 2086 2086 2062 2062 2062 2086 2086 2086 2085 2085 2085 2063 2063 2063 2064 2064 2064 2087 2087 2087 2063 2063 2063 2087 2087 2087 2086 2086 2086 2064 2064 2064 2065 2065 2065 2088 2088 2088 2064 2064 2064 2088 2088 2088 2087 2087 2087 2065 2065 2065 2066 2066 2066 2089 2089 2089 2065 2065 2065 2089 2089 2089 2088 2088 2088 2066 2066 2066 2067 2067 2067 2090 2090 2090 2066 2066 2066 2090 2090 2090 2089 2089 2089 2067 2067 2067 2068 2068 2068 2091 2091 2091 2067 2067 2067 2091 2091 2091 2090 2090 2090 2068 2068 2068 2069 2069 2069 2092 2092 2092 2068 2068 2068 2092 2092 2092 2091 2091 2091 2069 2069 2069 2070 2070 2070 2093 2093 2093 2069 2069 2069 2093 2093 2093 2092 2092 2092 2070 2070 2070 2071 2071 2071 2094 2094 2094 2070 2070 2070 2094 2094 2094 2093 2093 2093 2071 2071 2071 2072 2072 2072 2095 2095 2095 2071 2071 2071 2095 2095 2095 2094 2094 2094 2072 2072 2072 2073 2073 2073 2096 2096 2096 2072 2072 2072 2096 2096 2096 2095 2095 2095 2073 2073 2073 2074 2074 2074 2097 2097 2097 2073 2073 2073 2097 2097 2097 2096 2096 2096 2074 2074 2074 2075 2075 2075 2098 2098 2098 2074 2074 2074 2098 2098 2098 2097 2097 2097 2075 2075 2075 2076 2076 2076 2099 2099 2099 2075 2075 2075 2099 2099 2099 2098 2098 2098 2076 2076 2076 2077 2077 2077 2100 2100 2100 2076 2076 2076 2100 2100 2100 2099 2099 2099 2078 2078 2078 2079 2079 2079 2102 2102 2102 2078 2078 2078 2102 2102 2102 2101 2101 2101 2079 2079 2079 2080 2080 2080 2103 2103 2103 2079 2079 2079 2103 2103 2103 2102 2102 2102 2080 2080 2080 2081 2081 2081 2104 2104 2104 2080 2080 2080 2104 2104 2104 2103 2103 2103 2081 2081 2081 2082 2082 2082 2105 2105 2105 2081 2081 2081 2105 2105 2105 2104 2104 2104 2082 2082 2082 2083 2083 2083 2106 2106 2106 2082 2082 2082 2106 2106 2106 2105 2105 2105 2083 2083 2083 2084 2084 2084 2107 2107 2107 2083 2083 2083 2107 2107 2107 2106 2106 2106 2084 2084 2084 2085 2085 2085 2108 2108 2108 2084 2084 2084 2108 2108 2108 2107 2107 2107 2085 2085 2085 2086 2086 2086 2109 2109 2109 2085 2085 2085 2109 2109 2109 2108 2108 2108 2086 2086 2086 2087 2087 2087 2110 2110 2110 2086 2086 2086 2110 2110 2110 2109 2109 2109 2087 2087 2087 2088 2088 2088 2111 2111 2111 2087 2087 2087 2111 2111 2111 2110 2110 2110 2088 2088 2088 2089 2089 2089 2112 2112 2112 2088 2088 2088 2112 2112 2112 2111 2111 2111 2089 2089 2089 2090 2090 2090 2113 2113 2113 2089 2089 2089 2113 2113 2113 2112 2112 2112 2090 2090 2090 2091 2091 2091 2114 2114 2114 2090 2090 2090 2114 2114 2114 2113 2113 2113 2091 2091 2091 2092 2092 2092 2115 2115 2115 2091 2091 2091 2115 2115 2115 2114 2114 2114 2092 2092 2092 2093 2093 2093 2116 2116 2116 2092 2092 2092 2116 2116 2116 2115 2115 2115 2093 2093 2093 2094 2094 2094 2117 2117 2117 2093 2093 2093 2117 2117 2117 2116 2116 2116 2094 2094 2094 2095 2095 2095 2118 2118 2118 2094 2094 2094 2118 2118 2118 2117 2117 2117 2095 2095 2095 2096 2096 2096 2119 2119 2119 2095 2095 2095 2119 2119 2119 2118 2118 2118 2096 2096 2096 2097 2097 2097 2120 2120 2120 2096 2096 2096 2120 2120 2120 2119 2119 2119 2097 2097 2097 2098 2098 2098 2121 2121 2121 2097 2097 2097 2121 2121 2121 2120 2120 2120 2098 2098 2098 2099 2099 2099 2122 2122 2122 2098 2098 2098 2122 2122 2122 2121 2121 2121 2099 2099 2099 2100 2100 2100 2123 2123 2123 2099 2099 2099 2123 2123 2123 2122 2122 2122 2101 2101 2101 2102 2102 2102 2125 2125 2125 2101 2101 2101 2125 2125 2125 2124 2124 2124 2102 2102 2102 2103 2103 2103 2126 2126 2126 2102 2102 2102 2126 2126 2126 2125 2125 2125 2103 2103 2103 2104 2104 2104 2127 2127 2127 2103 2103 2103 2127 2127 2127 2126 2126 2126 2104 2104 2104 2105 2105 2105 2128 2128 2128 2104 2104 2104 2128 2128 2128 2127 2127 2127 2105 2105 2105 2106 2106 2106 2129 2129 2129 2105 2105 2105 2129 2129 2129 2128 2128 2128 2106 2106 2106 2107 2107 2107 2130 2130 2130 2106 2106 2106 2130 2130 2130 2129 2129 2129 2107 2107 2107 2108 2108 2108 2131 2131 2131 2107 2107 2107 2131 2131 2131 2130 2130 2130 2108 2108 2108 2109 2109 2109 2132 2132 2132 2108 2108 2108 2132 2132 2132 2131 2131 2131 2109 2109 2109 2110 2110 2110 2133 2133 2133 2109 2109 2109 2133 2133 2133 2132 2132 2132 2110 2110 2110 2111 2111 2111 2134 2134 2134 2110 2110 2110 2134 2134 2134 2133 2133 2133 2111 2111 2111 2112 2112 2112 2135 2135 2135 2111 2111 2111 2135 2135 2135 2134 2134 2134 2112 2112 2112 2113 2113 2113 2136 2136 2136 2112 2112 2112 2136 2136 2136 2135 2135 2135 2113 2113 2113 2114 2114 2114 2137 2137 2137 2113 2113 2113 2137 2137 2137 2136 2136 2136 2114 2114 2114 2115 2115 2115 2138 2138 2138 2114 2114 2114 2138 2138 2138 2137 2137 2137 2115 2115 2115 2116 2116 2116 2139 2139 2139 2115 2115 2115 2139 2139 2139 2138 2138 2138 2116 2116 2116 2117 2117 2117 2140 2140 2140 2116 2116 2116 2140 2140 2140 2139 2139 2139 2117 2117 2117 2118 2118 2118 2141 2141 2141 2117 2117 2117 2141 2141 2141 2140 2140 2140 2118 2118 2118 2119 2119 2119 2142 2142 2142 2118 2118 2118 2142 2142 2142 2141 2141 2141 2119 2119 2119 2120 2120 2120 2143 2143 2143 2119 2119 2119 2143 2143 2143 2142 2142 2142 2120 2120 2120 2121 2121 2121 2144 2144 2144 2120 2120 2120 2144 2144 2144 2143 2143 2143 2121 2121 2121 2122 2122 2122 2145 2145 2145 2121 2121 2121 2145 2145 2145 2144 2144 2144 2122 2122 2122 2123 2123 2123 2146 2146 2146 2122 2122 2122 2146 2146 2146 2145 2145 2145 2124 2124 2124 2125 2125 2125 2148 2148 2148 2124 2124 2124 2148 2148 2148 2147 2147 2147 2125 2125 2125 2126 2126 2126 2149 2149 2149 2125 2125 2125 2149 2149 2149 2148 2148 2148 2126 2126 2126 2127 2127 2127 2150 2150 2150 2126 2126 2126 2150 2150 2150 2149 2149 2149 2127 2127 2127 2128 2128 2128 2151 2151 2151 2127 2127 2127 2151 2151 2151 2150 2150 2150 2128 2128 2128 2129 2129 2129 2152 2152 2152 2128 2128 2128 2152 2152 2152 2151 2151 2151 2129 2129 2129 2130 2130 2130 2153 2153 2153 2129 2129 2129 2153 2153 2153 2152 2152 2152 2130 2130 2130 2131 2131 2131 2154 2154 2154 2130 2130 2130 2154 2154 2154 2153 2153 2153 2131 2131 2131 2132 2132 2132 2155 2155 2155 2131 2131 2131 2155 2155 2155 2154 2154 2154 2132 2132 2132 2133 2133 2133 2156 2156 2156 2132 2132 2132 2156 2156 2156 2155 2155 2155 2133 2133 2133 2134 2134 2134 2157 2157 2157 2133 2133 2133 2157 2157 2157 2156 2156 2156 2134 2134 2134 2135 2135 2135 2158 2158 2158 2134 2134 2134 2158 2158 2158 2157 2157 2157 2135 2135 2135 2136 2136 2136 2159 2159 2159 2135 2135 2135 2159 2159 2159 2158 2158 2158 2136 2136 2136 2137 2137 2137 2160 2160 2160 2136 2136 2136 2160 2160 2160 2159 2159 2159 2137 2137 2137 2138 2138 2138 2161 2161 2161 2137 2137 2137 2161 2161 2161 2160 2160 2160 2138 2138 2138 2139 2139 2139 2162 2162 2162 2138 2138 2138 2162 2162 2162 2161 2161 2161 2139 2139 2139 2140 2140 2140 2163 2163 2163 2139 2139 2139 2163 2163 2163 2162 2162 2162 2140 2140 2140 2141 2141 2141 2164 2164 2164 2140 2140 2140 2164 2164 2164 2163 2163 2163 2141 2141 2141 2142 2142 2142 2165 2165 2165 2141 2141 2141 2165 2165 2165 2164 2164 2164 2142 2142 2142 2143 2143 2143 2166 2166 2166 2142 2142 2142 2166 2166 2166 2165 2165 2165 2143 2143 2143 2144 2144 2144 2167 2167 2167 2143 2143 2143 2167 2167 2167 2166 2166 2166 2144 2144 2144 2145 2145 2145 2168 2168 2168 2144 2144 2144 2168 2168 2168 2167 2167 2167 2145 2145 2145 2146 2146 2146 2169 2169 2169 2145 2145 2145 2169 2169 2169 2168 2168 2168 2147 2147 2147 2148 2148 2148 2171 2171 2171 2147 2147 2147 2171 2171 2171 2170 2170 2170 2148 2148 2148 2149 2149 2149 2172 2172 2172 2148 2148 2148 2172 2172 2172 2171 2171 2171 2149 2149 2149 2150 2150 2150 2173 2173 2173 2149 2149 2149 2173 2173 2173 2172 2172 2172 2150 2150 2150 2151 2151 2151 2174 2174 2174 2150 2150 2150 2174 2174 2174 2173 2173 2173 2151 2151 2151 2152 2152 2152 2175 2175 2175 2151 2151 2151 2175 2175 2175 2174 2174 2174 2152 2152 2152 2153 2153 2153 2176 2176 2176 2152 2152 2152 2176 2176 2176 2175 2175 2175 2153 2153 2153 2154 2154 2154 2177 2177 2177 2153 2153 2153 2177 2177 2177 2176 2176 2176 2154 2154 2154 2155 2155 2155 2178 2178 2178 2154 2154 2154 2178 2178 2178 2177 2177 2177 2155 2155 2155 2156 2156 2156 2179 2179 2179 2155 2155 2155 2179 2179 2179 2178 2178 2178 2156 2156 2156 2157 2157 2157 2180 2180 2180 2156 2156 2156 2180 2180 2180 2179 2179 2179 2157 2157 2157 2158 2158 2158 2181 2181 2181 2157 2157 2157 2181 2181 2181 2180 2180 2180 2158 2158 2158 2159 2159 2159 2182 2182 2182 2158 2158 2158 2182 2182 2182 2181 2181 2181 2159 2159 2159 2160 2160 2160 2183 2183 2183 2159 2159 2159 2183 2183 2183 2182 2182 2182 2160 2160 2160 2161 2161 2161 2184 2184 2184 2160 2160 2160 2184 2184 2184 2183 2183 2183 2161 2161 2161 2162 2162 2162 2185 2185 2185 2161 2161 2161 2185 2185 2185 2184 2184 2184 2162 2162 2162 2163 2163 2163 2186 2186 2186 2162 2162 2162 2186 2186 2186 2185 2185 2185 2163 2163 2163 2164 2164 2164 2187 2187 2187 2163 2163 2163 2187 2187 2187 2186 2186 2186 2164 2164 2164 2165 2165 2165 2188 2188 2188 2164 2164 2164 2188 2188 2188 2187 2187 2187 2165 2165 2165 2166 2166 2166 2189 2189 2189 2165 2165 2165 2189 2189 2189 2188 2188 2188 2166 2166 2166 2167 2167 2167 2190 2190 2190 2166 2166 2166 2190 2190 2190 2189 2189 2189 2167 2167 2167 2168 2168 2168 2191 2191 2191 2167 2167 2167 2191 2191 2191 2190 2190 2190 2168 2168 2168 2169 2169 2169 2192 2192 2192 2168 2168 2168 2192 2192 2192 2191 2191 2191 2170 2170 2170 2171 2171 2171 2194 2194 2194 2170 2170 2170 2194 2194 2194 2193 2193 2193 2171 2171 2171 2172 2172 2172 2195 2195 2195 2171 2171 2171 2195 2195 2195 2194 2194 2194 2172 2172 2172 2173 2173 2173 2196 2196 2196 2172 2172 2172 2196 2196 2196 2195 2195 2195 2173 2173 2173 2174 2174 2174 2197 2197 2197 2173 2173 2173 2197 2197 2197 2196 2196 2196 2174 2174 2174 2175 2175 2175 2198 2198 2198 2174 2174 2174 2198 2198 2198 2197 2197 2197 2175 2175 2175 2176 2176 2176 2199 2199 2199 2175 2175 2175 2199 2199 2199 2198 2198 2198 2176 2176 2176 2177 2177 2177 2200 2200 2200 2176 2176 2176 2200 2200 2200 2199 2199 2199 2177 2177 2177 2178 2178 2178 2201 2201 2201 2177 2177 2177 2201 2201 2201 2200 2200 2200 2178 2178 2178 2179 2179 2179 2202 2202 2202 2178 2178 2178 2202 2202 2202 2201 2201 2201 2179 2179 2179 2180 2180 2180 2203 2203 2203 2179 2179 2179 2203 2203 2203 2202 2202 2202 2180 2180 2180 2181 2181 2181 2204 2204 2204 2180 2180 2180 2204 2204 2204 2203 2203 2203 2181 2181 2181 2182 2182 2182 2205 2205 2205 2181 2181 2181 2205 2205 2205 2204 2204 2204 2182 2182 2182 2183 2183 2183 2206 2206 2206 2182 2182 2182 2206 2206 2206 2205 2205 2205 2183 2183 2183 2184 2184 2184 2207 2207 2207 2183 2183 2183 2207 2207 2207 2206 2206 2206 2184 2184 2184 2185 2185 2185 2208 2208 2208 2184 2184 2184 2208 2208 2208 2207 2207 2207 2185 2185 2185 2186 2186 2186 2209 2209 2209 2185 2185 2185 2209 2209 2209 2208 2208 2208 2186 2186 2186 2187 2187 2187 2210 2210 2210 2186 2186 2186 2210 2210 2210 2209 2209 2209 2187 2187 2187 2188 2188 2188 2211 2211 2211 2187 2187 2187 2211 2211 2211 2210 2210 2210 2188 2188 2188 2189 2189 2189 2212 2212 2212 2188 2188 2188 2212 2212 2212 2211 2211 2211 2189 2189 2189 2190 2190 2190 2213 2213 2213 2189 2189 2189 2213 2213 2213 2212 2212 2212 2190 2190 2190 2191 2191 2191 2214 2214 2214 2190 2190 2190 2214 2214 2214 2213 2213 2213 2191 2191 2191 2192 2192 2192 2215 2215 2215 2191 2191 2191 2215 2215 2215 2214 2214 2214 2193 2193 2193 2194 2194 2194 2217 2217 2217 2193 2193 2193 2217 2217 2217 2216 2216 2216 2194 2194 2194 2195 2195 2195 2218 2218 2218 2194 2194 2194 2218 2218 2218 2217 2217 2217 2195 2195 2195 2196 2196 2196 2219 2219 2219 2195 2195 2195 2219 2219 2219 2218 2218 2218 2196 2196 2196 2197 2197 2197 2220 2220 2220 2196 2196 2196 2220 2220 2220 2219 2219 2219 2197 2197 2197 2198 2198 2198 2221 2221 2221 2197 2197 2197 2221 2221 2221 2220 2220 2220 2198 2198 2198 2199 2199 2199 2222 2222 2222 2198 2198 2198 2222 2222 2222 2221 2221 2221 2199 2199 2199 2200 2200 2200 2223 2223 2223 2199 2199 2199 2223 2223 2223 2222 2222 2222 2200 2200 2200 2201 2201 2201 2224 2224 2224 2200 2200 2200 2224 2224 2224 2223 2223 2223 2201 2201 2201 2202 2202 2202 2225 2225 2225 2201 2201 2201 2225 2225 2225 2224 2224 2224 2202 2202 2202 2203 2203 2203 2226 2226 2226 2202 2202 2202 2226 2226 2226 2225 2225 2225 2203 2203 2203 2204 2204 2204 2227 2227 2227 2203 2203 2203 2227 2227 2227 2226 2226 2226 2204 2204 2204 2205 2205 2205 2228 2228 2228 2204 2204 2204 2228 2228 2228 2227 2227 2227 2205 2205 2205 2206 2206 2206 2229 2229 2229 2205 2205 2205 2229 2229 2229 2228 2228 2228 2206 2206 2206 2207 2207 2207 2230 2230 2230 2206 2206 2206 2230 2230 2230 2229 2229 2229 2207 2207 2207 2208 2208 2208 2231 2231 2231 2207 2207 2207 2231 2231 2231 2230 2230 2230 2208 2208 2208 2209 2209 2209 2232 2232 2232 2208 2208 2208 2232 2232 2232 2231 2231 2231 2209 2209 2209 2210 2210 2210 2233 2233 2233 2209 2209 2209 2233 2233 2233 2232 2232 2232 2210 2210 2210 2211 2211 2211 2234 2234 2234 2210 2210 2210 2234 2234 2234 2233 2233 2233 2211 2211 2211 2212 2212 2212 2235 2235 2235 2211 2211 2211 2235 2235 2235 2234 2234 2234 2212 2212 2212 2213 2213 2213 2236 2236 2236 2212 2212 2212 2236 2236 2236 2235 2235 2235 2213 2213 2213 2214 2214 2214 2237 2237 2237 2213 2213 2213 2237 2237 2237 2236 2236 2236 2214 2214 2214 2215 2215 2215 2238 2238 2238 2214 2214 2214 2238 2238 2238 2237 2237 2237 2216 2216 2216 2217 2217 2217 2240 2240 2240 2216 2216 2216 2240 2240 2240 2239 2239 2239 2217 2217 2217 2218 2218 2218 2241 2241 2241 2217 2217 2217 2241 2241 2241 2240 2240 2240 2218 2218 2218 2219 2219 2219 2242 2242 2242 2218 2218 2218 2242 2242 2242 2241 2241 2241 2219 2219 2219 2220 2220 2220 2243 2243 2243 2219 2219 2219 2243 2243 2243 2242 2242 2242 2220 2220 2220 2221 2221 2221 2244 2244 2244 2220 2220 2220 2244 2244 2244 2243 2243 2243 2221 2221 2221 2222 2222 2222 2245 2245 2245 2221 2221 2221 2245 2245 2245 2244 2244 2244 2222 2222 2222 2223 2223 2223 2246 2246 2246 2222 2222 2222 2246 2246 2246 2245 2245 2245 2223 2223 2223 2224 2224 2224 2247 2247 2247 2223 2223 2223 2247 2247 2247 2246 2246 2246 2224 2224 2224 2225 2225 2225 2248 2248 2248 2224 2224 2224 2248 2248 2248 2247 2247 2247 2225 2225 2225 2226 2226 2226 2249 2249 2249 2225 2225 2225 2249 2249 2249 2248 2248 2248 2226 2226 2226 2227 2227 2227 2250 2250 2250 2226 2226 2226 2250 2250 2250 2249 2249 2249 2227 2227 2227 2228 2228 2228 2251 2251 2251 2227 2227 2227 2251 2251 2251 2250 2250 2250 2228 2228 2228 2229 2229 2229 2252 2252 2252 2228 2228 2228 2252 2252 2252 2251 2251 2251 2229 2229 2229 2230 2230 2230 2253 2253 2253 2229 2229 2229 2253 2253 2253 2252 2252 2252 2230 2230 2230 2231 2231 2231 2254 2254 2254 2230 2230 2230 2254 2254 2254 2253 2253 2253 2231 2231 2231 2232 2232 2232 2255 2255 2255 2231 2231 2231 2255 2255 2255 2254 2254 2254 2232 2232 2232 2233 2233 2233 2256 2256 2256 2232 2232 2232 2256 2256 2256 2255 2255 2255 2233 2233 2233 2234 2234 2234 2257 2257 2257 2233 2233 2233 2257 2257 2257 2256 2256 2256 2234 2234 2234 2235 2235 2235 2258 2258 2258 2234 2234 2234 2258 2258 2258 2257 2257 2257 2235 2235 2235 2236 2236 2236 2259 2259 2259 2235 2235 2235 2259 2259 2259 2258 2258 2258 2236 2236 2236 2237 2237 2237 2260 2260 2260 2236 2236 2236 2260 2260 2260 2259 2259 2259 2237 2237 2237 2238 2238 2238 2261 2261 2261 2237 2237 2237 2261 2261 2261 2260 2260 2260 2239 2239 2239 2240 2240 2240 2263 2263 2263 2239 2239 2239 2263 2263 2263 2262 2262 2262 2240 2240 2240 2241 2241 2241 2264 2264 2264 2240 2240 2240 2264 2264 2264 2263 2263 2263 2241 2241 2241 2242 2242 2242 2265 2265 2265 2241 2241 2241 2265 2265 2265 2264 2264 2264 2242 2242 2242 2243 2243 2243 2266 2266 2266 2242 2242 2242 2266 2266 2266 2265 2265 2265 2243 2243 2243 2244 2244 2244 2267 2267 2267 2243 2243 2243 2267 2267 2267 2266 2266 2266 2244 2244 2244 2245 2245 2245 2268 2268 2268 2244 2244 2244 2268 2268 2268 2267 2267 2267 2245 2245 2245 2246 2246 2246 2269 2269 2269 2245 2245 2245 2269 2269 2269 2268 2268 2268 2246 2246 2246 2247 2247 2247 2270 2270 2270 2246 2246 2246 2270 2270 2270 2269 2269 2269 2247 2247 2247 2248 2248 2248 2271 2271 2271 2247 2247 2247 2271 2271 2271 2270 2270 2270 2248 2248 2248 2249 2249 2249 2272 2272 2272 2248 2248 2248 2272 2272 2272 2271 2271 2271 2249 2249 2249 2250 2250 2250 2273 2273 2273 2249 2249 2249 2273 2273 2273 2272 2272 2272 2250 2250 2250 2251 2251 2251 2274 2274 2274 2250 2250 2250 2274 2274 2274 2273 2273 2273 2251 2251 2251 2252 2252 2252 2275 2275 2275 2251 2251 2251 2275 2275 2275 2274 2274 2274 2252 2252 2252 2253 2253 2253 2276 2276 2276 2252 2252 2252 2276 2276 2276 2275 2275 2275 2253 2253 2253 2254 2254 2254 2277 2277 2277 2253 2253 2253 2277 2277 2277 2276 2276 2276 2254 2254 2254 2255 2255 2255 2278 2278 2278 2254 2254 2254 2278 2278 2278 2277 2277 2277 2255 2255 2255 2256 2256 2256 2279 2279 2279 2255 2255 2255 2279 2279 2279 2278 2278 2278 2256 2256 2256 2257 2257 2257 2280 2280 2280 2256 2256 2256 2280 2280 2280 2279 2279 2279 2257 2257 2257 2258 2258 2258 2281 2281 2281 2257 2257 2257 2281 2281 2281 2280 2280 2280 2258 2258 2258 2259 2259 2259 2282 2282 2282 2258 2258 2258 2282 2282 2282 2281 2281 2281 2259 2259 2259 2260 2260 2260 2283 2283 2283 2259 2259 2259 2283 2283 2283 2282 2282 2282 2260 2260 2260 2261 2261 2261 2284 2284 2284 2260 2260 2260 2284 2284 2284 2283 2283 2283 2262 2262 2262 2263 2263 2263 2286 2286 2286 2262 2262 2262 2286 2286 2286 2285 2285 2285 2263 2263 2263 2264 2264 2264 2287 2287 2287 2263 2263 2263 2287 2287 2287 2286 2286 2286 2264 2264 2264 2265 2265 2265 2288 2288 2288 2264 2264 2264 2288 2288 2288 2287 2287 2287 2265 2265 2265 2266 2266 2266 2289 2289 2289 2265 2265 2265 2289 2289 2289 2288 2288 2288 2266 2266 2266 2267 2267 2267 2290 2290 2290 2266 2266 2266 2290 2290 2290 2289 2289 2289 2267 2267 2267 2268 2268 2268 2291 2291 2291 2267 2267 2267 2291 2291 2291 2290 2290 2290 2268 2268 2268 2269 2269 2269 2292 2292 2292 2268 2268 2268 2292 2292 2292 2291 2291 2291 2269 2269 2269 2270 2270 2270 2293 2293 2293 2269 2269 2269 2293 2293 2293 2292 2292 2292 2270 2270 2270 2271 2271 2271 2294 2294 2294 2270 2270 2270 2294 2294 2294 2293 2293 2293 2271 2271 2271 2272 2272 2272 2295 2295 2295 2271 2271 2271 2295 2295 2295 2294 2294 2294 2272 2272 2272 2273 2273 2273 2296 2296 2296 2272 2272 2272 2296 2296 2296 2295 2295 2295 2273 2273 2273 2274 2274 2274 2297 2297 2297 2273 2273 2273 2297 2297 2297 2296 2296 2296 2274 2274 2274 2275 2275 2275 2298 2298 2298 2274 2274 2274 2298 2298 2298 2297 2297 2297 2275 2275 2275 2276 2276 2276 2299 2299 2299 2275 2275 2275 2299 2299 2299 2298 2298 2298 2276 2276 2276 2277 2277 2277 2300 2300 2300 2276 2276 2276 2300 2300 2300 2299 2299 2299 2277 2277 2277 2278 2278 2278 2301 2301 2301 2277 2277 2277 2301 2301 2301 2300 2300 2300 2278 2278 2278 2279 2279 2279 2302 2302 2302 2278 2278 2278 2302 2302 2302 2301 2301 2301 2279 2279 2279 2280 2280 2280 2303 2303 2303 2279 2279 2279 2303 2303 2303 2302 2302 2302 2280 2280 2280 2281 2281 2281 2304 2304 2304 2280 2280 2280 2304 2304 2304 2303 2303 2303 2281 2281 2281 2282 2282 2282 2305 2305 2305 2281 2281 2281 2305 2305 2305 2304 2304 2304 2282 2282 2282 2283 2283 2283 2306 2306 2306 2282 2282 2282 2306 2306 2306 2305 2305 2305 2283 2283 2283 2284 2284 2284 2307 2307 2307 2283 2283 2283 2307 2307 2307 2306 2306 2306 2285 2285 2285 2286 2286 2286 2309 2309 2309 2285 2285 2285 2309 2309 2309 2308 2308 2308 2286 2286 2286 2287 2287 2287 2310 2310 2310 2286 2286 2286 2310 2310 2310 2309 2309 2309 2287 2287 2287 2288 2288 2288 2311 2311 2311 2287 2287 2287 2311 2311 2311 2310 2310 2310 2288 2288 2288 2289 2289 2289 2312 2312 2312 2288 2288 2288 2312 2312 2312 2311 2311 2311 2289 2289 2289 2290 2290 2290 2313 2313 2313 2289 2289 2289 2313 2313 2313 2312 2312 2312 2290 2290 2290 2291 2291 2291 2314 2314 2314 2290 2290 2290 2314 2314 2314 2313 2313 2313 2291 2291 2291 2292 2292 2292 2315 2315 2315 2291 2291 2291 2315 2315 2315 2314 2314 2314 2292 2292 2292 2293 2293 2293 2316 2316 2316 2292 2292 2292 2316 2316 2316 2315 2315 2315 2293 2293 2293 2294 2294 2294 2317 2317 2317 2293 2293 2293 2317 2317 2317 2316 2316 2316 2294 2294 2294 2295 2295 2295 2318 2318 2318 2294 2294 2294 2318 2318 2318 2317 2317 2317 2295 2295 2295 2296 2296 2296 2319 2319 2319 2295 2295 2295 2319 2319 2319 2318 2318 2318 2296 2296 2296 2297 2297 2297 2320 2320 2320 2296 2296 2296 2320 2320 2320 2319 2319 2319 2297 2297 2297 2298 2298 2298 2321 2321 2321 2297 2297 2297 2321 2321 2321 2320 2320 2320 2298 2298 2298 2299 2299 2299 2322 2322 2322 2298 2298 2298 2322 2322 2322 2321 2321 2321 2299 2299 2299 2300 2300 2300 2323 2323 2323 2299 2299 2299 2323 2323 2323 2322 2322 2322 2300 2300 2300 2301 2301 2301 2324 2324 2324 2300 2300 2300 2324 2324 2324 2323 2323 2323 2301 2301 2301 2302 2302 2302 2325 2325 2325 2301 2301 2301 2325 2325 2325 2324 2324 2324 2302 2302 2302 2303 2303 2303 2326 2326 2326 2302 2302 2302 2326 2326 2326 2325 2325 2325 2303 2303 2303 2304 2304 2304 2327 2327 2327 2303 2303 2303 2327 2327 2327 2326 2326 2326 2304 2304 2304 2305 2305 2305 2328 2328 2328 2304 2304 2304 2328 2328 2328 2327 2327 2327 2305 2305 2305 2306 2306 2306 2329 2329 2329 2305 2305 2305 2329 2329 2329 2328 2328 2328 2306 2306 2306 2307 2307 2307 2330 2330 2330 2306 2306 2306 2330 2330 2330 2329 2329 2329 2308 2308 2308 2309 2309 2309 2332 2332 2332 2308 2308 2308 2332 2332 2332 2331 2331 2331 2309 2309 2309 2310 2310 2310 2333 2333 2333 2309 2309 2309 2333 2333 2333 2332 2332 2332 2310 2310 2310 2311 2311 2311 2334 2334 2334 2310 2310 2310 2334 2334 2334 2333 2333 2333 2311 2311 2311 2312 2312 2312 2335 2335 2335 2311 2311 2311 2335 2335 2335 2334 2334 2334 2312 2312 2312 2313 2313 2313 2336 2336 2336 2312 2312 2312 2336 2336 2336 2335 2335 2335 2313 2313 2313 2314 2314 2314 2337 2337 2337 2313 2313 2313 2337 2337 2337 2336 2336 2336 2314 2314 2314 2315 2315 2315 2338 2338 2338 2314 2314 2314 2338 2338 2338 2337 2337 2337 2315 2315 2315 2316 2316 2316 2339 2339 2339 2315 2315 2315 2339 2339 2339 2338 2338 2338 2316 2316 2316 2317 2317 2317 2340 2340 2340 2316 2316 2316 2340 2340 2340 2339 2339 2339 2317 2317 2317 2318 2318 2318 2341 2341 2341 2317 2317 2317 2341 2341 2341 2340 2340 2340 2318 2318 2318 2319 2319 2319 2342 2342 2342 2318 2318 2318 2342 2342 2342 2341 2341 2341 2319 2319 2319 2320 2320 2320 2343 2343 2343 2319 2319 2319 2343 2343 2343 2342 2342 2342 2320 2320 2320 2321 2321 2321 2344 2344 2344 2320 2320 2320 2344 2344 2344 2343 2343 2343 2321 2321 2321 2322 2322 2322 2345 2345 2345 2321 2321 2321 2345 2345 2345 2344 2344 2344 2322 2322 2322 2323 2323 2323 2346 2346 2346 2322 2322 2322 2346 2346 2346 2345 2345 2345 2323 2323 2323 2324 2324 2324 2347 2347 2347 2323 2323 2323 2347 2347 2347 2346 2346 2346 2324 2324 2324 2325 2325 2325 2348 2348 2348 2324 2324 2324 2348 2348 2348 2347 2347 2347 2325 2325 2325 2326 2326 2326 2349 2349 2349 2325 2325 2325 2349 2349 2349 2348 2348 2348 2326 2326 2326 2327 2327 2327 2350 2350 2350 2326 2326 2326 2350 2350 2350 2349 2349 2349 2327 2327 2327 2328 2328 2328 2351 2351 2351 2327 2327 2327 2351 2351 2351 2350 2350 2350 2328 2328 2328 2329 2329 2329 2352 2352 2352 2328 2328 2328 2352 2352 2352 2351 2351 2351 2329 2329 2329 2330 2330 2330 2353 2353 2353 2329 2329 2329 2353 2353 2353 2352 2352 2352 2331 2331 2331 2332 2332 2332 2355 2355 2355 2331 2331 2331 2355 2355 2355 2354 2354 2354 2332 2332 2332 2333 2333 2333 2356 2356 2356 2332 2332 2332 2356 2356 2356 2355 2355 2355 2333 2333 2333 2334 2334 2334 2357 2357 2357 2333 2333 2333 2357 2357 2357 2356 2356 2356 2334 2334 2334 2335 2335 2335 2358 2358 2358 2334 2334 2334 2358 2358 2358 2357 2357 2357 2335 2335 2335 2336 2336 2336 2359 2359 2359 2335 2335 2335 2359 2359 2359 2358 2358 2358 2336 2336 2336 2337 2337 2337 2360 2360 2360 2336 2336 2336 2360 2360 2360 2359 2359 2359 2337 2337 2337 2338 2338 2338 2361 2361 2361 2337 2337 2337 2361 2361 2361 2360 2360 2360 2338 2338 2338 2339 2339 2339 2362 2362 2362 2338 2338 2338 2362 2362 2362 2361 2361 2361 2339 2339 2339 2340 2340 2340 2363 2363 2363 2339 2339 2339 2363 2363 2363 2362 2362 2362 2340 2340 2340 2341 2341 2341 2364 2364 2364 2340 2340 2340 2364 2364 2364 2363 2363 2363 2341 2341 2341 2342 2342 2342 2365 2365 2365 2341 2341 2341 2365 2365 2365 2364 2364 2364 2342 2342 2342 2343 2343 2343 2366 2366 2366 2342 2342 2342 2366 2366 2366 2365 2365 2365 2343 2343 2343 2344 2344 2344 2367 2367 2367 2343 2343 2343 2367 2367 2367 2366 2366 2366 2344 2344 2344 2345 2345 2345 2368 2368 2368 2344 2344 2344 2368 2368 2368 2367 2367 2367 2345 2345 2345 2346 2346 2346 2369 2369 2369 2345 2345 2345 2369 2369 2369 2368 2368 2368 2346 2346 2346 2347 2347 2347 2370 2370 2370 2346 2346 2346 2370 2370 2370 2369 2369 2369 2347 2347 2347 2348 2348 2348 2371 2371 2371 2347 2347 2347 2371 2371 2371 2370 2370 2370 2348 2348 2348 2349 2349 2349 2372 2372 2372 2348 2348 2348 2372 2372 2372 2371 2371 2371 2349 2349 2349 2350 2350 2350 2373 2373 2373 2349 2349 2349 2373 2373 2373 2372 2372 2372 2350 2350 2350 2351 2351 2351 2374 2374 2374 2350 2350 2350 2374 2374 2374 2373 2373 2373 2351 2351 2351 2352 2352 2352 2375 2375 2375 2351 2351 2351 2375 2375 2375 2374 2374 2374 2352 2352 2352 2353 2353 2353 2376 2376 2376 2352 2352 2352 2376 2376 2376 2375 2375 2375 2354 2354 2354 2355 2355 2355 2378 2378 2378 2354 2354 2354 2378 2378 2378 2377 2377 2377 2355 2355 2355 2356 2356 2356 2379 2379 2379 2355 2355 2355 2379 2379 2379 2378 2378 2378 2356 2356 2356 2357 2357 2357 2380 2380 2380 2356 2356 2356 2380 2380 2380 2379 2379 2379 2357 2357 2357 2358 2358 2358 2381 2381 2381 2357 2357 2357 2381 2381 2381 2380 2380 2380 2358 2358 2358 2359 2359 2359 2382 2382 2382 2358 2358 2358 2382 2382 2382 2381 2381 2381 2359 2359 2359 2360 2360 2360 2383 2383 2383 2359 2359 2359 2383 2383 2383 2382 2382 2382 2360 2360 2360 2361 2361 2361 2384 2384 2384 2360 2360 2360 2384 2384 2384 2383 2383 2383 2361 2361 2361 2362 2362 2362 2385 2385 2385 2361 2361 2361 2385 2385 2385 2384 2384 2384 2362 2362 2362 2363 2363 2363 2386 2386 2386 2362 2362 2362 2386 2386 2386 2385 2385 2385 2363 2363 2363 2364 2364 2364 2387 2387 2387 2363 2363 2363 2387 2387 2387 2386 2386 2386 2364 2364 2364 2365 2365 2365 2388 2388 2388 2364 2364 2364 2388 2388 2388 2387 2387 2387 2365 2365 2365 2366 2366 2366 2389 2389 2389 2365 2365 2365 2389 2389 2389 2388 2388 2388 2366 2366 2366 2367 2367 2367 2390 2390 2390 2366 2366 2366 2390 2390 2390 2389 2389 2389 2367 2367 2367 2368 2368 2368 2391 2391 2391 2367 2367 2367 2391 2391 2391 2390 2390 2390 2368 2368 2368 2369 2369 2369 2392 2392 2392 2368 2368 2368 2392 2392 2392 2391 2391 2391 2369 2369 2369 2370 2370 2370 2393 2393 2393 2369 2369 2369 2393 2393 2393 2392 2392 2392 2370 2370 2370 2371 2371 2371 2394 2394 2394 2370 2370 2370 2394 2394 2394 2393 2393 2393 2371 2371 2371 2372 2372 2372 2395 2395 2395 2371 2371 2371 2395 2395 2395 2394 2394 2394 2372 2372 2372 2373 2373 2373 2396 2396 2396 2372 2372 2372 2396 2396 2396 2395 2395 2395 2373 2373 2373 2374 2374 2374 2397 2397 2397 2373 2373 2373 2397 2397 2397 2396 2396 2396 2374 2374 2374 2375 2375 2375 2398 2398 2398 2374 2374 2374 2398 2398 2398 2397 2397 2397 2375 2375 2375 2376 2376 2376 2399 2399 2399 2375 2375 2375 2399 2399 2399 2398 2398 2398 2377 2377 2377 2378 2378 2378 2401 2401 2401 2377 2377 2377 2401 2401 2401 2400 2400 2400 2378 2378 2378 2379 2379 2379 2402 2402 2402 2378 2378 2378 2402 2402 2402 2401 2401 2401 2379 2379 2379 2380 2380 2380 2403 2403 2403 2379 2379 2379 2403 2403 2403 2402 2402 2402 2380 2380 2380 2381 2381 2381 2404 2404 2404 2380 2380 2380 2404 2404 2404 2403 2403 2403 2381 2381 2381 2382 2382 2382 2405 2405 2405 2381 2381 2381 2405 2405 2405 2404 2404 2404 2382 2382 2382 2383 2383 2383 2406 2406 2406 2382 2382 2382 2406 2406 2406 2405 2405 2405 2383 2383 2383 2384 2384 2384 2407 2407 2407 2383 2383 2383 2407 2407 2407 2406 2406 2406 2384 2384 2384 2385 2385 2385 2408 2408 2408 2384 2384 2384 2408 2408 2408 2407 2407 2407 2385 2385 2385 2386 2386 2386 2409 2409 2409 2385 2385 2385 2409 2409 2409 2408 2408 2408 2386 2386 2386 2387 2387 2387 2410 2410 2410 2386 2386 2386 2410 2410 2410 2409 2409 2409 2387 2387 2387 2388 2388 2388 2411 2411 2411 2387 2387 2387 2411 2411 2411 2410 2410 2410 2388 2388 2388 2389 2389 2389 2412 2412 2412 2388 2388 2388 2412 2412 2412 2411 2411 2411 2389 2389 2389 2390 2390 2390 2413 2413 2413 2389 2389 2389 2413 2413 2413 2412 2412 2412 2390 2390 2390 2391 2391 2391 2414 2414 2414 2390 2390 2390 2414 2414 2414 2413 2413 2413 2391 2391 2391 2392 2392 2392 2415 2415 2415 2391 2391 2391 2415 2415 2415 2414 2414 2414 2392 2392 2392 2393 2393 2393 2416 2416 2416 2392 2392 2392 2416 2416 2416 2415 2415 2415 2393 2393 2393 2394 2394 2394 2417 2417 2417 2393 2393 2393 2417 2417 2417 2416 2416 2416 2394 2394 2394 2395 2395 2395 2418 2418 2418 2394 2394 2394 2418 2418 2418 2417 2417 2417 2395 2395 2395 2396 2396 2396 2419 2419 2419 2395 2395 2395 2419 2419 2419 2418 2418 2418 2396 2396 2396 2397 2397 2397 2420 2420 2420 2396 2396 2396 2420 2420 2420 2419 2419 2419 2397 2397 2397 2398 2398 2398 2421 2421 2421 2397 2397 2397 2421 2421 2421 2420 2420 2420 2398 2398 2398 2399 2399 2399 2422 2422 2422 2398 2398 2398 2422 2422 2422 2421 2421 2421 2400 2400 2400 2401 2401 2401 2424 2424 2424 2400 2400 2400 2424 2424 2424 2423 2423 2423 2401 2401 2401 2402 2402 2402 2425 2425 2425 2401 2401 2401 2425 2425 2425 2424 2424 2424 2402 2402 2402 2403 2403 2403 2426 2426 2426 2402 2402 2402 2426 2426 2426 2425 2425 2425 2403 2403 2403 2404 2404 2404 2427 2427 2427 2403 2403 2403 2427 2427 2427 2426 2426 2426 2404 2404 2404 2405 2405 2405 2428 2428 2428 2404 2404 2404 2428 2428 2428 2427 2427 2427 2405 2405 2405 2406 2406 2406 2429 2429 2429 2405 2405 2405 2429 2429 2429 2428 2428 2428 2406 2406 2406 2407 2407 2407 2430 2430 2430 2406 2406 2406 2430 2430 2430 2429 2429 2429 2407 2407 2407 2408 2408 2408 2431 2431 2431 2407 2407 2407 2431 2431 2431 2430 2430 2430 2408 2408 2408 2409 2409 2409 2432 2432 2432 2408 2408 2408 2432 2432 2432 2431 2431 2431 2409 2409 2409 2410 2410 2410 2433 2433 2433 2409 2409 2409 2433 2433 2433 2432 2432 2432 2410 2410 2410 2411 2411 2411 2434 2434 2434 2410 2410 2410 2434 2434 2434 2433 2433 2433 2411 2411 2411 2412 2412 2412 2435 2435 2435 2411 2411 2411 2435 2435 2435 2434 2434 2434 2412 2412 2412 2413 2413 2413 2436 2436 2436 2412 2412 2412 2436 2436 2436 2435 2435 2435 2413 2413 2413 2414 2414 2414 2437 2437 2437 2413 2413 2413 2437 2437 2437 2436 2436 2436 2414 2414 2414 2415 2415 2415 2438 2438 2438 2414 2414 2414 2438 2438 2438 2437 2437 2437 2415 2415 2415 2416 2416 2416 2439 2439 2439 2415 2415 2415 2439 2439 2439 2438 2438 2438 2416 2416 2416 2417 2417 2417 2440 2440 2440 2416 2416 2416 2440 2440 2440 2439 2439 2439 2417 2417 2417 2418 2418 2418 2441 2441 2441 2417 2417 2417 2441 2441 2441 2440 2440 2440 2418 2418 2418 2419 2419 2419 2442 2442 2442 2418 2418 2418 2442 2442 2442 2441 2441 2441 2419 2419 2419 2420 2420 2420 2443 2443 2443 2419 2419 2419 2443 2443 2443 2442 2442 2442 2420 2420 2420 2421 2421 2421 2444 2444 2444 2420 2420 2420 2444 2444 2444 2443 2443 2443 2421 2421 2421 2422 2422 2422 2445 2445 2445 2421 2421 2421 2445 2445 2445 2444 2444 2444 2423 2423 2423 2424 2424 2424 2447 2447 2447 2423 2423 2423 2447 2447 2447 2446 2446 2446 2424 2424 2424 2425 2425 2425 2448 2448 2448 2424 2424 2424 2448 2448 2448 2447 2447 2447 2425 2425 2425 2426 2426 2426 2449 2449 2449 2425 2425 2425 2449 2449 2449 2448 2448 2448 2426 2426 2426 2427 2427 2427 2450 2450 2450 2426 2426 2426 2450 2450 2450 2449 2449 2449 2427 2427 2427 2428 2428 2428 2451 2451 2451 2427 2427 2427 2451 2451 2451 2450 2450 2450 2428 2428 2428 2429 2429 2429 2452 2452 2452 2428 2428 2428 2452 2452 2452 2451 2451 2451 2429 2429 2429 2430 2430 2430 2453 2453 2453 2429 2429 2429 2453 2453 2453 2452 2452 2452 2430 2430 2430 2431 2431 2431 2454 2454 2454 2430 2430 2430 2454 2454 2454 2453 2453 2453 2431 2431 2431 2432 2432 2432 2455 2455 2455 2431 2431 2431 2455 2455 2455 2454 2454 2454 2432 2432 2432 2433 2433 2433 2456 2456 2456 2432 2432 2432 2456 2456 2456 2455 2455 2455 2433 2433 2433 2434 2434 2434 2457 2457 2457 2433 2433 2433 2457 2457 2457 2456 2456 2456 2434 2434 2434 2435 2435 2435 2458 2458 2458 2434 2434 2434 2458 2458 2458 2457 2457 2457 2435 2435 2435 2436 2436 2436 2459 2459 2459 2435 2435 2435 2459 2459 2459 2458 2458 2458 2436 2436 2436 2437 2437 2437 2460 2460 2460 2436 2436 2436 2460 2460 2460 2459 2459 2459 2437 2437 2437 2438 2438 2438 2461 2461 2461 2437 2437 2437 2461 2461 2461 2460 2460 2460 2438 2438 2438 2439 2439 2439 2462 2462 2462 2438 2438 2438 2462 2462 2462 2461 2461 2461 2439 2439 2439 2440 2440 2440 2463 2463 2463 2439 2439 2439 2463 2463 2463 2462 2462 2462 2440 2440 2440 2441 2441 2441 2464 2464 2464 2440 2440 2440 2464 2464 2464 2463 2463 2463 2441 2441 2441 2442 2442 2442 2465 2465 2465 2441 2441 2441 2465 2465 2465 2464 2464 2464 2442 2442 2442 2443 2443 2443 2466 2466 2466 2442 2442 2442 2466 2466 2466 2465 2465 2465 2443 2443 2443 2444 2444 2444 2467 2467 2467 2443 2443 2443 2467 2467 2467 2466 2466 2466 2444 2444 2444 2445 2445 2445 2468 2468 2468 2444 2444 2444 2468 2468 2468 2467 2467 2467 2446 2446 2446 2447 2447 2447 2470 2470 2470 2446 2446 2446 2470 2470 2470 2469 2469 2469 2447 2447 2447 2448 2448 2448 2471 2471 2471 2447 2447 2447 2471 2471 2471 2470 2470 2470 2448 2448 2448 2449 2449 2449 2472 2472 2472 2448 2448 2448 2472 2472 2472 2471 2471 2471 2449 2449 2449 2450 2450 2450 2473 2473 2473 2449 2449 2449 2473 2473 2473 2472 2472 2472 2450 2450 2450 2451 2451 2451 2474 2474 2474 2450 2450 2450 2474 2474 2474 2473 2473 2473 2451 2451 2451 2452 2452 2452 2475 2475 2475 2451 2451 2451 2475 2475 2475 2474 2474 2474 2452 2452 2452 2453 2453 2453 2476 2476 2476 2452 2452 2452 2476 2476 2476 2475 2475 2475 2453 2453 2453 2454 2454 2454 2477 2477 2477 2453 2453 2453 2477 2477 2477 2476 2476 2476 2454 2454 2454 2455 2455 2455 2478 2478 2478 2454 2454 2454 2478 2478 2478 2477 2477 2477 2455 2455 2455 2456 2456 2456 2479 2479 2479 2455 2455 2455 2479 2479 2479 2478 2478 2478 2456 2456 2456 2457 2457 2457 2480 2480 2480 2456 2456 2456 2480 2480 2480 2479 2479 2479 2457 2457 2457 2458 2458 2458 2481 2481 2481 2457 2457 2457 2481 2481 2481 2480 2480 2480 2458 2458 2458 2459 2459 2459 2482 2482 2482 2458 2458 2458 2482 2482 2482 2481 2481 2481 2459 2459 2459 2460 2460 2460 2483 2483 2483 2459 2459 2459 2483 2483 2483 2482 2482 2482 2460 2460 2460 2461 2461 2461 2484 2484 2484 2460 2460 2460 2484 2484 2484 2483 2483 2483 2461 2461 2461 2462 2462 2462 2485 2485 2485 2461 2461 2461 2485 2485 2485 2484 2484 2484 2462 2462 2462 2463 2463 2463 2486 2486 2486 2462 2462 2462 2486 2486 2486 2485 2485 2485 2463 2463 2463 2464 2464 2464 2487 2487 2487 2463 2463 2463 2487 2487 2487 2486 2486 2486 2464 2464 2464 2465 2465 2465 2488 2488 2488 2464 2464 2464 2488 2488 2488 2487 2487 2487 2465 2465 2465 2466 2466 2466 2489 2489 2489 2465 2465 2465 2489 2489 2489 2488 2488 2488 2466 2466 2466 2467 2467 2467 2490 2490 2490 2466 2466 2466 2490 2490 2490 2489 2489 2489 2467 2467 2467 2468 2468 2468 2491 2491 2491 2467 2467 2467 2491 2491 2491 2490 2490 2490 2469 2469 2469 2470 2470 2470 2493 2493 2493 2469 2469 2469 2493 2493 2493 2492 2492 2492 2470 2470 2470 2471 2471 2471 2494 2494 2494 2470 2470 2470 2494 2494 2494 2493 2493 2493 2471 2471 2471 2472 2472 2472 2495 2495 2495 2471 2471 2471 2495 2495 2495 2494 2494 2494 2472 2472 2472 2473 2473 2473 2496 2496 2496 2472 2472 2472 2496 2496 2496 2495 2495 2495 2473 2473 2473 2474 2474 2474 2497 2497 2497 2473 2473 2473 2497 2497 2497 2496 2496 2496 2474 2474 2474 2475 2475 2475 2498 2498 2498 2474 2474 2474 2498 2498 2498 2497 2497 2497 2475 2475 2475 2476 2476 2476 2499 2499 2499 2475 2475 2475 2499 2499 2499 2498 2498 2498 2476 2476 2476 2477 2477 2477 2500 2500 2500 2476 2476 2476 2500 2500 2500 2499 2499 2499 2477 2477 2477 2478 2478 2478 2501 2501 2501 2477 2477 2477 2501 2501 2501 2500 2500 2500 2478 2478 2478 2479 2479 2479 2502 2502 2502 2478 2478 2478 2502 2502 2502 2501 2501 2501 2479 2479 2479 2480 2480 2480 2503 2503 2503 2479 2479 2479 2503 2503 2503 2502 2502 2502 2480 2480 2480 2481 2481 2481 2504 2504 2504 2480 2480 2480 2504 2504 2504 2503 2503 2503 2481 2481 2481 2482 2482 2482 2505 2505 2505 2481 2481 2481 2505 2505 2505 2504 2504 2504 2482 2482 2482 2483 2483 2483 2506 2506 2506 2482 2482 2482 2506 2506 2506 2505 2505 2505 2483 2483 2483 2484 2484 2484 2507 2507 2507 2483 2483 2483 2507 2507 2507 2506 2506 2506 2484 2484 2484 2485 2485 2485 2508 2508 2508 2484 2484 2484 2508 2508 2508 2507 2507 2507 2485 2485 2485 2486 2486 2486 2509 2509 2509 2485 2485 2485 2509 2509 2509 2508 2508 2508 2486 2486 2486 2487 2487 2487 2510 2510 2510 2486 2486 2486 2510 2510 2510 2509 2509 2509 2487 2487 2487 2488 2488 2488 2511 2511 2511 2487 2487 2487 2511 2511 2511 2510 2510 2510 2488 2488 2488 2489 2489 2489 2512 2512 2512 2488 2488 2488 2512 2512 2512 2511 2511 2511 2489 2489 2489 2490 2490 2490 2513 2513 2513 2489 2489 2489 2513 2513 2513 2512 2512 2512 2490 2490 2490 2491 2491 2491 2514 2514 2514 2490 2490 2490 2514 2514 2514 2513 2513 2513 2492 2492 2492 2493 2493 2493 2516 2516 2516 2492 2492 2492 2516 2516 2516 2515 2515 2515 2493 2493 2493 2494 2494 2494 2517 2517 2517 2493 2493 2493 2517 2517 2517 2516 2516 2516 2494 2494 2494 2495 2495 2495 2518 2518 2518 2494 2494 2494 2518 2518 2518 2517 2517 2517 2495 2495 2495 2496 2496 2496 2519 2519 2519 2495 2495 2495 2519 2519 2519 2518 2518 2518 2496 2496 2496 2497 2497 2497 2520 2520 2520 2496 2496 2496 2520 2520 2520 2519 2519 2519 2497 2497 2497 2498 2498 2498 2521 2521 2521 2497 2497 2497 2521 2521 2521 2520 2520 2520 2498 2498 2498 2499 2499 2499 2522 2522 2522 2498 2498 2498 2522 2522 2522 2521 2521 2521 2499 2499 2499 2500 2500 2500 2523 2523 2523 2499 2499 2499 2523 2523 2523 2522 2522 2522 2500 2500 2500 2501 2501 2501 2524 2524 2524 2500 2500 2500 2524 2524 2524 2523 2523 2523 2501 2501 2501 2502 2502 2502 2525 2525 2525 2501 2501 2501 2525 2525 2525 2524 2524 2524 2502 2502 2502 2503 2503 2503 2526 2526 2526 2502 2502 2502 2526 2526 2526 2525 2525 2525 2503 2503 2503 2504 2504 2504 2527 2527 2527 2503 2503 2503 2527 2527 2527 2526 2526 2526 2504 2504 2504 2505 2505 2505 2528 2528 2528 2504 2504 2504 2528 2528 2528 2527 2527 2527 2505 2505 2505 2506 2506 2506 2529 2529 2529 2505 2505 2505 2529 2529 2529 2528 2528 2528 2506 2506 2506 2507 2507 2507 2530 2530 2530 2506 2506 2506 2530 2530 2530 2529 2529 2529 2507 2507 2507 2508 2508 2508 2531 2531 2531 2507 2507 2507 2531 2531 2531 2530 2530 2530 2508 2508 2508 2509 2509 2509 2532 2532 2532 2508 2508 2508 2532 2532 2532 2531 2531 2531 2509 2509 2509 2510 2510 2510 2533 2533 2533 2509 2509 2509 2533 2533 2533 2532 2532 2532 2510 2510 2510 2511 2511 2511 2534 2534 2534 2510 2510 2510 2534 2534 2534 2533 2533 2533 2511 2511 2511 2512 2512 2512 2535 2535 2535 2511 2511 2511 2535 2535 2535 2534 2534 2534 2512 2512 2512 2513 2513 2513 2536 2536 2536 2512 2512 2512 2536 2536 2536 2535 2535 2535 2513 2513 2513 2514 2514 2514 2537 2537 2537 2513 2513 2513 2537 2537 2537 2536 2536 2536 2515 2515 2515 2516 2516 2516 2539 2539 2539 2515 2515 2515 2539 2539 2539 2538 2538 2538 2516 2516 2516 2517 2517 2517 2540 2540 2540 2516 2516 2516 2540 2540 2540 2539 2539 2539 2517 2517 2517 2518 2518 2518 2541 2541 2541 2517 2517 2517 2541 2541 2541 2540 2540 2540 2518 2518 2518 2519 2519 2519 2542 2542 2542 2518 2518 2518 2542 2542 2542 2541 2541 2541 2519 2519 2519 2520 2520 2520 2543 2543 2543 2519 2519 2519 2543 2543 2543 2542 2542 2542 2520 2520 2520 2521 2521 2521 2544 2544 2544 2520 2520 2520 2544 2544 2544 2543 2543 2543 2521 2521 2521 2522 2522 2522 2545 2545 2545 2521 2521 2521 2545 2545 2545 2544 2544 2544 2522 2522 2522 2523 2523 2523 2546 2546 2546 2522 2522 2522 2546 2546 2546 2545 2545 2545 2523 2523 2523 2524 2524 2524 2547 2547 2547 2523 2523 2523 2547 2547 2547 2546 2546 2546 2524 2524 2524 2525 2525 2525 2548 2548 2548 2524 2524 2524 2548 2548 2548 2547 2547 2547 2525 2525 2525 2526 2526 2526 2549 2549 2549 2525 2525 2525 2549 2549 2549 2548 2548 2548 2526 2526 2526 2527 2527 2527 2550 2550 2550 2526 2526 2526 2550 2550 2550 2549 2549 2549 2527 2527 2527 2528 2528 2528 2551 2551 2551 2527 2527 2527 2551 2551 2551 2550 2550 2550 2528 2528 2528 2529 2529 2529 2552 2552 2552 2528 2528 2528 2552 2552 2552 2551 2551 2551 2529 2529 2529 2530 2530 2530 2553 2553 2553 2529 2529 2529 2553 2553 2553 2552 2552 2552 2530 2530 2530 2531 2531 2531 2554 2554 2554 2530 2530 2530 2554 2554 2554 2553 2553 2553 2531 2531 2531 2532 2532 2532 2555 2555 2555 2531 2531 2531 2555 2555 2555 2554 2554 2554 2532 2532 2532 2533 2533 2533 2556 2556 2556 2532 2532 2532 2556 2556 2556 2555 2555 2555 2533 2533 2533 2534 2534 2534 2557 2557 2557 2533 2533 2533 2557 2557 2557 2556 2556 2556 2534 2534 2534 2535 2535 2535 2558 2558 2558 2534 2534 2534 2558 2558 2558 2557 2557 2557 2535 2535 2535 2536 2536 2536 2559 2559 2559 2535 2535 2535 2559 2559 2559 2558 2558 2558 2536 2536 2536 2537 2537 2537 2560 2560 2560 2536 2536 2536 2560 2560 2560 2559 2559 2559 2538 2538 2538 2539 2539 2539 2562 2562 2562 2538 2538 2538 2562 2562 2562 2561 2561 2561 2539 2539 2539 2540 2540 2540 2563 2563 2563 2539 2539 2539 2563 2563 2563 2562 2562 2562 2540 2540 2540 2541 2541 2541 2564 2564 2564 2540 2540 2540 2564 2564 2564 2563 2563 2563 2541 2541 2541 2542 2542 2542 2565 2565 2565 2541 2541 2541 2565 2565 2565 2564 2564 2564 2542 2542 2542 2543 2543 2543 2566 2566 2566 2542 2542 2542 2566 2566 2566 2565 2565 2565 2543 2543 2543 2544 2544 2544 2567 2567 2567 2543 2543 2543 2567 2567 2567 2566 2566 2566 2544 2544 2544 2545 2545 2545 2568 2568 2568 2544 2544 2544 2568 2568 2568 2567 2567 2567 2545 2545 2545 2546 2546 2546 2569 2569 2569 2545 2545 2545 2569 2569 2569 2568 2568 2568 2546 2546 2546 2547 2547 2547 2570 2570 2570 2546 2546 2546 2570 2570 2570 2569 2569 2569 2547 2547 2547 2548 2548 2548 2571 2571 2571 2547 2547 2547 2571 2571 2571 2570 2570 2570 2548 2548 2548 2549 2549 2549 2572 2572 2572 2548 2548 2548 2572 2572 2572 2571 2571 2571 2549 2549 2549 2550 2550 2550 2573 2573 2573 2549 2549 2549 2573 2573 2573 2572 2572 2572 2550 2550 2550 2551 2551 2551 2574 2574 2574 2550 2550 2550 2574 2574 2574 2573 2573 2573 2551 2551 2551 2552 2552 2552 2575 2575 2575 2551 2551 2551 2575 2575 2575 2574 2574 2574 2552 2552 2552 2553 2553 2553 2576 2576 2576 2552 2552 2552 2576 2576 2576 2575 2575 2575 2553 2553 2553 2554 2554 2554 2577 2577 2577 2553 2553 2553 2577 2577 2577 2576 2576 2576 2554 2554 2554 2555 2555 2555 2578 2578 2578 2554 2554 2554 2578 2578 2578 2577 2577 2577 2555 2555 2555 2556 2556 2556 2579 2579 2579 2555 2555 2555 2579 2579 2579 2578 2578 2578 2556 2556 2556 2557 2557 2557 2580 2580 2580 2556 2556 2556 2580 2580 2580 2579 2579 2579 2557 2557 2557 2558 2558 2558 2581 2581 2581 2557 2557 2557 2581 2581 2581 2580 2580 2580 2558 2558 2558 2559 2559 2559 2582 2582 2582 2558 2558 2558 2582 2582 2582 2581 2581 2581 2559 2559 2559 2560 2560 2560 2583 2583 2583 2559 2559 2559 2583 2583 2583 2582 2582 2582 2561 2561 2561 2562 2562 2562 2585 2585 2585 2561 2561 2561 2585 2585 2585 2584 2584 2584 2562 2562 2562 2563 2563 2563 2586 2586 2586 2562 2562 2562 2586 2586 2586 2585 2585 2585 2563 2563 2563 2564 2564 2564 2587 2587 2587 2563 2563 2563 2587 2587 2587 2586 2586 2586 2564 2564 2564 2565 2565 2565 2588 2588 2588 2564 2564 2564 2588 2588 2588 2587 2587 2587 2565 2565 2565 2566 2566 2566 2589 2589 2589 2565 2565 2565 2589 2589 2589 2588 2588 2588 2566 2566 2566 2567 2567 2567 2590 2590 2590 2566 2566 2566 2590 2590 2590 2589 2589 2589 2567 2567 2567 2568 2568 2568 2591 2591 2591 2567 2567 2567 2591 2591 2591 2590 2590 2590 2568 2568 2568 2569 2569 2569 2592 2592 2592 2568 2568 2568 2592 2592 2592 2591 2591 2591 2569 2569 2569 2570 2570 2570 2593 2593 2593 2569 2569 2569 2593 2593 2593 2592 2592 2592 2570 2570 2570 2571 2571 2571 2594 2594 2594 2570 2570 2570 2594 2594 2594 2593 2593 2593 2571 2571 2571 2572 2572 2572 2595 2595 2595 2571 2571 2571 2595 2595 2595 2594 2594 2594 2572 2572 2572 2573 2573 2573 2596 2596 2596 2572 2572 2572 2596 2596 2596 2595 2595 2595 2573 2573 2573 2574 2574 2574 2597 2597 2597 2573 2573 2573 2597 2597 2597 2596 2596 2596 2574 2574 2574 2575 2575 2575 2598 2598 2598 2574 2574 2574 2598 2598 2598 2597 2597 2597 2575 2575 2575 2576 2576 2576 2599 2599 2599 2575 2575 2575 2599 2599 2599 2598 2598 2598 2576 2576 2576 2577 2577 2577 2600 2600 2600 2576 2576 2576 2600 2600 2600 2599 2599 2599 2577 2577 2577 2578 2578 2578 2601 2601 2601 2577 2577 2577 2601 2601 2601 2600 2600 2600 2578 2578 2578 2579 2579 2579 2602 2602 2602 2578 2578 2578 2602 2602 2602 2601 2601 2601 2579 2579 2579 2580 2580 2580 2603 2603 2603 2579 2579 2579 2603 2603 2603 2602 2602 2602 2580 2580 2580 2581 2581 2581 2604 2604 2604 2580 2580 2580 2604 2604 2604 2603 2603 2603 2581 2581 2581 2582 2582 2582 2605 2605 2605 2581 2581 2581 2605 2605 2605 2604 2604 2604 2582 2582 2582 2583 2583 2583 2606 2606 2606 2582 2582 2582 2606 2606 2606 2605 2605 2605 2584 2584 2584 2585 2585 2585 2608 2608 2608 2584 2584 2584 2608 2608 2608 2607 2607 2607 2585 2585 2585 2586 2586 2586 2609 2609 2609 2585 2585 2585 2609 2609 2609 2608 2608 2608 2586 2586 2586 2587 2587 2587 2610 2610 2610 2586 2586 2586 2610 2610 2610 2609 2609 2609 2587 2587 2587 2588 2588 2588 2611 2611 2611 2587 2587 2587 2611 2611 2611 2610 2610 2610 2588 2588 2588 2589 2589 2589 2612 2612 2612 2588 2588 2588 2612 2612 2612 2611 2611 2611 2589 2589 2589 2590 2590 2590 2613 2613 2613 2589 2589 2589 2613 2613 2613 2612 2612 2612 2590 2590 2590 2591 2591 2591 2614 2614 2614 2590 2590 2590 2614 2614 2614 2613 2613 2613 2591 2591 2591 2592 2592 2592 2615 2615 2615 2591 2591 2591 2615 2615 2615 2614 2614 2614 2592 2592 2592 2593 2593 2593 2616 2616 2616 2592 2592 2592 2616 2616 2616 2615 2615 2615 2593 2593 2593 2594 2594 2594 2617 2617 2617 2593 2593 2593 2617 2617 2617 2616 2616 2616 2594 2594 2594 2595 2595 2595 2618 2618 2618 2594 2594 2594 2618 2618 2618 2617 2617 2617 2595 2595 2595 2596 2596 2596 2619 2619 2619 2595 2595 2595 2619 2619 2619 2618 2618 2618 2596 2596 2596 2597 2597 2597 2620 2620 2620 2596 2596 2596 2620 2620 2620 2619 2619 2619 2597 2597 2597 2598 2598 2598 2621 2621 2621 2597 2597 2597 2621 2621 2621 2620 2620 2620 2598 2598 2598 2599 2599 2599 2622 2622 2622 2598 2598 2598 2622 2622 2622 2621 2621 2621 2599 2599 2599 2600 2600 2600 2623 2623 2623 2599 2599 2599 2623 2623 2623 2622 2622 2622 2600 2600 2600 2601 2601 2601 2624 2624 2624 2600 2600 2600 2624 2624 2624 2623 2623 2623 2601 2601 2601 2602 2602 2602 2625 2625 2625 2601 2601 2601 2625 2625 2625 2624 2624 2624 2602 2602 2602 2603 2603 2603 2626 2626 2626 2602 2602 2602 2626 2626 2626 2625 2625 2625 2603 2603 2603 2604 2604 2604 2627 2627 2627 2603 2603 2603 2627 2627 2627 2626 2626 2626 2604 2604 2604 2605 2605 2605 2628 2628 2628 2604 2604 2604 2628 2628 2628 2627 2627 2627 2605 2605 2605 2606 2606 2606 2629 2629 2629 2605 2605 2605 2629 2629 2629 2628 2628 2628 2607 2607 2607 2608 2608 2608 2631 2631 2631 2607 2607 2607 2631 2631 2631 2630 2630 2630 2608 2608 2608 2609 2609 2609 2632 2632 2632 2608 2608 2608 2632 2632 2632 2631 2631 2631 2609 2609 2609 2610 2610 2610 2633 2633 2633 2609 2609 2609 2633 2633 2633 2632 2632 2632 2610 2610 2610 2611 2611 2611 2634 2634 2634 2610 2610 2610 2634 2634 2634 2633 2633 2633 2611 2611 2611 2612 2612 2612 2635 2635 2635 2611 2611 2611 2635 2635 2635 2634 2634 2634 2612 2612 2612 2613 2613 2613 2636 2636 2636 2612 2612 2612 2636 2636 2636 2635 2635 2635 2613 2613 2613 2614 2614 2614 2637 2637 2637 2613 2613 2613 2637 2637 2637 2636 2636 2636 2614 2614 2614 2615 2615 2615 2638 2638 2638 2614 2614 2614 2638 2638 2638 2637 2637 2637 2615 2615 2615 2616 2616 2616 2639 2639 2639 2615 2615 2615 2639 2639 2639 2638 2638 2638 2616 2616 2616 2617 2617 2617 2640 2640 2640 2616 2616 2616 2640 2640 2640 2639 2639 2639 2617 2617 2617 2618 2618 2618 2641 2641 2641 2617 2617 2617 2641 2641 2641 2640 2640 2640 2618 2618 2618 2619 2619 2619 2642 2642 2642 2618 2618 2618 2642 2642 2642 2641 2641 2641 2619 2619 2619 2620 2620 2620 2643 2643 2643 2619 2619 2619 2643 2643 2643 2642 2642 2642 2620 2620 2620 2621 2621 2621 2644 2644 2644 2620 2620 2620 2644 2644 2644 2643 2643 2643 2621 2621 2621 2622 2622 2622 2645 2645 2645 2621 2621 2621 2645 2645 2645 2644 2644 2644 2622 2622 2622 2623 2623 2623 2646 2646 2646 2622 2622 2622 2646 2646 2646 2645 2645 2645 2623 2623 2623 2624 2624 2624 2647 2647 2647 2623 2623 2623 2647 2647 2647 2646 2646 2646 2624 2624 2624 2625 2625 2625 2648 2648 2648 2624 2624 2624 2648 2648 2648 2647 2647 2647 2625 2625 2625 2626 2626 2626 2649 2649 2649 2625 2625 2625 2649 2649 2649 2648 2648 2648 2626 2626 2626 2627 2627 2627 2650 2650 2650 2626 2626 2626 2650 2650 2650 2649 2649 2649 2627 2627 2627 2628 2628 2628 2651 2651 2651 2627 2627 2627 2651 2651 2651 2650 2650 2650 2628 2628 2628 2629 2629 2629 2652 2652 2652 2628 2628 2628 2652 2652 2652 2651 2651 2651 2630 2630 2630 2631 2631 2631 2654 2654 2654 2630 2630 2630 2654 2654 2654 2653 2653 2653 2631 2631 2631 2632 2632 2632 2655 2655 2655 2631 2631 2631 2655 2655 2655 2654 2654 2654 2632 2632 2632 2633 2633 2633 2656 2656 2656 2632 2632 2632 2656 2656 2656 2655 2655 2655 2633 2633 2633 2634 2634 2634 2657 2657 2657 2633 2633 2633 2657 2657 2657 2656 2656 2656 2634 2634 2634 2635 2635 2635 2658 2658 2658 2634 2634 2634 2658 2658 2658 2657 2657 2657 2635 2635 2635 2636 2636 2636 2659 2659 2659 2635 2635 2635 2659 2659 2659 2658 2658 2658 2636 2636 2636 2637 2637 2637 2660 2660 2660 2636 2636 2636 2660 2660 2660 2659 2659 2659 2637 2637 2637 2638 2638 2638 2661 2661 2661 2637 2637 2637 2661 2661 2661 2660 2660 2660 2638 2638 2638 2639 2639 2639 2662 2662 2662 2638 2638 2638 2662 2662 2662 2661 2661 2661 2639 2639 2639 2640 2640 2640 2663 2663 2663 2639 2639 2639 2663 2663 2663 2662 2662 2662 2640 2640 2640 2641 2641 2641 2664 2664 2664 2640 2640 2640 2664 2664 2664 2663 2663 2663 2641 2641 2641 2642 2642 2642 2665 2665 2665 2641 2641 2641 2665 2665 2665 2664 2664 2664 2642 2642 2642 2643 2643 2643 2666 2666 2666 2642 2642 2642 2666 2666 2666 2665 2665 2665 2643 2643 2643 2644 2644 2644 2667 2667 2667 2643 2643 2643 2667 2667 2667 2666 2666 2666 2644 2644 2644 2645 2645 2645 2668 2668 2668 2644 2644 2644 2668 2668 2668 2667 2667 2667 2645 2645 2645 2646 2646 2646 2669 2669 2669 2645 2645 2645 2669 2669 2669 2668 2668 2668 2646 2646 2646 2647 2647 2647 2670 2670 2670 2646 2646 2646 2670 2670 2670 2669 2669 2669 2647 2647 2647 2648 2648 2648 2671 2671 2671 2647 2647 2647 2671 2671 2671 2670 2670 2670 2648 2648 2648 2649 2649 2649 2672 2672 2672 2648 2648 2648 2672 2672 2672 2671 2671 2671 2649 2649 2649 2650 2650 2650 2673 2673 2673 2649 2649 2649 2673 2673 2673 2672 2672 2672 2650 2650 2650 2651 2651 2651 2674 2674 2674 2650 2650 2650 2674 2674 2674 2673 2673 2673 2651 2651 2651 2652 2652 2652 2675 2675 2675 2651 2651 2651 2675 2675 2675 2674 2674 2674 2653 2653 2653 2654 2654 2654 2677 2677 2677 2653 2653 2653 2677 2677 2677 2676 2676 2676 2654 2654 2654 2655 2655 2655 2678 2678 2678 2654 2654 2654 2678 2678 2678 2677 2677 2677 2655 2655 2655 2656 2656 2656 2679 2679 2679 2655 2655 2655 2679 2679 2679 2678 2678 2678 2656 2656 2656 2657 2657 2657 2680 2680 2680 2656 2656 2656 2680 2680 2680 2679 2679 2679 2657 2657 2657 2658 2658 2658 2681 2681 2681 2657 2657 2657 2681 2681 2681 2680 2680 2680 2658 2658 2658 2659 2659 2659 2682 2682 2682 2658 2658 2658 2682 2682 2682 2681 2681 2681 2659 2659 2659 2660 2660 2660 2683 2683 2683 2659 2659 2659 2683 2683 2683 2682 2682 2682 2660 2660 2660 2661 2661 2661 2684 2684 2684 2660 2660 2660 2684 2684 2684 2683 2683 2683 2661 2661 2661 2662 2662 2662 2685 2685 2685 2661 2661 2661 2685 2685 2685 2684 2684 2684 2662 2662 2662 2663 2663 2663 2686 2686 2686 2662 2662 2662 2686 2686 2686 2685 2685 2685 2663 2663 2663 2664 2664 2664 2687 2687 2687 2663 2663 2663 2687 2687 2687 2686 2686 2686 2664 2664 2664 2665 2665 2665 2688 2688 2688 2664 2664 2664 2688 2688 2688 2687 2687 2687 2665 2665 2665 2666 2666 2666 2689 2689 2689 2665 2665 2665 2689 2689 2689 2688 2688 2688 2666 2666 2666 2667 2667 2667 2690 2690 2690 2666 2666 2666 2690 2690 2690 2689 2689 2689 2667 2667 2667 2668 2668 2668 2691 2691 2691 2667 2667 2667 2691 2691 2691 2690 2690 2690 2668 2668 2668 2669 2669 2669 2692 2692 2692 2668 2668 2668 2692 2692 2692 2691 2691 2691 2669 2669 2669 2670 2670 2670 2693 2693 2693 2669 2669 2669 2693 2693 2693 2692 2692 2692 2670 2670 2670 2671 2671 2671 2694 2694 2694 2670 2670 2670 2694 2694 2694 2693 2693 2693 2671 2671 2671 2672 2672 2672 2695 2695 2695 2671 2671 2671 2695 2695 2695 2694 2694 2694 2672 2672 2672 2673 2673 2673 2696 2696 2696 2672 2672 2672 2696 2696 2696 2695 2695 2695 2673 2673 2673 2674 2674 2674 2697 2697 2697 2673 2673 2673 2697 2697 2697 2696 2696 2696 2674 2674 2674 2675 2675 2675 2698 2698 2698 2674 2674 2674 2698 2698 2698 2697 2697 2697 2699 2699 2699 2700 2700 2700 2717 2717 2717 2699 2699 2699 2717 2717 2717 2716 2716 2716 2700 2700 2700 2701 2701 2701 2718 2718 2718 2700 2700 2700 2718 2718 2718 2717 2717 2717 2701 2701 2701 2702 2702 2702 2719 2719 2719 2701 2701 2701 2719 2719 2719 2718 2718 2718 2702 2702 2702 2703 2703 2703 2720 2720 2720 2702 2702 2702 2720 2720 2720 2719 2719 2719 2703 2703 2703 2704 2704 2704 2721 2721 2721 2703 2703 2703 2721 2721 2721 2720 2720 2720 2704 2704 2704 2705 2705 2705 2722 2722 2722 2704 2704 2704 2722 2722 2722 2721 2721 2721 2705 2705 2705 2706 2706 2706 2723 2723 2723 2705 2705 2705 2723 2723 2723 2722 2722 2722 2706 2706 2706 2707 2707 2707 2724 2724 2724 2706 2706 2706 2724 2724 2724 2723 2723 2723 2707 2707 2707 2708 2708 2708 2725 2725 2725 2707 2707 2707 2725 2725 2725 2724 2724 2724 2708 2708 2708 2709 2709 2709 2726 2726 2726 2708 2708 2708 2726 2726 2726 2725 2725 2725 2709 2709 2709 2710 2710 2710 2727 2727 2727 2709 2709 2709 2727 2727 2727 2726 2726 2726 2710 2710 2710 2711 2711 2711 2728 2728 2728 2710 2710 2710 2728 2728 2728 2727 2727 2727 2711 2711 2711 2712 2712 2712 2729 2729 2729 2711 2711 2711 2729 2729 2729 2728 2728 2728 2712 2712 2712 2713 2713 2713 2730 2730 2730 2712 2712 2712 2730 2730 2730 2729 2729 2729 2713 2713 2713 2714 2714 2714 2731 2731 2731 2713 2713 2713 2731 2731 2731 2730 2730 2730 2714 2714 2714 2715 2715 2715 2732 2732 2732 2714 2714 2714 2732 2732 2732 2731 2731 2731 2716 2716 2716 2717 2717 2717 2734 2734 2734 2716 2716 2716 2734 2734 2734 2733 2733 2733 2717 2717 2717 2718 2718 2718 2735 2735 2735 2717 2717 2717 2735 2735 2735 2734 2734 2734 2718 2718 2718 2719 2719 2719 2736 2736 2736 2718 2718 2718 2736 2736 2736 2735 2735 2735 2719 2719 2719 2720 2720 2720 2737 2737 2737 2719 2719 2719 2737 2737 2737 2736 2736 2736 2720 2720 2720 2721 2721 2721 2738 2738 2738 2720 2720 2720 2738 2738 2738 2737 2737 2737 2721 2721 2721 2722 2722 2722 2739 2739 2739 2721 2721 2721 2739 2739 2739 2738 2738 2738 2722 2722 2722 2723 2723 2723 2740 2740 2740 2722 2722 2722 2740 2740 2740 2739 2739 2739 2723 2723 2723 2724 2724 2724 2741 2741 2741 2723 2723 2723 2741 2741 2741 2740 2740 2740 2724 2724 2724 2725 2725 2725 2742 2742 2742 2724 2724 2724 2742 2742 2742 2741 2741 2741 2725 2725 2725 2726 2726 2726 2743 2743 2743 2725 2725 2725 2743 2743 2743 2742 2742 2742 2726 2726 2726 2727 2727 2727 2744 2744 2744 2726 2726 2726 2744 2744 2744 2743 2743 2743 2727 2727 2727 2728 2728 2728 2745 2745 2745 2727 2727 2727 2745 2745 2745 2744 2744 2744 2728 2728 2728 2729 2729 2729 2746 2746 2746 2728 2728 2728 2746 2746 2746 2745 2745 2745 2729 2729 2729 2730 2730 2730 2747 2747 2747 2729 2729 2729 2747 2747 2747 2746 2746 2746 2730 2730 2730 2731 2731 2731 2748 2748 2748 2730 2730 2730 2748 2748 2748 2747 2747 2747 2731 2731 2731 2732 2732 2732 2749 2749 2749 2731 2731 2731 2749 2749 2749 2748 2748 2748 2733 2733 2733 2734 2734 2734 2751 2751 2751 2733 2733 2733 2751 2751 2751 2750 2750 2750 2734 2734 2734 2735 2735 2735 2752 2752 2752 2734 2734 2734 2752 2752 2752 2751 2751 2751 2735 2735 2735 2736 2736 2736 2753 2753 2753 2735 2735 2735 2753 2753 2753 2752 2752 2752 2736 2736 2736 2737 2737 2737 2754 2754 2754 2736 2736 2736 2754 2754 2754 2753 2753 2753 2737 2737 2737 2738 2738 2738 2755 2755 2755 2737 2737 2737 2755 2755 2755 2754 2754 2754 2738 2738 2738 2739 2739 2739 2756 2756 2756 2738 2738 2738 2756 2756 2756 2755 2755 2755 2739 2739 2739 2740 2740 2740 2757 2757 2757 2739 2739 2739 2757 2757 2757 2756 2756 2756 2740 2740 2740 2741 2741 2741 2758 2758 2758 2740 2740 2740 2758 2758 2758 2757 2757 2757 2741 2741 2741 2742 2742 2742 2759 2759 2759 2741 2741 2741 2759 2759 2759 2758 2758 2758 2742 2742 2742 2743 2743 2743 2760 2760 2760 2742 2742 2742 2760 2760 2760 2759 2759 2759 2743 2743 2743 2744 2744 2744 2761 2761 2761 2743 2743 2743 2761 2761 2761 2760 2760 2760 2744 2744 2744 2745 2745 2745 2762 2762 2762 2744 2744 2744 2762 2762 2762 2761 2761 2761 2745 2745 2745 2746 2746 2746 2763 2763 2763 2745 2745 2745 2763 2763 2763 2762 2762 2762 2746 2746 2746 2747 2747 2747 2764 2764 2764 2746 2746 2746 2764 2764 2764 2763 2763 2763 2747 2747 2747 2748 2748 2748 2765 2765 2765 2747 2747 2747 2765 2765 2765 2764 2764 2764 2748 2748 2748 2749 2749 2749 2766 2766 2766 2748 2748 2748 2766 2766 2766 2765 2765 2765 2750 2750 2750 2751 2751 2751 2768 2768 2768 2750 2750 2750 2768 2768 2768 2767 2767 2767 2751 2751 2751 2752 2752 2752 2769 2769 2769 2751 2751 2751 2769 2769 2769 2768 2768 2768 2752 2752 2752 2753 2753 2753 2770 2770 2770 2752 2752 2752 2770 2770 2770 2769 2769 2769 2753 2753 2753 2754 2754 2754 2771 2771 2771 2753 2753 2753 2771 2771 2771 2770 2770 2770 2754 2754 2754 2755 2755 2755 2772 2772 2772 2754 2754 2754 2772 2772 2772 2771 2771 2771 2755 2755 2755 2756 2756 2756 2773 2773 2773 2755 2755 2755 2773 2773 2773 2772 2772 2772 2756 2756 2756 2757 2757 2757 2774 2774 2774 2756 2756 2756 2774 2774 2774 2773 2773 2773 2757 2757 2757 2758 2758 2758 2775 2775 2775 2757 2757 2757 2775 2775 2775 2774 2774 2774 2758 2758 2758 2759 2759 2759 2776 2776 2776 2758 2758 2758 2776 2776 2776 2775 2775 2775 2759 2759 2759 2760 2760 2760 2777 2777 2777 2759 2759 2759 2777 2777 2777 2776 2776 2776 2760 2760 2760 2761 2761 2761 2778 2778 2778 2760 2760 2760 2778 2778 2778 2777 2777 2777 2761 2761 2761 2762 2762 2762 2779 2779 2779 2761 2761 2761 2779 2779 2779 2778 2778 2778 2762 2762 2762 2763 2763 2763 2780 2780 2780 2762 2762 2762 2780 2780 2780 2779 2779 2779 2763 2763 2763 2764 2764 2764 2781 2781 2781 2763 2763 2763 2781 2781 2781 2780 2780 2780 2764 2764 2764 2765 2765 2765 2782 2782 2782 2764 2764 2764 2782 2782 2782 2781 2781 2781 2765 2765 2765 2766 2766 2766 2783 2783 2783 2765 2765 2765 2783 2783 2783 2782 2782 2782 2767 2767 2767 2768 2768 2768 2785 2785 2785 2767 2767 2767 2785 2785 2785 2784 2784 2784 2768 2768 2768 2769 2769 2769 2786 2786 2786 2768 2768 2768 2786 2786 2786 2785 2785 2785 2769 2769 2769 2770 2770 2770 2787 2787 2787 2769 2769 2769 2787 2787 2787 2786 2786 2786 2770 2770 2770 2771 2771 2771 2788 2788 2788 2770 2770 2770 2788 2788 2788 2787 2787 2787 2771 2771 2771 2772 2772 2772 2789 2789 2789 2771 2771 2771 2789 2789 2789 2788 2788 2788 2772 2772 2772 2773 2773 2773 2790 2790 2790 2772 2772 2772 2790 2790 2790 2789 2789 2789 2773 2773 2773 2774 2774 2774 2791 2791 2791 2773 2773 2773 2791 2791 2791 2790 2790 2790 2774 2774 2774 2775 2775 2775 2792 2792 2792 2774 2774 2774 2792 2792 2792 2791 2791 2791 2775 2775 2775 2776 2776 2776 2793 2793 2793 2775 2775 2775 2793 2793 2793 2792 2792 2792 2776 2776 2776 2777 2777 2777 2794 2794 2794 2776 2776 2776 2794 2794 2794 2793 2793 2793 2777 2777 2777 2778 2778 2778 2795 2795 2795 2777 2777 2777 2795 2795 2795 2794 2794 2794 2778 2778 2778 2779 2779 2779 2796 2796 2796 2778 2778 2778 2796 2796 2796 2795 2795 2795 2779 2779 2779 2780 2780 2780 2797 2797 2797 2779 2779 2779 2797 2797 2797 2796 2796 2796 2780 2780 2780 2781 2781 2781 2798 2798 2798 2780 2780 2780 2798 2798 2798 2797 2797 2797 2781 2781 2781 2782 2782 2782 2799 2799 2799 2781 2781 2781 2799 2799 2799 2798 2798 2798 2782 2782 2782 2783 2783 2783 2800 2800 2800 2782 2782 2782 2800 2800 2800 2799 2799 2799 2784 2784 2784 2785 2785 2785 2802 2802 2802 2784 2784 2784 2802 2802 2802 2801 2801 2801 2785 2785 2785 2786 2786 2786 2803 2803 2803 2785 2785 2785 2803 2803 2803 2802 2802 2802 2786 2786 2786 2787 2787 2787 2804 2804 2804 2786 2786 2786 2804 2804 2804 2803 2803 2803 2787 2787 2787 2788 2788 2788 2805 2805 2805 2787 2787 2787 2805 2805 2805 2804 2804 2804 2788 2788 2788 2789 2789 2789 2806 2806 2806 2788 2788 2788 2806 2806 2806 2805 2805 2805 2789 2789 2789 2790 2790 2790 2807 2807 2807 2789 2789 2789 2807 2807 2807 2806 2806 2806 2790 2790 2790 2791 2791 2791 2808 2808 2808 2790 2790 2790 2808 2808 2808 2807 2807 2807 2791 2791 2791 2792 2792 2792 2809 2809 2809 2791 2791 2791 2809 2809 2809 2808 2808 2808 2792 2792 2792 2793 2793 2793 2810 2810 2810 2792 2792 2792 2810 2810 2810 2809 2809 2809 2793 2793 2793 2794 2794 2794 2811 2811 2811 2793 2793 2793 2811 2811 2811 2810 2810 2810 2794 2794 2794 2795 2795 2795 2812 2812 2812 2794 2794 2794 2812 2812 2812 2811 2811 2811 2795 2795 2795 2796 2796 2796 2813 2813 2813 2795 2795 2795 2813 2813 2813 2812 2812 2812 2796 2796 2796 2797 2797 2797 2814 2814 2814 2796 2796 2796 2814 2814 2814 2813 2813 2813 2797 2797 2797 2798 2798 2798 2815 2815 2815 2797 2797 2797 2815 2815 2815 2814 2814 2814 2798 2798 2798 2799 2799 2799 2816 2816 2816 2798 2798 2798 2816 2816 2816 2815 2815 2815 2799 2799 2799 2800 2800 2800 2817 2817 2817 2799 2799 2799 2817 2817 2817 2816 2816 2816 2801 2801 2801 2802 2802 2802 2819 2819 2819 2801 2801 2801 2819 2819 2819 2818 2818 2818 2802 2802 2802 2803 2803 2803 2820 2820 2820 2802 2802 2802 2820 2820 2820 2819 2819 2819 2803 2803 2803 2804 2804 2804 2821 2821 2821 2803 2803 2803 2821 2821 2821 2820 2820 2820 2804 2804 2804 2805 2805 2805 2822 2822 2822 2804 2804 2804 2822 2822 2822 2821 2821 2821 2805 2805 2805 2806 2806 2806 2823 2823 2823 2805 2805 2805 2823 2823 2823 2822 2822 2822 2806 2806 2806 2807 2807 2807 2824 2824 2824 2806 2806 2806 2824 2824 2824 2823 2823 2823 2807 2807 2807 2808 2808 2808 2825 2825 2825 2807 2807 2807 2825 2825 2825 2824 2824 2824 2808 2808 2808 2809 2809 2809 2826 2826 2826 2808 2808 2808 2826 2826 2826 2825 2825 2825 2809 2809 2809 2810 2810 2810 2827 2827 2827 2809 2809 2809 2827 2827 2827 2826 2826 2826 2810 2810 2810 2811 2811 2811 2828 2828 2828 2810 2810 2810 2828 2828 2828 2827 2827 2827 2811 2811 2811 2812 2812 2812 2829 2829 2829 2811 2811 2811 2829 2829 2829 2828 2828 2828 2812 2812 2812 2813 2813 2813 2830 2830 2830 2812 2812 2812 2830 2830 2830 2829 2829 2829 2813 2813 2813 2814 2814 2814 2831 2831 2831 2813 2813 2813 2831 2831 2831 2830 2830 2830 2814 2814 2814 2815 2815 2815 2832 2832 2832 2814 2814 2814 2832 2832 2832 2831 2831 2831 2815 2815 2815 2816 2816 2816 2833 2833 2833 2815 2815 2815 2833 2833 2833 2832 2832 2832 2816 2816 2816 2817 2817 2817 2834 2834 2834 2816 2816 2816 2834 2834 2834 2833 2833 2833 2818 2818 2818 2819 2819 2819 2836 2836 2836 2818 2818 2818 2836 2836 2836 2835 2835 2835 2819 2819 2819 2820 2820 2820 2837 2837 2837 2819 2819 2819 2837 2837 2837 2836 2836 2836 2820 2820 2820 2821 2821 2821 2838 2838 2838 2820 2820 2820 2838 2838 2838 2837 2837 2837 2821 2821 2821 2822 2822 2822 2839 2839 2839 2821 2821 2821 2839 2839 2839 2838 2838 2838 2822 2822 2822 2823 2823 2823 2840 2840 2840 2822 2822 2822 2840 2840 2840 2839 2839 2839 2823 2823 2823 2824 2824 2824 2841 2841 2841 2823 2823 2823 2841 2841 2841 2840 2840 2840 2824 2824 2824 2825 2825 2825 2842 2842 2842 2824 2824 2824 2842 2842 2842 2841 2841 2841 2825 2825 2825 2826 2826 2826 2843 2843 2843 2825 2825 2825 2843 2843 2843 2842 2842 2842 2826 2826 2826 2827 2827 2827 2844 2844 2844 2826 2826 2826 2844 2844 2844 2843 2843 2843 2827 2827 2827 2828 2828 2828 2845 2845 2845 2827 2827 2827 2845 2845 2845 2844 2844 2844 2828 2828 2828 2829 2829 2829 2846 2846 2846 2828 2828 2828 2846 2846 2846 2845 2845 2845 2829 2829 2829 2830 2830 2830 2847 2847 2847 2829 2829 2829 2847 2847 2847 2846 2846 2846 2830 2830 2830 2831 2831 2831 2848 2848 2848 2830 2830 2830 2848 2848 2848 2847 2847 2847 2831 2831 2831 2832 2832 2832 2849 2849 2849 2831 2831 2831 2849 2849 2849 2848 2848 2848 2832 2832 2832 2833 2833 2833 2850 2850 2850 2832 2832 2832 2850 2850 2850 2849 2849 2849 2833 2833 2833 2834 2834 2834 2851 2851 2851 2833 2833 2833 2851 2851 2851 2850 2850 2850 2835 2835 2835 2836 2836 2836 2853 2853 2853 2835 2835 2835 2853 2853 2853 2852 2852 2852 2836 2836 2836 2837 2837 2837 2854 2854 2854 2836 2836 2836 2854 2854 2854 2853 2853 2853 2837 2837 2837 2838 2838 2838 2855 2855 2855 2837 2837 2837 2855 2855 2855 2854 2854 2854 2838 2838 2838 2839 2839 2839 2856 2856 2856 2838 2838 2838 2856 2856 2856 2855 2855 2855 2839 2839 2839 2840 2840 2840 2857 2857 2857 2839 2839 2839 2857 2857 2857 2856 2856 2856 2840 2840 2840 2841 2841 2841 2858 2858 2858 2840 2840 2840 2858 2858 2858 2857 2857 2857 2841 2841 2841 2842 2842 2842 2859 2859 2859 2841 2841 2841 2859 2859 2859 2858 2858 2858 2842 2842 2842 2843 2843 2843 2860 2860 2860 2842 2842 2842 2860 2860 2860 2859 2859 2859 2843 2843 2843 2844 2844 2844 2861 2861 2861 2843 2843 2843 2861 2861 2861 2860 2860 2860 2844 2844 2844 2845 2845 2845 2862 2862 2862 2844 2844 2844 2862 2862 2862 2861 2861 2861 2845 2845 2845 2846 2846 2846 2863 2863 2863 2845 2845 2845 2863 2863 2863 2862 2862 2862 2846 2846 2846 2847 2847 2847 2864 2864 2864 2846 2846 2846 2864 2864 2864 2863 2863 2863 2847 2847 2847 2848 2848 2848 2865 2865 2865 2847 2847 2847 2865 2865 2865 2864 2864 2864 2848 2848 2848 2849 2849 2849 2866 2866 2866 2848 2848 2848 2866 2866 2866 2865 2865 2865 2849 2849 2849 2850 2850 2850 2867 2867 2867 2849 2849 2849 2867 2867 2867 2866 2866 2866 2850 2850 2850 2851 2851 2851 2868 2868 2868 2850 2850 2850 2868 2868 2868 2867 2867 2867 2852 2852 2852 2853 2853 2853 2870 2870 2870 2852 2852 2852 2870 2870 2870 2869 2869 2869 2853 2853 2853 2854 2854 2854 2871 2871 2871 2853 2853 2853 2871 2871 2871 2870 2870 2870 2854 2854 2854 2855 2855 2855 2872 2872 2872 2854 2854 2854 2872 2872 2872 2871 2871 2871 2855 2855 2855 2856 2856 2856 2873 2873 2873 2855 2855 2855 2873 2873 2873 2872 2872 2872 2856 2856 2856 2857 2857 2857 2874 2874 2874 2856 2856 2856 2874 2874 2874 2873 2873 2873 2857 2857 2857 2858 2858 2858 2875 2875 2875 2857 2857 2857 2875 2875 2875 2874 2874 2874 2858 2858 2858 2859 2859 2859 2876 2876 2876 2858 2858 2858 2876 2876 2876 2875 2875 2875 2859 2859 2859 2860 2860 2860 2877 2877 2877 2859 2859 2859 2877 2877 2877 2876 2876 2876 2860 2860 2860 2861 2861 2861 2878 2878 2878 2860 2860 2860 2878 2878 2878 2877 2877 2877 2861 2861 2861 2862 2862 2862 2879 2879 2879 2861 2861 2861 2879 2879 2879 2878 2878 2878 2862 2862 2862 2863 2863 2863 2880 2880 2880 2862 2862 2862 2880 2880 2880 2879 2879 2879 2863 2863 2863 2864 2864 2864 2881 2881 2881 2863 2863 2863 2881 2881 2881 2880 2880 2880 2864 2864 2864 2865 2865 2865 2882 2882 2882 2864 2864 2864 2882 2882 2882 2881 2881 2881 2865 2865 2865 2866 2866 2866 2883 2883 2883 2865 2865 2865 2883 2883 2883 2882 2882 2882 2866 2866 2866 2867 2867 2867 2884 2884 2884 2866 2866 2866 2884 2884 2884 2883 2883 2883 2867 2867 2867 2868 2868 2868 2885 2885 2885 2867 2867 2867 2885 2885 2885 2884 2884 2884 2869 2869 2869 2870 2870 2870 2887 2887 2887 2869 2869 2869 2887 2887 2887 2886 2886 2886 2870 2870 2870 2871 2871 2871 2888 2888 2888 2870 2870 2870 2888 2888 2888 2887 2887 2887 2871 2871 2871 2872 2872 2872 2889 2889 2889 2871 2871 2871 2889 2889 2889 2888 2888 2888 2872 2872 2872 2873 2873 2873 2890 2890 2890 2872 2872 2872 2890 2890 2890 2889 2889 2889 2873 2873 2873 2874 2874 2874 2891 2891 2891 2873 2873 2873 2891 2891 2891 2890 2890 2890 2874 2874 2874 2875 2875 2875 2892 2892 2892 2874 2874 2874 2892 2892 2892 2891 2891 2891 2875 2875 2875 2876 2876 2876 2893 2893 2893 2875 2875 2875 2893 2893 2893 2892 2892 2892 2876 2876 2876 2877 2877 2877 2894 2894 2894 2876 2876 2876 2894 2894 2894 2893 2893 2893 2877 2877 2877 2878 2878 2878 2895 2895 2895 2877 2877 2877 2895 2895 2895 2894 2894 2894 2878 2878 2878 2879 2879 2879 2896 2896 2896 2878 2878 2878 2896 2896 2896 2895 2895 2895 2879 2879 2879 2880 2880 2880 2897 2897 2897 2879 2879 2879 2897 2897 2897 2896 2896 2896 2880 2880 2880 2881 2881 2881 2898 2898 2898 2880 2880 2880 2898 2898 2898 2897 2897 2897 2881 2881 2881 2882 2882 2882 2899 2899 2899 2881 2881 2881 2899 2899 2899 2898 2898 2898 2882 2882 2882 2883 2883 2883 2900 2900 2900 2882 2882 2882 2900 2900 2900 2899 2899 2899 2883 2883 2883 2884 2884 2884 2901 2901 2901 2883 2883 2883 2901 2901 2901 2900 2900 2900 2884 2884 2884 2885 2885 2885 2902 2902 2902 2884 2884 2884 2902 2902 2902 2901 2901 2901 2886 2886 2886 2887 2887 2887 2904 2904 2904 2886 2886 2886 2904 2904 2904 2903 2903 2903 2887 2887 2887 2888 2888 2888 2905 2905 2905 2887 2887 2887 2905 2905 2905 2904 2904 2904 2888 2888 2888 2889 2889 2889 2906 2906 2906 2888 2888 2888 2906 2906 2906 2905 2905 2905 2889 2889 2889 2890 2890 2890 2907 2907 2907 2889 2889 2889 2907 2907 2907 2906 2906 2906 2890 2890 2890 2891 2891 2891 2908 2908 2908 2890 2890 2890 2908 2908 2908 2907 2907 2907 2891 2891 2891 2892 2892 2892 2909 2909 2909 2891 2891 2891 2909 2909 2909 2908 2908 2908 2892 2892 2892 2893 2893 2893 2910 2910 2910 2892 2892 2892 2910 2910 2910 2909 2909 2909 2893 2893 2893 2894 2894 2894 2911 2911 2911 2893 2893 2893 2911 2911 2911 2910 2910 2910 2894 2894 2894 2895 2895 2895 2912 2912 2912 2894 2894 2894 2912 2912 2912 2911 2911 2911 2895 2895 2895 2896 2896 2896 2913 2913 2913 2895 2895 2895 2913 2913 2913 2912 2912 2912 2896 2896 2896 2897 2897 2897 2914 2914 2914 2896 2896 2896 2914 2914 2914 2913 2913 2913 2897 2897 2897 2898 2898 2898 2915 2915 2915 2897 2897 2897 2915 2915 2915 2914 2914 2914 2898 2898 2898 2899 2899 2899 2916 2916 2916 2898 2898 2898 2916 2916 2916 2915 2915 2915 2899 2899 2899 2900 2900 2900 2917 2917 2917 2899 2899 2899 2917 2917 2917 2916 2916 2916 2900 2900 2900 2901 2901 2901 2918 2918 2918 2900 2900 2900 2918 2918 2918 2917 2917 2917 2901 2901 2901 2902 2902 2902 2919 2919 2919 2901 2901 2901 2919 2919 2919 2918 2918 2918 2903 2903 2903 2904 2904 2904 2921 2921 2921 2903 2903 2903 2921 2921 2921 2920 2920 2920 2904 2904 2904 2905 2905 2905 2922 2922 2922 2904 2904 2904 2922 2922 2922 2921 2921 2921 2905 2905 2905 2906 2906 2906 2923 2923 2923 2905 2905 2905 2923 2923 2923 2922 2922 2922 2906 2906 2906 2907 2907 2907 2924 2924 2924 2906 2906 2906 2924 2924 2924 2923 2923 2923 2907 2907 2907 2908 2908 2908 2925 2925 2925 2907 2907 2907 2925 2925 2925 2924 2924 2924 2908 2908 2908 2909 2909 2909 2926 2926 2926 2908 2908 2908 2926 2926 2926 2925 2925 2925 2909 2909 2909 2910 2910 2910 2927 2927 2927 2909 2909 2909 2927 2927 2927 2926 2926 2926 2910 2910 2910 2911 2911 2911 2928 2928 2928 2910 2910 2910 2928 2928 2928 2927 2927 2927 2911 2911 2911 2912 2912 2912 2929 2929 2929 2911 2911 2911 2929 2929 2929 2928 2928 2928 2912 2912 2912 2913 2913 2913 2930 2930 2930 2912 2912 2912 2930 2930 2930 2929 2929 2929 2913 2913 2913 2914 2914 2914 2931 2931 2931 2913 2913 2913 2931 2931 2931 2930 2930 2930 2914 2914 2914 2915 2915 2915 2932 2932 2932 2914 2914 2914 2932 2932 2932 2931 2931 2931 2915 2915 2915 2916 2916 2916 2933 2933 2933 2915 2915 2915 2933 2933 2933 2932 2932 2932 2916 2916 2916 2917 2917 2917 2934 2934 2934 2916 2916 2916 2934 2934 2934 2933 2933 2933 2917 2917 2917 2918 2918 2918 2935 2935 2935 2917 2917 2917 2935 2935 2935 2934 2934 2934 2918 2918 2918 2919 2919 2919 2936 2936 2936 2918 2918 2918 2936 2936 2936 2935 2935 2935 2920 2920 2920 2921 2921 2921 2938 2938 2938 2920 2920 2920 2938 2938 2938 2937 2937 2937 2921 2921 2921 2922 2922 2922 2939 2939 2939 2921 2921 2921 2939 2939 2939 2938 2938 2938 2922 2922 2922 2923 2923 2923 2940 2940 2940 2922 2922 2922 2940 2940 2940 2939 2939 2939 2923 2923 2923 2924 2924 2924 2941 2941 2941 2923 2923 2923 2941 2941 2941 2940 2940 2940 2924 2924 2924 2925 2925 2925 2942 2942 2942 2924 2924 2924 2942 2942 2942 2941 2941 2941 2925 2925 2925 2926 2926 2926 2943 2943 2943 2925 2925 2925 2943 2943 2943 2942 2942 2942 2926 2926 2926 2927 2927 2927 2944 2944 2944 2926 2926 2926 2944 2944 2944 2943 2943 2943 2927 2927 2927 2928 2928 2928 2945 2945 2945 2927 2927 2927 2945 2945 2945 2944 2944 2944 2928 2928 2928 2929 2929 2929 2946 2946 2946 2928 2928 2928 2946 2946 2946 2945 2945 2945 2929 2929 2929 2930 2930 2930 2947 2947 2947 2929 2929 2929 2947 2947 2947 2946 2946 2946 2930 2930 2930 2931 2931 2931 2948 2948 2948 2930 2930 2930 2948 2948 2948 2947 2947 2947 2931 2931 2931 2932 2932 2932 2949 2949 2949 2931 2931 2931 2949 2949 2949 2948 2948 2948 2932 2932 2932 2933 2933 2933 2950 2950 2950 2932 2932 2932 2950 2950 2950 2949 2949 2949 2933 2933 2933 2934 2934 2934 2951 2951 2951 2933 2933 2933 2951 2951 2951 2950 2950 2950 2934 2934 2934 2935 2935 2935 2952 2952 2952 2934 2934 2934 2952 2952 2952 2951 2951 2951 2935 2935 2935 2936 2936 2936 2953 2953 2953 2935 2935 2935 2953 2953 2953 2952 2952 2952 2937 2937 2937 2938 2938 2938 2955 2955 2955 2937 2937 2937 2955 2955 2955 2954 2954 2954 2938 2938 2938 2939 2939 2939 2956 2956 2956 2938 2938 2938 2956 2956 2956 2955 2955 2955 2939 2939 2939 2940 2940 2940 2957 2957 2957 2939 2939 2939 2957 2957 2957 2956 2956 2956 2940 2940 2940 2941 2941 2941 2958 2958 2958 2940 2940 2940 2958 2958 2958 2957 2957 2957 2941 2941 2941 2942 2942 2942 2959 2959 2959 2941 2941 2941 2959 2959 2959 2958 2958 2958 2942 2942 2942 2943 2943 2943 2960 2960 2960 2942 2942 2942 2960 2960 2960 2959 2959 2959 2943 2943 2943 2944 2944 2944 2961 2961 2961 2943 2943 2943 2961 2961 2961 2960 2960 2960 2944 2944 2944 2945 2945 2945 2962 2962 2962 2944 2944 2944 2962 2962 2962 2961 2961 2961 2945 2945 2945 2946 2946 2946 2963 2963 2963 2945 2945 2945 2963 2963 2963 2962 2962 2962 2946 2946 2946 2947 2947 2947 2964 2964 2964 2946 2946 2946 2964 2964 2964 2963 2963 2963 2947 2947 2947 2948 2948 2948 2965 2965 2965 2947 2947 2947 2965 2965 2965 2964 2964 2964 2948 2948 2948 2949 2949 2949 2966 2966 2966 2948 2948 2948 2966 2966 2966 2965 2965 2965 2949 2949 2949 2950 2950 2950 2967 2967 2967 2949 2949 2949 2967 2967 2967 2966 2966 2966 2950 2950 2950 2951 2951 2951 2968 2968 2968 2950 2950 2950 2968 2968 2968 2967 2967 2967 2951 2951 2951 2952 2952 2952 2969 2969 2969 2951 2951 2951 2969 2969 2969 2968 2968 2968 2952 2952 2952 2953 2953 2953 2970 2970 2970 2952 2952 2952 2970 2970 2970 2969 2969 2969 2954 2954 2954 2955 2955 2955 2972 2972 2972 2954 2954 2954 2972 2972 2972 2971 2971 2971 2955 2955 2955 2956 2956 2956 2973 2973 2973 2955 2955 2955 2973 2973 2973 2972 2972 2972 2956 2956 2956 2957 2957 2957 2974 2974 2974 2956 2956 2956 2974 2974 2974 2973 2973 2973 2957 2957 2957 2958 2958 2958 2975 2975 2975 2957 2957 2957 2975 2975 2975 2974 2974 2974 2958 2958 2958 2959 2959 2959 2976 2976 2976 2958 2958 2958 2976 2976 2976 2975 2975 2975 2959 2959 2959 2960 2960 2960 2977 2977 2977 2959 2959 2959 2977 2977 2977 2976 2976 2976 2960 2960 2960 2961 2961 2961 2978 2978 2978 2960 2960 2960 2978 2978 2978 2977 2977 2977 2961 2961 2961 2962 2962 2962 2979 2979 2979 2961 2961 2961 2979 2979 2979 2978 2978 2978 2962 2962 2962 2963 2963 2963 2980 2980 2980 2962 2962 2962 2980 2980 2980 2979 2979 2979 2963 2963 2963 2964 2964 2964 2981 2981 2981 2963 2963 2963 2981 2981 2981 2980 2980 2980 2964 2964 2964 2965 2965 2965 2982 2982 2982 2964 2964 2964 2982 2982 2982 2981 2981 2981 2965 2965 2965 2966 2966 2966 2983 2983 2983 2965 2965 2965 2983 2983 2983 2982 2982 2982 2966 2966 2966 2967 2967 2967 2984 2984 2984 2966 2966 2966 2984 2984 2984 2983 2983 2983 2967 2967 2967 2968 2968 2968 2985 2985 2985 2967 2967 2967 2985 2985 2985 2984 2984 2984 2968 2968 2968 2969 2969 2969 2986 2986 2986 2968 2968 2968 2986 2986 2986 2985 2985 2985 2969 2969 2969 2970 2970 2970 2987 2987 2987 2969 2969 2969 2987 2987 2987 2986 2986 2986 2971 2971 2971 2972 2972 2972 2989 2989 2989 2971 2971 2971 2989 2989 2989 2988 2988 2988 2972 2972 2972 2973 2973 2973 2990 2990 2990 2972 2972 2972 2990 2990 2990 2989 2989 2989 2973 2973 2973 2974 2974 2974 2991 2991 2991 2973 2973 2973 2991 2991 2991 2990 2990 2990 2974 2974 2974 2975 2975 2975 2992 2992 2992 2974 2974 2974 2992 2992 2992 2991 2991 2991 2975 2975 2975 2976 2976 2976 2993 2993 2993 2975 2975 2975 2993 2993 2993 2992 2992 2992 2976 2976 2976 2977 2977 2977 2994 2994 2994 2976 2976 2976 2994 2994 2994 2993 2993 2993 2977 2977 2977 2978 2978 2978 2995 2995 2995 2977 2977 2977 2995 2995 2995 2994 2994 2994 2978 2978 2978 2979 2979 2979 2996 2996 2996 2978 2978 2978 2996 2996 2996 2995 2995 2995 2979 2979 2979 2980 2980 2980 2997 2997 2997 2979 2979 2979 2997 2997 2997 2996 2996 2996 2980 2980 2980 2981 2981 2981 2998 2998 2998 2980 2980 2980 2998 2998 2998 2997 2997 2997 2981 2981 2981 2982 2982 2982 2999 2999 2999 2981 2981 2981 2999 2999 2999 2998 2998 2998 2982 2982 2982 2983 2983 2983 3000 3000 3000 2982 2982 2982 3000 3000 3000 2999 2999 2999 2983 2983 2983 2984 2984 2984 3001 3001 3001 2983 2983 2983 3001 3001 3001 3000 3000 3000 2984 2984 2984 2985 2985 2985 3002 3002 3002 2984 2984 2984 3002 3002 3002 3001 3001 3001 2985 2985 2985 2986 2986 2986 3003 3003 3003 2985 2985 2985 3003 3003 3003 3002 3002 3002 2986 2986 2986 2987 2987 2987 3004 3004 3004 2986 2986 2986 3004 3004 3004 3003 3003 3003 2988 2988 2988 2989 2989 2989 3006 3006 3006 2988 2988 2988 3006 3006 3006 3005 3005 3005 2989 2989 2989 2990 2990 2990 3007 3007 3007 2989 2989 2989 3007 3007 3007 3006 3006 3006 2990 2990 2990 2991 2991 2991 3008 3008 3008 2990 2990 2990 3008 3008 3008 3007 3007 3007 2991 2991 2991 2992 2992 2992 3009 3009 3009 2991 2991 2991 3009 3009 3009 3008 3008 3008 2992 2992 2992 2993 2993 2993 3010 3010 3010 2992 2992 2992 3010 3010 3010 3009 3009 3009 2993 2993 2993 2994 2994 2994 3011 3011 3011 2993 2993 2993 3011 3011 3011 3010 3010 3010 2994 2994 2994 2995 2995 2995 3012 3012 3012 2994 2994 2994 3012 3012 3012 3011 3011 3011 2995 2995 2995 2996 2996 2996 3013 3013 3013 2995 2995 2995 3013 3013 3013 3012 3012 3012 2996 2996 2996 2997 2997 2997 3014 3014 3014 2996 2996 2996 3014 3014 3014 3013 3013 3013 2997 2997 2997 2998 2998 2998 3015 3015 3015 2997 2997 2997 3015 3015 3015 3014 3014 3014 2998 2998 2998 2999 2999 2999 3016 3016 3016 2998 2998 2998 3016 3016 3016 3015 3015 3015 2999 2999 2999 3000 3000 3000 3017 3017 3017 2999 2999 2999 3017 3017 3017 3016 3016 3016 3000 3000 3000 3001 3001 3001 3018 3018 3018 3000 3000 3000 3018 3018 3018 3017 3017 3017 3001 3001 3001 3002 3002 3002 3019 3019 3019 3001 3001 3001 3019 3019 3019 3018 3018 3018 3002 3002 3002 3003 3003 3003 3020 3020 3020 3002 3002 3002 3020 3020 3020 3019 3019 3019 3003 3003 3003 3004 3004 3004 3021 3021 3021 3003 3003 3003 3021 3021 3021 3020 3020 3020 3005 3005 3005 3006 3006 3006 3023 3023 3023 3005 3005 3005 3023 3023 3023 3022 3022 3022 3006 3006 3006 3007 3007 3007 3024 3024 3024 3006 3006 3006 3024 3024 3024 3023 3023 3023 3007 3007 3007 3008 3008 3008 3025 3025 3025 3007 3007 3007 3025 3025 3025 3024 3024 3024 3008 3008 3008 3009 3009 3009 3026 3026 3026 3008 3008 3008 3026 3026 3026 3025 3025 3025 3009 3009 3009 3010 3010 3010 3027 3027 3027 3009 3009 3009 3027 3027 3027 3026 3026 3026 3010 3010 3010 3011 3011 3011 3028 3028 3028 3010 3010 3010 3028 3028 3028 3027 3027 3027 3011 3011 3011 3012 3012 3012 3029 3029 3029 3011 3011 3011 3029 3029 3029 3028 3028 3028 3012 3012 3012 3013 3013 3013 3030 3030 3030 3012 3012 3012 3030 3030 3030 3029 3029 3029 3013 3013 3013 3014 3014 3014 3031 3031 3031 3013 3013 3013 3031 3031 3031 3030 3030 3030 3014 3014 3014 3015 3015 3015 3032 3032 3032 3014 3014 3014 3032 3032 3032 3031 3031 3031 3015 3015 3015 3016 3016 3016 3033 3033 3033 3015 3015 3015 3033 3033 3033 3032 3032 3032 3016 3016 3016 3017 3017 3017 3034 3034 3034 3016 3016 3016 3034 3034 3034 3033 3033 3033 3017 3017 3017 3018 3018 3018 3035 3035 3035 3017 3017 3017 3035 3035 3035 3034 3034 3034 3018 3018 3018 3019 3019 3019 3036 3036 3036 3018 3018 3018 3036 3036 3036 3035 3035 3035 3019 3019 3019 3020 3020 3020 3037 3037 3037 3019 3019 3019 3037 3037 3037 3036 3036 3036 3020 3020 3020 3021 3021 3021 3038 3038 3038 3020 3020 3020 3038 3038 3038 3037 3037 3037 3022 3022 3022 3023 3023 3023 3040 3040 3040 3022 3022 3022 3040 3040 3040 3039 3039 3039 3023 3023 3023 3024 3024 3024 3041 3041 3041 3023 3023 3023 3041 3041 3041 3040 3040 3040 3024 3024 3024 3025 3025 3025 3042 3042 3042 3024 3024 3024 3042 3042 3042 3041 3041 3041 3025 3025 3025 3026 3026 3026 3043 3043 3043 3025 3025 3025 3043 3043 3043 3042 3042 3042 3026 3026 3026 3027 3027 3027 3044 3044 3044 3026 3026 3026 3044 3044 3044 3043 3043 3043 3027 3027 3027 3028 3028 3028 3045 3045 3045 3027 3027 3027 3045 3045 3045 3044 3044 3044 3028 3028 3028 3029 3029 3029 3046 3046 3046 3028 3028 3028 3046 3046 3046 3045 3045 3045 3029 3029 3029 3030 3030 3030 3047 3047 3047 3029 3029 3029 3047 3047 3047 3046 3046 3046 3030 3030 3030 3031 3031 3031 3048 3048 3048 3030 3030 3030 3048 3048 3048 3047 3047 3047 3031 3031 3031 3032 3032 3032 3049 3049 3049 3031 3031 3031 3049 3049 3049 3048 3048 3048 3032 3032 3032 3033 3033 3033 3050 3050 3050 3032 3032 3032 3050 3050 3050 3049 3049 3049 3033 3033 3033 3034 3034 3034 3051 3051 3051 3033 3033 3033 3051 3051 3051 3050 3050 3050 3034 3034 3034 3035 3035 3035 3052 3052 3052 3034 3034 3034 3052 3052 3052 3051 3051 3051 3035 3035 3035 3036 3036 3036 3053 3053 3053 3035 3035 3035 3053 3053 3053 3052 3052 3052 3036 3036 3036 3037 3037 3037 3054 3054 3054 3036 3036 3036 3054 3054 3054 3053 3053 3053 3037 3037 3037 3038 3038 3038 3055 3055 3055 3037 3037 3037 3055 3055 3055 3054 3054 3054 3039 3039 3039 3040 3040 3040 3057 3057 3057 3039 3039 3039 3057 3057 3057 3056 3056 3056 3040 3040 3040 3041 3041 3041 3058 3058 3058 3040 3040 3040 3058 3058 3058 3057 3057 3057 3041 3041 3041 3042 3042 3042 3059 3059 3059 3041 3041 3041 3059 3059 3059 3058 3058 3058 3042 3042 3042 3043 3043 3043 3060 3060 3060 3042 3042 3042 3060 3060 3060 3059 3059 3059 3043 3043 3043 3044 3044 3044 3061 3061 3061 3043 3043 3043 3061 3061 3061 3060 3060 3060 3044 3044 3044 3045 3045 3045 3062 3062 3062 3044 3044 3044 3062 3062 3062 3061 3061 3061 3045 3045 3045 3046 3046 3046 3063 3063 3063 3045 3045 3045 3063 3063 3063 3062 3062 3062 3046 3046 3046 3047 3047 3047 3064 3064 3064 3046 3046 3046 3064 3064 3064 3063 3063 3063 3047 3047 3047 3048 3048 3048 3065 3065 3065 3047 3047 3047 3065 3065 3065 3064 3064 3064 3048 3048 3048 3049 3049 3049 3066 3066 3066 3048 3048 3048 3066 3066 3066 3065 3065 3065 3049 3049 3049 3050 3050 3050 3067 3067 3067 3049 3049 3049 3067 3067 3067 3066 3066 3066 3050 3050 3050 3051 3051 3051 3068 3068 3068 3050 3050 3050 3068 3068 3068 3067 3067 3067 3051 3051 3051 3052 3052 3052 3069 3069 3069 3051 3051 3051 3069 3069 3069 3068 3068 3068 3052 3052 3052 3053 3053 3053 3070 3070 3070 3052 3052 3052 3070 3070 3070 3069 3069 3069 3053 3053 3053 3054 3054 3054 3071 3071 3071 3053 3053 3053 3071 3071 3071 3070 3070 3070 3054 3054 3054 3055 3055 3055 3072 3072 3072 3054 3054 3054 3072 3072 3072 3071 3071 3071 3056 3056 3056 3057 3057 3057 3074 3074 3074 3056 3056 3056 3074 3074 3074 3073 3073 3073 3057 3057 3057 3058 3058 3058 3075 3075 3075 3057 3057 3057 3075 3075 3075 3074 3074 3074 3058 3058 3058 3059 3059 3059 3076 3076 3076 3058 3058 3058 3076 3076 3076 3075 3075 3075 3059 3059 3059 3060 3060 3060 3077 3077 3077 3059 3059 3059 3077 3077 3077 3076 3076 3076 3060 3060 3060 3061 3061 3061 3078 3078 3078 3060 3060 3060 3078 3078 3078 3077 3077 3077 3061 3061 3061 3062 3062 3062 3079 3079 3079 3061 3061 3061 3079 3079 3079 3078 3078 3078 3062 3062 3062 3063 3063 3063 3080 3080 3080 3062 3062 3062 3080 3080 3080 3079 3079 3079 3063 3063 3063 3064 3064 3064 3081 3081 3081 3063 3063 3063 3081 3081 3081 3080 3080 3080 3064 3064 3064 3065 3065 3065 3082 3082 3082 3064 3064 3064 3082 3082 3082 3081 3081 3081 3065 3065 3065 3066 3066 3066 3083 3083 3083 3065 3065 3065 3083 3083 3083 3082 3082 3082 3066 3066 3066 3067 3067 3067 3084 3084 3084 3066 3066 3066 3084 3084 3084 3083 3083 3083 3067 3067 3067 3068 3068 3068 3085 3085 3085 3067 3067 3067 3085 3085 3085 3084 3084 3084 3068 3068 3068 3069 3069 3069 3086 3086 3086 3068 3068 3068 3086 3086 3086 3085 3085 3085 3069 3069 3069 3070 3070 3070 3087 3087 3087 3069 3069 3069 3087 3087 3087 3086 3086 3086 3070 3070 3070 3071 3071 3071 3088 3088 3088 3070 3070 3070 3088 3088 3088 3087 3087 3087 3071 3071 3071 3072 3072 3072 3089 3089 3089 3071 3071 3071 3089 3089 3089 3088 3088 3088 3073 3073 3073 3074 3074 3074 3091 3091 3091 3073 3073 3073 3091 3091 3091 3090 3090 3090 3074 3074 3074 3075 3075 3075 3092 3092 3092 3074 3074 3074 3092 3092 3092 3091 3091 3091 3075 3075 3075 3076 3076 3076 3093 3093 3093 3075 3075 3075 3093 3093 3093 3092 3092 3092 3076 3076 3076 3077 3077 3077 3094 3094 3094 3076 3076 3076 3094 3094 3094 3093 3093 3093 3077 3077 3077 3078 3078 3078 3095 3095 3095 3077 3077 3077 3095 3095 3095 3094 3094 3094 3078 3078 3078 3079 3079 3079 3096 3096 3096 3078 3078 3078 3096 3096 3096 3095 3095 3095 3079 3079 3079 3080 3080 3080 3097 3097 3097 3079 3079 3079 3097 3097 3097 3096 3096 3096 3080 3080 3080 3081 3081 3081 3098 3098 3098 3080 3080 3080 3098 3098 3098 3097 3097 3097 3081 3081 3081 3082 3082 3082 3099 3099 3099 3081 3081 3081 3099 3099 3099 3098 3098 3098 3082 3082 3082 3083 3083 3083 3100 3100 3100 3082 3082 3082 3100 3100 3100 3099 3099 3099 3083 3083 3083 3084 3084 3084 3101 3101 3101 3083 3083 3083 3101 3101 3101 3100 3100 3100 3084 3084 3084 3085 3085 3085 3102 3102 3102 3084 3084 3084 3102 3102 3102 3101 3101 3101 3085 3085 3085 3086 3086 3086 3103 3103 3103 3085 3085 3085 3103 3103 3103 3102 3102 3102 3086 3086 3086 3087 3087 3087 3104 3104 3104 3086 3086 3086 3104 3104 3104 3103 3103 3103 3087 3087 3087 3088 3088 3088 3105 3105 3105 3087 3087 3087 3105 3105 3105 3104 3104 3104 3088 3088 3088 3089 3089 3089 3106 3106 3106 3088 3088 3088 3106 3106 3106 3105 3105 3105 3090 3090 3090 3091 3091 3091 3108 3108 3108 3090 3090 3090 3108 3108 3108 3107 3107 3107 3091 3091 3091 3092 3092 3092 3109 3109 3109 3091 3091 3091 3109 3109 3109 3108 3108 3108 3092 3092 3092 3093 3093 3093 3110 3110 3110 3092 3092 3092 3110 3110 3110 3109 3109 3109 3093 3093 3093 3094 3094 3094 3111 3111 3111 3093 3093 3093 3111 3111 3111 3110 3110 3110 3094 3094 3094 3095 3095 3095 3112 3112 3112 3094 3094 3094 3112 3112 3112 3111 3111 3111 3095 3095 3095 3096 3096 3096 3113 3113 3113 3095 3095 3095 3113 3113 3113 3112 3112 3112 3096 3096 3096 3097 3097 3097 3114 3114 3114 3096 3096 3096 3114 3114 3114 3113 3113 3113 3097 3097 3097 3098 3098 3098 3115 3115 3115 3097 3097 3097 3115 3115 3115 3114 3114 3114 3098 3098 3098 3099 3099 3099 3116 3116 3116 3098 3098 3098 3116 3116 3116 3115 3115 3115 3099 3099 3099 3100 3100 3100 3117 3117 3117 3099 3099 3099 3117 3117 3117 3116 3116 3116 3100 3100 3100 3101 3101 3101 3118 3118 3118 3100 3100 3100 3118 3118 3118 3117 3117 3117 3101 3101 3101 3102 3102 3102 3119 3119 3119 3101 3101 3101 3119 3119 3119 3118 3118 3118 3102 3102 3102 3103 3103 3103 3120 3120 3120 3102 3102 3102 3120 3120 3120 3119 3119 3119 3103 3103 3103 3104 3104 3104 3121 3121 3121 3103 3103 3103 3121 3121 3121 3120 3120 3120 3104 3104 3104 3105 3105 3105 3122 3122 3122 3104 3104 3104 3122 3122 3122 3121 3121 3121 3105 3105 3105 3106 3106 3106 3123 3123 3123 3105 3105 3105 3123 3123 3123 3122 3122 3122 3124 3124 3124 3125 3125 3125 3142 3142 3142 3124 3124 3124 3142 3142 3142 3141 3141 3141 3125 3125 3125 3126 3126 3126 3143 3143 3143 3125 3125 3125 3143 3143 3143 3142 3142 3142 3126 3126 3126 3127 3127 3127 3144 3144 3144 3126 3126 3126 3144 3144 3144 3143 3143 3143 3127 3127 3127 3128 3128 3128 3145 3145 3145 3127 3127 3127 3145 3145 3145 3144 3144 3144 3128 3128 3128 3129 3129 3129 3146 3146 3146 3128 3128 3128 3146 3146 3146 3145 3145 3145 3129 3129 3129 3130 3130 3130 3147 3147 3147 3129 3129 3129 3147 3147 3147 3146 3146 3146 3130 3130 3130 3131 3131 3131 3148 3148 3148 3130 3130 3130 3148 3148 3148 3147 3147 3147 3131 3131 3131 3132 3132 3132 3149 3149 3149 3131 3131 3131 3149 3149 3149 3148 3148 3148 3132 3132 3132 3133 3133 3133 3150 3150 3150 3132 3132 3132 3150 3150 3150 3149 3149 3149 3133 3133 3133 3134 3134 3134 3151 3151 3151 3133 3133 3133 3151 3151 3151 3150 3150 3150 3134 3134 3134 3135 3135 3135 3152 3152 3152 3134 3134 3134 3152 3152 3152 3151 3151 3151 3135 3135 3135 3136 3136 3136 3153 3153 3153 3135 3135 3135 3153 3153 3153 3152 3152 3152 3136 3136 3136 3137 3137 3137 3154 3154 3154 3136 3136 3136 3154 3154 3154 3153 3153 3153 3137 3137 3137 3138 3138 3138 3155 3155 3155 3137 3137 3137 3155 3155 3155 3154 3154 3154 3138 3138 3138 3139 3139 3139 3156 3156 3156 3138 3138 3138 3156 3156 3156 3155 3155 3155 3139 3139 3139 3140 3140 3140 3157 3157 3157 3139 3139 3139 3157 3157 3157 3156 3156 3156 3141 3141 3141 3142 3142 3142 3159 3159 3159 3141 3141 3141 3159 3159 3159 3158 3158 3158 3142 3142 3142 3143 3143 3143 3160 3160 3160 3142 3142 3142 3160 3160 3160 3159 3159 3159 3143 3143 3143 3144 3144 3144 3161 3161 3161 3143 3143 3143 3161 3161 3161 3160 3160 3160 3144 3144 3144 3145 3145 3145 3162 3162 3162 3144 3144 3144 3162 3162 3162 3161 3161 3161 3145 3145 3145 3146 3146 3146 3163 3163 3163 3145 3145 3145 3163 3163 3163 3162 3162 3162 3146 3146 3146 3147 3147 3147 3164 3164 3164 3146 3146 3146 3164 3164 3164 3163 3163 3163 3147 3147 3147 3148 3148 3148 3165 3165 3165 3147 3147 3147 3165 3165 3165 3164 3164 3164 3148 3148 3148 3149 3149 3149 3166 3166 3166 3148 3148 3148 3166 3166 3166 3165 3165 3165 3149 3149 3149 3150 3150 3150 3167 3167 3167 3149 3149 3149 3167 3167 3167 3166 3166 3166 3150 3150 3150 3151 3151 3151 3168 3168 3168 3150 3150 3150 3168 3168 3168 3167 3167 3167 3151 3151 3151 3152 3152 3152 3169 3169 3169 3151 3151 3151 3169 3169 3169 3168 3168 3168 3152 3152 3152 3153 3153 3153 3170 3170 3170 3152 3152 3152 3170 3170 3170 3169 3169 3169 3153 3153 3153 3154 3154 3154 3171 3171 3171 3153 3153 3153 3171 3171 3171 3170 3170 3170 3154 3154 3154 3155 3155 3155 3172 3172 3172 3154 3154 3154 3172 3172 3172 3171 3171 3171 3155 3155 3155 3156 3156 3156 3173 3173 3173 3155 3155 3155 3173 3173 3173 3172 3172 3172 3156 3156 3156 3157 3157 3157 3174 3174 3174 3156 3156 3156 3174 3174 3174 3173 3173 3173 3158 3158 3158 3159 3159 3159 3176 3176 3176 3158 3158 3158 3176 3176 3176 3175 3175 3175 3159 3159 3159 3160 3160 3160 3177 3177 3177 3159 3159 3159 3177 3177 3177 3176 3176 3176 3160 3160 3160 3161 3161 3161 3178 3178 3178 3160 3160 3160 3178 3178 3178 3177 3177 3177 3161 3161 3161 3162 3162 3162 3179 3179 3179 3161 3161 3161 3179 3179 3179 3178 3178 3178 3162 3162 3162 3163 3163 3163 3180 3180 3180 3162 3162 3162 3180 3180 3180 3179 3179 3179 3163 3163 3163 3164 3164 3164 3181 3181 3181 3163 3163 3163 3181 3181 3181 3180 3180 3180 3164 3164 3164 3165 3165 3165 3182 3182 3182 3164 3164 3164 3182 3182 3182 3181 3181 3181 3165 3165 3165 3166 3166 3166 3183 3183 3183 3165 3165 3165 3183 3183 3183 3182 3182 3182 3166 3166 3166 3167 3167 3167 3184 3184 3184 3166 3166 3166 3184 3184 3184 3183 3183 3183 3167 3167 3167 3168 3168 3168 3185 3185 3185 3167 3167 3167 3185 3185 3185 3184 3184 3184 3168 3168 3168 3169 3169 3169 3186 3186 3186 3168 3168 3168 3186 3186 3186 3185 3185 3185 3169 3169 3169 3170 3170 3170 3187 3187 3187 3169 3169 3169 3187 3187 3187 3186 3186 3186 3170 3170 3170 3171 3171 3171 3188 3188 3188 3170 3170 3170 3188 3188 3188 3187 3187 3187 3171 3171 3171 3172 3172 3172 3189 3189 3189 3171 3171 3171 3189 3189 3189 3188 3188 3188 3172 3172 3172 3173 3173 3173 3190 3190 3190 3172 3172 3172 3190 3190 3190 3189 3189 3189 3173 3173 3173 3174 3174 3174 3191 3191 3191 3173 3173 3173 3191 3191 3191 3190 3190 3190 3175 3175 3175 3176 3176 3176 3193 3193 3193 3175 3175 3175 3193 3193 3193 3192 3192 3192 3176 3176 3176 3177 3177 3177 3194 3194 3194 3176 3176 3176 3194 3194 3194 3193 3193 3193 3177 3177 3177 3178 3178 3178 3195 3195 3195 3177 3177 3177 3195 3195 3195 3194 3194 3194 3178 3178 3178 3179 3179 3179 3196 3196 3196 3178 3178 3178 3196 3196 3196 3195 3195 3195 3179 3179 3179 3180 3180 3180 3197 3197 3197 3179 3179 3179 3197 3197 3197 3196 3196 3196 3180 3180 3180 3181 3181 3181 3198 3198 3198 3180 3180 3180 3198 3198 3198 3197 3197 3197 3181 3181 3181 3182 3182 3182 3199 3199 3199 3181 3181 3181 3199 3199 3199 3198 3198 3198 3182 3182 3182 3183 3183 3183 3200 3200 3200 3182 3182 3182 3200 3200 3200 3199 3199 3199 3183 3183 3183 3184 3184 3184 3201 3201 3201 3183 3183 3183 3201 3201 3201 3200 3200 3200 3184 3184 3184 3185 3185 3185 3202 3202 3202 3184 3184 3184 3202 3202 3202 3201 3201 3201 3185 3185 3185 3186 3186 3186 3203 3203 3203 3185 3185 3185 3203 3203 3203 3202 3202 3202 3186 3186 3186 3187 3187 3187 3204 3204 3204 3186 3186 3186 3204 3204 3204 3203 3203 3203 3187 3187 3187 3188 3188 3188 3205 3205 3205 3187 3187 3187 3205 3205 3205 3204 3204 3204 3188 3188 3188 3189 3189 3189 3206 3206 3206 3188 3188 3188 3206 3206 3206 3205 3205 3205 3189 3189 3189 3190 3190 3190 3207 3207 3207 3189 3189 3189 3207 3207 3207 3206 3206 3206 3190 3190 3190 3191 3191 3191 3208 3208 3208 3190 3190 3190 3208 3208 3208 3207 3207 3207 3192 3192 3192 3193 3193 3193 3210 3210 3210 3192 3192 3192 3210 3210 3210 3209 3209 3209 3193 3193 3193 3194 3194 3194 3211 3211 3211 3193 3193 3193 3211 3211 3211 3210 3210 3210 3194 3194 3194 3195 3195 3195 3212 3212 3212 3194 3194 3194 3212 3212 3212 3211 3211 3211 3195 3195 3195 3196 3196 3196 3213 3213 3213 3195 3195 3195 3213 3213 3213 3212 3212 3212 3196 3196 3196 3197 3197 3197 3214 3214 3214 3196 3196 3196 3214 3214 3214 3213 3213 3213 3197 3197 3197 3198 3198 3198 3215 3215 3215 3197 3197 3197 3215 3215 3215 3214 3214 3214 3198 3198 3198 3199 3199 3199 3216 3216 3216 3198 3198 3198 3216 3216 3216 3215 3215 3215 3199 3199 3199 3200 3200 3200 3217 3217 3217 3199 3199 3199 3217 3217 3217 3216 3216 3216 3200 3200 3200 3201 3201 3201 3218 3218 3218 3200 3200 3200 3218 3218 3218 3217 3217 3217 3201 3201 3201 3202 3202 3202 3219 3219 3219 3201 3201 3201 3219 3219 3219 3218 3218 3218 3202 3202 3202 3203 3203 3203 3220 3220 3220 3202 3202 3202 3220 3220 3220 3219 3219 3219 3203 3203 3203 3204 3204 3204 3221 3221 3221 3203 3203 3203 3221 3221 3221 3220 3220 3220 3204 3204 3204 3205 3205 3205 3222 3222 3222 3204 3204 3204 3222 3222 3222 3221 3221 3221 3205 3205 3205 3206 3206 3206 3223 3223 3223 3205 3205 3205 3223 3223 3223 3222 3222 3222 3206 3206 3206 3207 3207 3207 3224 3224 3224 3206 3206 3206 3224 3224 3224 3223 3223 3223 3207 3207 3207 3208 3208 3208 3225 3225 3225 3207 3207 3207 3225 3225 3225 3224 3224 3224 3209 3209 3209 3210 3210 3210 3227 3227 3227 3209 3209 3209 3227 3227 3227 3226 3226 3226 3210 3210 3210 3211 3211 3211 3228 3228 3228 3210 3210 3210 3228 3228 3228 3227 3227 3227 3211 3211 3211 3212 3212 3212 3229 3229 3229 3211 3211 3211 3229 3229 3229 3228 3228 3228 3212 3212 3212 3213 3213 3213 3230 3230 3230 3212 3212 3212 3230 3230 3230 3229 3229 3229 3213 3213 3213 3214 3214 3214 3231 3231 3231 3213 3213 3213 3231 3231 3231 3230 3230 3230 3214 3214 3214 3215 3215 3215 3232 3232 3232 3214 3214 3214 3232 3232 3232 3231 3231 3231 3215 3215 3215 3216 3216 3216 3233 3233 3233 3215 3215 3215 3233 3233 3233 3232 3232 3232 3216 3216 3216 3217 3217 3217 3234 3234 3234 3216 3216 3216 3234 3234 3234 3233 3233 3233 3217 3217 3217 3218 3218 3218 3235 3235 3235 3217 3217 3217 3235 3235 3235 3234 3234 3234 3218 3218 3218 3219 3219 3219 3236 3236 3236 3218 3218 3218 3236 3236 3236 3235 3235 3235 3219 3219 3219 3220 3220 3220 3237 3237 3237 3219 3219 3219 3237 3237 3237 3236 3236 3236 3220 3220 3220 3221 3221 3221 3238 3238 3238 3220 3220 3220 3238 3238 3238 3237 3237 3237 3221 3221 3221 3222 3222 3222 3239 3239 3239 3221 3221 3221 3239 3239 3239 3238 3238 3238 3222 3222 3222 3223 3223 3223 3240 3240 3240 3222 3222 3222 3240 3240 3240 3239 3239 3239 3223 3223 3223 3224 3224 3224 3241 3241 3241 3223 3223 3223 3241 3241 3241 3240 3240 3240 3224 3224 3224 3225 3225 3225 3242 3242 3242 3224 3224 3224 3242 3242 3242 3241 3241 3241 3226 3226 3226 3227 3227 3227 3244 3244 3244 3226 3226 3226 3244 3244 3244 3243 3243 3243 3227 3227 3227 3228 3228 3228 3245 3245 3245 3227 3227 3227 3245 3245 3245 3244 3244 3244 3228 3228 3228 3229 3229 3229 3246 3246 3246 3228 3228 3228 3246 3246 3246 3245 3245 3245 3229 3229 3229 3230 3230 3230 3247 3247 3247 3229 3229 3229 3247 3247 3247 3246 3246 3246 3230 3230 3230 3231 3231 3231 3248 3248 3248 3230 3230 3230 3248 3248 3248 3247 3247 3247 3231 3231 3231 3232 3232 3232 3249 3249 3249 3231 3231 3231 3249 3249 3249 3248 3248 3248 3232 3232 3232 3233 3233 3233 3250 3250 3250 3232 3232 3232 3250 3250 3250 3249 3249 3249 3233 3233 3233 3234 3234 3234 3251 3251 3251 3233 3233 3233 3251 3251 3251 3250 3250 3250 3234 3234 3234 3235 3235 3235 3252 3252 3252 3234 3234 3234 3252 3252 3252 3251 3251 3251 3235 3235 3235 3236 3236 3236 3253 3253 3253 3235 3235 3235 3253 3253 3253 3252 3252 3252 3236 3236 3236 3237 3237 3237 3254 3254 3254 3236 3236 3236 3254 3254 3254 3253 3253 3253 3237 3237 3237 3238 3238 3238 3255 3255 3255 3237 3237 3237 3255 3255 3255 3254 3254 3254 3238 3238 3238 3239 3239 3239 3256 3256 3256 3238 3238 3238 3256 3256 3256 3255 3255 3255 3239 3239 3239 3240 3240 3240 3257 3257 3257 3239 3239 3239 3257 3257 3257 3256 3256 3256 3240 3240 3240 3241 3241 3241 3258 3258 3258 3240 3240 3240 3258 3258 3258 3257 3257 3257 3241 3241 3241 3242 3242 3242 3259 3259 3259 3241 3241 3241 3259 3259 3259 3258 3258 3258 3243 3243 3243 3244 3244 3244 3261 3261 3261 3243 3243 3243 3261 3261 3261 3260 3260 3260 3244 3244 3244 3245 3245 3245 3262 3262 3262 3244 3244 3244 3262 3262 3262 3261 3261 3261 3245 3245 3245 3246 3246 3246 3263 3263 3263 3245 3245 3245 3263 3263 3263 3262 3262 3262 3246 3246 3246 3247 3247 3247 3264 3264 3264 3246 3246 3246 3264 3264 3264 3263 3263 3263 3247 3247 3247 3248 3248 3248 3265 3265 3265 3247 3247 3247 3265 3265 3265 3264 3264 3264 3248 3248 3248 3249 3249 3249 3266 3266 3266 3248 3248 3248 3266 3266 3266 3265 3265 3265 3249 3249 3249 3250 3250 3250 3267 3267 3267 3249 3249 3249 3267 3267 3267 3266 3266 3266 3250 3250 3250 3251 3251 3251 3268 3268 3268 3250 3250 3250 3268 3268 3268 3267 3267 3267 3251 3251 3251 3252 3252 3252 3269 3269 3269 3251 3251 3251 3269 3269 3269 3268 3268 3268 3252 3252 3252 3253 3253 3253 3270 3270 3270 3252 3252 3252 3270 3270 3270 3269 3269 3269 3253 3253 3253 3254 3254 3254 3271 3271 3271 3253 3253 3253 3271 3271 3271 3270 3270 3270 3254 3254 3254 3255 3255 3255 3272 3272 3272 3254 3254 3254 3272 3272 3272 3271 3271 3271 3255 3255 3255 3256 3256 3256 3273 3273 3273 3255 3255 3255 3273 3273 3273 3272 3272 3272 3256 3256 3256 3257 3257 3257 3274 3274 3274 3256 3256 3256 3274 3274 3274 3273 3273 3273 3257 3257 3257 3258 3258 3258 3275 3275 3275 3257 3257 3257 3275 3275 3275 3274 3274 3274 3258 3258 3258 3259 3259 3259 3276 3276 3276 3258 3258 3258 3276 3276 3276 3275 3275 3275 3260 3260 3260 3261 3261 3261 3278 3278 3278 3260 3260 3260 3278 3278 3278 3277 3277 3277 3261 3261 3261 3262 3262 3262 3279 3279 3279 3261 3261 3261 3279 3279 3279 3278 3278 3278 3262 3262 3262 3263 3263 3263 3280 3280 3280 3262 3262 3262 3280 3280 3280 3279 3279 3279 3263 3263 3263 3264 3264 3264 3281 3281 3281 3263 3263 3263 3281 3281 3281 3280 3280 3280 3264 3264 3264 3265 3265 3265 3282 3282 3282 3264 3264 3264 3282 3282 3282 3281 3281 3281 3265 3265 3265 3266 3266 3266 3283 3283 3283 3265 3265 3265 3283 3283 3283 3282 3282 3282 3266 3266 3266 3267 3267 3267 3284 3284 3284 3266 3266 3266 3284 3284 3284 3283 3283 3283 3267 3267 3267 3268 3268 3268 3285 3285 3285 3267 3267 3267 3285 3285 3285 3284 3284 3284 3268 3268 3268 3269 3269 3269 3286 3286 3286 3268 3268 3268 3286 3286 3286 3285 3285 3285 3269 3269 3269 3270 3270 3270 3287 3287 3287 3269 3269 3269 3287 3287 3287 3286 3286 3286 3270 3270 3270 3271 3271 3271 3288 3288 3288 3270 3270 3270 3288 3288 3288 3287 3287 3287 3271 3271 3271 3272 3272 3272 3289 3289 3289 3271 3271 3271 3289 3289 3289 3288 3288 3288 3272 3272 3272 3273 3273 3273 3290 3290 3290 3272 3272 3272 3290 3290 3290 3289 3289 3289 3273 3273 3273 3274 3274 3274 3291 3291 3291 3273 3273 3273 3291 3291 3291 3290 3290 3290 3274 3274 3274 3275 3275 3275 3292 3292 3292 3274 3274 3274 3292 3292 3292 3291 3291 3291 3275 3275 3275 3276 3276 3276 3293 3293 3293 3275 3275 3275 3293 3293 3293 3292 3292 3292 3277 3277 3277 3278 3278 3278 3295 3295 3295 3277 3277 3277 3295 3295 3295 3294 3294 3294 3278 3278 3278 3279 3279 3279 3296 3296 3296 3278 3278 3278 3296 3296 3296 3295 3295 3295 3279 3279 3279 3280 3280 3280 3297 3297 3297 3279 3279 3279 3297 3297 3297 3296 3296 3296 3280 3280 3280 3281 3281 3281 3298 3298 3298 3280 3280 3280 3298 3298 3298 3297 3297 3297 3281 3281 3281 3282 3282 3282 3299 3299 3299 3281 3281 3281 3299 3299 3299 3298 3298 3298 3282 3282 3282 3283 3283 3283 3300 3300 3300 3282 3282 3282 3300 3300 3300 3299 3299 3299 3283 3283 3283 3284 3284 3284 3301 3301 3301 3283 3283 3283 3301 3301 3301 3300 3300 3300 3284 3284 3284 3285 3285 3285 3302 3302 3302 3284 3284 3284 3302 3302 3302 3301 3301 3301 3285 3285 3285 3286 3286 3286 3303 3303 3303 3285 3285 3285 3303 3303 3303 3302 3302 3302 3286 3286 3286 3287 3287 3287 3304 3304 3304 3286 3286 3286 3304 3304 3304 3303 3303 3303 3287 3287 3287 3288 3288 3288 3305 3305 3305 3287 3287 3287 3305 3305 3305 3304 3304 3304 3288 3288 3288 3289 3289 3289 3306 3306 3306 3288 3288 3288 3306 3306 3306 3305 3305 3305 3289 3289 3289 3290 3290 3290 3307 3307 3307 3289 3289 3289 3307 3307 3307 3306 3306 3306 3290 3290 3290 3291 3291 3291 3308 3308 3308 3290 3290 3290 3308 3308 3308 3307 3307 3307 3291 3291 3291 3292 3292 3292 3309 3309 3309 3291 3291 3291 3309 3309 3309 3308 3308 3308 3292 3292 3292 3293 3293 3293 3310 3310 3310 3292 3292 3292 3310 3310 3310 3309 3309 3309 3294 3294 3294 3295 3295 3295 3312 3312 3312 3294 3294 3294 3312 3312 3312 3311 3311 3311 3295 3295 3295 3296 3296 3296 3313 3313 3313 3295 3295 3295 3313 3313 3313 3312 3312 3312 3296 3296 3296 3297 3297 3297 3314 3314 3314 3296 3296 3296 3314 3314 3314 3313 3313 3313 3297 3297 3297 3298 3298 3298 3315 3315 3315 3297 3297 3297 3315 3315 3315 3314 3314 3314 3298 3298 3298 3299 3299 3299 3316 3316 3316 3298 3298 3298 3316 3316 3316 3315 3315 3315 3299 3299 3299 3300 3300 3300 3317 3317 3317 3299 3299 3299 3317 3317 3317 3316 3316 3316 3300 3300 3300 3301 3301 3301 3318 3318 3318 3300 3300 3300 3318 3318 3318 3317 3317 3317 3301 3301 3301 3302 3302 3302 3319 3319 3319 3301 3301 3301 3319 3319 3319 3318 3318 3318 3302 3302 3302 3303 3303 3303 3320 3320 3320 3302 3302 3302 3320 3320 3320 3319 3319 3319 3303 3303 3303 3304 3304 3304 3321 3321 3321 3303 3303 3303 3321 3321 3321 3320 3320 3320 3304 3304 3304 3305 3305 3305 3322 3322 3322 3304 3304 3304 3322 3322 3322 3321 3321 3321 3305 3305 3305 3306 3306 3306 3323 3323 3323 3305 3305 3305 3323 3323 3323 3322 3322 3322 3306 3306 3306 3307 3307 3307 3324 3324 3324 3306 3306 3306 3324 3324 3324 3323 3323 3323 3307 3307 3307 3308 3308 3308 3325 3325 3325 3307 3307 3307 3325 3325 3325 3324 3324 3324 3308 3308 3308 3309 3309 3309 3326 3326 3326 3308 3308 3308 3326 3326 3326 3325 3325 3325 3309 3309 3309 3310 3310 3310 3327 3327 3327 3309 3309 3309 3327 3327 3327 3326 3326 3326 3311 3311 3311 3312 3312 3312 3329 3329 3329 3311 3311 3311 3329 3329 3329 3328 3328 3328 3312 3312 3312 3313 3313 3313 3330 3330 3330 3312 3312 3312 3330 3330 3330 3329 3329 3329 3313 3313 3313 3314 3314 3314 3331 3331 3331 3313 3313 3313 3331 3331 3331 3330 3330 3330 3314 3314 3314 3315 3315 3315 3332 3332 3332 3314 3314 3314 3332 3332 3332 3331 3331 3331 3315 3315 3315 3316 3316 3316 3333 3333 3333 3315 3315 3315 3333 3333 3333 3332 3332 3332 3316 3316 3316 3317 3317 3317 3334 3334 3334 3316 3316 3316 3334 3334 3334 3333 3333 3333 3317 3317 3317 3318 3318 3318 3335 3335 3335 3317 3317 3317 3335 3335 3335 3334 3334 3334 3318 3318 3318 3319 3319 3319 3336 3336 3336 3318 3318 3318 3336 3336 3336 3335 3335 3335 3319 3319 3319 3320 3320 3320 3337 3337 3337 3319 3319 3319 3337 3337 3337 3336 3336 3336 3320 3320 3320 3321 3321 3321 3338 3338 3338 3320 3320 3320 3338 3338 3338 3337 3337 3337 3321 3321 3321 3322 3322 3322 3339 3339 3339 3321 3321 3321 3339 3339 3339 3338 3338 3338 3322 3322 3322 3323 3323 3323 3340 3340 3340 3322 3322 3322 3340 3340 3340 3339 3339 3339 3323 3323 3323 3324 3324 3324 3341 3341 3341 3323 3323 3323 3341 3341 3341 3340 3340 3340 3324 3324 3324 3325 3325 3325 3342 3342 3342 3324 3324 3324 3342 3342 3342 3341 3341 3341 3325 3325 3325 3326 3326 3326 3343 3343 3343 3325 3325 3325 3343 3343 3343 3342 3342 3342 3326 3326 3326 3327 3327 3327 3344 3344 3344 3326 3326 3326 3344 3344 3344 3343 3343 3343 3328 3328 3328 3329 3329 3329 3346 3346 3346 3328 3328 3328 3346 3346 3346 3345 3345 3345 3329 3329 3329 3330 3330 3330 3347 3347 3347 3329 3329 3329 3347 3347 3347 3346 3346 3346 3330 3330 3330 3331 3331 3331 3348 3348 3348 3330 3330 3330 3348 3348 3348 3347 3347 3347 3331 3331 3331 3332 3332 3332 3349 3349 3349 3331 3331 3331 3349 3349 3349 3348 3348 3348 3332 3332 3332 3333 3333 3333 3350 3350 3350 3332 3332 3332 3350 3350 3350 3349 3349 3349 3333 3333 3333 3334 3334 3334 3351 3351 3351 3333 3333 3333 3351 3351 3351 3350 3350 3350 3334 3334 3334 3335 3335 3335 3352 3352 3352 3334 3334 3334 3352 3352 3352 3351 3351 3351 3335 3335 3335 3336 3336 3336 3353 3353 3353 3335 3335 3335 3353 3353 3353 3352 3352 3352 3336 3336 3336 3337 3337 3337 3354 3354 3354 3336 3336 3336 3354 3354 3354 3353 3353 3353 3337 3337 3337 3338 3338 3338 3355 3355 3355 3337 3337 3337 3355 3355 3355 3354 3354 3354 3338 3338 3338 3339 3339 3339 3356 3356 3356 3338 3338 3338 3356 3356 3356 3355 3355 3355 3339 3339 3339 3340 3340 3340 3357 3357 3357 3339 3339 3339 3357 3357 3357 3356 3356 3356 3340 3340 3340 3341 3341 3341 3358 3358 3358 3340 3340 3340 3358 3358 3358 3357 3357 3357 3341 3341 3341 3342 3342 3342 3359 3359 3359 3341 3341 3341 3359 3359 3359 3358 3358 3358 3342 3342 3342 3343 3343 3343 3360 3360 3360 3342 3342 3342 3360 3360 3360 3359 3359 3359 3343 3343 3343 3344 3344 3344 3361 3361 3361 3343 3343 3343 3361 3361 3361 3360 3360 3360 3345 3345 3345 3346 3346 3346 3363 3363 3363 3345 3345 3345 3363 3363 3363 3362 3362 3362 3346 3346 3346 3347 3347 3347 3364 3364 3364 3346 3346 3346 3364 3364 3364 3363 3363 3363 3347 3347 3347 3348 3348 3348 3365 3365 3365 3347 3347 3347 3365 3365 3365 3364 3364 3364 3348 3348 3348 3349 3349 3349 3366 3366 3366 3348 3348 3348 3366 3366 3366 3365 3365 3365 3349 3349 3349 3350 3350 3350 3367 3367 3367 3349 3349 3349 3367 3367 3367 3366 3366 3366 3350 3350 3350 3351 3351 3351 3368 3368 3368 3350 3350 3350 3368 3368 3368 3367 3367 3367 3351 3351 3351 3352 3352 3352 3369 3369 3369 3351 3351 3351 3369 3369 3369 3368 3368 3368 3352 3352 3352 3353 3353 3353 3370 3370 3370 3352 3352 3352 3370 3370 3370 3369 3369 3369 3353 3353 3353 3354 3354 3354 3371 3371 3371 3353 3353 3353 3371 3371 3371 3370 3370 3370 3354 3354 3354 3355 3355 3355 3372 3372 3372 3354 3354 3354 3372 3372 3372 3371 3371 3371 3355 3355 3355 3356 3356 3356 3373 3373 3373 3355 3355 3355 3373 3373 3373 3372 3372 3372 3356 3356 3356 3357 3357 3357 3374 3374 3374 3356 3356 3356 3374 3374 3374 3373 3373 3373 3357 3357 3357 3358 3358 3358 3375 3375 3375 3357 3357 3357 3375 3375 3375 3374 3374 3374 3358 3358 3358 3359 3359 3359 3376 3376 3376 3358 3358 3358 3376 3376 3376 3375 3375 3375 3359 3359 3359 3360 3360 3360 3377 3377 3377 3359 3359 3359 3377 3377 3377 3376 3376 3376 3360 3360 3360 3361 3361 3361 3378 3378 3378 3360 3360 3360 3378 3378 3378 3377 3377 3377 3362 3362 3362 3363 3363 3363 3380 3380 3380 3362 3362 3362 3380 3380 3380 3379 3379 3379 3363 3363 3363 3364 3364 3364 3381 3381 3381 3363 3363 3363 3381 3381 3381 3380 3380 3380 3364 3364 3364 3365 3365 3365 3382 3382 3382 3364 3364 3364 3382 3382 3382 3381 3381 3381 3365 3365 3365 3366 3366 3366 3383 3383 3383 3365 3365 3365 3383 3383 3383 3382 3382 3382 3366 3366 3366 3367 3367 3367 3384 3384 3384 3366 3366 3366 3384 3384 3384 3383 3383 3383 3367 3367 3367 3368 3368 3368 3385 3385 3385 3367 3367 3367 3385 3385 3385 3384 3384 3384 3368 3368 3368 3369 3369 3369 3386 3386 3386 3368 3368 3368 3386 3386 3386 3385 3385 3385 3369 3369 3369 3370 3370 3370 3387 3387 3387 3369 3369 3369 3387 3387 3387 3386 3386 3386 3370 3370 3370 3371 3371 3371 3388 3388 3388 3370 3370 3370 3388 3388 3388 3387 3387 3387 3371 3371 3371 3372 3372 3372 3389 3389 3389 3371 3371 3371 3389 3389 3389 3388 3388 3388 3372 3372 3372 3373 3373 3373 3390 3390 3390 3372 3372 3372 3390 3390 3390 3389 3389 3389 3373 3373 3373 3374 3374 3374 3391 3391 3391 3373 3373 3373 3391 3391 3391 3390 3390 3390 3374 3374 3374 3375 3375 3375 3392 3392 3392 3374 3374 3374 3392 3392 3392 3391 3391 3391 3375 3375 3375 3376 3376 3376 3393 3393 3393 3375 3375 3375 3393 3393 3393 3392 3392 3392 3376 3376 3376 3377 3377 3377 3394 3394 3394 3376 3376 3376 3394 3394 3394 3393 3393 3393 3377 3377 3377 3378 3378 3378 3395 3395 3395 3377 3377 3377 3395 3395 3395 3394 3394 3394 3379 3379 3379 3380 3380 3380 3397 3397 3397 3379 3379 3379 3397 3397 3397 3396 3396 3396 3380 3380 3380 3381 3381 3381 3398 3398 3398 3380 3380 3380 3398 3398 3398 3397 3397 3397 3381 3381 3381 3382 3382 3382 3399 3399 3399 3381 3381 3381 3399 3399 3399 3398 3398 3398 3382 3382 3382 3383 3383 3383 3400 3400 3400 3382 3382 3382 3400 3400 3400 3399 3399 3399 3383 3383 3383 3384 3384 3384 3401 3401 3401 3383 3383 3383 3401 3401 3401 3400 3400 3400 3384 3384 3384 3385 3385 3385 3402 3402 3402 3384 3384 3384 3402 3402 3402 3401 3401 3401 3385 3385 3385 3386 3386 3386 3403 3403 3403 3385 3385 3385 3403 3403 3403 3402 3402 3402 3386 3386 3386 3387 3387 3387 3404 3404 3404 3386 3386 3386 3404 3404 3404 3403 3403 3403 3387 3387 3387 3388 3388 3388 3405 3405 3405 3387 3387 3387 3405 3405 3405 3404 3404 3404 3388 3388 3388 3389 3389 3389 3406 3406 3406 3388 3388 3388 3406 3406 3406 3405 3405 3405 3389 3389 3389 3390 3390 3390 3407 3407 3407 3389 3389 3389 3407 3407 3407 3406 3406 3406 3390 3390 3390 3391 3391 3391 3408 3408 3408 3390 3390 3390 3408 3408 3408 3407 3407 3407 3391 3391 3391 3392 3392 3392 3409 3409 3409 3391 3391 3391 3409 3409 3409 3408 3408 3408 3392 3392 3392 3393 3393 3393 3410 3410 3410 3392 3392 3392 3410 3410 3410 3409 3409 3409 3393 3393 3393 3394 3394 3394 3411 3411 3411 3393 3393 3393 3411 3411 3411 3410 3410 3410 3394 3394 3394 3395 3395 3395 3412 3412 3412 3394 3394 3394 3412 3412 3412 3411 3411 3411 3396 3396 3396 3397 3397 3397 3414 3414 3414 3396 3396 3396 3414 3414 3414 3413 3413 3413 3397 3397 3397 3398 3398 3398 3415 3415 3415 3397 3397 3397 3415 3415 3415 3414 3414 3414 3398 3398 3398 3399 3399 3399 3416 3416 3416 3398 3398 3398 3416 3416 3416 3415 3415 3415 3399 3399 3399 3400 3400 3400 3417 3417 3417 3399 3399 3399 3417 3417 3417 3416 3416 3416 3400 3400 3400 3401 3401 3401 3418 3418 3418 3400 3400 3400 3418 3418 3418 3417 3417 3417 3401 3401 3401 3402 3402 3402 3419 3419 3419 3401 3401 3401 3419 3419 3419 3418 3418 3418 3402 3402 3402 3403 3403 3403 3420 3420 3420 3402 3402 3402 3420 3420 3420 3419 3419 3419 3403 3403 3403 3404 3404 3404 3421 3421 3421 3403 3403 3403 3421 3421 3421 3420 3420 3420 3404 3404 3404 3405 3405 3405 3422 3422 3422 3404 3404 3404 3422 3422 3422 3421 3421 3421 3405 3405 3405 3406 3406 3406 3423 3423 3423 3405 3405 3405 3423 3423 3423 3422 3422 3422 3406 3406 3406 3407 3407 3407 3424 3424 3424 3406 3406 3406 3424 3424 3424 3423 3423 3423 3407 3407 3407 3408 3408 3408 3425 3425 3425 3407 3407 3407 3425 3425 3425 3424 3424 3424 3408 3408 3408 3409 3409 3409 3426 3426 3426 3408 3408 3408 3426 3426 3426 3425 3425 3425 3409 3409 3409 3410 3410 3410 3427 3427 3427 3409 3409 3409 3427 3427 3427 3426 3426 3426 3410 3410 3410 3411 3411 3411 3428 3428 3428 3410 3410 3410 3428 3428 3428 3427 3427 3427 3411 3411 3411 3412 3412 3412 3429 3429 3429 3411 3411 3411 3429 3429 3429 3428 3428 3428 3413 3413 3413 3414 3414 3414 3431 3431 3431 3413 3413 3413 3431 3431 3431 3430 3430 3430 3414 3414 3414 3415 3415 3415 3432 3432 3432 3414 3414 3414 3432 3432 3432 3431 3431 3431 3415 3415 3415 3416 3416 3416 3433 3433 3433 3415 3415 3415 3433 3433 3433 3432 3432 3432 3416 3416 3416 3417 3417 3417 3434 3434 3434 3416 3416 3416 3434 3434 3434 3433 3433 3433 3417 3417 3417 3418 3418 3418 3435 3435 3435 3417 3417 3417 3435 3435 3435 3434 3434 3434 3418 3418 3418 3419 3419 3419 3436 3436 3436 3418 3418 3418 3436 3436 3436 3435 3435 3435 3419 3419 3419 3420 3420 3420 3437 3437 3437 3419 3419 3419 3437 3437 3437 3436 3436 3436 3420 3420 3420 3421 3421 3421 3438 3438 3438 3420 3420 3420 3438 3438 3438 3437 3437 3437 3421 3421 3421 3422 3422 3422 3439 3439 3439 3421 3421 3421 3439 3439 3439 3438 3438 3438 3422 3422 3422 3423 3423 3423 3440 3440 3440 3422 3422 3422 3440 3440 3440 3439 3439 3439 3423 3423 3423 3424 3424 3424 3441 3441 3441 3423 3423 3423 3441 3441 3441 3440 3440 3440 3424 3424 3424 3425 3425 3425 3442 3442 3442 3424 3424 3424 3442 3442 3442 3441 3441 3441 3425 3425 3425 3426 3426 3426 3443 3443 3443 3425 3425 3425 3443 3443 3443 3442 3442 3442 3426 3426 3426 3427 3427 3427 3444 3444 3444 3426 3426 3426 3444 3444 3444 3443 3443 3443 3427 3427 3427 3428 3428 3428 3445 3445 3445 3427 3427 3427 3445 3445 3445 3444 3444 3444 3428 3428 3428 3429 3429 3429 3446 3446 3446 3428 3428 3428 3446 3446 3446 3445 3445 3445 3430 3430 3430 3431 3431 3431 3448 3448 3448 3430 3430 3430 3448 3448 3448 3447 3447 3447 3431 3431 3431 3432 3432 3432 3449 3449 3449 3431 3431 3431 3449 3449 3449 3448 3448 3448 3432 3432 3432 3433 3433 3433 3450 3450 3450 3432 3432 3432 3450 3450 3450 3449 3449 3449 3433 3433 3433 3434 3434 3434 3451 3451 3451 3433 3433 3433 3451 3451 3451 3450 3450 3450 3434 3434 3434 3435 3435 3435 3452 3452 3452 3434 3434 3434 3452 3452 3452 3451 3451 3451 3435 3435 3435 3436 3436 3436 3453 3453 3453 3435 3435 3435 3453 3453 3453 3452 3452 3452 3436 3436 3436 3437 3437 3437 3454 3454 3454 3436 3436 3436 3454 3454 3454 3453 3453 3453 3437 3437 3437 3438 3438 3438 3455 3455 3455 3437 3437 3437 3455 3455 3455 3454 3454 3454 3438 3438 3438 3439 3439 3439 3456 3456 3456 3438 3438 3438 3456 3456 3456 3455 3455 3455 3439 3439 3439 3440 3440 3440 3457 3457 3457 3439 3439 3439 3457 3457 3457 3456 3456 3456 3440 3440 3440 3441 3441 3441 3458 3458 3458 3440 3440 3440 3458 3458 3458 3457 3457 3457 3441 3441 3441 3442 3442 3442 3459 3459 3459 3441 3441 3441 3459 3459 3459 3458 3458 3458 3442 3442 3442 3443 3443 3443 3460 3460 3460 3442 3442 3442 3460 3460 3460 3459 3459 3459 3443 3443 3443 3444 3444 3444 3461 3461 3461 3443 3443 3443 3461 3461 3461 3460 3460 3460 3444 3444 3444 3445 3445 3445 3462 3462 3462 3444 3444 3444 3462 3462 3462 3461 3461 3461 3445 3445 3445 3446 3446 3446 3463 3463 3463 3445 3445 3445 3463 3463 3463 3462 3462 3462 3447 3447 3447 3448 3448 3448 3465 3465 3465 3447 3447 3447 3465 3465 3465 3464 3464 3464 3448 3448 3448 3449 3449 3449 3466 3466 3466 3448 3448 3448 3466 3466 3466 3465 3465 3465 3449 3449 3449 3450 3450 3450 3467 3467 3467 3449 3449 3449 3467 3467 3467 3466 3466 3466 3450 3450 3450 3451 3451 3451 3468 3468 3468 3450 3450 3450 3468 3468 3468 3467 3467 3467 3451 3451 3451 3452 3452 3452 3469 3469 3469 3451 3451 3451 3469 3469 3469 3468 3468 3468 3452 3452 3452 3453 3453 3453 3470 3470 3470 3452 3452 3452 3470 3470 3470 3469 3469 3469 3453 3453 3453 3454 3454 3454 3471 3471 3471 3453 3453 3453 3471 3471 3471 3470 3470 3470 3454 3454 3454 3455 3455 3455 3472 3472 3472 3454 3454 3454 3472 3472 3472 3471 3471 3471 3455 3455 3455 3456 3456 3456 3473 3473 3473 3455 3455 3455 3473 3473 3473 3472 3472 3472 3456 3456 3456 3457 3457 3457 3474 3474 3474 3456 3456 3456 3474 3474 3474 3473 3473 3473 3457 3457 3457 3458 3458 3458 3475 3475 3475 3457 3457 3457 3475 3475 3475 3474 3474 3474 3458 3458 3458 3459 3459 3459 3476 3476 3476 3458 3458 3458 3476 3476 3476 3475 3475 3475 3459 3459 3459 3460 3460 3460 3477 3477 3477 3459 3459 3459 3477 3477 3477 3476 3476 3476 3460 3460 3460 3461 3461 3461 3478 3478 3478 3460 3460 3460 3478 3478 3478 3477 3477 3477 3461 3461 3461 3462 3462 3462 3479 3479 3479 3461 3461 3461 3479 3479 3479 3478 3478 3478 3462 3462 3462 3463 3463 3463 3480 3480 3480 3462 3462 3462 3480 3480 3480 3479 3479 3479 3464 3464 3464 3465 3465 3465 3482 3482 3482 3464 3464 3464 3482 3482 3482 3481 3481 3481 3465 3465 3465 3466 3466 3466 3483 3483 3483 3465 3465 3465 3483 3483 3483 3482 3482 3482 3466 3466 3466 3467 3467 3467 3484 3484 3484 3466 3466 3466 3484 3484 3484 3483 3483 3483 3467 3467 3467 3468 3468 3468 3485 3485 3485 3467 3467 3467 3485 3485 3485 3484 3484 3484 3468 3468 3468 3469 3469 3469 3486 3486 3486 3468 3468 3468 3486 3486 3486 3485 3485 3485 3469 3469 3469 3470 3470 3470 3487 3487 3487 3469 3469 3469 3487 3487 3487 3486 3486 3486 3470 3470 3470 3471 3471 3471 3488 3488 3488 3470 3470 3470 3488 3488 3488 3487 3487 3487 3471 3471 3471 3472 3472 3472 3489 3489 3489 3471 3471 3471 3489 3489 3489 3488 3488 3488 3472 3472 3472 3473 3473 3473 3490 3490 3490 3472 3472 3472 3490 3490 3490 3489 3489 3489 3473 3473 3473 3474 3474 3474 3491 3491 3491 3473 3473 3473 3491 3491 3491 3490 3490 3490 3474 3474 3474 3475 3475 3475 3492 3492 3492 3474 3474 3474 3492 3492 3492 3491 3491 3491 3475 3475 3475 3476 3476 3476 3493 3493 3493 3475 3475 3475 3493 3493 3493 3492 3492 3492 3476 3476 3476 3477 3477 3477 3494 3494 3494 3476 3476 3476 3494 3494 3494 3493 3493 3493 3477 3477 3477 3478 3478 3478 3495 3495 3495 3477 3477 3477 3495 3495 3495 3494 3494 3494 3478 3478 3478 3479 3479 3479 3496 3496 3496 3478 3478 3478 3496 3496 3496 3495 3495 3495 3479 3479 3479 3480 3480 3480 3497 3497 3497 3479 3479 3479 3497 3497 3497 3496 3496 3496 3481 3481 3481 3482 3482 3482 3499 3499 3499 3481 3481 3481 3499 3499 3499 3498 3498 3498 3482 3482 3482 3483 3483 3483 3500 3500 3500 3482 3482 3482 3500 3500 3500 3499 3499 3499 3483 3483 3483 3484 3484 3484 3501 3501 3501 3483 3483 3483 3501 3501 3501 3500 3500 3500 3484 3484 3484 3485 3485 3485 3502 3502 3502 3484 3484 3484 3502 3502 3502 3501 3501 3501 3485 3485 3485 3486 3486 3486 3503 3503 3503 3485 3485 3485 3503 3503 3503 3502 3502 3502 3486 3486 3486 3487 3487 3487 3504 3504 3504 3486 3486 3486 3504 3504 3504 3503 3503 3503 3487 3487 3487 3488 3488 3488 3505 3505 3505 3487 3487 3487 3505 3505 3505 3504 3504 3504 3488 3488 3488 3489 3489 3489 3506 3506 3506 3488 3488 3488 3506 3506 3506 3505 3505 3505 3489 3489 3489 3490 3490 3490 3507 3507 3507 3489 3489 3489 3507 3507 3507 3506 3506 3506 3490 3490 3490 3491 3491 3491 3508 3508 3508 3490 3490 3490 3508 3508 3508 3507 3507 3507 3491 3491 3491 3492 3492 3492 3509 3509 3509 3491 3491 3491 3509 3509 3509 3508 3508 3508 3492 3492 3492 3493 3493 3493 3510 3510 3510 3492 3492 3492 3510 3510 3510 3509 3509 3509 3493 3493 3493 3494 3494 3494 3511 3511 3511 3493 3493 3493 3511 3511 3511 3510 3510 3510 3494 3494 3494 3495 3495 3495 3512 3512 3512 3494 3494 3494 3512 3512 3512 3511 3511 3511 3495 3495 3495 3496 3496 3496 3513 3513 3513 3495 3495 3495 3513 3513 3513 3512 3512 3512 3496 3496 3496 3497 3497 3497 3514 3514 3514 3496 3496 3496 3514 3514 3514 3513 3513 3513 3498 3498 3498 3499 3499 3499 3516 3516 3516 3498 3498 3498 3516 3516 3516 3515 3515 3515 3499 3499 3499 3500 3500 3500 3517 3517 3517 3499 3499 3499 3517 3517 3517 3516 3516 3516 3500 3500 3500 3501 3501 3501 3518 3518 3518 3500 3500 3500 3518 3518 3518 3517 3517 3517 3501 3501 3501 3502 3502 3502 3519 3519 3519 3501 3501 3501 3519 3519 3519 3518 3518 3518 3502 3502 3502 3503 3503 3503 3520 3520 3520 3502 3502 3502 3520 3520 3520 3519 3519 3519 3503 3503 3503 3504 3504 3504 3521 3521 3521 3503 3503 3503 3521 3521 3521 3520 3520 3520 3504 3504 3504 3505 3505 3505 3522 3522 3522 3504 3504 3504 3522 3522 3522 3521 3521 3521 3505 3505 3505 3506 3506 3506 3523 3523 3523 3505 3505 3505 3523 3523 3523 3522 3522 3522 3506 3506 3506 3507 3507 3507 3524 3524 3524 3506 3506 3506 3524 3524 3524 3523 3523 3523 3507 3507 3507 3508 3508 3508 3525 3525 3525 3507 3507 3507 3525 3525 3525 3524 3524 3524 3508 3508 3508 3509 3509 3509 3526 3526 3526 3508 3508 3508 3526 3526 3526 3525 3525 3525 3509 3509 3509 3510 3510 3510 3527 3527 3527 3509 3509 3509 3527 3527 3527 3526 3526 3526 3510 3510 3510 3511 3511 3511 3528 3528 3528 3510 3510 3510 3528 3528 3528 3527 3527 3527 3511 3511 3511 3512 3512 3512 3529 3529 3529 3511 3511 3511 3529 3529 3529 3528 3528 3528 3512 3512 3512 3513 3513 3513 3530 3530 3530 3512 3512 3512 3530 3530 3530 3529 3529 3529 3513 3513 3513 3514 3514 3514 3531 3531 3531 3513 3513 3513 3531 3531 3531 3530 3530 3530 3515 3515 3515 3516 3516 3516 3533 3533 3533 3515 3515 3515 3533 3533 3533 3532 3532 3532 3516 3516 3516 3517 3517 3517 3534 3534 3534 3516 3516 3516 3534 3534 3534 3533 3533 3533 3517 3517 3517 3518 3518 3518 3535 3535 3535 3517 3517 3517 3535 3535 3535 3534 3534 3534 3518 3518 3518 3519 3519 3519 3536 3536 3536 3518 3518 3518 3536 3536 3536 3535 3535 3535 3519 3519 3519 3520 3520 3520 3537 3537 3537 3519 3519 3519 3537 3537 3537 3536 3536 3536 3520 3520 3520 3521 3521 3521 3538 3538 3538 3520 3520 3520 3538 3538 3538 3537 3537 3537 3521 3521 3521 3522 3522 3522 3539 3539 3539 3521 3521 3521 3539 3539 3539 3538 3538 3538 3522 3522 3522 3523 3523 3523 3540 3540 3540 3522 3522 3522 3540 3540 3540 3539 3539 3539 3523 3523 3523 3524 3524 3524 3541 3541 3541 3523 3523 3523 3541 3541 3541 3540 3540 3540 3524 3524 3524 3525 3525 3525 3542 3542 3542 3524 3524 3524 3542 3542 3542 3541 3541 3541 3525 3525 3525 3526 3526 3526 3543 3543 3543 3525 3525 3525 3543 3543 3543 3542 3542 3542 3526 3526 3526 3527 3527 3527 3544 3544 3544 3526 3526 3526 3544 3544 3544 3543 3543 3543 3527 3527 3527 3528 3528 3528 3545 3545 3545 3527 3527 3527 3545 3545 3545 3544 3544 3544 3528 3528 3528 3529 3529 3529 3546 3546 3546 3528 3528 3528 3546 3546 3546 3545 3545 3545 3529 3529 3529 3530 3530 3530 3547 3547 3547 3529 3529 3529 3547 3547 3547 3546 3546 3546 3530 3530 3530 3531 3531 3531 3548 3548 3548 3530 3530 3530 3548 3548 3548 3547 3547 3547</p>
        </triangles>
      </mesh>
    </geometry>
  </library_geometries>
  <library_visual_scenes>
    <visual_scene id="Scene" name="Scene">
      <node id="Pink" name="Pink" type="NODE">
        <instance_geometry url="#Pink-mesh">
          <bind_material><technique_common>
            <instance_material symbol="Pink" target="#Pink">
              <bind_vertex_input semantic="UVSET0" input_semantic="TEXCOORD" input_set="0"/>
            </instance_material>
          </technique_common></bind_material>
        </instance_geometry>
      </node>
    </visual_scene>
  </library_visual_scenes>
  <scene><instance_visual_scene url="#Scene"/></scene>
</COLLADA>
