<?xml version="1.0" encoding="utf-8"?>
<COLLADA xmlns="http://www.collada.org/2005/11/COLLADASchema" version="1.4.1">
  <asset>
    <contributor><author>Lovense Controller</author><authoring_tool>make_controller_dae.py</authoring_tool></contributor>
    <unit name="meter" meter="1"/>
    <up_axis>Z_UP</up_axis>
  </asset>
  <library_effects>
    <effect id="Cyan-fx">
      <profile_COMMON><technique sid="common"><lambert>
        <emission><color>0.04 0.14 0.24 1</color></emission>
        <diffuse><color>0.160 0.580 0.900 1</color></diffuse>
      </lambert></technique></profile_COMMON>
    </effect>
  </library_effects>
  <library_materials>
    <material id="Cyan" name="Cyan"><instance_effect url="#Cyan-fx"/></material>
  </library_materials>
  <library_geometries>
    <geometry id="Cyan-mesh" name="Cyan">
      <mesh>
        <source id="Cyan-pos">
          <float_array id="Cyan-pos-array" count="7443">0.000000 0.000000 0.174000 0.004435 0.000000 0.173949 0.008884 0.000000 0.173796 0.013347 0.000000 0.173541 0.017824 0.000000 0.173184 0.022314 0.000000 0.172724 0.026817 0.000000 0.172163 0.031334 0.000000 0.171500 0.035865 0.000000 0.170735 0.040410 0.000000 0.169867 0.044968 0.000000 0.168898 0.049540 0.000000 0.167827 0.054126 0.000000 0.166653 0.058725 0.000000 0.165378 0.063338 0.000000 0.164000 0.000000 0.000000 0.174000 0.004378 0.000693 0.173949 0.008765 0.001388 0.173796 0.013160 0.002084 0.173541 0.017564 0.002782 0.173184 0.021976 0.003481 0.172724 0.026396 0.004181 0.172163 0.030825 0.004882 0.171500 0.035262 0.005585 0.170735 0.039708 0.006289 0.169867 0.044162 0.006995 0.168898 0.048625 0.007701 0.167827 0.053096 0.008410 0.166653 0.057575 0.009119 0.165378 0.062063 0.009830 0.164000 0.000000 0.000000 0.174000 0.004213 0.001369 0.173949 0.008427 0.002738 0.173796 0.012642 0.004108 0.173541 0.016859 0.005478 0.173184 0.021078 0.006849 0.172724 0.025298 0.008220 0.172163 0.029519 0.009591 0.171500 0.033742 0.010964 0.170735 0.037967 0.012336 0.169867 0.042193 0.013709 0.168898 0.046420 0.015083 0.167827 0.050649 0.016457 0.166653 0.054879 0.017831 0.165378 0.059111 0.019206 0.164000 0.000000 0.000000 0.174000 0.003943 0.002009 0.173949 0.007882 0.004016 0.173796 0.011815 0.006020 0.173541 0.015743 0.008021 0.173184 0.019665 0.010020 0.172724 0.023583 0.012016 0.172163 0.027496 0.014010 0.171500 0.031403 0.016001 0.170735 0.035305 0.017989 0.169867 0.039203 0.019975 0.168898 0.043095 0.021958 0.167827 0.046982 0.023938 0.166653 0.050864 0.025916 0.165378 0.054740 0.027892 0.164000 0.000000 0.000000 0.174000 0.003578 0.002600 0.173949 0.007146 0.005192 0.173796 0.010705 0.007778 0.173541 0.014255 0.010357 0.173184 0.017794 0.012928 0.172724 0.021325 0.015493 0.172163 0.024845 0.018051 0.171500 0.028356 0.020602 0.170735 0.031858 0.023146 0.169867 0.035350 0.025683 0.168898 0.038832 0.028213 0.167827 0.042305 0.030737 0.166653 0.045769 0.033253 0.165378 0.049222 0.035762 0.164000 0.000000 0.000000 0.174000 0.003126 0.003126 0.173949 0.006241 0.006241 0.173796 0.009346 0.009346 0.173541 0.012439 0.012439 0.173184 0.015522 0.015522 0.172724 0.018594 0.018594 0.172163 0.021655 0.021655 0.171500 0.024706 0.024706 0.170735 0.027745 0.027745 0.169867 0.030774 0.030774 0.168898 0.033792 0.033792 0.167827 0.036799 0.036799 0.166653 0.039795 0.039795 0.165378 0.042780 0.042780 0.164000 0.000000 0.000000 0.174000 0.002599 0.003577 0.173949 0.005188 0.007141 0.173796 0.007768 0.010692 0.173541 0.010340 0.014231 0.173184 0.012902 0.017758 0.172724 0.015455 0.021272 0.172163 0.017999 0.024773 0.171500 0.020534 0.028262 0.170735 0.023060 0.031739 0.169867 0.025576 0.035203 0.168898 0.028084 0.038654 0.167827 0.030583 0.042093 0.166653 0.033072 0.045520 0.165378 0.035553 0.048934 0.164000 0.000000 0.000000 0.174000 0.002008 0.003940 0.173949 0.004010 0.007870 0.173796 0.006007 0.011789 0.173541 0.007998 0.015696 0.173184 0.009983 0.019593 0.172724 0.011963 0.023479 0.172163 0.013938 0.027354 0.171500 0.015906 0.031218 0.170735 0.017870 0.035071 0.169867 0.019828 0.038914 0.168898 0.021780 0.042745 0.167827 0.023726 0.046566 0.166653 0.025667 0.050375 0.165378 0.027603 0.054174 0.164000 0.000000 0.000000 0.174000 0.001368 0.004209 0.173949 0.002733 0.008412 0.173796 0.004097 0.012608 0.173541 0.005458 0.016799 0.173184 0.006818 0.020984 0.172724 0.008176 0.025162 0.172163 0.009531 0.029335 0.171500 0.010885 0.033501 0.170735 0.012237 0.037662 0.169867 0.013587 0.041816 0.168898 0.014935 0.045965 0.167827 0.016281 0.050107 0.166653 0.017625 0.054243 0.165378 0.018967 0.058373 0.164000 0.000000 0.000000 0.174000 0.000693 0.004375 0.173949 0.001386 0.008750 0.173796 0.002079 0.013126 0.173541 0.002772 0.017503 0.173184 0.003466 0.021882 0.172724 0.004159 0.026261 0.172163 0.004853 0.030641 0.171500 0.005547 0.035021 0.170735 0.006241 0.039403 0.169867 0.006935 0.043786 0.168898 0.007629 0.048169 0.167827 0.008324 0.052554 0.166653 0.009018 0.056939 0.165378 0.009713 0.061325 0.164000 0.000000 0.000000 0.174000 0.000000 0.004433 0.173949 0.000000 0.008873 0.173796 0.000000 0.013322 0.173541 0.000000 0.017778 0.173184 0.000000 0.022243 0.172724 0.000000 0.026715 0.172163 0.000000 0.031196 0.171500 0.000000 0.035684 0.170735 0.000000 0.040181 0.169867 0.000000 0.044685 0.168898 0.000000 0.049197 0.167827 0.000000 0.053718 0.166653 0.000000 0.058246 0.165378 0.000000 0.062783 0.164000 -0.000000 0.000000 0.174000 -0.000694 0.004381 0.173949 -0.001390 0.008774 0.173796 -0.002088 0.013181 0.173541 -0.002788 0.017601 0.173184 -0.003490 0.022035 0.172724 -0.004194 0.026481 0.172163 -0.004900 0.030940 0.171500 -0.005609 0.035413 0.170735 -0.006319 0.039899 0.169867 -0.007032 0.044398 0.168898 -0.007747 0.048910 0.167827 -0.008463 0.053435 0.166653 -0.009182 0.057974 0.165378 -0.009903 0.062525 0.164000 -0.000000 0.000000 0.174000 -0.001371 0.004219 0.173949 -0.002747 0.008454 0.173796 -0.004127 0.012703 0.173541 -0.005513 0.016967 0.173184 -0.006903 0.021246 0.172724 -0.008299 0.025540 0.172163 -0.009699 0.029849 0.171500 -0.011104 0.034174 0.170735 -0.012514 0.038513 0.169867 -0.013928 0.042867 0.168898 -0.015348 0.047236 0.167827 -0.016772 0.051620 0.166653 -0.018202 0.056019 0.165378 -0.019636 0.060432 0.164000 -0.000000 0.000000 0.174000 -0.002014 0.003952 0.173949 -0.004034 0.007918 0.173796 -0.006062 0.011897 0.173541 -0.008096 0.015889 0.173184 -0.010136 0.019894 0.172724 -0.012184 0.023912 0.172163 -0.014238 0.027943 0.171500 -0.016298 0.031987 0.170735 -0.018366 0.036045 0.169867 -0.020440 0.040115 0.168898 -0.022521 0.044199 0.167827 -0.024608 0.048296 0.166653 -0.026702 0.052406 0.165378 -0.028803 0.056529 0.164000 -0.000000 0.000000 0.174000 -0.002606 0.003587 0.173949 -0.005218 0.007183 0.173796 -0.007837 0.010787 0.173541 -0.010462 0.014399 0.173184 -0.013093 0.018020 0.172724 -0.015730 0.021650 0.172163 -0.018373 0.025288 0.171500 -0.021022 0.028935 0.170735 -0.023678 0.032590 0.169867 -0.026340 0.036253 0.168898 -0.029008 0.039925 0.167827 -0.031682 0.043606 0.166653 -0.034362 0.047295 0.165378 -0.037049 0.050993 0.164000 -0.000000 0.000000 0.174000 -0.003133 0.003133 0.173949 -0.006269 0.006269 0.173796 -0.009407 0.009407 0.173541 -0.012549 0.012549 0.173184 -0.015693 0.015693 0.172724 -0.018840 0.018840 0.172163 -0.021990 0.021990 0.171500 -0.025142 0.025142 0.170735 -0.028298 0.028298 0.169867 -0.031456 0.031456 0.168898 -0.034618 0.034618 0.167827 -0.037782 0.037782 0.166653 -0.040949 0.040949 0.165378 -0.044118 0.044118 0.164000 -0.000000 0.000000 0.174000 -0.003581 0.002602 0.173949 -0.007160 0.005202 0.173796 -0.010736 0.007800 0.173541 -0.014309 0.010396 0.173184 -0.017880 0.012990 0.172724 -0.021448 0.015583 0.172163 -0.025013 0.018173 0.171500 -0.028575 0.020761 0.170735 -0.032135 0.023347 0.169867 -0.035691 0.025931 0.168898 -0.039245 0.028514 0.167827 -0.042797 0.031094 0.166653 -0.046346 0.033672 0.165378 -0.049891 0.036248 0.164000 -0.000000 0.000000 0.174000 -0.003941 0.002008 0.173949 -0.007874 0.004012 0.173796 -0.011797 0.006011 0.173541 -0.015712 0.008006 0.173184 -0.019618 0.009996 0.172724 -0.023515 0.011981 0.172163 -0.027402 0.013962 0.171500 -0.031281 0.015939 0.170735 -0.035151 0.017910 0.169867 -0.039012 0.019878 0.168898 -0.042864 0.021841 0.167827 -0.046708 0.023799 0.166653 -0.050542 0.025752 0.165378 -0.054367 0.027702 0.164000 -0.000000 0.000000 0.174000 -0.004205 0.001366 0.173949 -0.008396 0.002728 0.173796 -0.012573 0.004085 0.173541 -0.016737 0.005438 0.173184 -0.020887 0.006787 0.172724 -0.025023 0.008130 0.172163 -0.029145 0.009470 0.171500 -0.033254 0.010805 0.170735 -0.037348 0.012135 0.169867 -0.041429 0.013461 0.168898 -0.045497 0.014783 0.167827 -0.049550 0.016100 0.166653 -0.053590 0.017412 0.165378 -0.057615 0.018720 0.164000 -0.000000 0.000000 0.174000 -0.004366 0.000692 0.173949 -0.008717 0.001381 0.173796 -0.013052 0.002067 0.173541 -0.017371 0.002751 0.173184 -0.021675 0.003433 0.172724 -0.025964 0.004112 0.172163 -0.030236 0.004789 0.171500 -0.034493 0.005463 0.170735 -0.038735 0.006135 0.169867 -0.042961 0.006804 0.168898 -0.047171 0.007471 0.167827 -0.051366 0.008136 0.166653 -0.055545 0.008797 0.165378 -0.059708 0.009457 0.164000 -0.000000 0.000000 0.174000 -0.004422 0.000000 0.173949 -0.008830 0.000000 0.173796 -0.013224 0.000000 0.173541 -0.017605 0.000000 0.173184 -0.021972 0.000000 0.172724 -0.026326 0.000000 0.172163 -0.030666 0.000000 0.171500 -0.034992 0.000000 0.170735 -0.039304 0.000000 0.169867 -0.043603 0.000000 0.168898 -0.047888 0.000000 0.167827 -0.052160 0.000000 0.166653 -0.056418 0.000000 0.165378 -0.060662 0.000000 0.164000 -0.000000 -0.000000 0.174000 -0.004370 -0.000692 0.173949 -0.008731 -0.001383 0.173796 -0.013084 -0.002072 0.173541 -0.017429 -0.002760 0.173184 -0.021765 -0.003447 0.172724 -0.026092 -0.004133 0.172163 -0.030412 -0.004817 0.171500 -0.034722 -0.005500 0.170735 -0.039025 -0.006181 0.169867 -0.043319 -0.006861 0.168898 -0.047604 -0.007540 0.167827 -0.051881 -0.008217 0.166653 -0.056150 -0.008893 0.165378 -0.060410 -0.009568 0.164000 -0.000000 -0.000000 0.174000 -0.004211 -0.001368 0.173949 -0.008421 -0.002736 0.173796 -0.012629 -0.004103 0.173541 -0.016835 -0.005470 0.173184 -0.021041 -0.006836 0.172724 -0.025244 -0.008202 0.172163 -0.029446 -0.009568 0.171500 -0.033647 -0.010933 0.170735 -0.037846 -0.012297 0.169867 -0.042044 -0.013661 0.168898 -0.046240 -0.015024 0.167827 -0.050435 -0.016387 0.166653 -0.054628 -0.017750 0.165378 -0.058820 -0.019112 0.164000 -0.000000 -0.000000 0.174000 -0.003948 -0.002012 0.173949 -0.007902 -0.004026 0.173796 -0.011861 -0.006043 0.173541 -0.015825 -0.008063 0.173184 -0.019793 -0.010085 0.172724 -0.023768 -0.012110 0.172163 -0.027747 -0.014138 0.171500 -0.031731 -0.016168 0.170735 -0.035720 -0.018201 0.169867 -0.039715 -0.020236 0.168898 -0.043715 -0.022274 0.167827 -0.047720 -0.024314 0.166653 -0.051729 -0.026357 0.165378 -0.055745 -0.028403 0.164000 -0.000000 -0.000000 0.174000 -0.003588 -0.002607 0.173949 -0.007185 -0.005220 0.173796 -0.010791 -0.007840 0.173541 -0.014408 -0.010468 0.173184 -0.018033 -0.013102 0.172724 -0.021669 -0.015743 0.172163 -0.025314 -0.018391 0.171500 -0.028968 -0.021047 0.170735 -0.032632 -0.023709 0.169867 -0.036306 -0.026378 0.168898 -0.039989 -0.029054 0.167827 -0.043682 -0.031737 0.166653 -0.047384 -0.034426 0.165378 -0.051096 -0.037123 0.164000 -0.000000 -0.000000 0.174000 -0.003137 -0.003137 0.173949 -0.006285 -0.006285 0.173796 -0.009443 -0.009443 0.173541 -0.012612 -0.012612 0.173184 -0.015793 -0.015793 0.172724 -0.018984 -0.018984 0.172163 -0.022185 -0.022185 0.171500 -0.025398 -0.025398 0.170735 -0.028621 -0.028621 0.169867 -0.031856 -0.031856 0.168898 -0.035101 -0.035101 0.167827 -0.038357 -0.038357 0.166653 -0.041623 -0.041623 0.165378 -0.044901 -0.044901 0.164000 -0.000000 -0.000000 0.174000 -0.002608 -0.003589 0.173949 -0.005224 -0.007191 0.173796 -0.007850 -0.010805 0.173541 -0.010485 -0.014431 0.173184 -0.013129 -0.018070 0.172724 -0.015782 -0.021722 0.172163 -0.018444 -0.025386 0.171500 -0.021115 -0.029062 0.170735 -0.023795 -0.032751 0.169867 -0.026485 -0.036453 0.168898 -0.029183 -0.040167 0.167827 -0.031891 -0.043894 0.166653 -0.034607 -0.047633 0.165378 -0.037333 -0.051384 0.164000 -0.000000 -0.000000 0.174000 -0.002013 -0.003951 0.173949 -0.004032 -0.007914 0.173796 -0.006057 -0.011887 0.173541 -0.008087 -0.015871 0.173184 -0.010122 -0.019866 0.172724 -0.012163 -0.023872 0.172163 -0.014210 -0.027888 0.171500 -0.016262 -0.031916 0.170735 -0.018320 -0.035955 0.169867 -0.020383 -0.040004 0.168898 -0.022452 -0.044064 0.167827 -0.024526 -0.048136 0.166653 -0.026606 -0.052218 0.165378 -0.028692 -0.056311 0.164000 -0.000000 -0.000000 0.174000 -0.001369 -0.004215 0.173949 -0.002741 -0.008436 0.173796 -0.004114 -0.012663 0.173541 -0.005490 -0.016896 0.173184 -0.006867 -0.021135 0.172724 -0.008246 -0.025380 0.172163 -0.009628 -0.029631 0.171500 -0.011011 -0.033888 0.170735 -0.012396 -0.038151 0.169867 -0.013783 -0.042420 0.168898 -0.015172 -0.046696 0.167827 -0.016563 -0.050977 0.166653 -0.017956 -0.055264 0.165378 -0.019351 -0.059558 0.164000 -0.000000 -0.000000 0.174000 -0.000693 -0.004374 0.173949 -0.001385 -0.008746 0.173796 -0.002078 -0.013118 0.173541 -0.002770 -0.017489 0.173184 -0.003462 -0.021859 0.172724 -0.004154 -0.026228 0.172163 -0.004846 -0.030596 0.171500 -0.005538 -0.034963 0.170735 -0.006229 -0.039330 0.169867 -0.006921 -0.043695 0.168898 -0.007612 -0.048060 0.167827 -0.008303 -0.052423 0.166653 -0.008994 -0.056786 0.165378 -0.009685 -0.061148 0.164000 -0.000000 -0.000000 0.174000 -0.000000 -0.004425 0.173949 -0.000000 -0.008841 0.173796 -0.000000 -0.013250 0.173541 -0.000000 -0.017650 0.173184 -0.000000 -0.022043 0.172724 -0.000000 -0.026428 0.172163 -0.000000 -0.030804 0.171500 -0.000000 -0.035173 0.170735 -0.000000 -0.039534 0.169867 -0.000000 -0.043886 0.168898 -0.000000 -0.048231 0.167827 -0.000000 -0.052568 0.166653 -0.000000 -0.056897 0.165378 -0.000000 -0.061217 0.164000 0.000000 -0.000000 0.174000 0.000692 -0.004367 0.173949 0.001381 -0.008722 0.173796 0.002069 -0.013063 0.173541 0.002754 -0.017391 0.173184 0.003438 -0.021706 0.172724 0.004119 -0.026008 0.172163 0.004798 -0.030296 0.171500 0.005476 -0.034572 0.170735 0.006151 -0.038834 0.169867 0.006824 -0.043083 0.168898 0.007495 -0.047319 0.167827 0.008163 -0.051542 0.166653 0.008830 -0.055752 0.165378 0.009495 -0.059948 0.164000 0.000000 -0.000000 0.174000 0.001366 -0.004204 0.173949 0.002727 -0.008394 0.173796 0.004084 -0.012568 0.173541 0.005435 -0.016728 0.173184 0.006782 -0.020872 0.172724 0.008123 -0.025001 0.172163 0.009460 -0.029116 0.171500 0.010792 -0.033216 0.170735 0.012120 -0.037300 0.169867 0.013442 -0.041370 0.168898 0.014759 -0.045424 0.167827 0.016072 -0.049464 0.166653 0.017380 -0.053489 0.165378 0.018682 -0.057499 0.164000 0.000000 -0.000000 0.174000 0.002007 -0.003939 0.173949 0.004008 -0.007866 0.173796 0.006001 -0.011779 0.173541 0.007989 -0.015679 0.173184 0.009969 -0.019565 0.172724 0.011943 -0.023439 0.172163 0.013910 -0.027300 0.171500 0.015870 -0.031147 0.170735 0.017824 -0.034981 0.169867 0.019771 -0.038802 0.168898 0.021711 -0.042611 0.167827 0.023645 -0.046405 0.166653 0.025572 -0.050187 0.165378 0.027492 -0.053956 0.164000 0.000000 -0.000000 0.174000 0.002600 -0.003579 0.173949 0.005194 -0.007149 0.173796 0.007781 -0.010710 0.173541 0.010363 -0.014263 0.173184 0.012938 -0.017808 0.172724 0.015507 -0.021344 0.172163 0.018070 -0.024871 0.171500 0.020627 -0.028390 0.170735 0.023177 -0.031901 0.169867 0.025721 -0.035402 0.168898 0.028260 -0.038896 0.167827 0.030791 -0.042381 0.166653 0.033317 -0.045857 0.165378 0.035837 -0.049325 0.164000 0.000000 -0.000000 0.174000 0.003130 -0.003130 0.173949 0.006257 -0.006257 0.173796 0.009382 -0.009382 0.173541 0.012503 -0.012503 0.173184 0.015622 -0.015622 0.172724 0.018738 -0.018738 0.172163 0.021851 -0.021851 0.171500 0.024961 -0.024961 0.170735 0.028068 -0.028068 0.169867 0.031173 -0.031173 0.168898 0.034275 -0.034275 0.167827 0.037374 -0.037374 0.166653 0.040470 -0.040470 0.165378 0.043563 -0.043563 0.164000 0.000000 -0.000000 0.174000 0.003584 -0.002604 0.173949 0.007171 -0.005210 0.173796 0.010761 -0.007818 0.173541 0.014353 -0.010428 0.173184 0.017948 -0.013040 0.172724 0.021546 -0.015654 0.172163 0.025146 -0.018270 0.171500 0.028750 -0.020888 0.170735 0.032356 -0.023508 0.169867 0.035964 -0.026130 0.168898 0.039576 -0.028754 0.167827 0.043190 -0.031379 0.166653 0.046807 -0.034007 0.165378 0.050427 -0.036637 0.164000 0.000000 -0.000000 0.174000 0.003950 -0.002013 0.173949 0.007910 -0.004030 0.173796 0.011878 -0.006052 0.173541 0.015855 -0.008079 0.173184 0.019841 -0.010110 0.172724 0.023836 -0.012145 0.172163 0.027840 -0.014185 0.171500 0.031853 -0.016230 0.170735 0.035875 -0.018279 0.169867 0.039905 -0.020333 0.168898 0.043945 -0.022391 0.167827 0.047994 -0.024454 0.166653 0.052051 -0.026521 0.165378 0.056118 -0.028593 0.164000 0.000000 -0.000000 0.174000 0.004219 -0.001371 0.173949 0.008451 -0.002746 0.173796 0.012697 -0.004126 0.173541 0.016957 -0.005510 0.173184 0.021231 -0.006898 0.172724 0.025519 -0.008292 0.172163 0.029820 -0.009689 0.171500 0.034135 -0.011091 0.170735 0.038464 -0.012498 0.169867 0.042807 -0.013909 0.168898 0.047163 -0.015324 0.167827 0.051534 -0.016744 0.166653 0.055918 -0.018169 0.165378 0.060316 -0.019598 0.164000 0.000000 -0.000000 0.174000 0.004382 -0.000694 0.173949 0.008779 -0.001391 0.173796 0.013192 -0.002089 0.173541 0.017621 -0.002791 0.173184 0.022065 -0.003495 0.172724 0.026525 -0.004201 0.172163 0.031000 -0.004910 0.171500 0.035491 -0.005621 0.170735 0.039998 -0.006335 0.169867 0.044520 -0.007051 0.168898 0.049058 -0.007770 0.167827 0.053611 -0.008491 0.166653 0.058180 -0.009215 0.165378 0.062765 -0.009941 0.164000 0.000000 -0.000000 0.174000 0.004435 -0.000000 0.173949 0.008884 -0.000000 0.173796 0.013347 -0.000000 0.173541 0.017824 -0.000000 0.173184 0.022314 -0.000000 0.172724 0.026817 -0.000000 0.172163 0.031334 -0.000000 0.171500 0.035865 -0.000000 0.170735 0.040410 -0.000000 0.169867 0.044968 -0.000000 0.168898 0.049540 -0.000000 0.167827 0.054126 -0.000000 0.166653 0.058725 -0.000000 0.165378 0.063338 -0.000000 0.164000 -0.014000 0.004000 0.182000 -0.008689 0.004000 0.181904 -0.003418 0.004000 0.181612 0.001774 0.004000 0.181125 0.006836 0.004000 0.180436 0.011667 0.004000 0.179522 0.016099 0.004000 0.178354 0.019918 0.004000 0.176927 0.022972 0.004000 0.175280 0.025267 0.004000 0.173494 0.026988 0.004000 0.171653 0.028402 0.004000 0.169800 0.029687 0.004000 0.167929 0.030792 0.004000 0.166000 0.031443 0.004000 0.163994 0.031280 0.004000 0.161942 0.030053 0.004000 0.159925 0.027734 0.004000 0.158035 0.024508 0.004000 0.156335 0.020640 0.004000 0.154841 0.016352 0.004000 0.153542 0.011758 0.004000 0.152430 0.006905 0.004000 0.151516 0.001832 0.004000 0.150820 -0.003391 0.004000 0.150348 -0.008685 0.004000 0.150084 -0.014000 0.004000 0.150000 -0.014000 0.004000 0.182000 -0.008759 0.004755 0.181893 -0.003574 0.005501 0.181574 0.001507 0.006233 0.181054 0.006442 0.006943 0.180340 0.011151 0.007621 0.179415 0.015482 0.008245 0.178252 0.019240 0.008786 0.176842 0.022268 0.009222 0.175217 0.024557 0.009552 0.173450 0.026265 0.009798 0.171622 0.027630 0.009994 0.169778 0.028812 0.010164 0.167914 0.029764 0.010301 0.166000 0.030236 0.010369 0.164022 0.029909 0.010322 0.162015 0.028574 0.010130 0.160055 0.026237 0.009794 0.158225 0.023094 0.009341 0.156573 0.019401 0.008809 0.155106 0.015349 0.008226 0.153803 0.011014 0.007602 0.152658 0.006401 0.006938 0.151689 0.001525 0.006235 0.150928 -0.003556 0.005504 0.150399 -0.008755 0.004755 0.150097 -0.014000 0.004000 0.150000 -0.014000 0.004000 0.182000 -0.008958 0.005489 0.181877 -0.003997 0.006955 0.181517 0.000820 0.008377 0.180941 0.005450 0.009745 0.180170 0.009834 0.011040 0.179202 0.013852 0.012227 0.178020 0.017344 0.013258 0.176617 0.020184 0.014097 0.175022 0.022368 0.014742 0.173298 0.024038 0.015236 0.171516 0.025401 0.015638 0.169713 0.026583 0.015987 0.167884 0.027517 0.016263 0.166000 0.027954 0.016393 0.164052 0.027596 0.016287 0.162080 0.026262 0.015893 0.160162 0.023987 0.015221 0.158377 0.020980 0.014333 0.156768 0.017501 0.013305 0.155330 0.013724 0.012189 0.154035 0.009702 0.011001 0.152871 0.005411 0.009734 0.151859 0.000837 0.008383 0.151042 -0.003980 0.006960 0.150456 -0.008955 0.005490 0.150112 -0.014000 0.004000 0.150000 -0.014000 0.004000 0.182000 -0.009281 0.006186 0.181863 -0.004665 0.008324 0.181458 -0.000233 0.010377 0.180815 0.003965 0.012322 0.179970 0.007879 0.014135 0.178936 0.011424 0.015777 0.177712 0.014486 0.017195 0.176299 0.016983 0.018352 0.174728 0.018942 0.019259 0.173056 0.020506 0.019983 0.171341 0.021859 0.020610 0.169607 0.023095 0.021182 0.167838 0.024117 0.021656 0.166000 0.024660 0.021908 0.164084 0.024426 0.021799 0.162135 0.023239 0.021249 0.160236 0.021143 0.020278 0.158472 0.018354 0.018986 0.156886 0.015131 0.017494 0.155467 0.011651 0.015882 0.154183 0.007961 0.014172 0.153015 0.004027 0.012350 0.151982 -0.000181 0.010401 0.151129 -0.004641 0.008335 0.150503 -0.009277 0.006188 0.150125 -0.014000 0.004000 0.150000 -0.014000 0.004000 0.182000 -0.009718 0.006828 0.181852 -0.005548 0.009582 0.181413 -0.001586 0.012200 0.180713 0.002109 0.014640 0.179796 0.005488 0.016872 0.178690 0.008489 0.018854 0.177410 0.011036 0.020536 0.175970 0.013097 0.021897 0.174407 0.014732 0.022977 0.172778 0.016099 0.023880 0.171131 0.017376 0.024724 0.169476 0.018634 0.025555 0.167781 0.019757 0.026296 0.166000 0.020467 0.026765 0.164119 0.020454 0.026757 0.162183 0.019534 0.026149 0.160284 0.017735 0.024961 0.158514 0.015257 0.023324 0.156923 0.012354 0.021407 0.155506 0.009204 0.019326 0.154228 0.005864 0.017120 0.153065 0.002311 0.014773 0.152031 -0.001487 0.012265 0.151170 -0.005515 0.009604 0.150527 -0.009714 0.006831 0.150133 -0.014000 0.004000 0.150000 -0.014000 0.004000 0.182000 -0.010258 0.007402 0.181849 -0.006622 0.010708 0.181394 -0.003186 0.013831 0.180664 -0.000019 0.016710 0.179699 0.002827 0.019297 0.178536 0.005297 0.021542 0.177201 0.007341 0.023401 0.175723 0.008956 0.024869 0.174149 0.010228 0.026026 0.172539 0.011330 0.027027 0.170940 0.012437 0.028034 0.169351 0.013617 0.029107 0.167724 0.014756 0.030141 0.166000 0.015579 0.030890 0.164153 0.015781 0.031073 0.162225 0.015165 0.030514 0.160312 0.013731 0.029210 0.158515 0.011644 0.027313 0.156897 0.009132 0.025029 0.155461 0.006366 0.022515 0.154178 0.003418 0.019835 0.153023 0.000284 0.016985 0.152004 -0.003054 0.013951 0.151158 -0.006583 0.010743 0.150525 -0.010254 0.007406 0.150134 -0.014000 0.004000 0.150000 -0.014000 0.004000 0.182000 -0.010888 0.007893 0.181853 -0.007861 0.011681 0.181408 -0.005001 0.015261 0.180680 -0.002371 0.018550 0.179707 -0.000029 0.021481 0.178522 0.001971 0.023983 0.177153 0.003584 0.026002 0.175638 0.004817 0.027545 0.174035 0.005760 0.028725 0.172416 0.006580 0.029751 0.170829 0.007447 0.030835 0.169270 0.008433 0.032069 0.167685 0.009446 0.033337 0.166000 0.010248 0.034341 0.164179 0.010561 0.034733 0.162255 0.010195 0.034274 0.160323 0.009122 0.032931 0.158492 0.007463 0.030856 0.156835 0.005401 0.028276 0.155367 0.003088 0.025381 0.154067 0.000598 0.022265 0.152917 -0.002054 0.018947 0.151919 -0.004868 0.015427 0.151103 -0.007824 0.011727 0.150499 -0.010885 0.007898 0.150127 -0.014000 0.004000 0.150000 -0.014000 0.004000 0.182000 -0.011595 0.008291 0.181864 -0.009246 0.012481 0.181448 -0.007012 0.016468 0.180758 -0.004945 0.020156 0.179820 -0.003095 0.023457 0.178654 -0.001518 0.026270 0.177285 -0.000260 0.028514 0.175750 0.000677 0.030186 0.174114 0.001363 0.031411 0.172458 0.001938 0.032436 0.170841 0.002547 0.033523 0.169267 0.003264 0.034802 0.167679 0.004030 0.036168 0.166000 0.004666 0.037303 0.164185 0.004952 0.037814 0.162258 0.004729 0.037416 0.160311 0.003959 0.036042 0.158450 0.002720 0.033831 0.156756 0.001143 0.031018 0.155255 -0.000656 0.027809 0.153935 -0.002611 0.024320 0.152784 -0.004700 0.020593 0.151807 -0.006910 0.016651 0.151025 -0.009218 0.012533 0.150459 -0.011592 0.008296 0.150116 -0.014000 0.004000 0.150000 -0.014000 0.004000 0.182000 -0.012362 0.008584 0.181878 -0.010753 0.013085 0.181502 -0.009206 0.017413 0.180874 -0.007754 0.021476 0.180004 -0.006434 0.025169 0.178899 -0.005292 0.028365 0.177567 -0.004371 0.030940 0.176038 -0.003687 0.032856 0.174377 -0.003198 0.034222 0.172671 -0.002815 0.035293 0.170992 -0.002434 0.036361 0.169355 -0.001995 0.037590 0.167715 -0.001526 0.038902 0.166000 -0.001138 0.039987 0.164162 -0.000973 0.040447 0.162222 -0.001140 0.039980 0.160261 -0.001669 0.038502 0.158384 -0.002512 0.036141 0.156669 -0.003589 0.033128 0.155147 -0.004825 0.029671 0.153813 -0.006176 0.025892 0.152661 -0.007622 0.021846 0.151699 -0.009149 0.017574 0.150947 -0.010736 0.013132 0.150417 -0.012360 0.008589 0.150104 -0.014000 0.004000 0.150000 -0.014000 0.004000 0.182000 -0.013170 0.008764 0.181891 -0.012351 0.013468 0.181556 -0.011553 0.018042 0.180995 -0.010792 0.022413 0.180209 -0.010084 0.026476 0.179187 -0.009456 0.030079 0.177922 -0.008937 0.033062 0.176427 -0.008541 0.035336 0.174760 -0.008256 0.036968 0.173007 -0.008044 0.038187 0.171251 -0.007853 0.039281 0.169522 -0.007653 0.040431 0.167791 -0.007452 0.041585 0.166000 -0.007299 0.042464 0.164109 -0.007258 0.042695 0.162137 -0.007380 0.041996 0.160164 -0.007676 0.040297 0.158285 -0.008123 0.037731 0.156571 -0.008682 0.034522 0.155049 -0.009318 0.030871 0.153716 -0.010012 0.026892 0.152569 -0.010753 0.022637 0.151619 -0.011534 0.018152 0.150888 -0.012344 0.013504 0.150384 -0.013169 0.008769 0.150094 -0.014000 0.004000 0.150000 -0.014000 0.004000 0.182000 -0.014000 0.008826 0.181899 -0.014000 0.013609 0.181595 -0.014000 0.018305 0.181088 -0.014000 0.022862 0.180375 -0.014000 0.027189 0.179438 -0.014000 0.031131 0.178250 -0.014000 0.034503 0.176809 -0.014000 0.037170 0.175158 -0.014000 0.039147 0.173379 -0.014000 0.040614 0.171554 -0.014000 0.041823 0.169729 -0.014000 0.042940 0.167891 -0.014000 0.043928 0.166000 -0.014000 0.044537 0.164031 -0.014000 0.044439 0.162013 -0.014000 0.043401 0.160023 -0.014000 0.041390 0.158150 -0.014000 0.038565 0.156456 -0.014000 0.035159 0.154958 -0.014000 0.031362 0.153646 -0.014000 0.027271 0.152514 -0.014000 0.022925 0.151577 -0.014000 0.018358 0.150857 -0.014000 0.013634 0.150366 -0.014000 0.008830 0.150088 -0.014000 0.004000 0.150000 -0.014000 0.004000 0.182000 -0.014831 0.008768 0.181902 -0.015655 0.013500 0.181609 -0.016468 0.018167 0.181128 -0.017265 0.022740 0.180461 -0.018033 0.027150 0.179583 -0.018749 0.031257 0.178460 -0.019378 0.034871 0.177076 -0.019896 0.037840 0.175460 -0.020295 0.040134 0.173680 -0.020599 0.041878 0.171818 -0.020842 0.043272 0.169920 -0.021046 0.044444 0.167989 -0.021203 0.045343 0.166000 -0.021272 0.045739 0.163948 -0.021203 0.045344 0.161873 -0.020965 0.043978 0.159860 -0.020561 0.041661 0.157995 -0.020026 0.038590 0.156331 -0.019404 0.035018 0.154871 -0.018728 0.031135 0.153596 -0.018012 0.027025 0.152491 -0.017258 0.022703 0.151568 -0.016471 0.018183 0.150854 -0.015658 0.013516 0.150364 -0.014831 0.008771 0.150088 -0.014000 0.004000 0.150000 -0.014000 0.004000 0.182000 -0.015640 0.008590 0.181898 -0.017267 0.013140 0.181597 -0.018870 0.017625 0.181110 -0.020443 0.022026 0.180445 -0.021969 0.026295 0.179585 -0.023407 0.030319 0.178495 -0.024698 0.033932 0.177153 -0.025790 0.036987 0.175576 -0.026667 0.039441 0.173823 -0.027360 0.041381 0.171963 -0.027923 0.042956 0.170038 -0.028384 0.044246 0.168055 -0.028714 0.045169 0.166000 -0.028830 0.045493 0.163881 -0.028637 0.044951 0.161755 -0.028083 0.043403 0.159715 -0.027193 0.040912 0.157852 -0.026049 0.037710 0.156214 -0.024749 0.034074 0.154794 -0.023365 0.030203 0.153560 -0.021926 0.026175 0.152488 -0.020430 0.021990 0.151583 -0.018875 0.017641 0.150872 -0.017273 0.013156 0.150376 -0.015642 0.008593 0.150091 -0.014000 0.004000 0.150000 -0.014000 0.004000 0.182000 -0.016409 0.008298 0.181890 -0.018790 0.012546 0.181565 -0.021123 0.016708 0.181043 -0.023397 0.020765 0.180340 -0.025591 0.024681 0.179451 -0.027659 0.028371 0.178350 -0.029529 0.031706 0.177019 -0.031135 0.034572 0.175474 -0.032464 0.036943 0.173762 -0.033559 0.038896 0.171941 -0.034485 0.040549 0.170044 -0.035267 0.041944 0.168068 -0.035840 0.042967 0.166000 -0.036065 0.043367 0.163854 -0.035793 0.042882 0.161698 -0.034951 0.041381 0.159636 -0.033585 0.038944 0.157767 -0.031833 0.035818 0.156140 -0.029857 0.032292 0.154748 -0.027775 0.028577 0.153546 -0.025633 0.024756 0.152501 -0.023428 0.020822 0.151611 -0.021149 0.016755 0.150901 -0.018802 0.012568 0.150395 -0.016411 0.008301 0.150097 -0.014000 0.004000 0.150000 -0.014000 0.004000 0.182000 -0.017117 0.007900 0.181881 -0.020185 0.011739 0.181524 -0.023165 0.015467 0.180950 -0.026030 0.019053 0.180181 -0.028755 0.022462 0.179225 -0.031287 0.025630 0.178072 -0.033553 0.028466 0.176717 -0.035499 0.030901 0.175181 -0.037132 0.032944 0.173511 -0.038526 0.034688 0.171754 -0.039772 0.036247 0.169930 -0.040890 0.037647 0.168020 -0.041777 0.038756 0.166000 -0.042222 0.039313 0.163880 -0.042008 0.039045 0.161729 -0.041021 0.037811 0.159660 -0.039313 0.035674 0.157781 -0.037069 0.032865 0.156149 -0.034511 0.029664 0.154759 -0.031806 0.026280 0.153566 -0.029028 0.022804 0.152531 -0.026177 0.019236 0.151647 -0.023236 0.015557 0.150933 -0.020209 0.011769 0.150415 -0.017120 0.007904 0.150104 -0.014000 0.004000 0.150000 -0.014000 0.004000 0.182000 -0.017748 0.007407 0.181872 -0.021422 0.010748 0.181486 -0.024957 0.013961 0.180857 -0.028302 0.017002 0.180014 -0.031413 0.019830 0.178974 -0.034230 0.022391 0.177743 -0.036684 0.024621 0.176334 -0.038740 0.026491 0.174782 -0.040451 0.028046 0.173139 -0.041947 0.029407 0.171451 -0.043368 0.030698 0.169722 -0.044750 0.031954 0.167920 -0.045957 0.033052 0.166000 -0.046711 0.033738 0.163957 -0.046711 0.033738 0.161854 -0.045782 0.032893 0.159801 -0.043953 0.031230 0.157915 -0.041429 0.028936 0.156264 -0.038475 0.026250 0.154850 -0.035300 0.023363 0.153636 -0.032005 0.020368 0.152586 -0.028605 0.017277 0.151689 -0.025088 0.014080 0.150964 -0.021461 0.010783 0.150433 -0.017752 0.007411 0.150110 -0.014000 0.004000 0.150000 -0.014000 0.004000 0.182000 -0.018286 0.006831 0.181867 -0.022477 0.009599 0.181459 -0.026478 0.012242 0.180789 -0.030211 0.014708 0.179884 -0.033605 0.016949 0.178767 -0.036580 0.018914 0.177456 -0.039064 0.020554 0.175980 -0.041044 0.021863 0.174391 -0.042623 0.022905 0.172752 -0.044005 0.023818 0.171115 -0.045398 0.024738 0.169479 -0.046885 0.025720 0.167795 -0.048324 0.026671 0.166000 -0.049383 0.027371 0.164069 -0.049685 0.027570 0.162047 -0.048980 0.027104 0.160037 -0.047250 0.025961 0.158156 -0.044686 0.024268 0.156480 -0.041565 0.022206 0.155024 -0.038118 0.019930 0.153764 -0.034468 0.017519 0.152671 -0.030648 0.014996 0.151743 -0.026661 0.012363 0.150994 -0.022528 0.009633 0.150448 -0.018291 0.006834 0.150114 -0.014000 0.004000 0.150000 -0.014000 0.004000 0.182000 -0.018720 0.006186 0.181864 -0.023329 0.008321 0.181448 -0.027714 0.010353 0.180758 -0.031772 0.012232 0.179819 -0.035401 0.013913 0.178654 -0.038496 0.015346 0.177284 -0.040964 0.016490 0.175749 -0.042802 0.017341 0.174114 -0.044149 0.017965 0.172458 -0.045276 0.018487 0.170841 -0.046471 0.019041 0.169266 -0.047878 0.019692 0.167679 -0.049381 0.020389 0.166000 -0.050629 0.020967 0.164185 -0.051192 0.021227 0.162259 -0.050754 0.021025 0.160311 -0.049243 0.020325 0.158451 -0.046812 0.019199 0.156757 -0.043718 0.017765 0.155255 -0.040188 0.016131 0.153936 -0.036351 0.014353 0.152785 -0.032252 0.012454 0.151807 -0.027916 0.010446 0.151025 -0.023386 0.008348 0.150459 -0.018726 0.006189 0.150117 -0.014000 0.004000 0.150000 -0.014000 0.004000 0.182000 -0.019038 0.005488 0.181865 -0.023960 0.006942 0.181451 -0.028646 0.008326 0.180766 -0.032980 0.009606 0.179827 -0.036842 0.010747 0.178653 -0.040095 0.011708 0.177262 -0.042618 0.012453 0.175694 -0.044391 0.012977 0.174021 -0.045563 0.013323 0.172334 -0.046443 0.013583 0.170704 -0.047380 0.013860 0.169146 -0.048579 0.014214 0.167605 -0.049970 0.014625 0.166000 -0.051217 0.014993 0.164272 -0.051875 0.015188 0.162431 -0.051598 0.015106 0.160548 -0.050270 0.014714 0.158722 -0.048005 0.014044 0.157026 -0.045025 0.013164 0.155491 -0.041532 0.012132 0.154118 -0.037637 0.010982 0.152907 -0.033387 0.009727 0.151876 -0.028823 0.008378 0.151056 -0.024012 0.006957 0.150468 -0.019044 0.005490 0.150118 -0.014000 0.004000 0.150000 -0.014000 0.004000 0.182000 -0.019233 0.004753 0.181867 -0.024353 0.005491 0.181465 -0.029247 0.006195 0.180801 -0.033805 0.006852 0.179893 -0.037903 0.007442 0.178749 -0.041381 0.007943 0.177379 -0.044090 0.008333 0.175815 -0.045973 0.008604 0.174125 -0.047156 0.008774 0.172407 -0.047945 0.008888 0.170740 -0.048711 0.008998 0.169150 -0.049694 0.009139 0.167596 -0.050866 0.009308 0.166000 -0.051930 0.009461 0.164304 -0.052466 0.009539 0.162509 -0.052136 0.009491 0.160675 -0.050819 0.009301 0.158886 -0.048608 0.008983 0.157205 -0.045697 0.008564 0.155662 -0.042252 0.008068 0.154259 -0.038360 0.007507 0.153007 -0.034051 0.006887 0.151934 -0.029367 0.006213 0.151082 -0.024393 0.005496 0.150475 -0.019238 0.004754 0.150118 -0.014000 0.004000 0.150000 -0.014000 0.004000 0.182000 -0.019299 0.004000 0.181870 -0.024494 0.004000 0.181483 -0.029489 0.004000 0.180851 -0.034193 0.004000 0.179991 -0.038494 0.004000 0.178904 -0.042231 0.004000 0.177588 -0.045233 0.004000 0.176062 -0.047403 0.004000 0.174384 -0.048821 0.004000 0.172646 -0.049753 0.004000 0.170931 -0.050541 0.004000 0.169275 -0.051422 0.004000 0.167652 -0.052388 0.004000 0.166000 -0.053178 0.004000 0.164270 -0.053419 0.004000 0.162467 -0.052819 0.004000 0.160647 -0.051289 0.004000 0.158883 -0.048938 0.004000 0.157230 -0.045955 0.004000 0.155706 -0.042485 0.004000 0.154308 -0.038584 0.004000 0.153048 -0.034262 0.004000 0.151961 -0.029547 0.004000 0.151093 -0.024521 0.004000 0.150477 -0.019303 0.004000 0.150117 -0.014000 0.004000 0.150000 -0.014000 0.004000 0.182000 -0.019235 0.003246 0.181874 -0.024377 0.002506 0.181501 -0.029349 0.001790 0.180901 -0.034086 0.001108 0.180090 -0.038501 0.000472 0.179068 -0.042449 -0.000096 0.177823 -0.045753 -0.000572 0.176357 -0.048292 -0.000938 0.174715 -0.050096 -0.001197 0.172975 -0.051367 -0.001380 0.171217 -0.052385 -0.001527 0.169483 -0.053344 -0.001665 0.167759 -0.054219 -0.001791 0.166000 -0.054768 -0.001870 0.164178 -0.054664 -0.001855 0.162310 -0.053676 -0.001713 0.160460 -0.051776 -0.001439 0.158700 -0.049118 -0.001057 0.157075 -0.045915 -0.000595 0.155590 -0.042315 -0.000077 0.154233 -0.038364 0.000492 0.153005 -0.034046 0.001114 0.151938 -0.029367 0.001787 0.151082 -0.024396 0.002503 0.150472 -0.019239 0.003246 0.150116 -0.014000 0.004000 0.150000 -0.014000 0.004000 0.182000 -0.019042 0.002511 0.181878 -0.024003 0.001045 0.181517 -0.028820 -0.000378 0.180941 -0.033451 -0.001746 0.180170 -0.037835 -0.003040 0.179203 -0.041854 -0.004227 0.178021 -0.045347 -0.005259 0.176618 -0.048188 -0.006098 0.175023 -0.050372 -0.006744 0.173299 -0.052043 -0.007237 0.171516 -0.053407 -0.007640 0.169714 -0.054589 -0.007989 0.167884 -0.055523 -0.008265 0.166000 -0.055961 -0.008394 0.164052 -0.055602 -0.008289 0.162079 -0.054268 -0.007894 0.160161 -0.051991 -0.007222 0.158376 -0.048984 -0.006334 0.156767 -0.045503 -0.005306 0.155329 -0.041726 -0.004190 0.154034 -0.037703 -0.003001 0.152870 -0.033412 -0.001734 0.151858 -0.028837 -0.000383 0.151041 -0.024020 0.001040 0.150456 -0.019046 0.002510 0.150112 -0.014000 0.004000 0.150000 -0.014000 0.004000 0.182000 -0.018725 0.001811 0.181881 -0.023379 -0.000345 0.181530 -0.027911 -0.002443 0.180969 -0.032287 -0.004471 0.180220 -0.036467 -0.006407 0.179284 -0.040360 -0.008210 0.178143 -0.043832 -0.009818 0.176786 -0.046772 -0.011180 0.175232 -0.049170 -0.012291 0.173533 -0.051129 -0.013198 0.171747 -0.052797 -0.013971 0.169903 -0.054234 -0.014637 0.167994 -0.055326 -0.015142 0.166000 -0.055800 -0.015362 0.163929 -0.055363 -0.015160 0.161839 -0.053863 -0.014465 0.159830 -0.051371 -0.013310 0.157995 -0.048143 -0.011815 0.156382 -0.044477 -0.010117 0.154981 -0.040587 -0.008315 0.153752 -0.036549 -0.006445 0.152668 -0.032349 -0.004500 0.151731 -0.027962 -0.002467 0.150975 -0.023403 -0.000356 0.150430 -0.018729 0.001810 0.150106 -0.014000 0.004000 0.150000 -0.014000 0.004000 0.182000 -0.018291 0.001166 0.181886 -0.022523 -0.001629 0.181542 -0.026646 -0.004352 0.180987 -0.030630 -0.006984 0.180242 -0.034439 -0.009500 0.179310 -0.038001 -0.011853 0.178177 -0.041212 -0.013973 0.176836 -0.043988 -0.015807 0.175304 -0.046333 -0.017356 0.173627 -0.048339 -0.018681 0.171854 -0.050124 -0.019860 0.170002 -0.051709 -0.020906 0.168058 -0.052944 -0.021722 0.166000 -0.053542 -0.022117 0.163842 -0.053202 -0.021893 0.161657 -0.051774 -0.020950 0.159561 -0.049336 -0.019339 0.157664 -0.046149 -0.017234 0.156026 -0.042529 -0.014843 0.154640 -0.038716 -0.012325 0.153460 -0.034815 -0.009748 0.152446 -0.030831 -0.007117 0.151585 -0.026744 -0.004418 0.150896 -0.022556 -0.001651 0.150397 -0.018295 0.001163 0.150100 -0.014000 0.004000 0.150000 -0.014000 0.004000 0.182000 -0.017752 0.000589 0.181890 -0.021454 -0.002777 0.181553 -0.025061 -0.006055 0.180998 -0.028536 -0.009214 0.180243 -0.031841 -0.012219 0.179292 -0.034910 -0.015009 0.178138 -0.037661 -0.017510 0.176780 -0.040039 -0.019672 0.175243 -0.042069 -0.021517 0.173576 -0.043852 -0.023138 0.171822 -0.045501 -0.024637 0.169993 -0.047029 -0.026027 0.168062 -0.048288 -0.027171 0.166000 -0.048991 -0.027810 0.163815 -0.048844 -0.027677 0.161583 -0.047687 -0.026625 0.159430 -0.045571 -0.024701 0.157479 -0.042728 -0.022116 0.155802 -0.039452 -0.019138 0.154404 -0.035979 -0.015981 0.153242 -0.032432 -0.012757 0.152267 -0.028839 -0.009490 0.151460 -0.025192 -0.006175 0.150823 -0.021493 -0.002812 0.150367 -0.017756 0.000586 0.150093 -0.014000 0.004000 0.150000 -0.014000 0.004000 0.182000 -0.017119 0.000097 0.181893 -0.020199 -0.003757 0.181560 -0.023197 -0.007508 0.181002 -0.026073 -0.011106 0.180231 -0.028782 -0.014496 0.179249 -0.031261 -0.017598 0.178054 -0.033440 -0.020325 0.176655 -0.035284 -0.022632 0.175089 -0.036833 -0.024570 0.173414 -0.038198 -0.026278 0.171677 -0.039498 -0.027905 0.169888 -0.040763 -0.029487 0.168010 -0.041872 -0.030875 0.166000 -0.042578 -0.031759 0.163853 -0.042613 -0.031802 0.161637 -0.041813 -0.030801 0.159474 -0.040195 -0.028776 0.157495 -0.037930 -0.025943 0.155781 -0.035257 -0.022599 0.154349 -0.032378 -0.018996 0.153166 -0.029409 -0.015280 0.152189 -0.026390 -0.011503 0.151395 -0.023330 -0.007674 0.150781 -0.020236 -0.003803 0.150347 -0.017123 0.000092 0.150088 -0.014000 0.004000 0.150000 -0.014000 0.004000 0.182000 -0.016409 -0.000299 0.181894 -0.018788 -0.004543 0.181561 -0.021101 -0.008670 0.180998 -0.023310 -0.012611 0.180209 -0.025371 -0.016287 0.179195 -0.027222 -0.019591 0.177955 -0.028805 -0.022415 0.176506 -0.030092 -0.024712 0.174897 -0.031127 -0.026557 0.173200 -0.032014 -0.028140 0.171472 -0.032872 -0.029671 0.169726 -0.033749 -0.031236 0.167921 -0.034570 -0.032701 0.166000 -0.035151 -0.033737 0.163943 -0.035277 -0.033963 0.161799 -0.034806 -0.033121 0.159680 -0.033722 -0.031189 0.157709 -0.032136 -0.028357 0.155973 -0.030208 -0.024918 0.154499 -0.028085 -0.021130 0.153265 -0.025855 -0.017151 0.152244 -0.023555 -0.013048 0.151418 -0.021204 -0.008853 0.150786 -0.018817 -0.004595 0.150346 -0.016412 -0.000304 0.150087 -0.014000 0.004000 0.150000 -0.014000 0.004000 0.182000 -0.015640 -0.000588 0.181891 -0.017257 -0.005114 0.181552 -0.018827 -0.009507 0.180979 -0.020322 -0.013687 0.180174 -0.021704 -0.017556 0.179135 -0.022928 -0.020980 0.177859 -0.023945 -0.023825 0.176368 -0.024734 -0.026032 0.174719 -0.025325 -0.027687 0.172995 -0.025801 -0.029018 0.171267 -0.026257 -0.030293 0.169555 -0.026743 -0.031654 0.167821 -0.027229 -0.033012 0.166000 -0.027600 -0.034052 0.164057 -0.027717 -0.034379 0.162021 -0.027476 -0.033705 0.159986 -0.026855 -0.031967 0.158061 -0.025908 -0.029317 0.156328 -0.024727 -0.026013 0.154817 -0.023395 -0.022286 0.153521 -0.021963 -0.018279 0.152425 -0.020454 -0.014058 0.151529 -0.018885 -0.009668 0.150843 -0.017274 -0.005161 0.150368 -0.015641 -0.000593 0.150092 -0.014000 0.004000 0.150000 -0.014000 0.004000 0.182000 -0.014830 -0.000762 0.181884 -0.015647 -0.005452 0.181531 -0.016438 -0.009993 0.180942 -0.017188 -0.014301 0.180122 -0.017880 -0.018271 0.179067 -0.018487 -0.021753 0.177773 -0.018982 -0.024593 0.176259 -0.019351 -0.026712 0.174585 -0.019608 -0.028191 0.172842 -0.019797 -0.029273 0.171110 -0.019968 -0.030257 0.169420 -0.020156 -0.031337 0.167738 -0.020353 -0.032467 0.166000 -0.020511 -0.033370 0.164162 -0.020563 -0.033671 0.162240 -0.020461 -0.033082 0.160305 -0.020189 -0.031521 0.158450 -0.019768 -0.029107 0.156745 -0.019236 -0.026053 0.155217 -0.018625 -0.022545 0.153865 -0.017953 -0.018687 0.152689 -0.017227 -0.014525 0.151706 -0.016457 -0.010102 0.150941 -0.015653 -0.005489 0.150409 -0.014830 -0.000767 0.150101 -0.014000 0.004000 0.150000 -0.014000 0.004000 0.182000 -0.014000 -0.000819 0.181875 -0.014000 -0.005551 0.181500 -0.014000 -0.010116 0.180889 -0.014000 -0.014437 0.180051 -0.014000 -0.018412 0.178988 -0.014000 -0.021896 0.177692 -0.014000 -0.024726 0.176179 -0.014000 -0.026808 0.174506 -0.014000 -0.028206 0.172761 -0.014000 -0.029150 0.171029 -0.014000 -0.029944 0.169347 -0.014000 -0.030795 0.167690 -0.014000 -0.031691 0.166000 -0.014000 -0.032391 0.164233 -0.014000 -0.032561 0.162395 -0.014000 -0.031937 0.160548 -0.014000 -0.030449 0.158768 -0.014000 -0.028204 0.157109 -0.014000 -0.025382 0.155588 -0.014000 -0.022126 0.154204 -0.014000 -0.018495 0.152964 -0.014000 -0.014500 0.151901 -0.014000 -0.010169 0.151056 -0.014000 -0.005576 0.150460 -0.014000 -0.000823 0.150113 -0.014000 0.004000 0.150000 -0.014000 0.004000 0.182000 -0.013171 -0.000757 0.181865 -0.012360 -0.005413 0.181466 -0.011581 -0.009884 0.180827 -0.010846 -0.014104 0.179970 -0.010169 -0.017988 0.178901 -0.009573 -0.021408 0.177615 -0.009085 -0.024213 0.176122 -0.008720 -0.026306 0.174472 -0.008471 -0.027733 0.172745 -0.008304 -0.028696 0.171022 -0.008169 -0.029469 0.169341 -0.008034 -0.030243 0.167684 -0.007901 -0.031004 0.166000 -0.007809 -0.031537 0.164252 -0.007808 -0.031541 0.162452 -0.007938 -0.030796 0.160656 -0.008205 -0.029260 0.158930 -0.008589 -0.027057 0.157318 -0.009059 -0.024360 0.155825 -0.009594 -0.021287 0.154441 -0.010191 -0.017863 0.153172 -0.010852 -0.014067 0.152059 -0.011578 -0.009901 0.151156 -0.012357 -0.005429 0.150507 -0.013171 -0.000760 0.150125 -0.014000 0.004000 0.150000 -0.014000 0.004000 0.182000 -0.012364 -0.000578 0.181857 -0.010767 -0.005046 0.181437 -0.009239 -0.009320 0.180772 -0.007803 -0.013339 0.179895 -0.006480 -0.017040 0.178820 -0.005307 -0.020322 0.177547 -0.004328 -0.023060 0.176083 -0.003574 -0.025170 0.174468 -0.003032 -0.026687 0.172774 -0.002640 -0.027783 0.171070 -0.002317 -0.028688 0.169389 -0.002010 -0.029547 0.167713 -0.001733 -0.030322 0.166000 -0.001564 -0.030794 0.164223 -0.001604 -0.030684 0.162405 -0.001917 -0.029806 0.160608 -0.002506 -0.028159 0.158901 -0.003316 -0.025894 0.157322 -0.004278 -0.023202 0.155864 -0.005348 -0.020206 0.154508 -0.006523 -0.016920 0.153253 -0.007816 -0.013303 0.152134 -0.009234 -0.009336 0.151211 -0.010761 -0.005062 0.150536 -0.012363 -0.000581 0.150133 -0.014000 0.004000 0.150000 -0.014000 0.004000 0.182000 -0.011597 -0.000288 0.181853 -0.009254 -0.004468 0.181423 -0.007020 -0.008453 0.180742 -0.004925 -0.012192 0.179850 -0.002996 -0.015634 0.178770 -0.001274 -0.018705 0.177506 0.000186 -0.021310 0.176066 0.001350 -0.023388 0.174487 0.002241 -0.024977 0.172827 0.002941 -0.026226 0.171146 0.003554 -0.027320 0.169466 0.004134 -0.028355 0.167764 0.004638 -0.029253 0.166000 0.004932 -0.029778 0.164159 0.004862 -0.029653 0.162276 0.004334 -0.028711 0.160431 0.003362 -0.026978 0.158701 0.002048 -0.024633 0.157127 0.000514 -0.021896 0.155701 -0.001159 -0.018911 0.154390 -0.002954 -0.015708 0.153182 -0.004893 -0.012248 0.152102 -0.006994 -0.008500 0.151203 -0.009242 -0.004489 0.150538 -0.011595 -0.000291 0.150134 -0.014000 0.004000 0.150000 -0.014000 0.004000 0.182000 -0.010888 0.000106 0.181857 -0.007852 -0.003692 0.181430 -0.004957 -0.007315 0.180751 -0.002244 -0.010710 0.179857 0.000254 -0.013835 0.178776 0.002490 -0.016633 0.177515 0.004407 -0.019032 0.176089 0.005976 -0.020995 0.174530 0.007234 -0.022570 0.172895 0.008292 -0.023892 0.171230 0.009270 -0.025117 0.169548 0.010217 -0.026301 0.167819 0.011044 -0.027336 0.166000 0.011548 -0.027968 0.164081 0.011506 -0.027915 0.162111 0.010787 -0.027015 0.160184 0.009416 -0.025300 0.158397 0.007545 -0.022959 0.156800 0.005365 -0.020230 0.155387 0.003009 -0.017283 0.154122 0.000527 -0.014177 0.152980 -0.002098 -0.010893 0.151970 -0.004886 -0.007404 0.151132 -0.007828 -0.003722 0.150509 -0.010885 0.000102 0.150129 -0.014000 0.004000 0.150000 -0.014000 0.004000 0.182000 -0.010254 0.000594 0.181866 -0.006590 -0.002737 0.181461 -0.003082 -0.005925 0.180805 0.000215 -0.008922 0.179928 0.003254 -0.011685 0.178855 0.005976 -0.014160 0.177596 0.008318 -0.016289 0.176168 0.010255 -0.018050 0.174610 0.011846 -0.019497 0.172976 0.013235 -0.020759 0.171312 0.014570 -0.021973 0.169621 0.015897 -0.023179 0.167867 0.017086 -0.024260 0.166000 0.017859 -0.024963 0.164011 0.017914 -0.025013 0.161955 0.017070 -0.024245 0.159940 0.015349 -0.022680 0.158079 0.012943 -0.020494 0.156436 0.010109 -0.017918 0.155016 0.007046 -0.015132 0.153783 0.003845 -0.012223 0.152705 0.000518 -0.009198 0.151775 -0.002950 -0.006045 0.151017 -0.006551 -0.002772 0.150458 -0.010250 0.000591 0.150116 -0.014000 0.004000 0.150000 -0.014000 0.004000 0.182000 -0.009710 0.001167 0.181880 -0.005496 -0.001617 0.181509 -0.001433 -0.004300 0.180894 0.002411 -0.006839 0.180054 0.005969 -0.009190 0.179004 0.009159 -0.011297 0.177750 0.011896 -0.013104 0.176312 0.014151 -0.014594 0.174734 0.016002 -0.015816 0.173078 0.017627 -0.016890 0.171391 0.019216 -0.017939 0.169680 0.020827 -0.019003 0.167901 0.022309 -0.019982 0.166000 0.023326 -0.020653 0.163963 0.023503 -0.020770 0.161845 0.022603 -0.020176 0.159760 0.020628 -0.018872 0.157831 0.017793 -0.016999 0.156136 0.014397 -0.014756 0.154692 0.010697 -0.012312 0.153470 0.006832 -0.009759 0.152434 0.002847 -0.007127 0.151572 -0.001250 -0.004421 0.150889 -0.005444 -0.001651 0.150398 -0.009705 0.001163 0.150101 -0.014000 0.004000 0.150000 -0.014000 0.004000 0.182000 -0.009271 0.001810 0.181894 -0.004602 -0.000353 0.181561 -0.000063 -0.002456 0.180998 0.004273 -0.004464 0.180209 0.008317 -0.006337 0.179195 0.011952 -0.008021 0.177955 0.015059 -0.009460 0.176506 0.017586 -0.010631 0.174898 0.019616 -0.011571 0.173200 0.021358 -0.012378 0.171473 0.023043 -0.013158 0.169726 0.024764 -0.013956 0.167921 0.026375 -0.014702 0.166000 0.027515 -0.015230 0.163943 0.027763 -0.015345 0.161799 0.026837 -0.014916 0.159679 0.024711 -0.013931 0.157708 0.021596 -0.012488 0.155973 0.017812 -0.010736 0.154498 0.013645 -0.008805 0.153265 0.009267 -0.006777 0.152243 0.004753 -0.004687 0.151417 0.000138 -0.002549 0.150786 -0.004546 -0.000379 0.150346 -0.009266 0.001807 0.150087 -0.014000 0.004000 0.150000 -0.014000 0.004000 0.182000 -0.008949 0.002508 0.181904 -0.003941 0.001029 0.181603 0.000965 -0.000420 0.181088 0.005699 -0.001819 0.180351 0.010156 -0.003135 0.179381 0.014184 -0.004325 0.178164 0.017623 -0.005341 0.176712 0.020385 -0.006157 0.175075 0.022537 -0.006792 0.173332 0.024300 -0.007313 0.171554 0.025939 -0.007797 0.169764 0.027589 -0.008285 0.167931 0.029136 -0.008741 0.166000 0.030227 -0.009064 0.163947 0.030434 -0.009125 0.161813 0.029455 -0.008836 0.159699 0.027245 -0.008183 0.157723 0.023999 -0.007224 0.155971 0.020030 -0.006052 0.154473 0.015621 -0.004750 0.153216 0.010950 -0.003370 0.152179 0.006107 -0.001939 0.151352 0.001142 -0.000473 0.150734 -0.003890 0.001014 0.150316 -0.008944 0.002506 0.150078 -0.014000 0.004000 0.150000 -0.014000 0.004000 0.182000 -0.008754 0.003245 0.181908 -0.003541 0.002494 0.181623 0.001591 0.001755 0.181136 0.006581 0.001037 0.180437 0.011319 0.000354 0.179505 0.015634 -0.000267 0.178315 0.019330 -0.000799 0.176871 0.022279 -0.001224 0.175220 0.024519 -0.001546 0.173443 0.026260 -0.001797 0.171621 0.027782 -0.002016 0.169792 0.029251 -0.002228 0.167933 0.030591 -0.002420 0.166000 0.031487 -0.002550 0.163967 0.031537 -0.002557 0.161868 0.030450 -0.002400 0.159793 0.028182 -0.002074 0.157849 0.024914 -0.001603 0.156111 0.020936 -0.001030 0.154605 0.016505 -0.000392 0.153323 0.011776 0.000289 0.152251 0.006826 0.001001 0.151391 0.001712 0.001738 0.150747 -0.003501 0.002488 0.150317 -0.008749 0.003244 0.150077 -0.014000 0.004000 0.150000 -0.014000 0.004000 0.182000 -0.008689 0.004000 0.181904 -0.003418 0.004000 0.181612 0.001774 0.004000 0.181125 0.006836 0.004000 0.180436 0.011667 0.004000 0.179522 0.016099 0.004000 0.178354 0.019918 0.004000 0.176927 0.022972 0.004000 0.175280 0.025267 0.004000 0.173494 0.026988 0.004000 0.171653 0.028402 0.004000 0.169800 0.029687 0.004000 0.167929 0.030792 0.004000 0.166000 0.031443 0.004000 0.163994 0.031280 0.004000 0.161942 0.030053 0.004000 0.159925 0.027734 0.004000 0.158035 0.024508 0.004000 0.156335 0.020640 0.004000 0.154841 0.016352 0.004000 0.153542 0.011758 0.004000 0.152430 0.006905 0.004000 0.151516 0.001832 0.004000 0.150820 -0.003391 0.004000 0.150348 -0.008685 0.004000 0.150084 -0.014000 0.004000 0.150000 -0.028000 -0.018000 0.184000 -0.024577 -0.018000 0.183904 -0.021197 -0.018000 0.183584 -0.017943 -0.018000 0.183011 -0.014897 -0.018000 0.182194 -0.012120 -0.018000 0.181163 -0.009680 -0.018000 0.179937 -0.007687 -0.018000 0.178527 -0.006249 -0.018000 0.176967 -0.005379 -0.018000 0.175321 -0.004933 -0.018000 0.173658 -0.004694 -0.018000 0.172000 -0.004551 -0.018000 0.170314 -0.004619 -0.018000 0.168567 -0.005184 -0.018000 0.166790 -0.006504 -0.018000 0.165093 -0.008626 -0.018000 0.163606 -0.011380 -0.018000 0.162410 -0.014506 -0.018000 0.161502 -0.017803 -0.018000 0.160836 -0.021170 -0.018000 0.160370 -0.024576 -0.018000 0.160092 -0.028000 -0.018000 0.160000 -0.028000 -0.018000 0.184000 -0.024641 -0.017387 0.183912 -0.021308 -0.016780 0.183619 -0.018065 -0.016189 0.183090 -0.014984 -0.015627 0.182325 -0.012133 -0.015107 0.181335 -0.009605 -0.014646 0.180126 -0.007547 -0.014271 0.178701 -0.006102 -0.014007 0.177098 -0.005300 -0.013861 0.175398 -0.004992 -0.013805 0.173686 -0.004931 -0.013794 0.172000 -0.004961 -0.013799 0.170311 -0.005157 -0.013835 0.168581 -0.005775 -0.013948 0.166826 -0.007069 -0.014184 0.165143 -0.009109 -0.014556 0.163655 -0.011757 -0.015038 0.162444 -0.014783 -0.015590 0.161515 -0.017996 -0.016176 0.160833 -0.021297 -0.016778 0.160363 -0.024641 -0.017387 0.160088 -0.028000 -0.018000 0.160000 -0.028000 -0.018000 0.184000 -0.024836 -0.016799 0.183908 -0.021700 -0.015608 0.183611 -0.018642 -0.014447 0.183090 -0.015715 -0.013335 0.182345 -0.012975 -0.012295 0.181384 -0.010515 -0.011361 0.180200 -0.008493 -0.010593 0.178785 -0.007077 -0.010056 0.177171 -0.006324 -0.009770 0.175445 -0.006106 -0.009687 0.173704 -0.006181 -0.009715 0.172000 -0.006372 -0.009788 0.170317 -0.006704 -0.009914 0.168616 -0.007384 -0.010172 0.166905 -0.008628 -0.010645 0.165262 -0.010509 -0.011359 0.163798 -0.012921 -0.012275 0.162582 -0.015680 -0.013322 0.161625 -0.018635 -0.014444 0.160902 -0.021703 -0.015609 0.160394 -0.024837 -0.016799 0.160095 -0.028000 -0.018000 0.160000 -0.028000 -0.018000 0.184000 -0.025156 -0.016258 0.183894 -0.022353 -0.014541 0.183565 -0.019641 -0.012880 0.183007 -0.017060 -0.011299 0.182237 -0.014639 -0.009816 0.181272 -0.012446 -0.008473 0.180105 -0.010616 -0.007352 0.178718 -0.009308 -0.006551 0.177133 -0.008595 -0.006115 0.175426 -0.008386 -0.005987 0.173696 -0.008478 -0.006043 0.172000 -0.008709 -0.006185 0.170332 -0.009084 -0.006414 0.168660 -0.009758 -0.006827 0.166990 -0.010903 -0.007528 0.165393 -0.012571 -0.008550 0.163961 -0.014676 -0.009839 0.162753 -0.017072 -0.011307 0.161775 -0.019652 -0.012887 0.161008 -0.022359 -0.014545 0.160448 -0.025157 -0.016259 0.160110 -0.028000 -0.018000 0.160000 -0.028000 -0.018000 0.184000 -0.025585 -0.015786 0.183877 -0.023225 -0.013623 0.183499 -0.020977 -0.011563 0.182873 -0.018876 -0.009636 0.182039 -0.016930 -0.007853 0.181034 -0.015171 -0.006241 0.179860 -0.013688 -0.004881 0.178504 -0.012600 -0.003883 0.176973 -0.011968 -0.003304 0.175329 -0.011731 -0.003087 0.173654 -0.011741 -0.003096 0.172000 -0.011881 -0.003224 0.170361 -0.012164 -0.003484 0.168712 -0.012721 -0.003994 0.167066 -0.013684 -0.004877 0.165494 -0.015082 -0.006158 0.164085 -0.016834 -0.007764 0.162888 -0.018820 -0.009585 0.161900 -0.020962 -0.011548 0.161102 -0.023225 -0.013623 0.160501 -0.025585 -0.015787 0.160125 -0.028000 -0.018000 0.160000 -0.028000 -0.018000 0.184000 -0.026105 -0.015400 0.183864 -0.024267 -0.012879 0.183442 -0.022546 -0.010518 0.182747 -0.020977 -0.008365 0.181836 -0.019561 -0.006423 0.180765 -0.018306 -0.004701 0.179560 -0.017254 -0.003257 0.178216 -0.016470 -0.002183 0.176739 -0.015988 -0.001521 0.175174 -0.015758 -0.001205 0.173584 -0.015677 -0.001095 0.172000 -0.015680 -0.001098 0.170406 -0.015801 -0.001264 0.168776 -0.016159 -0.001755 0.167133 -0.016863 -0.002721 0.165559 -0.017931 -0.004186 0.164147 -0.019287 -0.006047 0.162950 -0.020830 -0.008164 0.161960 -0.022495 -0.010448 0.161152 -0.024258 -0.012867 0.160531 -0.026105 -0.015400 0.160135 -0.028000 -0.018000 0.160000 -0.028000 -0.018000 0.184000 -0.026695 -0.015112 0.183859 -0.025434 -0.012322 0.183418 -0.024266 -0.009736 0.182683 -0.023222 -0.007426 0.181714 -0.022308 -0.005403 0.180583 -0.021523 -0.003667 0.179333 -0.020884 -0.002251 0.177975 -0.020416 -0.001217 0.176525 -0.020124 -0.000571 0.175021 -0.019963 -0.000213 0.173510 -0.019862 0.000010 0.172000 -0.019787 0.000176 0.170457 -0.019782 0.000187 0.168847 -0.019947 -0.000179 0.167195 -0.020372 -0.001120 0.165595 -0.021073 -0.002671 0.164158 -0.021995 -0.004710 0.162945 -0.023057 -0.007061 0.161950 -0.024206 -0.009605 0.161147 -0.025423 -0.012296 0.160531 -0.026694 -0.015111 0.160136 -0.028000 -0.018000 0.160000 -0.028000 -0.018000 0.184000 -0.027334 -0.014933 0.183865 -0.026690 -0.011963 0.183435 -0.026092 -0.009208 0.182707 -0.025560 -0.006758 0.181729 -0.025102 -0.004645 0.180571 -0.024720 -0.002883 0.179285 -0.024420 -0.001504 0.177896 -0.024213 -0.000550 0.176432 -0.024092 0.000009 0.174941 -0.024026 0.000315 0.173464 -0.023973 0.000558 0.172000 -0.023917 0.000818 0.170495 -0.023883 0.000971 0.168902 -0.023934 0.000739 0.167241 -0.024121 -0.000124 0.165611 -0.024460 -0.001685 0.164138 -0.024922 -0.003818 0.162897 -0.025466 -0.006323 0.161895 -0.026058 -0.009050 0.161101 -0.026683 -0.011932 0.160506 -0.027334 -0.014931 0.160130 -0.028000 -0.018000 0.160000 -0.028000 -0.018000 0.184000 -0.028000 -0.014869 0.183878 -0.028000 -0.011818 0.183484 -0.028000 -0.008954 0.182805 -0.028000 -0.006370 0.181871 -0.028000 -0.004120 0.180737 -0.028000 -0.002248 0.179445 -0.028000 -0.000815 0.178024 -0.028000 0.000124 0.176515 -0.028000 0.000606 0.174980 -0.028000 0.000806 0.173475 -0.028000 0.000953 0.172000 -0.028000 0.001157 0.170498 -0.028000 0.001303 0.168908 -0.028000 0.001100 0.167242 -0.028000 0.000270 0.165596 -0.028000 -0.001281 0.164098 -0.028000 -0.003442 0.162836 -0.028000 -0.006012 0.161825 -0.028000 -0.008825 0.161042 -0.028000 -0.011794 0.160471 -0.028000 -0.014868 0.160119 -0.028000 -0.018000 0.160000 -0.028000 -0.018000 0.184000 -0.028667 -0.014926 0.183891 -0.029322 -0.011906 0.183542 -0.029948 -0.009023 0.182932 -0.030527 -0.006356 0.182077 -0.031046 -0.003965 0.181008 -0.031489 -0.001921 0.179748 -0.031834 -0.000332 0.178315 -0.032059 0.000707 0.176751 -0.032167 0.001205 0.175136 -0.032195 0.001331 0.173546 -0.032195 0.001332 0.172000 -0.032201 0.001359 0.170452 -0.032196 0.001336 0.168842 -0.032124 0.001007 0.167173 -0.031929 0.000106 0.165529 -0.031588 -0.001467 0.164033 -0.031120 -0.003620 0.162771 -0.030567 -0.006171 0.161763 -0.029962 -0.008960 0.160991 -0.029324 -0.011896 0.160439 -0.028667 -0.014926 0.160109 -0.028000 -0.018000 0.160000 -0.028000 -0.018000 0.184000 -0.029310 -0.015102 0.183901 -0.030603 -0.012239 0.183584 -0.031856 -0.009466 0.183033 -0.033045 -0.006836 0.182256 -0.034146 -0.004400 0.181267 -0.035123 -0.002238 0.180064 -0.035914 -0.000485 0.178646 -0.036457 0.000716 0.177046 -0.036733 0.001326 0.175350 -0.036799 0.001473 0.173653 -0.036760 0.001385 0.172000 -0.036689 0.001229 0.170368 -0.036575 0.000977 0.168710 -0.036330 0.000435 0.167029 -0.035858 -0.000609 0.165401 -0.035125 -0.002232 0.163934 -0.034168 -0.004351 0.162700 -0.033059 -0.006804 0.161715 -0.031859 -0.009460 0.160959 -0.030602 -0.012242 0.160421 -0.029309 -0.015103 0.160103 -0.028000 -0.018000 0.160000 -0.028000 -0.018000 0.184000 -0.029902 -0.015391 0.183903 -0.031783 -0.012810 0.183596 -0.033617 -0.010294 0.183070 -0.035381 -0.007874 0.182337 -0.037054 -0.005579 0.181404 -0.038587 -0.003476 0.180256 -0.039884 -0.001697 0.178873 -0.040828 -0.000401 0.177272 -0.041363 0.000333 0.175531 -0.041542 0.000578 0.173752 -0.041494 0.000512 0.172000 -0.041326 0.000282 0.170276 -0.041037 -0.000115 0.168555 -0.040528 -0.000813 0.166851 -0.039692 -0.001960 0.165238 -0.038503 -0.003591 0.163809 -0.037029 -0.005613 0.162622 -0.035373 -0.007885 0.161675 -0.033610 -0.010303 0.160944 -0.031779 -0.012816 0.160417 -0.029901 -0.015392 0.160102 -0.028000 -0.018000 0.160000 -0.028000 -0.018000 0.184000 -0.030419 -0.015782 0.183898 -0.032808 -0.013593 0.183578 -0.035128 -0.011466 0.183036 -0.037356 -0.009424 0.182294 -0.039482 -0.007475 0.181370 -0.041462 -0.005660 0.180248 -0.043185 -0.004081 0.178900 -0.044504 -0.002872 0.177329 -0.045327 -0.002117 0.175598 -0.045691 -0.001784 0.173799 -0.045725 -0.001752 0.172000 -0.045541 -0.001920 0.170217 -0.045131 -0.002296 0.168443 -0.044383 -0.002983 0.166710 -0.043189 -0.004076 0.165098 -0.041551 -0.005578 0.163697 -0.039578 -0.007387 0.162552 -0.037411 -0.009373 0.161645 -0.035143 -0.011452 0.160939 -0.032808 -0.013593 0.160422 -0.030419 -0.015783 0.160105 -0.028000 -0.018000 0.160000 -0.028000 -0.018000 0.184000 -0.030843 -0.016259 0.183890 -0.033636 -0.014548 0.183542 -0.036319 -0.012904 0.182955 -0.038858 -0.011350 0.182160 -0.041245 -0.009887 0.181192 -0.043455 -0.008534 0.180053 -0.045389 -0.007349 0.178720 -0.046907 -0.006420 0.177192 -0.047915 -0.005802 0.175516 -0.048449 -0.005475 0.173768 -0.048636 -0.005361 0.172000 -0.048566 -0.005403 0.170222 -0.048195 -0.005630 0.168434 -0.047373 -0.006134 0.166680 -0.045974 -0.006991 0.165054 -0.044017 -0.008190 0.163654 -0.041656 -0.009636 0.162523 -0.039077 -0.011216 0.161635 -0.036396 -0.012858 0.160945 -0.033649 -0.014540 0.160431 -0.030843 -0.016259 0.160109 -0.028000 -0.018000 0.160000 -0.028000 -0.018000 0.184000 -0.031157 -0.016801 0.183882 -0.034242 -0.015630 0.183506 -0.037168 -0.014519 0.182865 -0.039873 -0.013492 0.181999 -0.042342 -0.012554 0.180958 -0.044559 -0.011713 0.179765 -0.046453 -0.010993 0.178418 -0.047918 -0.010437 0.176923 -0.048902 -0.010064 0.175322 -0.049477 -0.009845 0.173671 -0.049785 -0.009728 0.172000 -0.049902 -0.009684 0.170296 -0.049729 -0.009750 0.168547 -0.049050 -0.010007 0.166797 -0.047687 -0.010525 0.165153 -0.045645 -0.011300 0.163725 -0.043099 -0.012267 0.162570 -0.040272 -0.013341 0.161666 -0.037312 -0.014464 0.160965 -0.034270 -0.015619 0.160443 -0.031158 -0.016801 0.160113 -0.028000 -0.018000 0.160000 -0.028000 -0.018000 0.184000 -0.031350 -0.017389 0.183877 -0.034613 -0.016794 0.183481 -0.037676 -0.016236 0.182802 -0.040452 -0.015730 0.181878 -0.042902 -0.015283 0.180767 -0.045003 -0.014900 0.179511 -0.046702 -0.014590 0.178127 -0.047929 -0.014366 0.176640 -0.048694 -0.014227 0.175098 -0.049130 -0.014147 0.173549 -0.049431 -0.014092 0.172000 -0.049679 -0.014047 0.170411 -0.049744 -0.014035 0.168745 -0.049336 -0.014110 0.167033 -0.048207 -0.014316 0.165380 -0.046310 -0.014661 0.163912 -0.043805 -0.015118 0.162701 -0.040926 -0.015643 0.161746 -0.037848 -0.016204 0.161006 -0.034647 -0.016788 0.160460 -0.031351 -0.017389 0.160117 -0.028000 -0.018000 0.160000 -0.028000 -0.018000 0.184000 -0.031415 -0.018000 0.183875 -0.034737 -0.018000 0.183473 -0.037847 -0.018000 0.182781 -0.040640 -0.018000 0.181834 -0.043056 -0.018000 0.180688 -0.045054 -0.018000 0.179389 -0.046567 -0.018000 0.177966 -0.047544 -0.018000 0.176463 -0.048030 -0.018000 0.174941 -0.048223 -0.018000 0.173454 -0.048373 -0.018000 0.172000 -0.048605 -0.018000 0.170519 -0.048791 -0.018000 0.168948 -0.048608 -0.018000 0.167294 -0.047750 -0.018000 0.165654 -0.046108 -0.018000 0.164155 -0.043797 -0.018000 0.162885 -0.041030 -0.018000 0.161862 -0.037987 -0.018000 0.161066 -0.034764 -0.018000 0.160482 -0.031416 -0.018000 0.160122 -0.028000 -0.018000 0.160000 -0.028000 -0.018000 0.184000 -0.031349 -0.018611 0.183874 -0.034610 -0.019205 0.183476 -0.037672 -0.019764 0.182797 -0.040437 -0.020268 0.181866 -0.042839 -0.020706 0.180731 -0.044815 -0.021066 0.179428 -0.046274 -0.021332 0.177987 -0.047143 -0.021491 0.176457 -0.047467 -0.021550 0.174914 -0.047459 -0.021548 0.173426 -0.047410 -0.021539 0.172000 -0.047489 -0.021554 0.170571 -0.047610 -0.021576 0.169065 -0.047470 -0.021550 0.167467 -0.046752 -0.021419 0.165856 -0.045311 -0.021156 0.164353 -0.043215 -0.020774 0.163048 -0.040639 -0.020305 0.161974 -0.037741 -0.019776 0.161126 -0.034621 -0.019207 0.160505 -0.031349 -0.018611 0.160126 -0.028000 -0.018000 0.160000 -0.028000 -0.018000 0.184000 -0.031155 -0.019198 0.183875 -0.034232 -0.020366 0.183487 -0.037141 -0.021471 0.182833 -0.039807 -0.022483 0.181943 -0.042176 -0.023383 0.180854 -0.044180 -0.024144 0.179588 -0.045707 -0.024723 0.178159 -0.046647 -0.025080 0.176609 -0.047006 -0.025216 0.175020 -0.046962 -0.025200 0.173476 -0.046796 -0.025137 0.172000 -0.046696 -0.025099 0.170545 -0.046625 -0.025072 0.169040 -0.046341 -0.024964 0.167467 -0.045572 -0.024672 0.165888 -0.044186 -0.024146 0.164410 -0.042230 -0.023403 0.163113 -0.039842 -0.022496 0.162028 -0.037148 -0.021473 0.161159 -0.034229 -0.020365 0.160518 -0.031154 -0.019198 0.160128 -0.028000 -0.018000 0.160000 -0.028000 -0.018000 0.184000 -0.030840 -0.019739 0.183877 -0.033615 -0.021439 0.183500 -0.036257 -0.023057 0.182872 -0.038716 -0.024563 0.182027 -0.040962 -0.025939 0.180995 -0.042940 -0.027151 0.179785 -0.044537 -0.028129 0.178391 -0.045621 -0.028793 0.176839 -0.046148 -0.029116 0.175204 -0.046235 -0.029169 0.173577 -0.046100 -0.029086 0.172000 -0.045911 -0.028971 0.170451 -0.045660 -0.028817 0.168882 -0.045172 -0.028518 0.167284 -0.044250 -0.027953 0.165720 -0.042815 -0.027074 0.164281 -0.040925 -0.025916 0.163030 -0.038703 -0.024556 0.161985 -0.036246 -0.023051 0.161142 -0.033609 -0.021435 0.160513 -0.030839 -0.019739 0.160127 -0.028000 -0.018000 0.160000 -0.028000 -0.018000 0.184000 -0.030416 -0.020215 0.183881 -0.032782 -0.022383 0.183515 -0.035044 -0.024457 0.182907 -0.037172 -0.026408 0.182092 -0.039155 -0.028225 0.181103 -0.040959 -0.029879 0.179940 -0.042492 -0.031284 0.178586 -0.043628 -0.032325 0.177047 -0.044299 -0.032941 0.175384 -0.044562 -0.033182 0.173684 -0.044562 -0.033182 0.172000 -0.044413 -0.033045 0.170331 -0.044103 -0.032761 0.168657 -0.043507 -0.032215 0.166992 -0.042497 -0.031288 0.165412 -0.041049 -0.029961 0.164005 -0.039251 -0.028314 0.162818 -0.037228 -0.026459 0.161847 -0.035060 -0.024472 0.161069 -0.032782 -0.022383 0.160484 -0.030415 -0.020214 0.160121 -0.028000 -0.018000 0.160000 -0.028000 -0.018000 0.184000 -0.029899 -0.020605 0.183888 -0.031763 -0.023163 0.183534 -0.033550 -0.025614 0.182938 -0.035236 -0.027927 0.182133 -0.036817 -0.030095 0.181157 -0.038275 -0.032096 0.180013 -0.039548 -0.033842 0.178679 -0.040543 -0.035207 0.177155 -0.041201 -0.036110 0.175488 -0.041547 -0.036585 0.173753 -0.041668 -0.036752 0.172000 -0.041625 -0.036692 0.170237 -0.041388 -0.036367 0.168462 -0.040854 -0.035634 0.166717 -0.039938 -0.034378 0.165095 -0.038650 -0.032611 0.163694 -0.037091 -0.030472 0.162558 -0.035382 -0.028128 0.161662 -0.033601 -0.025684 0.160962 -0.031772 -0.023175 0.160439 -0.029899 -0.020606 0.160111 -0.028000 -0.018000 0.160000 -0.028000 -0.018000 0.184000 -0.029309 -0.020897 0.183895 -0.030597 -0.023747 0.183555 -0.031833 -0.026482 0.182966 -0.032996 -0.029056 0.182157 -0.034079 -0.031453 0.181166 -0.035071 -0.033649 0.180006 -0.035937 -0.035564 0.178664 -0.036621 -0.037078 0.177144 -0.037093 -0.038122 0.175488 -0.037373 -0.038744 0.173761 -0.037516 -0.039059 0.172000 -0.037549 -0.039133 0.170206 -0.037435 -0.038881 0.168380 -0.037090 -0.038115 0.166576 -0.036448 -0.036695 0.164907 -0.035521 -0.034645 0.163485 -0.034392 -0.032147 0.162361 -0.033161 -0.029421 0.161508 -0.031892 -0.026614 0.160864 -0.030608 -0.023772 0.160394 -0.029309 -0.020898 0.160100 -0.028000 -0.018000 0.160000 -0.028000 -0.018000 0.184000 -0.028668 -0.021077 0.183901 -0.029326 -0.024109 0.183571 -0.029958 -0.027022 0.182987 -0.030549 -0.029749 0.182167 -0.031093 -0.032254 0.181149 -0.031580 -0.034500 0.179951 -0.031994 -0.036404 0.178578 -0.032310 -0.037862 0.177045 -0.032522 -0.038839 0.175403 -0.032649 -0.039423 0.173713 -0.032722 -0.039762 0.172000 -0.032758 -0.039926 0.170247 -0.032731 -0.039802 0.168440 -0.032590 -0.039151 0.166628 -0.032293 -0.037784 0.164929 -0.031840 -0.035698 0.163471 -0.031273 -0.033082 0.162320 -0.030644 -0.030184 0.161457 -0.029992 -0.027179 0.160822 -0.029332 -0.024140 0.160370 -0.028668 -0.021078 0.160094 -0.028000 -0.018000 0.160000 -0.028000 -0.018000 0.184000 -0.028000 -0.021137 0.183901 -0.028000 -0.024230 0.183573 -0.028000 -0.027199 0.182987 -0.028000 -0.029967 0.182157 -0.028000 -0.032479 0.181114 -0.028000 -0.034673 0.179880 -0.028000 -0.036455 0.178469 -0.028000 -0.037730 0.176915 -0.028000 -0.038491 0.175282 -0.028000 -0.038875 0.173637 -0.028000 -0.039086 0.172000 -0.028000 -0.039226 0.170335 -0.028000 -0.039188 0.168607 -0.028000 -0.038706 0.166842 -0.028000 -0.037540 0.165150 -0.028000 -0.035640 0.163663 -0.028000 -0.033157 0.162459 -0.028000 -0.030325 0.161539 -0.028000 -0.027328 0.160859 -0.028000 -0.024254 0.160382 -0.028000 -0.021138 0.160095 -0.028000 -0.018000 0.160000 -0.028000 -0.018000 0.184000 -0.027333 -0.021075 0.183895 -0.026676 -0.024100 0.183553 -0.026048 -0.026996 0.182956 -0.025464 -0.029688 0.182114 -0.024938 -0.032113 0.181058 -0.024485 -0.034197 0.179805 -0.024131 -0.035832 0.178373 -0.023896 -0.036914 0.176804 -0.023780 -0.037448 0.175176 -0.023747 -0.037597 0.173567 -0.023745 -0.037607 0.172000 -0.023741 -0.037625 0.170431 -0.023751 -0.037579 0.168803 -0.023831 -0.037214 0.167120 -0.024036 -0.036270 0.165470 -0.024387 -0.034652 0.163976 -0.024863 -0.032457 0.162721 -0.025424 -0.029873 0.161726 -0.026034 -0.027060 0.160967 -0.026674 -0.024110 0.160428 -0.027333 -0.021075 0.160106 -0.028000 -0.018000 0.160000 -0.028000 -0.018000 0.184000 -0.026692 -0.020894 0.183882 -0.025412 -0.023727 0.183515 -0.024194 -0.026424 0.182890 -0.023065 -0.028920 0.182032 -0.022050 -0.031168 0.180972 -0.021178 -0.033098 0.179724 -0.020500 -0.034598 0.178298 -0.020067 -0.035557 0.176734 -0.019882 -0.035965 0.175114 -0.019876 -0.035979 0.173526 -0.019936 -0.035845 0.172000 -0.019986 -0.035735 0.170495 -0.020040 -0.035617 0.168946 -0.020194 -0.035276 0.167342 -0.020556 -0.034474 0.165749 -0.021176 -0.033103 0.164274 -0.022028 -0.031217 0.162995 -0.023051 -0.028952 0.161938 -0.024191 -0.026430 0.161102 -0.025413 -0.023724 0.160491 -0.026693 -0.020893 0.160121 -0.028000 -0.018000 0.160000 -0.028000 -0.018000 0.184000 -0.026104 -0.020601 0.183869 -0.024258 -0.023133 0.183469 -0.022515 -0.025525 0.182809 -0.020911 -0.027725 0.181927 -0.019466 -0.029708 0.180864 -0.018212 -0.031429 0.179633 -0.017218 -0.032792 0.178236 -0.016565 -0.033688 0.176700 -0.016271 -0.034091 0.175099 -0.016252 -0.034116 0.173520 -0.016356 -0.033974 0.172000 -0.016468 -0.033820 0.170508 -0.016597 -0.033643 0.168987 -0.016865 -0.033276 0.167423 -0.017410 -0.032529 0.165875 -0.018295 -0.031314 0.164432 -0.019490 -0.029674 0.163161 -0.020920 -0.027714 0.162085 -0.022522 -0.025515 0.161205 -0.024262 -0.023128 0.160544 -0.026105 -0.020600 0.160135 -0.028000 -0.018000 0.160000 -0.028000 -0.018000 0.184000 -0.025588 -0.020211 0.183861 -0.023251 -0.022353 0.183436 -0.021061 -0.024361 0.182744 -0.019060 -0.026195 0.181837 -0.017257 -0.027848 0.180767 -0.015674 -0.029299 0.179552 -0.014381 -0.030484 0.178189 -0.013476 -0.031314 0.176690 -0.012996 -0.031754 0.175115 -0.012860 -0.031878 0.173539 -0.012905 -0.031837 0.172000 -0.013009 -0.031742 0.170476 -0.013192 -0.031574 0.168925 -0.013597 -0.031203 0.167349 -0.014376 -0.030488 0.165809 -0.015584 -0.029381 0.164393 -0.017160 -0.027936 0.163154 -0.019004 -0.026246 0.162102 -0.021045 -0.024375 0.161231 -0.023251 -0.022353 0.160563 -0.025589 -0.020210 0.160142 -0.028000 -0.018000 0.160000 -0.028000 -0.018000 0.184000 -0.025164 -0.019737 0.183861 -0.022417 -0.021419 0.183433 -0.019851 -0.022991 0.182731 -0.017517 -0.024421 0.181809 -0.015421 -0.025704 0.180730 -0.013570 -0.026838 0.179519 -0.012024 -0.027785 0.178174 -0.010880 -0.028486 0.176702 -0.010182 -0.028914 0.175146 -0.009853 -0.029115 0.173569 -0.009738 -0.029186 0.172000 -0.009736 -0.029187 0.170421 -0.009901 -0.029085 0.168804 -0.010414 -0.028771 0.167170 -0.011439 -0.028143 0.165600 -0.013008 -0.027183 0.164188 -0.015010 -0.025956 0.162985 -0.017298 -0.024555 0.161986 -0.019774 -0.023038 0.161169 -0.022404 -0.021428 0.160539 -0.025164 -0.019737 0.160138 -0.028000 -0.018000 0.160000 -0.028000 -0.018000 0.184000 -0.024846 -0.019198 0.183872 -0.021779 -0.020362 0.183467 -0.018900 -0.021455 0.182784 -0.016277 -0.022451 0.181872 -0.013924 -0.023345 0.180791 -0.011851 -0.024132 0.179573 -0.010112 -0.024792 0.178221 -0.008797 -0.025291 0.176746 -0.007937 -0.025618 0.175188 -0.007444 -0.025805 0.173600 -0.007164 -0.025911 0.172000 -0.007019 -0.025966 0.170367 -0.007110 -0.025932 0.168680 -0.007665 -0.025721 0.166974 -0.008878 -0.025261 0.165349 -0.010765 -0.024544 0.163918 -0.013168 -0.023632 0.162736 -0.015878 -0.022603 0.161792 -0.018756 -0.021510 0.161046 -0.021751 -0.020373 0.160482 -0.024845 -0.019198 0.160124 -0.028000 -0.018000 0.160000 -0.028000 -0.018000 0.184000 -0.024647 -0.018611 0.183889 -0.021362 -0.019210 0.183525 -0.018243 -0.019779 0.182892 -0.015371 -0.020303 0.182018 -0.012783 -0.020775 0.180953 -0.010512 -0.021189 0.179725 -0.008629 -0.021532 0.178346 -0.007225 -0.021788 0.176837 -0.006314 -0.021954 0.175246 -0.005780 -0.022051 0.173629 -0.005446 -0.022112 0.172000 -0.005231 -0.022152 0.170331 -0.005264 -0.022146 0.168597 -0.005819 -0.022044 0.166836 -0.007124 -0.021806 0.165161 -0.009205 -0.021427 0.163697 -0.011880 -0.020939 0.162516 -0.014896 -0.020389 0.161605 -0.018071 -0.019810 0.160917 -0.021328 -0.019217 0.160416 -0.024646 -0.018612 0.160106 -0.028000 -0.018000 0.160000 -0.028000 -0.018000 0.184000 -0.024577 -0.018000 0.183904 -0.021197 -0.018000 0.183584 -0.017943 -0.018000 0.183011 -0.014897 -0.018000 0.182194 -0.012120 -0.018000 0.181163 -0.009680 -0.018000 0.179937 -0.007687 -0.018000 0.178527 -0.006249 -0.018000 0.176967 -0.005379 -0.018000 0.175321 -0.004933 -0.018000 0.173658 -0.004694 -0.018000 0.172000 -0.004551 -0.018000 0.170314 -0.004619 -0.018000 0.168567 -0.005184 -0.018000 0.166790 -0.006504 -0.018000 0.165093 -0.008626 -0.018000 0.163606 -0.011380 -0.018000 0.162410 -0.014506 -0.018000 0.161502 -0.017803 -0.018000 0.160836 -0.021170 -0.018000 0.160370 -0.024576 -0.018000 0.160092 -0.028000 -0.018000 0.160000</float_array>
          <technique_common>
            <accessor source="#Cyan-pos-array" count="2481" stride="3">
              <param name="X" type="float"/><param name="Y" type="float"/><param name="Z" type="float"/>
            </accessor>
          </technique_common>
        </source>
        <source id="Cyan-norm">
          <float_array id="Cyan-norm-array" count="7443">0.011502 0.000948 0.999933 0.028690 0.002427 0.999585 0.050636 0.004448 0.998707 0.072869 0.006656 0.997319 0.095015 0.009019 0.995435 0.116957 0.011522 0.993070 0.138638 0.014159 0.990242 0.160016 0.016921 0.986969 0.181062 0.019800 0.983272 0.201748 0.022791 0.979172 0.222053 0.025886 0.974691 0.241960 0.029079 0.969850 0.261452 0.032362 0.964674 0.280517 0.035730 0.959184 0.285948 0.037081 0.957528 0.011216 0.002752 0.999933 0.026317 0.005268 0.999640 0.046962 0.008846 0.998857 0.068684 0.012792 0.997556 0.090503 0.016947 0.995752 0.112199 0.021271 0.993458 0.133680 0.025746 0.990690 0.154891 0.030359 0.987465 0.175795 0.035098 0.983801 0.196360 0.039953 0.979718 0.216561 0.044916 0.975235 0.236376 0.049975 0.970376 0.255788 0.055123 0.965160 0.274781 0.060350 0.959611 0.284519 0.054003 0.957148 0.010655 0.004479 0.999933 0.025208 0.009353 0.999638 0.045124 0.016195 0.998850 0.066101 0.023625 0.997533 0.087193 0.031335 0.995699 0.108185 0.039251 0.993356 0.128987 0.047341 0.990516 0.149543 0.055581 0.987192 0.169813 0.063953 0.983399 0.189763 0.072442 0.979154 0.209366 0.081033 0.974474 0.228597 0.089709 0.969379 0.247435 0.098459 0.963889 0.265861 0.107268 0.958025 0.276350 0.103410 0.955477 0.009836 0.006087 0.999933 0.023489 0.013182 0.999637 0.042201 0.023079 0.998843 0.061941 0.033746 0.997509 0.081821 0.044731 0.995643 0.101636 0.055928 0.993248 0.121298 0.067291 0.990333 0.140753 0.078788 0.986905 0.159959 0.090396 0.982976 0.178883 0.102091 0.978559 0.197492 0.113854 0.973670 0.215762 0.125666 0.968326 0.233667 0.137508 0.962544 0.251186 0.149362 0.956345 0.262198 0.147960 0.953604 0.008782 0.007538 0.999933 0.021207 0.016667 0.999636 0.038274 0.029341 0.998836 0.056323 0.042924 0.997489 0.074545 0.056829 0.995597 0.092754 0.070922 0.993160 0.110868 0.085142 0.990181 0.128834 0.099450 0.986667 0.146611 0.113814 0.982625 0.164166 0.128208 0.978065 0.181469 0.142606 0.973002 0.198490 0.156985 0.967449 0.215205 0.171321 0.961424 0.231589 0.185593 0.954946 0.242999 0.186465 0.951936 0.007517 0.008803 0.999933 0.018416 0.019733 0.999636 0.033434 0.034851 0.998833 0.049375 0.050976 0.997479 0.065533 0.067403 0.995571 0.081742 0.083968 0.993110 0.097931 0.100599 0.990096 0.114052 0.117249 0.986532 0.130069 0.133881 0.982424 0.145950 0.150462 0.977783 0.161666 0.166961 0.972619 0.177191 0.183352 0.966947 0.192498 0.199607 0.960782 0.207566 0.215702 0.954143 0.219354 0.218573 0.950847 0.006070 0.009854 0.999933 0.015177 0.022316 0.999636 0.027781 0.039500 0.998833 0.041231 0.057758 0.997479 0.054941 0.076282 0.995571 0.068773 0.094885 0.993110 0.082667 0.113485 0.990095 0.096585 0.132027 0.986529 0.110495 0.150470 0.982420 0.124369 0.168777 0.977776 0.138183 0.186914 0.972609 0.151913 0.204850 0.966933 0.165537 0.222558 0.960763 0.179035 0.240009 0.954119 0.191203 0.244609 0.950583 0.004472 0.010668 0.999933 0.011558 0.024360 0.999636 0.021425 0.043192 0.998837 0.032035 0.063143 0.997490 0.042933 0.083322 0.995597 0.054014 0.103523 0.993159 0.065232 0.123657 0.990179 0.076556 0.143665 0.986661 0.087962 0.163503 0.982614 0.099429 0.183131 0.978047 0.110935 0.202517 0.972975 0.122462 0.221627 0.967411 0.133991 0.240434 0.961373 0.145504 0.258909 0.954879 0.157937 0.265060 0.951209 0.002757 0.011226 0.999933 0.007636 0.025816 0.999638 0.014495 0.045845 0.998843 0.021954 0.067018 0.997510 0.029705 0.088384 0.995643 0.037675 0.109726 0.993248 0.045832 0.130950 0.990329 0.054154 0.151996 0.986896 0.062623 0.172819 0.982961 0.071223 0.193383 0.978535 0.079938 0.213652 0.973634 0.088754 0.233598 0.968274 0.097656 0.253193 0.962474 0.106631 0.272412 0.956254 0.118986 0.280023 0.952591 0.000965 0.011510 0.999933 0.003500 0.026643 0.999639 0.007142 0.047388 0.998851 0.011201 0.069279 0.997534 0.015522 0.091334 0.995699 0.020064 0.113329 0.993355 0.024811 0.135168 0.990512 0.029747 0.156793 0.987183 0.034863 0.178161 0.983384 0.040146 0.199237 0.979129 0.045586 0.219989 0.974437 0.051174 0.240392 0.969326 0.056897 0.260422 0.963817 0.062747 0.280057 0.957930 0.074479 0.289042 0.954415 -0.000862 0.011510 0.999933 -0.000750 0.026816 0.999640 -0.000456 0.047769 0.998858 0.000036 0.069850 0.997558 0.000725 0.092064 0.995753 0.001607 0.114189 0.993458 0.002677 0.136130 0.990687 0.003931 0.157831 0.987458 0.005365 0.179252 0.983789 0.006972 0.200361 0.979697 0.008747 0.221132 0.975205 0.010685 0.241540 0.970332 0.012778 0.261566 0.965101 0.015021 0.281193 0.959534 0.025511 0.291387 0.956265 -0.002674 0.011223 0.999933 -0.005002 0.026323 0.999641 -0.008096 0.046968 0.998864 -0.011238 0.068693 0.997575 -0.014273 0.090521 0.995792 -0.017169 0.112231 0.993534 -0.019916 0.133734 0.990817 -0.022508 0.154976 0.987662 -0.024943 0.175920 0.984088 -0.027220 0.196539 0.980118 -0.029340 0.216807 0.975773 -0.031303 0.236707 0.971077 -0.033111 0.256221 0.966051 -0.034766 0.275336 0.960719 -0.026070 0.286468 0.957735 -0.004422 0.010654 0.999933 -0.009139 0.025174 0.999641 -0.015564 0.045000 0.998866 -0.022292 0.065831 0.997582 -0.029019 0.086728 0.995809 -0.035675 0.107480 0.993567 -0.042234 0.128003 0.990874 -0.048681 0.148248 0.987751 -0.055005 0.168179 0.984221 -0.061198 0.187773 0.980304 -0.067255 0.207007 0.976025 -0.073171 0.225866 0.971407 -0.078942 0.244335 0.966472 -0.084566 0.262404 0.961245 -0.078071 0.274122 0.958521 -0.006059 0.009821 0.999933 -0.013048 0.023402 0.999641 -0.022645 0.041920 0.998864 -0.032798 0.061344 0.997578 -0.043055 0.080796 0.995800 -0.053313 0.100078 0.993550 -0.063530 0.119111 0.990846 -0.073681 0.137851 0.987709 -0.083745 0.156265 0.984159 -0.093710 0.174331 0.980218 -0.103561 0.192030 0.975910 -0.113289 0.209347 0.971257 -0.122884 0.226271 0.966282 -0.132339 0.242791 0.961009 -0.128293 0.254709 0.958470 -0.007540 0.008745 0.999933 -0.016621 0.021056 0.999640 -0.029139 0.037820 0.998860 -0.042444 0.055374 0.997563 -0.055950 0.072919 0.995767 -0.069522 0.090275 0.993487 -0.083103 0.107372 0.990740 -0.096658 0.124166 0.987542 -0.110160 0.140629 0.983915 -0.123587 0.156739 0.979877 -0.136920 0.172480 0.975450 -0.150142 0.187837 0.970657 -0.163239 0.202798 0.965518 -0.176197 0.217355 0.960058 -0.174712 0.229097 0.957596 -0.008826 0.007458 0.999933 -0.019765 0.018204 0.999639 -0.034871 0.032823 0.998853 -0.050961 0.048107 0.997541 -0.067330 0.063355 0.995717 -0.083816 0.078412 0.993391 -0.100347 0.093211 0.990577 -0.116881 0.107714 0.987287 -0.133382 0.121895 0.983540 -0.149823 0.135733 0.979352 -0.166179 0.149212 0.974741 -0.182426 0.162316 0.969729 -0.198543 0.175036 0.964335 -0.214513 0.187362 0.958582 -0.215584 0.198599 0.956076 -0.009889 0.005995 0.999933 -0.022404 0.014925 0.999638 -0.039699 0.027069 0.998845 -0.058133 0.039756 0.997517 -0.076900 0.052402 0.995661 -0.095813 0.064873 0.993283 -0.114791 0.077114 0.990392 -0.133783 0.089091 0.986998 -0.152747 0.100779 0.983113 -0.171650 0.112158 0.978753 -0.190460 0.123213 0.973932 -0.209150 0.133930 0.968669 -0.227693 0.144297 0.962982 -0.246065 0.154303 0.956892 -0.249581 0.164810 0.954226 -0.010705 0.004394 0.999933 -0.024479 0.011302 0.999636 -0.043514 0.020706 0.998838 -0.063800 0.030542 0.997495 -0.084447 0.040354 0.995610 -0.105250 0.050040 0.993186 -0.126119 0.059553 0.990226 -0.146995 0.068865 0.986737 -0.167833 0.077955 0.982728 -0.188592 0.086807 0.978211 -0.209239 0.095405 0.973199 -0.229738 0.103737 0.967708 -0.250060 0.111791 0.961755 -0.270174 0.119558 0.955360 -0.275939 0.129259 0.952444 -0.011258 0.002692 0.999933 -0.025948 0.007419 0.999636 -0.046241 0.013882 0.998834 -0.067854 0.020673 0.997481 -0.089837 0.027484 0.995577 -0.111970 0.034241 0.993121 -0.134155 0.040913 0.990115 -0.156331 0.047481 0.986563 -0.178446 0.053927 0.982471 -0.200458 0.060241 0.977849 -0.222327 0.066409 0.972708 -0.244016 0.072422 0.967063 -0.265491 0.078271 0.960931 -0.286719 0.083946 0.954330 -0.294486 0.092924 0.951127 -0.011538 0.000926 0.999933 -0.026782 0.003362 0.999636 -0.047828 0.006737 0.998833 -0.070226 0.010343 0.997477 -0.092988 0.014021 0.995568 -0.115886 0.017737 0.993104 -0.138818 0.021472 0.990085 -0.161719 0.025217 0.986515 -0.184536 0.028964 0.982399 -0.207225 0.032705 0.977747 -0.229743 0.036433 0.972569 -0.252053 0.040143 0.966880 -0.274119 0.043827 0.960697 -0.295907 0.047481 0.954036 -0.305436 0.055888 0.950571 -0.011538 -0.000865 0.999933 -0.026962 -0.000784 0.999636 -0.048244 -0.000586 0.998835 -0.070873 -0.000264 0.997485 -0.093852 0.000180 0.995586 -0.116948 0.000747 0.993138 -0.140060 0.001437 0.990142 -0.163122 0.002249 0.986603 -0.186082 0.003181 0.982529 -0.208895 0.004234 0.977929 -0.231521 0.005404 0.972815 -0.253922 0.006690 0.967202 -0.276063 0.008089 0.961106 -0.297910 0.009599 0.954546 -0.308986 0.017488 0.950906 -0.011256 -0.002643 0.999933 -0.026482 -0.004929 0.999637 -0.047472 -0.007939 0.998841 -0.069772 -0.010953 0.997503 -0.092396 -0.013814 0.995626 -0.115118 -0.016488 0.993215 -0.137837 -0.018959 0.990273 -0.160491 -0.021221 0.986809 -0.183028 -0.023268 0.982832 -0.205409 -0.025096 0.978354 -0.227594 -0.026702 0.973390 -0.249550 -0.028087 0.967955 -0.271243 -0.029248 0.962066 -0.292645 -0.030187 0.955745 -0.305038 -0.022985 0.952063 -0.010697 -0.004365 0.999933 -0.025345 -0.008979 0.999638 -0.045518 -0.015161 0.998848 -0.066927 -0.021499 0.997526 -0.088624 -0.027685 0.995680 -0.110390 -0.033651 0.993318 -0.132132 -0.039371 0.990450 -0.153792 -0.044828 0.987086 -0.175322 -0.050013 0.983240 -0.196688 -0.054918 0.978927 -0.217853 -0.059538 0.974164 -0.238790 -0.063869 0.968969 -0.259469 -0.067910 0.963361 -0.279866 -0.071658 0.957361 -0.293266 -0.065529 0.953782 -0.009869 -0.005989 0.999933 -0.023574 -0.012834 0.999640 -0.042419 -0.022075 0.998856 -0.062385 -0.031647 0.997550 -0.082587 -0.041099 0.995736 -0.102823 -0.050332 0.993425 -0.123005 -0.059308 0.990632 -0.143081 -0.068004 0.987372 -0.163012 -0.076405 0.983661 -0.182764 -0.084502 0.979519 -0.202310 -0.092287 0.974963 -0.221626 -0.099754 0.970016 -0.240688 -0.106899 0.964698 -0.259478 -0.113719 0.959030 -0.273465 -0.109126 0.955672 -0.008792 -0.007471 0.999933 -0.021207 -0.016391 0.999641 -0.038242 -0.028497 0.998862 -0.056246 -0.041120 0.997570 -0.074418 -0.053680 0.995781 -0.092576 -0.066048 0.993513 -0.110644 -0.078174 0.990781 -0.128574 -0.090028 0.987605 -0.146335 -0.101593 0.984005 -0.163899 -0.112854 0.980001 -0.181245 -0.123800 0.975615 -0.198353 -0.134425 0.970869 -0.215207 -0.144721 0.965786 -0.231791 -0.154685 0.960388 -0.245866 -0.152018 0.957309 -0.007493 -0.008771 0.999933 -0.018305 -0.019552 0.999641 -0.033096 -0.034243 0.998865 -0.048672 -0.049639 0.997581 -0.064335 -0.065042 0.995806 -0.079929 -0.080296 0.993561 -0.095387 -0.095338 0.990864 -0.110672 -0.110134 0.987736 -0.125759 -0.124659 0.984198 -0.140626 -0.138895 0.980272 -0.155256 -0.152829 0.975981 -0.169637 -0.166449 0.971349 -0.183756 -0.179746 0.966398 -0.197604 -0.192713 0.961153 -0.211251 -0.192205 0.958348 -0.006006 -0.009851 0.999933 -0.014947 -0.022229 0.999641 -0.027125 -0.039148 0.998865 -0.039882 -0.056948 0.997580 -0.052639 -0.074827 0.995806 -0.065267 -0.092607 0.993561 -0.077715 -0.110213 0.990865 -0.089953 -0.127604 0.987738 -0.101962 -0.144750 0.984201 -0.113726 -0.161627 0.980277 -0.125236 -0.178218 0.975989 -0.136480 -0.194507 0.971360 -0.147453 -0.210481 0.966414 -0.158149 -0.226131 0.961173 -0.170891 -0.227852 0.958582 -0.004373 -0.010683 0.999933 -0.011227 -0.024349 0.999640 -0.020503 -0.043073 0.998862 -0.030142 -0.062830 0.997569 -0.039696 -0.082735 0.995781 -0.049070 -0.102589 0.993513 -0.058223 -0.122308 0.990783 -0.067136 -0.141843 0.987610 -0.075794 -0.161159 0.984014 -0.084188 -0.180227 0.980016 -0.092312 -0.199024 0.975637 -0.100160 -0.217530 0.970901 -0.107729 -0.235729 0.965829 -0.115017 -0.253605 0.960446 -0.126443 -0.257495 0.957971 -0.002638 -0.011247 0.999933 -0.007248 -0.025858 0.999639 -0.013419 -0.045916 0.998855 -0.019742 -0.067126 0.997549 -0.025912 -0.088544 0.995735 -0.031865 -0.109953 0.993426 -0.037573 -0.131263 0.990635 -0.043025 -0.152417 0.987379 -0.048211 -0.173376 0.983675 -0.053128 -0.194105 0.979541 -0.057773 -0.214576 0.974997 -0.062142 -0.234765 0.970064 -0.066237 -0.254648 0.964763 -0.070058 -0.274208 0.959115 -0.079849 -0.280122 0.956638 -0.000849 -0.011530 0.999933 -0.003117 -0.026723 0.999638 -0.006069 -0.047611 0.998848 -0.008981 -0.069736 0.997525 -0.011698 -0.092116 0.995680 -0.014186 -0.114524 0.993319 -0.016434 -0.136864 0.990454 -0.018436 -0.159074 0.987094 -0.020188 -0.181110 0.983256 -0.021690 -0.202932 0.978953 -0.022941 -0.224508 0.974202 -0.023944 -0.245808 0.969023 -0.024700 -0.266805 0.963434 -0.025212 -0.287473 0.957457 -0.033176 -0.295212 0.954856 0.000952 -0.011530 0.999933 0.001064 -0.026928 0.999637 0.001361 -0.048128 0.998840 0.001861 -0.070616 0.997502 0.002567 -0.093395 0.995626 0.003477 -0.116235 0.993216 0.004589 -0.139035 0.990277 0.005903 -0.161732 0.986817 0.007415 -0.184276 0.982846 0.009121 -0.206626 0.978377 0.011019 -0.228744 0.973424 0.013105 -0.250597 0.968003 0.015372 -0.272151 0.962132 0.017816 -0.293379 0.955830 0.011705 -0.302729 0.953005 0.002722 -0.011250 0.999933 0.005197 -0.026476 0.999636 0.008700 -0.047466 0.998835 0.012539 -0.069764 0.997485 0.016560 -0.092383 0.995586 0.020727 -0.115095 0.993138 0.025025 -0.137798 0.990144 0.029441 -0.160428 0.986608 0.033968 -0.182934 0.982538 0.038597 -0.205272 0.977943 0.043320 -0.227403 0.972837 0.048128 -0.249290 0.967232 0.053014 -0.270899 0.961147 0.057969 -0.292197 0.954600 0.053563 -0.302971 0.951493 0.004422 -0.010698 0.999933 0.009193 -0.025380 0.999636 0.015794 -0.045647 0.998833 0.022839 -0.067211 0.997477 0.030020 -0.089120 0.995568 0.037267 -0.111154 0.993104 0.044548 -0.133216 0.990085 0.051842 -0.155241 0.986515 0.059132 -0.177181 0.982400 0.066405 -0.198992 0.977749 0.073647 -0.220633 0.972572 0.080846 -0.242069 0.966885 0.087991 -0.263263 0.960703 0.095070 -0.284185 0.954044 0.092120 -0.296242 0.950660 0.006017 -0.009885 0.999933 0.012966 -0.023663 0.999636 0.022502 -0.042707 0.998834 0.032576 -0.063004 0.997481 0.042734 -0.083662 0.995577 0.052871 -0.104476 0.993121 0.062940 -0.125353 0.990114 0.072913 -0.146235 0.986559 0.082766 -0.167075 0.982464 0.092479 -0.187832 0.977838 0.102034 -0.208470 0.972692 0.111416 -0.228952 0.967041 0.120609 -0.249246 0.960900 0.129601 -0.269322 0.954290 0.127905 -0.282522 0.950695 0.007470 -0.008829 0.999933 0.016435 -0.021360 0.999637 0.028689 -0.038702 0.998839 0.041570 -0.057214 0.997496 0.054492 -0.076087 0.995611 0.067320 -0.095137 0.993185 0.079995 -0.114278 0.990223 0.092480 -0.133459 0.986730 0.104747 -0.152638 0.982716 0.116772 -0.171778 0.978191 0.128535 -0.190845 0.973168 0.140019 -0.209810 0.967664 0.151205 -0.228643 0.961696 0.162081 -0.247316 0.955282 0.161608 -0.261426 0.951598 0.008748 -0.007552 0.999933 0.019520 -0.018517 0.999638 0.034217 -0.033707 0.998846 0.049634 -0.049941 0.997518 0.065068 -0.066514 0.995662 0.080359 -0.083262 0.993282 0.095436 -0.100114 0.990388 0.110259 -0.117024 0.986989 0.124798 -0.133956 0.983098 0.139026 -0.150879 0.978727 0.152923 -0.167765 0.973894 0.166471 -0.184587 0.968615 0.179653 -0.201321 0.962910 0.192455 -0.217945 0.956797 0.193346 -0.232564 0.953169 0.009817 -0.006080 0.999933 0.022142 -0.015198 0.999639 0.038949 -0.027830 0.998854 0.056572 -0.041335 0.997543 0.074206 -0.055127 0.995718 0.091672 -0.069071 0.993391 0.108893 -0.083107 0.990573 0.125825 -0.097197 0.987280 0.142435 -0.111312 0.983525 0.158700 -0.125427 0.979328 0.174597 -0.139518 0.974705 0.190110 -0.153567 0.969678 0.205223 -0.167553 0.964266 0.219924 -0.181460 0.958491 0.222382 -0.196026 0.955050 0.010647 -0.004450 0.999933 0.024231 -0.011481 0.999640 0.042756 -0.021211 0.998860 0.062187 -0.031602 0.997564 0.081640 -0.042200 0.995768 0.100920 -0.052903 0.993487 0.119944 -0.063663 0.990737 0.138666 -0.074452 0.987537 0.157053 -0.085249 0.983904 0.175081 -0.096035 0.979859 0.192728 -0.106794 0.975424 0.209979 -0.117510 0.970619 0.226818 -0.128171 0.965467 0.243236 -0.138764 0.959990 0.247392 -0.152650 0.956815 0.011215 -0.002703 0.999933 0.025727 -0.007464 0.999641 0.045526 -0.014027 0.998865 0.066307 -0.021004 0.997578 0.087131 -0.028090 0.995801 0.107787 -0.035214 0.993550 0.128190 -0.042345 0.990845 0.148292 -0.049466 0.987706 0.168057 -0.056562 0.984153 0.187462 -0.063622 0.980209 0.206486 -0.070637 0.975896 0.225112 -0.077598 0.971238 0.243327 -0.084498 0.966257 0.261121 -0.091329 0.960976 0.266967 -0.103941 0.958084 0.011502 -0.000888 0.999933 0.026585 -0.003255 0.999641 0.047175 -0.006477 0.998866 0.068803 -0.009850 0.997582 0.090494 -0.013220 0.995809 0.112030 -0.016553 0.993567 0.133322 -0.019836 0.990874 0.154319 -0.023061 0.987752 0.174986 -0.026223 0.984222 0.195296 -0.029318 0.980306 0.215230 -0.032343 0.976028 0.234768 -0.035297 0.971410 0.253898 -0.038176 0.966477 0.272607 -0.040981 0.961252 0.280001 -0.051831 0.958599 0.000000 0.000000 0.000000 0.022965 -0.001772 0.999735 0.043482 -0.003299 0.999049 0.065512 -0.004876 0.997840 0.087617 -0.006392 0.996134 0.109565 -0.007829 0.993949 0.131268 -0.009184 0.991304 0.152678 -0.010453 0.988221 0.173762 -0.011637 0.984719 0.194491 -0.012736 0.980822 0.214846 -0.013749 0.976551 0.234806 -0.014678 0.971931 0.254359 -0.015524 0.966985 0.273490 -0.016289 0.961737 0.285705 -0.016669 0.958173 0.018077 0.016552 0.999700 0.046695 0.024912 0.998598 0.083214 0.037450 0.995828 0.122555 0.047177 0.991340 0.169131 0.054192 0.984103 0.230416 0.059874 0.971248 0.314422 0.065967 0.946989 0.426187 0.073692 0.901629 0.559335 0.082918 0.824784 0.685587 0.091990 0.722156 0.770629 0.100185 0.629360 0.814815 0.110508 0.569091 0.854876 0.128353 0.502704 0.923432 0.158471 0.349514 0.980511 0.194866 0.025014 0.889745 0.206511 -0.407070 0.681850 0.186298 -0.707371 0.504866 0.162708 -0.847724 0.387636 0.145565 -0.910247 0.310545 0.132035 -0.941344 0.253716 0.117838 -0.960074 0.203870 0.100586 -0.973817 0.155338 0.080414 -0.984583 0.108633 0.058881 -0.992337 0.066745 0.037740 -0.997056 0.032774 0.020133 -0.999260 0.000000 0.000000 -0.000000 0.016813 0.025305 0.999538 0.043549 0.034676 0.998449 0.077754 0.053306 0.995546 0.114653 0.071392 0.990837 0.157023 0.087478 0.983713 0.211848 0.102958 0.971864 0.287123 0.120226 0.950319 0.388708 0.141167 0.910482 0.513829 0.165087 0.841859 0.640893 0.186854 0.744541 0.736735 0.200338 0.645823 0.792989 0.207120 0.572949 0.838233 0.216984 0.500283 0.904358 0.239307 0.353368 0.962308 0.267880 0.046933 0.886982 0.266883 -0.376877 0.688165 0.229663 -0.688247 0.510730 0.192981 -0.837802 0.392248 0.169032 -0.904195 0.315579 0.153294 -0.936435 0.260714 0.139182 -0.955331 0.213234 0.122106 -0.969341 0.166156 0.100851 -0.980929 0.119376 0.076811 -0.989873 0.076096 0.052165 -0.995735 0.039637 0.029918 -0.998766 0.015782 0.018572 -0.999703 0.015781 0.028793 0.999461 0.043559 0.046417 0.997972 0.077354 0.076735 0.994046 0.112021 0.108795 0.987732 0.149934 0.140633 0.978643 0.197814 0.174145 0.964646 0.263253 0.212869 0.940949 0.351198 0.259463 0.899633 0.458442 0.311569 0.832319 0.566935 0.357995 0.741906 0.651797 0.384902 0.653460 0.708859 0.392252 0.586223 0.762668 0.396609 0.510920 0.838458 0.414295 0.354044 0.901257 0.432130 0.031626 0.827099 0.395611 -0.399248 0.638824 0.314212 -0.702264 0.475619 0.247708 -0.844054 0.368564 0.207715 -0.906099 0.300723 0.184660 -0.935663 0.252866 0.167853 -0.952830 0.210541 0.149288 -0.966119 0.166608 0.125556 -0.977997 0.121202 0.097496 -0.987828 0.077961 0.067692 -0.994656 0.040575 0.039768 -0.998385 0.014888 0.024767 -0.999582 0.016373 0.027517 0.999487 0.044435 0.052115 0.997652 0.078416 0.090692 0.992787 0.111851 0.133230 0.984753 0.146091 0.177903 0.973143 0.186968 0.226982 0.955784 0.241207 0.284431 0.927857 0.312358 0.352453 0.882162 0.395839 0.425722 0.813678 0.476110 0.487672 0.731776 0.537290 0.521101 0.663154 0.582597 0.528145 0.617773 0.635961 0.532016 0.559028 0.720795 0.555372 0.414748 0.808703 0.580707 0.093694 0.768881 0.524952 -0.365030 0.599845 0.398390 -0.693882 0.447567 0.296046 -0.843825 0.348594 0.234938 -0.907351 0.287168 0.200842 -0.936588 0.244642 0.179371 -0.952878 0.206619 0.159444 -0.965343 0.165749 0.135125 -0.976867 0.122107 0.105959 -0.986845 0.079445 0.074315 -0.994065 0.041660 0.043798 -0.998171 0.014585 0.025789 -0.999561 0.018982 0.023569 0.999542 0.046450 0.053098 0.997508 0.081561 0.096243 0.992011 0.115887 0.144936 0.982631 0.149421 0.198172 0.968711 0.186513 0.258901 0.947725 0.232491 0.331306 0.914431 0.289202 0.416228 0.862042 0.350272 0.503952 0.789520 0.401595 0.572237 0.715029 0.434537 0.602963 0.669039 0.459135 0.603696 0.651725 0.499999 0.606001 0.618679 0.580399 0.640146 0.503338 0.688345 0.694072 0.210820 0.703016 0.656644 -0.273109 0.566350 0.496792 -0.657606 0.425021 0.354446 -0.832901 0.332332 0.267022 -0.904574 0.275547 0.217083 -0.936455 0.236759 0.186733 -0.953455 0.201997 0.162553 -0.965802 0.163925 0.136564 -0.976974 0.122357 0.106787 -0.986725 0.080808 0.074811 -0.993918 0.043253 0.043584 -0.998113 0.015916 0.022919 -0.999611 0.022609 0.019580 0.999553 0.048602 0.051738 0.997477 0.085269 0.096492 0.991675 0.122408 0.147448 0.981466 0.158943 0.204705 0.965833 0.197771 0.272306 0.941667 0.242577 0.355094 0.902810 0.293142 0.452776 0.842058 0.340375 0.550944 0.761975 0.369437 0.621181 0.691122 0.376019 0.644418 0.665834 0.375898 0.634170 0.675669 0.395630 0.631182 0.667148 0.457213 0.672565 0.581904 0.561093 0.757374 0.334006 0.619490 0.771369 -0.145676 0.525931 0.607218 -0.595552 0.399213 0.428132 -0.810760 0.313193 0.312463 -0.896815 0.260670 0.243891 -0.934114 0.225057 0.201137 -0.953359 0.193333 0.168970 -0.966474 0.158514 0.138290 -0.977624 0.120023 0.106122 -0.987083 0.080786 0.073242 -0.994037 0.044665 0.041656 -0.998133 0.018779 0.018586 -0.999651 0.025239 0.017478 0.999529 0.048868 0.050260 0.997540 0.086145 0.094936 0.991749 0.126076 0.145763 0.981253 0.167233 0.203725 0.964639 0.211847 0.273946 0.938123 0.262715 0.362272 0.894282 0.318158 0.468282 0.824310 0.365791 0.574398 0.732300 0.386649 0.647066 0.657120 0.375413 0.665411 0.645208 0.350943 0.645919 0.677958 0.344608 0.636821 0.689713 0.378997 0.680618 0.626993 0.458292 0.784379 0.417992 0.525869 0.850002 -0.030950 0.468792 0.710843 -0.524343 0.360501 0.508466 -0.781986 0.283150 0.368225 -0.885571 0.235773 0.281865 -0.930034 0.203874 0.225858 -0.952588 0.175929 0.183557 -0.967138 0.145640 0.145484 -0.978582 0.112017 0.108476 -0.987768 0.077110 0.072974 -0.994349 0.044358 0.040287 -0.998203 0.021867 0.015189 -0.999645 0.024798 0.017725 0.999535 0.045125 0.049777 0.997740 0.080458 0.093759 0.992339 0.120439 0.143624 0.982276 0.163807 0.200921 0.965815 0.212790 0.271526 0.938613 0.270400 0.362066 0.892072 0.335417 0.472615 0.814942 0.394445 0.584622 0.708964 0.424019 0.662101 0.617924 0.412603 0.683511 0.602139 0.374532 0.664088 0.647080 0.344229 0.652869 0.674735 0.349431 0.696755 0.626442 0.395321 0.806834 0.439022 0.440910 0.897291 0.021608 0.395916 0.785295 -0.475986 0.304779 0.577014 -0.757737 0.238019 0.421998 -0.874794 0.197125 0.322841 -0.925697 0.169986 0.255992 -0.951616 0.146986 0.204164 -0.967839 0.122762 0.158023 -0.979775 0.096002 0.114830 -0.988735 0.067766 0.075276 -0.994857 0.040709 0.040560 -0.998347 0.023290 0.014051 -0.999630 0.020184 0.019376 0.999609 0.036204 0.050069 0.998089 0.066024 0.093129 0.993463 0.101456 0.141840 0.984677 0.141522 0.198175 0.969896 0.188357 0.268551 0.944670 0.245347 0.360155 0.900052 0.313107 0.474023 0.822962 0.381234 0.592657 0.709520 0.426323 0.679174 0.597471 0.431366 0.711326 0.554923 0.401240 0.703206 0.586948 0.362980 0.697933 0.617361 0.346819 0.742479 0.573099 0.360285 0.848553 0.387494 0.369086 0.929308 -0.012755 0.314557 0.819488 -0.479055 0.235761 0.616082 -0.751571 0.180139 0.459001 -0.869982 0.146444 0.355122 -0.923278 0.124712 0.282544 -0.951113 0.107431 0.224372 -0.968564 0.090317 0.171856 -0.980973 0.071859 0.123032 -0.989798 0.052191 0.079254 -0.995487 0.032891 0.042166 -0.998569 0.021537 0.015035 -0.999655 0.011813 0.020837 0.999713 0.022504 0.050111 0.998490 0.043269 0.091827 0.994834 0.069398 0.138864 0.987877 0.100202 0.193590 0.975952 0.137224 0.262881 0.955020 0.183476 0.354419 0.916910 0.241151 0.470809 0.848637 0.305291 0.598040 0.741043 0.358435 0.700241 0.617404 0.382153 0.750487 0.539193 0.373662 0.760616 0.530886 0.347770 0.769060 0.536286 0.326801 0.817169 0.474801 0.317261 0.909314 0.269246 0.292082 0.948243 -0.124596 0.226966 0.814275 -0.534269 0.160475 0.619108 -0.768735 0.116402 0.470214 -0.874843 0.089896 0.369738 -0.924777 0.073366 0.297479 -0.951905 0.061657 0.237549 -0.969417 0.051701 0.181986 -0.981941 0.041937 0.129700 -0.990666 0.031704 0.082885 -0.996055 0.021370 0.043938 -0.998806 0.016233 0.016932 -0.999725 0.001446 0.020838 0.999782 0.005878 0.048931 0.998785 0.015012 0.088557 0.995958 0.028314 0.132781 0.990741 0.045487 0.184332 0.981811 0.067096 0.250395 0.965816 0.094887 0.338927 0.936015 0.131227 0.454073 0.881247 0.175939 0.586862 0.790341 0.221109 0.706648 0.672130 0.252931 0.781590 0.570213 0.263550 0.815471 0.515314 0.257004 0.842709 0.473066 0.243684 0.897204 0.368298 0.225079 0.966680 0.121940 0.186046 0.945254 -0.268109 0.129512 0.779241 -0.613197 0.082926 0.592977 -0.800938 0.052883 0.456687 -0.888054 0.034141 0.364528 -0.930566 0.022453 0.297272 -0.954529 0.015535 0.239906 -0.970672 0.011886 0.185018 -0.982663 0.010142 0.132180 -0.991174 0.009041 0.084349 -0.996395 0.007767 0.044687 -0.998971 0.008317 0.018313 -0.999798 -0.008590 0.019090 0.999781 -0.011085 0.046266 0.998868 -0.014670 0.083010 0.996441 -0.015887 0.123062 0.992272 -0.014489 0.169372 0.985446 -0.010942 0.229202 0.973317 -0.005234 0.310390 0.950595 0.003847 0.417771 0.908544 0.018353 0.546642 0.837166 0.038827 0.674603 0.737159 0.061039 0.771591 0.633184 0.077448 0.832561 0.548493 0.083465 0.883898 0.460172 0.079333 0.950091 0.301719 0.065230 0.997865 0.003205 0.041662 0.920406 -0.388738 0.018343 0.729420 -0.683820 0.002065 0.551111 -0.834429 -0.009176 0.426658 -0.904367 -0.017738 0.343707 -0.938909 -0.023788 0.283495 -0.958679 -0.026279 0.231473 -0.972486 -0.024637 0.180257 -0.983311 -0.019597 0.129594 -0.991373 -0.012723 0.082892 -0.996477 -0.005796 0.043852 -0.999021 -0.000414 0.018313 -0.999832 -0.016367 0.016309 0.999733 -0.026009 0.042679 0.998750 -0.041859 0.076135 0.996219 -0.057483 0.111124 0.992143 -0.072055 0.150497 0.985981 -0.086859 0.201289 0.975673 -0.103503 0.270855 0.957040 -0.122325 0.363701 0.923449 -0.140871 0.477129 0.867470 -0.153594 0.595877 0.788251 -0.156013 0.697832 0.699064 -0.151253 0.777130 0.610895 -0.148399 0.853133 0.500142 -0.152916 0.940845 0.302371 -0.156283 0.986595 -0.046961 -0.139445 0.878146 -0.457619 -0.109628 0.674364 -0.730215 -0.086110 0.503198 -0.859870 -0.072898 0.388413 -0.918597 -0.067317 0.313619 -0.947160 -0.065243 0.260525 -0.963260 -0.062316 0.214948 -0.974635 -0.055616 0.169208 -0.984010 -0.044792 0.122718 -0.991430 -0.031314 0.078895 -0.996391 -0.017532 0.041642 -0.998979 -0.008119 0.016971 -0.999823 -0.021046 0.013686 0.999685 -0.037490 0.039150 0.998530 -0.063932 0.069581 0.995526 -0.092400 0.099684 0.990720 -0.121715 0.131684 0.983791 -0.153736 0.171928 0.973039 -0.191219 0.226991 0.954940 -0.235501 0.300400 0.924283 -0.283632 0.389465 0.876282 -0.326741 0.482921 0.812421 -0.355288 0.567073 0.743101 -0.370389 0.642047 0.671258 -0.385339 0.726896 0.568451 -0.409578 0.835534 0.366236 -0.417165 0.908719 -0.014291 -0.353682 0.811011 -0.466015 -0.257073 0.611845 -0.748037 -0.185400 0.450521 -0.873303 -0.142445 0.345343 -0.927603 -0.118566 0.278396 -0.953120 -0.105004 0.232256 -0.966970 -0.094367 0.193431 -0.976565 -0.081594 0.154065 -0.984686 -0.065112 0.113004 -0.991459 -0.045962 0.073287 -0.996251 -0.026584 0.038695 -0.998897 -0.013653 0.014992 -0.999794 -0.022992 0.012130 0.999662 -0.045355 0.036402 0.998308 -0.080050 0.064675 0.994691 -0.118856 0.091325 0.988703 -0.160722 0.117394 0.979993 -0.208085 0.147894 0.966865 -0.264429 0.188169 0.945870 -0.331132 0.240389 0.912450 -0.403170 0.300846 0.864260 -0.467189 0.360124 0.807493 -0.510348 0.411167 0.755306 -0.536268 0.460781 0.707176 -0.566539 0.529294 0.631570 -0.620411 0.634514 0.460957 -0.665925 0.740111 0.093695 -0.587442 0.699314 -0.407273 -0.423230 0.531631 -0.733652 -0.296927 0.388427 -0.872330 -0.220006 0.296097 -0.929475 -0.174665 0.238615 -0.955277 -0.146675 0.200217 -0.968710 -0.125694 0.168621 -0.977634 -0.104981 0.136244 -0.985097 -0.082013 0.101465 -0.991453 -0.057345 0.066750 -0.996121 -0.033141 0.035537 -0.998819 -0.016881 0.013183 -0.999771 -0.023334 0.011753 0.999659 -0.050378 0.034381 0.998138 -0.090922 0.061476 0.993959 -0.137201 0.086872 0.986726 -0.188820 0.110252 0.975803 -0.249171 0.134759 0.959038 -0.322550 0.163854 0.932262 -0.409757 0.197749 0.890502 -0.501590 0.230933 0.833713 -0.577240 0.254883 0.775776 -0.620060 0.268592 0.737146 -0.639141 0.285028 0.714323 -0.667102 0.323468 0.671076 -0.735689 0.399339 0.547073 -0.830611 0.503107 0.238682 -0.800221 0.530172 -0.280291 -0.597494 0.423777 -0.680745 -0.416892 0.311668 -0.853853 -0.304105 0.237935 -0.922446 -0.235873 0.193000 -0.952426 -0.191883 0.164038 -0.967612 -0.158671 0.140596 -0.977270 -0.128207 0.115893 -0.984953 -0.097508 0.088153 -0.991323 -0.066861 0.059260 -0.996001 -0.038051 0.032195 -0.998757 -0.018466 0.011915 -0.999758 -0.023266 0.011856 0.999659 -0.053644 0.032213 0.998040 -0.097999 0.058510 0.993465 -0.149068 0.084442 0.985215 -0.207408 0.108849 0.972180 -0.277853 0.133243 0.951338 -0.366227 0.159075 0.916828 -0.473252 0.183995 0.861498 -0.584311 0.199113 0.786724 -0.667684 0.194545 0.718575 -0.700738 0.174392 0.691776 -0.698725 0.158824 0.697537 -0.707146 0.166910 0.687085 -0.768137 0.207213 0.605829 -0.887266 0.278058 0.368025 -0.936448 0.331657 -0.114322 -0.753850 0.291797 -0.588698 -0.534154 0.221054 -0.815975 -0.388571 0.171156 -0.905383 -0.298672 0.141543 -0.943801 -0.239047 0.123544 -0.963116 -0.193189 0.109073 -0.975080 -0.152106 0.092601 -0.984017 -0.112816 0.072532 -0.990965 -0.075667 0.050255 -0.995866 -0.042202 0.028222 -0.998710 -0.019333 0.010961 -0.999753 -0.023477 0.011400 0.999659 -0.055929 0.028667 0.998023 -0.102531 0.053422 0.993294 -0.156174 0.080024 0.984482 -0.218320 0.107353 0.969955 -0.295357 0.136409 0.945599 -0.395256 0.167957 0.903085 -0.520090 0.198311 0.830770 -0.650987 0.214523 0.728146 -0.744644 0.200516 0.636631 -0.770511 0.158890 0.617306 -0.744654 0.115311 0.657414 -0.724962 0.094532 0.682271 -0.765560 0.102666 0.635120 -0.882196 0.135316 0.451021 -0.984606 0.172303 0.029380 -0.860769 0.165892 -0.481204 -0.630344 0.130639 -0.765245 -0.462389 0.103508 -0.880615 -0.355858 0.088650 -0.930326 -0.283426 0.081113 -0.955558 -0.226412 0.075184 -0.971126 -0.175348 0.066712 -0.982244 -0.127651 0.054426 -0.990325 -0.084029 0.039275 -0.995689 -0.046032 0.023092 -0.998673 -0.020133 0.009749 -0.999750 -0.023999 0.009635 0.999666 -0.057432 0.022860 0.998088 -0.105010 0.044244 0.993486 -0.159409 0.069558 0.984759 -0.222720 0.098301 0.969914 -0.302484 0.131879 0.943987 -0.408459 0.172106 0.896404 -0.544665 0.217218 0.810035 -0.690510 0.254117 0.677215 -0.795232 0.259879 0.547786 -0.826052 0.226354 0.516141 -0.793394 0.170726 0.584276 -0.752819 0.123327 0.646571 -0.772438 0.100949 0.627016 -0.875495 0.100095 0.472747 -0.989907 0.105602 0.094507 -0.907153 0.092304 -0.410552 -0.686848 0.067646 -0.723647 -0.512192 0.051248 -0.857341 -0.398069 0.044283 -0.916286 -0.318363 0.042801 -0.947002 -0.253757 0.042519 -0.966333 -0.195056 0.040251 -0.979966 -0.140467 0.034827 -0.989473 -0.091311 0.026620 -0.995467 -0.049401 0.016683 -0.998640 -0.021015 0.007845 -0.999748 -0.024450 0.006504 0.999680 -0.057928 0.014759 0.998212 -0.105273 0.030454 0.993977 -0.158752 0.051185 0.985991 -0.220792 0.077052 0.972273 -0.299478 0.109743 0.947771 -0.405375 0.152222 0.901387 -0.544033 0.206252 0.813319 -0.696099 0.264146 0.667588 -0.807791 0.303249 0.505483 -0.847215 0.306197 0.434131 -0.829309 0.273905 0.487056 -0.795100 0.223793 0.563677 -0.808546 0.182547 0.559402 -0.897950 0.157630 0.410900 -0.989952 0.133683 0.046077 -0.901226 0.092504 -0.423362 -0.694237 0.053064 -0.717787 -0.528160 0.030103 -0.848611 -0.417405 0.019597 -0.908509 -0.337771 0.016292 -0.941087 -0.270765 0.016254 -0.962508 -0.208185 0.016644 -0.977948 -0.149375 0.015908 -0.988653 -0.096493 0.013511 -0.995242 -0.051848 0.009509 -0.998610 -0.021766 0.005305 -0.999749 -0.024450 0.002580 0.999698 -0.057149 0.005179 0.998352 -0.103045 0.013184 0.994589 -0.153979 0.026048 0.987731 -0.212456 0.044163 0.976172 -0.286595 0.068764 0.955581 -0.386896 0.102639 0.916393 -0.520068 0.149609 0.840920 -0.672121 0.209184 0.710278 -0.793725 0.267352 0.546373 -0.846238 0.303878 0.437651 -0.846196 0.309586 0.433716 -0.834650 0.288700 0.469053 -0.859601 0.259168 0.440361 -0.936105 0.231305 0.264962 -0.976137 0.190396 -0.104429 -0.850633 0.127002 -0.510191 -0.658040 0.071509 -0.749580 -0.510918 0.036624 -0.858849 -0.412097 0.016205 -0.910996 -0.339153 0.004935 -0.940718 -0.275107 -0.000093 -0.961414 -0.212926 -0.001059 -0.977068 -0.153124 0.000044 -0.988207 -0.098815 0.001596 -0.995105 -0.052979 0.002523 -0.998592 -0.022147 0.002657 -0.999751 -0.023884 -0.001356 0.999714 -0.055084 -0.004671 0.998471 -0.098450 -0.005459 0.995127 -0.145441 -0.002647 0.989363 -0.198410 0.004180 0.980110 -0.265120 0.015274 0.964095 -0.355359 0.032035 0.934181 -0.476205 0.057929 0.877424 -0.620363 0.096937 0.778301 -0.751551 0.146944 0.643101 -0.828121 0.194779 0.525621 -0.853736 0.225715 0.469241 -0.868106 0.235520 0.436946 -0.909784 0.231291 0.344671 -0.970165 0.216402 0.109317 -0.945459 0.178789 -0.272289 -0.781885 0.122965 -0.611175 -0.602232 0.075861 -0.794709 -0.473870 0.043067 -0.879541 -0.388544 0.019443 -0.921225 -0.325059 0.002285 -0.945691 -0.267500 -0.008387 -0.963521 -0.209281 -0.012568 -0.977775 -0.151523 -0.011688 -0.988385 -0.098103 -0.007982 -0.995144 -0.052699 -0.003420 -0.998605 -0.022147 0.000525 -0.999755 -0.022861 -0.004822 0.999727 -0.051979 -0.013816 0.998553 -0.092060 -0.023459 0.995477 -0.134244 -0.031420 0.990450 -0.180474 -0.037377 0.982869 -0.237837 -0.042141 0.970391 -0.314971 -0.046041 0.947984 -0.418203 -0.047251 0.907124 -0.544339 -0.040926 0.837866 -0.670982 -0.021465 0.741163 -0.765981 0.009986 0.642786 -0.823567 0.042332 0.565638 -0.872892 0.064846 0.483585 -0.942184 0.075556 0.326466 -0.996961 0.075746 0.018203 -0.918495 0.064356 -0.390160 -0.723720 0.048000 -0.688423 -0.549257 0.034205 -0.834953 -0.432105 0.021843 -0.901559 -0.356167 0.008544 -0.934383 -0.300811 -0.005183 -0.953670 -0.250588 -0.016160 -0.967959 -0.198427 -0.021394 -0.979882 -0.145069 -0.020523 -0.989209 -0.094581 -0.015357 -0.995399 -0.051141 -0.008087 -0.998659 -0.021950 -0.000848 -0.999759 -0.021444 -0.007880 0.999739 -0.048065 -0.021922 0.998604 -0.084497 -0.039714 0.995632 -0.121702 -0.057957 0.990873 -0.160940 -0.076476 0.983997 -0.208312 -0.096986 0.973242 -0.271058 -0.121235 0.954898 -0.354034 -0.148891 0.923305 -0.455090 -0.175492 0.872981 -0.560365 -0.192367 0.805597 -0.650733 -0.193229 0.734309 -0.723847 -0.183319 0.665161 -0.802705 -0.175747 0.569893 -0.908104 -0.177339 0.379338 -0.984590 -0.174628 0.009403 -0.883968 -0.140251 -0.446016 -0.670853 -0.090995 -0.735987 -0.499134 -0.054977 -0.864779 -0.388882 -0.035052 -0.920621 -0.319104 -0.027657 -0.947316 -0.269870 -0.028494 -0.962475 -0.226500 -0.032057 -0.973484 -0.181357 -0.033185 -0.982857 -0.134125 -0.029612 -0.990522 -0.088368 -0.022008 -0.995845 -0.048368 -0.012051 -0.998757 -0.021654 -0.001851 -0.999764 -0.019399 -0.010978 0.999752 -0.043251 -0.029276 0.998635 -0.075889 -0.054198 0.995642 -0.108469 -0.081578 0.990747 -0.141391 -0.111451 0.983660 -0.179449 -0.146298 0.972828 -0.228299 -0.188874 0.955095 -0.291087 -0.239579 0.926213 -0.365104 -0.293548 0.883475 -0.440306 -0.339927 0.831012 -0.506444 -0.369413 0.779133 -0.567711 -0.386575 0.726818 -0.646504 -0.409230 0.643866 -0.764557 -0.450662 0.460822 -0.874345 -0.480031 0.071352 -0.801344 -0.406621 -0.438757 -0.598793 -0.276011 -0.751841 -0.438282 -0.179445 -0.880743 -0.337511 -0.121049 -0.933506 -0.274753 -0.087930 -0.957486 -0.231737 -0.070436 -0.970225 -0.195323 -0.060731 -0.978857 -0.157976 -0.052466 -0.986048 -0.118366 -0.042322 -0.992068 -0.079103 -0.029993 -0.996415 -0.044098 -0.016388 -0.998893 -0.020972 -0.003322 -0.999775 -0.016189 -0.014509 0.999764 -0.037042 -0.036377 0.998651 -0.065613 -0.067472 0.995561 -0.093986 -0.102703 0.990262 -0.121744 -0.142400 0.982294 -0.152173 -0.189826 0.969953 -0.189147 -0.248570 0.949966 -0.233994 -0.319145 0.918364 -0.282844 -0.394907 0.874098 -0.327195 -0.461277 0.824722 -0.362064 -0.506488 0.782547 -0.395852 -0.537632 0.744482 -0.448781 -0.579952 0.679890 -0.540620 -0.656966 0.525477 -0.650576 -0.740562 0.168283 -0.636419 -0.677293 -0.369114 -0.485233 -0.480272 -0.730676 -0.353414 -0.322072 -0.878275 -0.269894 -0.223845 -0.936510 -0.218312 -0.164092 -0.961984 -0.183850 -0.126823 -0.974738 -0.155764 -0.101326 -0.982584 -0.127434 -0.080365 -0.988586 -0.097000 -0.060388 -0.993451 -0.066058 -0.040784 -0.996982 -0.037738 -0.022030 -0.999045 -0.019184 -0.006031 -0.999798 -0.011309 -0.018409 0.999767 -0.028815 -0.043433 0.998641 -0.052607 -0.079921 0.995412 -0.076689 -0.121809 0.989586 -0.100164 -0.169816 0.980372 -0.124886 -0.228153 0.965583 -0.152916 -0.301397 0.941157 -0.183702 -0.390076 0.902272 -0.211853 -0.484670 0.848654 -0.229274 -0.564549 0.792917 -0.234544 -0.613888 0.753745 -0.239047 -0.642876 0.727713 -0.259784 -0.684600 0.681054 -0.309546 -0.770859 0.556739 -0.382248 -0.888134 0.255156 -0.403675 -0.877476 -0.259000 -0.325439 -0.665681 -0.671534 -0.239650 -0.461730 -0.854033 -0.182472 -0.328859 -0.926583 -0.147326 -0.245272 -0.958195 -0.124732 -0.189858 -0.973856 -0.107114 -0.148964 -0.983024 -0.089370 -0.114489 -0.989396 -0.069653 -0.083078 -0.994106 -0.048745 -0.054440 -0.997327 -0.028752 -0.029195 -0.999160 -0.015453 -0.010135 -0.999829 -0.004749 -0.022085 0.999745 -0.018323 -0.050110 0.998576 -0.036132 -0.091245 0.995173 -0.055030 -0.138582 0.988821 -0.074132 -0.193336 0.978328 -0.094232 -0.260866 0.960765 -0.115939 -0.347122 0.930626 -0.137172 -0.453135 0.880825 -0.151033 -0.566239 0.810286 -0.148895 -0.657717 0.738403 -0.131294 -0.705408 0.696535 -0.111954 -0.721572 0.683228 -0.105817 -0.747225 0.656093 -0.118976 -0.820842 0.558627 -0.147539 -0.939732 0.308442 -0.165213 -0.974597 -0.151215 -0.141935 -0.795645 -0.588900 -0.105883 -0.575767 -0.810729 -0.079905 -0.420822 -0.903617 -0.064707 -0.320043 -0.945191 -0.056508 -0.250661 -0.966424 -0.051155 -0.196956 -0.979077 -0.045281 -0.150239 -0.987612 -0.037372 -0.107636 -0.993488 -0.027669 -0.069556 -0.997194 -0.017203 -0.037215 -0.999159 -0.009392 -0.014979 -0.999844 0.002698 -0.024745 0.999690 -0.006133 -0.055690 0.998429 -0.016550 -0.100537 0.994796 -0.028737 -0.151855 0.987985 -0.042248 -0.211425 0.976481 -0.057245 -0.285850 0.956563 -0.073504 -0.382771 0.920914 -0.088418 -0.504521 0.858860 -0.094812 -0.636097 0.765762 -0.083561 -0.740272 0.667095 -0.054640 -0.787620 0.613734 -0.021336 -0.789934 0.612821 0.002559 -0.793570 0.608474 0.014579 -0.844344 0.535603 0.019753 -0.946041 0.323445 0.022580 -0.996368 -0.082108 0.023978 -0.857930 -0.513206 0.024206 -0.647822 -0.761407 0.023024 -0.486899 -0.873155 0.019500 -0.378400 -0.925437 0.013590 -0.301172 -0.953473 0.006664 -0.238783 -0.971050 0.000664 -0.182580 -0.983191 -0.003201 -0.130521 -0.991440 -0.004778 -0.083947 -0.996459 -0.004109 -0.044869 -0.998984 -0.001536 -0.019382 -0.999811 0.009552 -0.025938 0.999618 0.006323 -0.059535 0.998206 0.004370 -0.106894 0.994261 0.000436 -0.160365 0.987058 -0.005680 -0.222267 0.974969 -0.013772 -0.300301 0.953745 -0.023231 -0.403732 0.914583 -0.032050 -0.536705 0.843161 -0.035180 -0.683587 0.729021 -0.025415 -0.800583 0.598683 -0.000631 -0.852872 0.522120 0.031677 -0.850933 0.524318 0.061449 -0.839271 0.540230 0.087015 -0.868614 0.487789 0.112781 -0.947765 0.298367 0.133937 -0.988486 -0.070405 0.134197 -0.868898 -0.476453 0.119405 -0.675888 -0.727267 0.103518 -0.521313 -0.847064 0.088670 -0.414470 -0.905733 0.073359 -0.336082 -0.938971 0.057347 -0.269831 -0.961199 0.041832 -0.207688 -0.977300 0.028090 -0.148826 -0.988464 0.016746 -0.095669 -0.995272 0.008625 -0.051024 -0.998660 0.006604 -0.022289 -0.999730 0.014205 -0.025936 0.999563 0.017162 -0.061545 0.997957 0.023892 -0.110107 0.993633 0.029034 -0.163797 0.986067 0.031770 -0.225254 0.973782 0.032603 -0.302874 0.952473 0.032439 -0.406988 0.912857 0.032243 -0.543378 0.838869 0.033050 -0.697917 0.715415 0.036506 -0.824859 0.564158 0.045030 -0.885956 0.461577 0.059843 -0.891411 0.449227 0.079777 -0.880659 0.466986 0.105126 -0.901333 0.420176 0.137296 -0.962448 0.234186 0.165967 -0.978926 -0.118995 0.170024 -0.852892 -0.493625 0.155900 -0.671036 -0.724849 0.139904 -0.527723 -0.837816 0.125008 -0.428640 -0.894785 0.108999 -0.354377 -0.928728 0.090642 -0.288594 -0.953151 0.070825 -0.224051 -0.972000 0.051283 -0.161277 -0.985576 0.033386 -0.103822 -0.994035 0.018780 -0.055196 -0.998299 0.013018 -0.023405 -0.999641 0.015678 -0.025679 0.999547 0.024813 -0.062266 0.997751 0.039339 -0.110941 0.993048 0.053171 -0.163318 0.985140 0.065116 -0.221950 0.972881 0.075973 -0.295349 0.952364 0.087033 -0.394073 0.914949 0.098501 -0.524696 0.845572 0.107520 -0.676111 0.728912 0.108648 -0.807058 0.580390 0.101095 -0.878364 0.467179 0.092287 -0.896821 0.432660 0.090937 -0.899358 0.427652 0.102161 -0.927119 0.360575 0.125009 -0.980159 0.153824 0.145841 -0.968314 -0.202727 0.147318 -0.823972 -0.547146 0.137480 -0.647883 -0.749231 0.128584 -0.515958 -0.846908 0.121668 -0.426538 -0.896249 0.113178 -0.358969 -0.926462 0.100239 -0.296537 -0.949746 0.082795 -0.232453 -0.969077 0.062854 -0.168340 -0.983723 0.042675 -0.108720 -0.993156 0.024697 -0.057710 -0.998028 0.016050 -0.023404 -0.999597 0.014175 -0.026217 0.999556 0.028728 -0.062519 0.997630 0.049252 -0.110689 0.992634 0.070206 -0.161093 0.984439 0.090406 -0.215681 0.972270 0.110996 -0.282430 0.952845 0.133682 -0.371308 0.918836 0.158337 -0.488598 0.858022 0.179644 -0.625977 0.758868 0.186865 -0.750703 0.633661 0.174496 -0.828195 0.532583 0.151587 -0.860596 0.486206 0.133385 -0.882028 0.451924 0.129135 -0.927980 0.349540 0.135792 -0.985189 0.104703 0.136467 -0.952597 -0.271912 0.121596 -0.791678 -0.598715 0.105277 -0.619111 -0.778215 0.096734 -0.496065 -0.862880 0.094803 -0.414801 -0.904960 0.094338 -0.353851 -0.930532 0.089950 -0.296089 -0.950916 0.079181 -0.234540 -0.968876 0.063136 -0.171221 -0.983208 0.044451 -0.111259 -0.992797 0.026055 -0.059314 -0.997899 0.015198 -0.023553 -0.999607 0.011086 -0.027947 0.999548 0.029672 -0.062724 0.997590 0.054086 -0.110170 0.992440 0.079991 -0.158853 0.984056 0.106608 -0.209656 0.971946 0.135558 -0.269419 0.953434 0.168960 -0.346864 0.922571 0.206539 -0.447150 0.870286 0.241687 -0.563352 0.790077 0.261006 -0.670614 0.694372 0.255817 -0.743045 0.618419 0.234529 -0.783302 0.575703 0.215511 -0.823160 0.525322 0.210146 -0.893568 0.396706 0.210745 -0.970819 0.114445 0.189616 -0.935462 -0.298255 0.144628 -0.763441 -0.629477 0.105887 -0.591212 -0.799535 0.083964 -0.472941 -0.877084 0.075744 -0.396688 -0.914823 0.074915 -0.340798 -0.937147 0.074251 -0.288054 -0.954731 0.068580 -0.230740 -0.970596 0.056939 -0.170289 -0.983748 0.041232 -0.111825 -0.992872 0.024112 -0.060454 -0.997880 0.011455 -0.024891 -0.999625 0.008379 -0.030110 0.999511 0.029369 -0.062322 0.997624 0.055996 -0.108754 0.992490 0.084967 -0.156260 0.984055 0.116146 -0.204493 0.971953 0.151803 -0.258770 0.953936 0.194547 -0.326119 0.925093 0.244036 -0.410104 0.878784 0.292762 -0.503910 0.812628 0.325861 -0.587750 0.740516 0.333311 -0.644012 0.688587 0.323697 -0.679961 0.657931 0.318042 -0.727234 0.608260 0.330332 -0.815586 0.475079 0.347227 -0.921687 0.172991 0.314676 -0.905328 -0.285237 0.229793 -0.730553 -0.643030 0.155662 -0.557931 -0.815158 0.109695 -0.442666 -0.889952 0.085420 -0.369832 -0.925163 0.074570 -0.318011 -0.945150 0.069012 -0.270609 -0.960213 0.062202 -0.219262 -0.973681 0.051408 -0.164102 -0.985103 0.037201 -0.109479 -0.993293 0.021207 -0.060649 -0.997934 0.006927 -0.027428 -0.999600 0.007654 -0.030907 0.999493 0.029650 -0.059743 0.997773 0.057698 -0.104159 0.992886 0.088812 -0.150294 0.984644 0.123498 -0.196829 0.972629 0.164779 -0.247585 0.954751 0.215893 -0.307793 0.926636 0.276618 -0.379303 0.882956 0.338600 -0.454604 0.823823 0.385268 -0.516209 0.764916 0.405370 -0.551791 0.728836 0.408670 -0.572931 0.710450 0.420380 -0.611615 0.670230 0.460234 -0.697896 0.548750 0.515000 -0.819744 0.250588 0.492516 -0.834534 -0.246944 0.364216 -0.671156 -0.645675 0.245501 -0.504495 -0.827777 0.169469 -0.395573 -0.902664 0.124406 -0.328033 -0.936439 0.098183 -0.281378 -0.954561 0.081405 -0.240479 -0.967235 0.067190 -0.197058 -0.978087 0.052225 -0.149929 -0.987317 0.036206 -0.102110 -0.994114 0.019702 -0.058447 -0.998096 0.003877 -0.029863 -0.999546 0.009382 -0.028294 0.999556 0.031572 -0.053052 0.998093 0.061038 -0.093358 0.993760 0.094306 -0.136424 0.986152 0.132404 -0.180501 0.974622 0.179113 -0.228293 0.956975 0.238445 -0.283591 0.928827 0.310629 -0.346937 0.884954 0.386611 -0.410017 0.826086 0.447288 -0.455601 0.769650 0.478734 -0.472975 0.739668 0.491434 -0.475369 0.729738 0.515904 -0.494167 0.699744 0.579955 -0.557947 0.593588 0.677542 -0.665403 0.313330 0.685317 -0.699581 -0.202303 0.520644 -0.563977 -0.640983 0.354949 -0.417557 -0.836455 0.247544 -0.323237 -0.913367 0.181255 -0.265865 -0.946817 0.138797 -0.227416 -0.963855 0.108698 -0.195168 -0.974728 0.083817 -0.161811 -0.983256 0.061048 -0.125402 -0.990226 0.040038 -0.087544 -0.995356 0.020932 -0.052069 -0.998424 0.003689 -0.030071 -0.999541 0.012738 -0.021053 0.999697 0.034993 -0.040960 0.998548 0.066152 -0.074138 0.995052 0.101850 -0.110975 0.988590 0.143545 -0.149856 0.978232 0.195802 -0.192734 0.961517 0.263572 -0.242479 0.933667 0.348017 -0.299195 0.888463 0.439862 -0.354748 0.825030 0.516756 -0.391750 0.761246 0.559966 -0.398160 0.726572 0.578771 -0.385121 0.718823 0.608697 -0.381440 0.695695 0.685783 -0.412185 0.599837 0.811157 -0.479074 0.335427 0.846380 -0.502869 -0.175394 0.660577 -0.403497 -0.633110 0.457979 -0.294008 -0.838937 0.324757 -0.224239 -0.918831 0.240981 -0.182773 -0.953164 0.184895 -0.156142 -0.970275 0.142852 -0.134983 -0.980496 0.107326 -0.113663 -0.987705 0.075655 -0.090147 -0.993051 0.047982 -0.064927 -0.996736 0.024749 -0.040418 -0.998876 0.006282 -0.026149 -0.999638 0.016126 -0.009594 0.999824 0.038842 -0.023685 0.998965 0.071705 -0.046453 0.996344 0.109609 -0.073230 0.991273 0.154443 -0.102944 0.982624 0.211595 -0.136868 0.967727 0.287133 -0.177098 0.941377 0.383722 -0.223962 0.895879 0.492863 -0.271192 0.826765 0.589067 -0.303238 0.749031 0.646890 -0.306493 0.698280 0.671889 -0.286728 0.682899 0.702428 -0.266457 0.659996 0.780837 -0.265274 0.565618 0.909142 -0.283305 0.305285 0.942645 -0.276685 -0.186725 0.747355 -0.211266 -0.629942 0.529334 -0.147159 -0.835554 0.383136 -0.107645 -0.917398 0.289640 -0.085420 -0.953316 0.225245 -0.072777 -0.971580 0.175022 -0.064220 -0.982468 0.131260 -0.056086 -0.989760 0.091847 -0.046635 -0.994680 0.057654 -0.035612 -0.997701 0.029849 -0.023886 -0.999269 0.010297 -0.017486 -0.999794 0.018079 0.003971 0.999829 0.041849 -0.003180 0.999119 0.075930 -0.012862 0.997030 0.115011 -0.026150 0.993020 0.161414 -0.042758 0.985960 0.221316 -0.063104 0.973158 0.301877 -0.088132 0.949264 0.407544 -0.118172 0.905507 0.531844 -0.149884 0.833473 0.647869 -0.173063 0.741832 0.723125 -0.176066 0.667901 0.757486 -0.158786 0.633247 0.788850 -0.133361 0.599943 0.861197 -0.110933 0.496018 0.969661 -0.090670 0.227016 0.968997 -0.060914 -0.239446 0.768134 -0.026354 -0.639747 0.555927 -0.003468 -0.831224 0.411702 0.008244 -0.911281 0.318003 0.012744 -0.948004 0.251962 0.012346 -0.967658 0.198538 0.008906 -0.980053 0.150232 0.004304 -0.988641 0.105629 0.000005 -0.994406 0.066414 -0.003148 -0.997787 0.034597 -0.004536 -0.999391 0.013904 -0.005281 -0.999889 0.000000 0.000000 0.000000 0.036615 0.002398 0.999327 0.070317 0.000856 0.997524 0.108999 -0.003555 0.994035 0.153778 -0.011450 0.988039 0.210862 -0.022811 0.977250 0.288045 -0.037747 0.956873 0.391578 -0.056322 0.918419 0.519270 -0.077124 0.851123 0.648799 -0.094615 0.755055 0.743431 -0.099961 0.661301 0.791441 -0.089049 0.604725 0.823384 -0.066443 0.563581 0.883607 -0.038518 0.466642 0.975258 -0.005899 0.220991 0.976738 0.029932 -0.212335 0.790727 0.053877 -0.609794 0.579585 0.062648 -0.812500 0.432300 0.064654 -0.899409 0.336802 0.063301 -0.939445 0.270264 0.058786 -0.960990 0.216479 0.051148 -0.974947 0.166868 0.041312 -0.985113 0.119635 0.030682 -0.992344 0.076772 0.020439 -0.996839 0.040451 0.011631 -0.999114 0.015784 0.007784 -0.999845 0.027997 -0.009467 0.999563 0.076054 -0.012852 0.997021 0.147439 -0.022518 0.988815 0.228397 -0.034291 0.972964 0.315094 -0.046195 0.947936 0.412427 -0.055541 0.909296 0.533392 -0.059743 0.843756 0.685826 -0.056268 0.725587 0.845078 -0.041277 0.533047 0.951523 -0.012301 0.307333 0.988727 0.026971 0.147278 0.995143 0.069737 0.069475 0.993902 0.107693 -0.023674 0.964156 0.131186 -0.230637 0.842708 0.129035 -0.522679 0.643427 0.104173 -0.758386 0.457430 0.074452 -0.886123 0.321845 0.049150 -0.945516 0.228568 0.029235 -0.973089 0.160392 0.014264 -0.986950 0.103516 0.004368 -0.994618 0.054156 -0.000725 -0.998532 0.000000 0.000000 0.000000 0.023667 0.014287 0.999618 0.064014 0.016932 0.997805 0.126105 0.021540 0.991783 0.200488 0.023707 0.979409 0.282808 0.024162 0.958872 0.377207 0.025855 0.925768 0.496311 0.032907 0.867521 0.650846 0.048765 0.757642 0.822186 0.074216 0.564359 0.944461 0.105302 0.311295 0.984325 0.138762 0.108858 0.984212 0.176747 0.009327 0.974200 0.215866 -0.065845 0.942707 0.243390 -0.228178 0.839539 0.240199 -0.487318 0.658448 0.202625 -0.724838 0.475422 0.154723 -0.866046 0.336135 0.113373 -0.934965 0.238833 0.080166 -0.967746 0.168340 0.052401 -0.984335 0.111076 0.028636 -0.993399 0.061443 0.009894 -0.998062 0.026952 -0.003605 -0.999630 0.016017 0.034408 0.999279 0.053551 0.052406 0.997189 0.106404 0.083198 0.990836 0.169091 0.113659 0.979025 0.239332 0.141473 0.960576 0.322844 0.170244 0.931015 0.433125 0.207706 0.877075 0.582386 0.260643 0.769995 0.755156 0.324234 0.569747 0.881480 0.373415 0.289056 0.917114 0.395585 0.049136 0.907886 0.412099 -0.076919 0.887704 0.433565 -0.154929 0.845594 0.446339 -0.292835 0.746642 0.424410 -0.512251 0.590023 0.361384 -0.721993 0.431846 0.286768 -0.855145 0.308830 0.223044 -0.924595 0.221124 0.171671 -0.960017 0.156180 0.126572 -0.979585 0.102372 0.083485 -0.991237 0.055406 0.044293 -0.997481 0.022715 0.019619 -0.999549 0.009447 0.045115 0.998937 0.043399 0.079393 0.995898 0.085777 0.134216 0.987233 0.133151 0.191342 0.972450 0.184494 0.245254 0.951742 0.246279 0.299623 0.921723 0.331564 0.365557 0.869732 0.452004 0.453601 0.768075 0.598401 0.555825 0.577040 0.716899 0.629192 0.300288 0.762546 0.645194 0.047420 0.764994 0.636106 -0.100765 0.753861 0.627401 -0.195094 0.719926 0.609593 -0.331818 0.636621 0.557036 -0.533314 0.507051 0.466600 -0.724696 0.375656 0.370856 -0.849322 0.272016 0.292709 -0.916694 0.197030 0.231455 -0.952685 0.140258 0.177276 -0.974115 0.091791 0.122809 -0.988176 0.048400 0.069792 -0.996387 0.016291 0.036509 -0.999201 0.008342 0.046318 0.998892 0.037804 0.094824 0.994776 0.071826 0.168096 0.983150 0.105465 0.246510 0.963385 0.137241 0.321511 0.936908 0.173178 0.395375 0.902047 0.225226 0.480634 0.847505 0.303206 0.589825 0.748447 0.402375 0.714121 0.572822 0.492047 0.807080 0.326360 0.543865 0.833622 0.096358 0.569614 0.820338 -0.050850 0.584497 0.795613 -0.159262 0.577747 0.753521 -0.313710 0.524123 0.668982 -0.527028 0.425753 0.545241 -0.722112 0.321405 0.424119 -0.846653 0.237407 0.330840 -0.913336 0.175441 0.262030 -0.948979 0.126939 0.203538 -0.970803 0.083711 0.144089 -0.986018 0.043681 0.083715 -0.995532 0.011991 0.043516 -0.998981 0.013326 0.042691 0.998999 0.037865 0.100766 0.994189 0.067968 0.185680 0.980257 0.094628 0.278561 0.955745 0.114143 0.368838 0.922459 0.129972 0.456465 0.880197 0.151982 0.553026 0.819185 0.188671 0.670389 0.717622 0.238309 0.798125 0.553359 0.286920 0.894358 0.343220 0.324848 0.932114 0.160115 0.359397 0.932146 0.044031 0.395675 0.916463 -0.059472 0.420386 0.876735 -0.233692 0.404792 0.777858 -0.480709 0.342805 0.622797 -0.703284 0.267627 0.470978 -0.840569 0.204547 0.357227 -0.911345 0.156403 0.277592 -0.947882 0.116551 0.214365 -0.969775 0.078704 0.152334 -0.985190 0.042238 0.088644 -0.995167 0.012720 0.042722 -0.999006 0.020233 0.039570 0.999012 0.039822 0.101594 0.994029 0.069352 0.192116 0.978919 0.096576 0.293059 0.951204 0.115790 0.393379 0.912056 0.126357 0.491485 0.861671 0.133430 0.596949 0.791106 0.142895 0.718638 0.680544 0.154668 0.841983 0.516858 0.164259 0.928671 0.332550 0.173888 0.964506 0.198723 0.193011 0.972313 0.131739 0.225416 0.972663 0.055805 0.261167 0.957621 -0.121467 0.274028 0.873307 -0.402795 0.247681 0.702839 -0.666837 0.203436 0.522796 -0.827827 0.163353 0.386111 -0.907873 0.131170 0.291895 -0.947413 0.102216 0.220833 -0.969941 0.072048 0.155204 -0.985252 0.041320 0.089490 -0.995130 0.017348 0.039352 -0.999075 0.022836 0.039004 0.998978 0.037156 0.100169 0.994276 0.064984 0.191668 0.979306 0.094337 0.295469 0.950683 0.119847 0.401203 0.908115 0.138515 0.507403 0.850503 0.150318 0.622433 0.768102 0.156006 0.751380 0.641163 0.153011 0.873064 0.462977 0.139024 0.948910 0.283270 0.120890 0.975851 0.181937 0.110197 0.980717 0.161401 0.113928 0.985765 0.123644 0.129792 0.990900 -0.035656 0.143350 0.933460 -0.328790 0.138978 0.767314 -0.626031 0.122391 0.570910 -0.811838 0.105578 0.416021 -0.903205 0.091048 0.307880 -0.947059 0.075878 0.227658 -0.970780 0.057214 0.157137 -0.985918 0.036161 0.089596 -0.995322 0.021305 0.037564 -0.999067 0.017227 0.039008 0.999090 0.025106 0.096172 0.995048 0.045577 0.184557 0.981765 0.070605 0.286448 0.955491 0.096866 0.392979 0.914431 0.121537 0.504161 0.855015 0.142477 0.628440 0.764698 0.157462 0.767982 0.620814 0.161125 0.894438 0.417157 0.148337 0.965211 0.215321 0.122287 0.986411 0.109723 0.089844 0.990171 0.107190 0.059567 0.993163 0.100390 0.039506 0.998774 -0.029816 0.030519 0.951540 -0.306007 0.028906 0.794956 -0.605978 0.030721 0.596638 -0.801922 0.033593 0.434266 -0.900158 0.035819 0.318208 -0.947344 0.035538 0.231570 -0.972169 0.031248 0.157268 -0.987062 0.023576 0.088951 -0.995757 0.019940 0.037861 -0.999084 0.004341 0.036221 0.999334 0.003850 0.087726 0.996137 0.009993 0.168532 0.985646 0.021050 0.262852 0.964606 0.036000 0.364113 0.930659 0.052622 0.474864 0.878484 0.068312 0.605394 0.792989 0.081396 0.758376 0.646715 0.089485 0.901017 0.424455 0.088450 0.978680 0.185368 0.075366 0.996471 0.036962 0.047295 0.998875 0.003538 0.005708 0.999966 -0.006016 -0.037143 0.992686 -0.114871 -0.065817 0.931997 -0.356439 -0.070407 0.777174 -0.625335 -0.057815 0.587084 -0.807459 -0.040995 0.429193 -0.902282 -0.025712 0.313918 -0.949102 -0.012947 0.226599 -0.973902 -0.002825 0.152176 -0.988349 0.004339 0.085547 -0.996325 0.011833 0.037866 -0.999213 -0.011081 0.029258 0.999510 -0.021968 0.074284 0.996995 -0.034975 0.143089 0.989092 -0.045005 0.223454 0.973675 -0.050939 0.311401 0.948912 -0.055236 0.412164 0.909434 -0.062089 0.538838 0.840118 -0.072946 0.699261 0.711135 -0.082839 0.866200 0.492784 -0.084160 0.971210 0.222865 -0.081195 0.996557 0.016797 -0.088808 0.993000 -0.077871 -0.114364 0.984994 -0.129259 -0.148405 0.958443 -0.243644 -0.169171 0.874797 -0.453995 -0.161565 0.718073 -0.676955 -0.135376 0.542592 -0.829016 -0.107060 0.398380 -0.910951 -0.082417 0.291789 -0.952925 -0.060120 0.209922 -0.975868 -0.038170 0.139925 -0.989426 -0.017451 0.078033 -0.996798 -0.000553 0.035184 -0.999381 -0.023900 0.019914 0.999516 -0.046403 0.057965 0.997240 -0.079657 0.111890 0.990523 -0.112974 0.173246 0.978378 -0.143081 0.240112 0.960143 -0.173196 0.319387 0.931662 -0.210935 0.425556 0.880005 -0.261403 0.571480 0.777869 -0.316213 0.745083 0.587248 -0.347886 0.883642 0.313294 -0.343790 0.937158 0.059532 -0.329163 0.939083 -0.098868 -0.324016 0.923121 -0.207030 -0.322364 0.879414 -0.350302 -0.303281 0.779234 -0.548466 -0.259012 0.626906 -0.734780 -0.206843 0.471608 -0.857206 -0.162768 0.347030 -0.923621 -0.128792 0.254754 -0.958391 -0.099248 0.183222 -0.978049 -0.068633 0.121580 -0.990206 -0.037188 0.067073 -0.997055 -0.012997 0.029565 -0.999478 -0.031609 0.011501 0.999434 -0.065470 0.042288 0.996958 -0.116796 0.081264 0.989826 -0.171437 0.122262 0.977579 -0.223813 0.164069 0.960723 -0.277293 0.213661 0.936727 -0.342927 0.284527 0.895235 -0.431433 0.389585 0.813688 -0.538168 0.527930 0.657012 -0.625411 0.663080 0.411322 -0.651978 0.743763 0.147449 -0.633487 0.771953 -0.052746 -0.600753 0.770794 -0.212066 -0.552916 0.733174 -0.395904 -0.474256 0.639767 -0.604797 -0.374162 0.507421 -0.776226 -0.282635 0.380086 -0.880711 -0.214742 0.280381 -0.935560 -0.167377 0.206923 -0.963934 -0.129755 0.149637 -0.980190 -0.092018 0.099508 -0.990773 -0.052399 0.054474 -0.997139 -0.022426 0.022692 -0.999491 -0.034937 0.006063 0.999371 -0.078380 0.029550 0.996485 -0.143867 0.056131 0.988004 -0.215803 0.080017 0.973153 -0.286451 0.098977 0.952969 -0.358037 0.118113 0.926207 -0.442962 0.148213 0.884204 -0.554943 0.198801 0.807785 -0.691675 0.270707 0.669554 -0.816188 0.348861 0.460579 -0.881367 0.411330 0.232380 -0.889094 0.455796 0.041962 -0.862427 0.487321 -0.136887 -0.793777 0.490386 -0.359778 -0.664226 0.441225 -0.603427 -0.504517 0.353886 -0.787545 -0.367010 0.267043 -0.891062 -0.269394 0.199175 -0.942208 -0.203967 0.149458 -0.967502 -0.155396 0.110326 -0.981672 -0.109943 0.074780 -0.991121 -0.063353 0.041313 -0.997136 -0.028320 0.016261 -0.999467 -0.036112 0.002967 0.999343 -0.086398 0.019179 0.996076 -0.161820 0.036652 0.986139 -0.246666 0.049545 0.967833 -0.331923 0.053804 0.941771 -0.418015 0.050675 0.907026 -0.516164 0.046411 0.855232 -0.638620 0.046609 0.768109 -0.778338 0.051728 0.625710 -0.897032 0.058995 0.438009 -0.962321 0.070033 0.262744 -0.987056 0.092973 0.130674 -0.991295 0.131007 -0.013080 -0.954924 0.170726 -0.242845 -0.826418 0.184567 -0.531948 -0.630593 0.164179 -0.758550 -0.452861 0.131413 -0.881843 -0.325939 0.102949 -0.939769 -0.240973 0.081813 -0.967077 -0.179391 0.064508 -0.981661 -0.124944 0.046592 -0.991069 -0.071588 0.027086 -0.997066 -0.031887 0.010435 -0.999437 -0.036663 -0.000061 0.999328 -0.090768 0.008512 0.995836 -0.172087 0.018421 0.984910 -0.265461 0.025307 0.963789 -0.362054 0.024626 0.931832 -0.461516 0.013763 0.887025 -0.573201 -0.007228 0.819383 -0.704678 -0.037891 0.708515 -0.837721 -0.077762 0.540533 -0.928008 -0.120734 0.352454 -0.962587 -0.153880 0.223040 -0.972465 -0.164918 0.164660 -0.984479 -0.150231 0.090728 -0.988144 -0.116949 -0.099467 -0.909796 -0.074848 -0.408252 -0.722796 -0.038101 -0.690010 -0.524629 -0.015340 -0.851193 -0.376307 -0.002120 -0.926493 -0.275006 0.006947 -0.961417 -0.201199 0.012933 -0.979465 -0.137716 0.014385 -0.990367 -0.078003 0.010778 -0.996895 -0.034274 0.004146 -0.999404 -0.036663 -0.004637 0.999317 -0.091641 -0.004673 0.995781 -0.174693 -0.003608 0.984616 -0.271493 -0.002337 0.962438 -0.374632 -0.003535 0.927167 -0.484897 -0.010885 0.874504 -0.611620 -0.028530 0.790637 -0.758241 -0.060744 0.649139 -0.892503 -0.108876 0.437703 -0.960517 -0.165657 0.223528 -0.968429 -0.220146 0.116966 -0.957467 -0.260609 0.123856 -0.952525 -0.277748 0.124708 -0.961112 -0.276075 -0.006873 -0.920975 -0.251955 -0.297194 -0.765417 -0.199899 -0.611700 -0.568408 -0.142996 -0.810225 -0.410784 -0.098276 -0.906421 -0.299806 -0.064755 -0.951800 -0.217374 -0.038862 -0.975314 -0.146836 -0.019554 -0.988968 -0.082248 -0.007244 -0.996586 -0.035612 -0.003202 -0.999361 -0.035618 -0.010365 0.999312 -0.088684 -0.020182 0.995855 -0.168961 -0.030836 0.985140 -0.262960 -0.038957 0.964020 -0.365172 -0.044308 0.929885 -0.478626 -0.049537 0.876620 -0.614617 -0.059372 0.786588 -0.776181 -0.077887 0.625681 -0.921330 -0.104315 0.374526 -0.984198 -0.133782 0.116005 -0.985493 -0.169295 -0.011936 -0.976463 -0.215353 0.011980 -0.963189 -0.261400 0.062740 -0.954667 -0.297204 -0.016727 -0.912351 -0.308649 -0.268981 -0.770572 -0.275552 -0.574709 -0.581823 -0.216872 -0.783867 -0.424779 -0.162252 -0.890639 -0.311215 -0.118133 -0.942969 -0.224943 -0.081395 -0.970966 -0.150660 -0.049869 -0.987327 -0.083630 -0.024515 -0.996195 -0.035610 -0.010528 -0.999310 -0.033639 -0.015578 0.999313 -0.082278 -0.035703 0.995970 -0.155531 -0.060268 0.985991 -0.240364 -0.082165 0.967199 -0.332898 -0.098730 0.937780 -0.438286 -0.112060 0.891823 -0.570433 -0.127479 0.811391 -0.737009 -0.147381 0.659619 -0.900052 -0.163250 0.404049 -0.980224 -0.162628 0.112750 -0.985453 -0.156662 -0.065870 -0.981224 -0.169189 -0.092599 -0.976224 -0.207118 -0.063946 -0.958150 -0.255859 -0.128394 -0.894920 -0.286993 -0.341693 -0.748421 -0.274186 -0.603895 -0.568783 -0.230440 -0.789546 -0.419364 -0.183970 -0.888982 -0.309168 -0.143717 -0.940085 -0.223540 -0.107069 -0.968796 -0.149007 -0.071219 -0.986268 -0.082237 -0.037864 -0.995893 -0.034661 -0.015726 -0.999275 -0.031406 -0.019225 0.999322 -0.073703 -0.048884 0.996081 -0.136995 -0.087487 0.986701 -0.208064 -0.125209 0.970068 -0.283879 -0.157676 0.945807 -0.370655 -0.187466 0.909655 -0.483554 -0.222419 0.846584 -0.635904 -0.266894 0.724150 -0.808017 -0.307766 0.502383 -0.925427 -0.314870 0.210813 -0.957180 -0.289047 -0.016077 -0.956740 -0.267092 -0.115375 -0.949928 -0.269665 -0.157854 -0.922169 -0.288538 -0.257587 -0.840305 -0.295217 -0.454681 -0.692486 -0.268963 -0.669419 -0.529259 -0.224087 -0.818334 -0.395249 -0.182267 -0.900309 -0.294391 -0.148399 -0.944093 -0.213881 -0.116932 -0.969836 -0.142602 -0.082420 -0.986343 -0.078801 -0.045859 -0.995835 -0.033921 -0.017676 -0.999268 -0.028964 -0.021889 0.999341 -0.063911 -0.059090 0.996205 -0.116096 -0.110045 0.987123 -0.171813 -0.162954 0.971559 -0.227911 -0.212019 0.950318 -0.290193 -0.260283 0.920891 -0.372667 -0.318491 0.871598 -0.489753 -0.395447 0.777023 -0.637687 -0.481356 0.601375 -0.770591 -0.536146 0.344583 -0.840241 -0.533176 0.098579 -0.862269 -0.502676 -0.061713 -0.861231 -0.475792 -0.178614 -0.828302 -0.449275 -0.334767 -0.738635 -0.399956 -0.542636 -0.600459 -0.324343 -0.730924 -0.461190 -0.248502 -0.851793 -0.349470 -0.191264 -0.917218 -0.264315 -0.152283 -0.952338 -0.194395 -0.121201 -0.973407 -0.130811 -0.087804 -0.987511 -0.073306 -0.050058 -0.996052 -0.033964 -0.017605 -0.999268 -0.024797 -0.024928 0.999382 -0.052193 -0.067274 0.996368 -0.093165 -0.128192 0.987364 -0.134404 -0.194247 0.971701 -0.171970 -0.258280 0.950641 -0.209804 -0.323036 0.922838 -0.258787 -0.400802 0.878856 -0.330319 -0.503414 0.798413 -0.425636 -0.625314 0.654077 -0.523927 -0.728925 0.440646 -0.595583 -0.774031 0.214842 -0.637433 -0.769802 0.032927 -0.657233 -0.741673 -0.134034 -0.642908 -0.684172 -0.344353 -0.573437 -0.576677 -0.581905 -0.464934 -0.438694 -0.769015 -0.359531 -0.315792 -0.878074 -0.276696 -0.227985 -0.933521 -0.213564 -0.171052 -0.961838 -0.160564 -0.131084 -0.978282 -0.110514 -0.093883 -0.989430 -0.063914 -0.053740 -0.996507 -0.033334 -0.018292 -0.999277 -0.016581 -0.028643 0.999452 -0.036364 -0.074270 0.996575 -0.065555 -0.142795 0.987579 -0.093585 -0.219603 0.971090 -0.115916 -0.296477 0.947979 -0.133689 -0.375278 0.917221 -0.153238 -0.468096 0.870290 -0.181287 -0.586822 0.789161 -0.218510 -0.725199 0.652947 -0.256708 -0.847277 0.464998 -0.287858 -0.917562 0.274258 -0.314956 -0.942162 0.114601 -0.341282 -0.938360 -0.054831 -0.354510 -0.888393 -0.291685 -0.331816 -0.755762 -0.564554 -0.277278 -0.570577 -0.773019 -0.219540 -0.403908 -0.888065 -0.173514 -0.283837 -0.943043 -0.138494 -0.204519 -0.969016 -0.108404 -0.149969 -0.982730 -0.078061 -0.104118 -0.991497 -0.047788 -0.059116 -0.997107 -0.028792 -0.021606 -0.999352 -0.003355 -0.031515 0.999498 -0.014774 -0.079425 0.996731 -0.030193 -0.153023 0.987761 -0.044620 -0.237661 0.970323 -0.054050 -0.324885 0.944208 -0.057055 -0.415914 0.907613 -0.054868 -0.521702 0.851362 -0.048978 -0.651662 0.756926 -0.038701 -0.793471 0.607377 -0.023482 -0.906794 0.420920 -0.008380 -0.966070 0.258145 -0.002415 -0.989903 0.141725 -0.010438 -0.999882 0.011288 -0.028441 -0.977648 -0.208314 -0.044933 -0.865704 -0.498536 -0.050734 -0.671517 -0.739251 -0.048726 -0.480852 -0.875447 -0.045197 -0.338194 -0.939990 -0.042446 -0.240882 -0.969626 -0.039204 -0.172494 -0.984230 -0.033045 -0.116739 -0.992613 -0.023612 -0.065598 -0.997567 -0.017646 -0.026647 -0.999489 0.012738 -0.031513 0.999422 0.011435 -0.081085 0.996642 0.012681 -0.156469 0.987601 0.014213 -0.244612 0.969517 0.018150 -0.337998 0.940972 0.027278 -0.438265 0.898432 0.044494 -0.555722 0.830177 0.072653 -0.696463 0.713905 0.112493 -0.838406 0.533311 0.158269 -0.932165 0.325606 0.200451 -0.963826 0.175667 0.231272 -0.967296 0.104173 0.245500 -0.968907 0.030806 0.242062 -0.959986 -0.140827 0.216607 -0.882666 -0.417112 0.171840 -0.712276 -0.680539 0.126266 -0.522973 -0.842945 0.089891 -0.373105 -0.923424 0.061352 -0.267206 -0.961684 0.037946 -0.190346 -0.980983 0.019188 -0.127134 -0.991700 0.006215 -0.070672 -0.997480 -0.000484 -0.030373 -0.999539 0.026967 -0.028418 0.999232 0.037882 -0.078574 0.996188 0.057857 -0.151837 0.986711 0.077909 -0.237698 0.968210 0.097482 -0.330512 0.938754 0.119563 -0.433496 0.893188 0.149516 -0.557807 0.816392 0.191982 -0.707985 0.679632 0.243848 -0.852738 0.461926 0.292385 -0.931367 0.216949 0.333453 -0.940948 0.058534 0.370593 -0.928665 0.015539 0.398107 -0.917327 -0.004576 0.410168 -0.903909 -0.121284 0.393839 -0.844421 -0.363102 0.338228 -0.701656 -0.627121 0.266571 -0.528096 -0.806260 0.203355 -0.383588 -0.900837 0.151907 -0.278170 -0.948444 0.107804 -0.199027 -0.974046 0.068438 -0.132236 -0.988853 0.035688 -0.072507 -0.996729 0.018114 -0.030368 -0.999375 0.034823 -0.024863 0.999084 0.059023 -0.073670 0.995535 0.097271 -0.141518 0.985145 0.136307 -0.219524 0.966038 0.172803 -0.303958 0.936883 0.209417 -0.399999 0.892270 0.253175 -0.520825 0.815257 0.308939 -0.673039 0.671994 0.366184 -0.823801 0.432737 0.400913 -0.903082 0.153988 0.416597 -0.908588 -0.030252 0.436309 -0.896443 -0.077616 0.460862 -0.884283 -0.075159 0.478758 -0.864218 -0.154656 0.470725 -0.804565 -0.362068 0.418069 -0.674405 -0.608602 0.341015 -0.514938 -0.786478 0.269114 -0.379633 -0.885131 0.208857 -0.278882 -0.937339 0.155144 -0.200901 -0.967248 0.104028 -0.133150 -0.985621 0.057951 -0.071879 -0.995728 0.031872 -0.027374 -0.999117 0.035126 -0.024642 0.999079 0.071406 -0.069778 0.995004 0.124542 -0.131039 0.983523 0.179903 -0.198450 0.963459 0.231784 -0.269116 0.934801 0.282283 -0.349377 0.893449 0.340133 -0.454108 0.823466 0.411526 -0.594131 0.691126 0.480997 -0.746099 0.460411 0.510678 -0.842142 0.173216 0.500575 -0.864966 -0.035479 0.488992 -0.865227 -0.110765 0.490445 -0.862024 -0.127976 0.495441 -0.842956 -0.209676 0.480225 -0.779249 -0.402684 0.425273 -0.651727 -0.628008 0.349916 -0.501416 -0.791290 0.281477 -0.374375 -0.883523 0.224940 -0.278307 -0.933781 0.173214 -0.201781 -0.963992 0.120526 -0.133627 -0.983675 0.069093 -0.071548 -0.995041 0.036756 -0.025162 -0.999007 0.030891 -0.029262 0.999094 0.075658 -0.068929 0.994749 0.138613 -0.124774 0.982455 0.205522 -0.183032 0.961385 0.269018 -0.239943 0.932768 0.330490 -0.301172 0.894467 0.400142 -0.381459 0.833292 0.486810 -0.494378 0.720143 0.576388 -0.629817 0.520680 0.623874 -0.737915 0.257415 0.613824 -0.788259 0.043218 0.584515 -0.809046 -0.061528 0.561671 -0.818441 -0.121163 0.541247 -0.805877 -0.240029 0.498699 -0.742736 -0.446814 0.421434 -0.620100 -0.661717 0.335688 -0.481775 -0.809448 0.266416 -0.365944 -0.891688 0.214581 -0.276542 -0.936739 0.169263 -0.202701 -0.964501 0.121132 -0.135105 -0.983399 0.070386 -0.073242 -0.994827 0.033646 -0.027432 -0.999057 0.027003 -0.035603 0.999001 0.075549 -0.068981 0.994753 0.143639 -0.120920 0.982215 0.217470 -0.173643 0.960497 0.288834 -0.221539 0.931394 0.358527 -0.267590 0.894346 0.437486 -0.323715 0.838937 0.536578 -0.402906 0.741452 0.645492 -0.503296 0.574485 0.721668 -0.596308 0.351585 0.737953 -0.656516 0.156244 0.719823 -0.693140 0.037564 0.694333 -0.716924 -0.062623 0.657539 -0.716887 -0.231766 0.580502 -0.662563 -0.473316 0.462684 -0.552700 -0.693143 0.347604 -0.433843 -0.831235 0.262364 -0.336520 -0.904389 0.204670 -0.260489 -0.943534 0.160152 -0.195143 -0.967611 0.115429 -0.132809 -0.984397 0.067094 -0.074770 -0.994941 0.027581 -0.034047 -0.999040 0.026403 -0.037177 0.998960 0.074723 -0.063947 0.995152 0.144913 -0.110801 0.983221 0.222863 -0.159115 0.961777 0.300213 -0.202212 0.932192 0.377578 -0.239860 0.894372 0.465935 -0.279013 0.839676 0.576530 -0.328760 0.748017 0.700495 -0.389025 0.598302 0.798762 -0.444332 0.405646 0.843042 -0.482316 0.238018 0.850784 -0.509964 0.126896 0.844880 -0.534890 0.008400 0.813503 -0.546019 -0.200188 0.711636 -0.510670 -0.482484 0.548735 -0.427476 -0.718439 0.395042 -0.339298 -0.853709 0.284065 -0.269344 -0.920196 0.210819 -0.214997 -0.953589 0.158742 -0.166635 -0.973157 0.112107 -0.117758 -0.986694 0.064471 -0.070314 -0.995439 0.023946 -0.039972 -0.998914 0.027987 -0.028536 0.999201 0.073902 -0.047872 0.996116 0.144204 -0.084523 0.985932 0.224609 -0.124065 0.966519 0.307308 -0.160611 0.937958 0.393346 -0.192054 0.899108 0.493558 -0.220504 0.841296 0.618349 -0.249613 0.745210 0.756641 -0.277108 0.592204 0.866957 -0.292675 0.403394 0.922920 -0.293071 0.249655 0.944691 -0.288995 0.155052 0.955836 -0.290502 0.044565 0.939846 -0.294371 -0.173305 0.831796 -0.278953 -0.479897 0.637736 -0.237858 -0.732610 0.452074 -0.194211 -0.870581 0.317655 -0.160694 -0.934491 0.227986 -0.135028 -0.964256 0.165205 -0.110841 -0.980011 0.113107 -0.083490 -0.990069 0.064186 -0.054318 -0.996459 0.024573 -0.038327 -0.998963 0.000000 0.000000 0.000000 0.060968 -0.032280 0.997618 0.127091 -0.060702 0.990032 0.207004 -0.094272 0.973787 0.291700 -0.127193 0.948015 0.380889 -0.156775 0.911233 0.484302 -0.182622 0.855629 0.613604 -0.205699 0.762351 0.761236 -0.223073 0.608899 0.884468 -0.225386 0.408556 0.948432 -0.209593 0.237798 0.972114 -0.186349 0.142370 0.984263 -0.167204 0.057170 0.979892 -0.156045 -0.124343 0.896281 -0.144528 -0.419276 0.708190 -0.124955 -0.694876 0.507028 -0.104909 -0.855521 0.354696 -0.090685 -0.930573 0.251256 -0.080855 -0.964538 0.179395 -0.071060 -0.981207 0.122090 -0.057321 -0.990862 0.069159 -0.038501 -0.996862 0.026943 -0.025387 -0.999315</float_array>
          <technique_common>
            <accessor source="#Cyan-norm-array" count="2481" stride="3">
              <param name="X" type="float"/><param name="Y" type="float"/><param name="Z" type="float"/>
            </accessor>
          </technique_common>
        </source>
        <source id="Cyan-uv">
          <float_array id="Cyan-uv-array" count="4962">0.000000 1.000000 0.000000 0.928571 0.000000 0.857143 0.000000 0.785714 0.000000 0.714286 0.000000 0.642857 0.000000 0.571429 0.000000 0.500000 0.000000 0.428571 0.000000 0.357143 0.000000 0.285714 0.000000 0.214286 0.000000 0.142857 0.000000 0.071429 0.000000 0.000000 0.025000 1.000000 0.025000 0.928571 0.025000 0.857143 0.025000 0.785714 0.025000 0.714286 0.025000 0.642857 0.025000 0.571429 0.025000 0.500000 0.025000 0.428571 0.025000 0.357143 0.025000 0.285714 0.025000 0.214286 0.025000 0.142857 0.025000 0.071429 0.025000 0.000000 0.050000 1.000000 0.050000 0.928571 0.050000 0.857143 0.050000 0.785714 0.050000 0.714286 0.050000 0.642857 0.050000 0.571429 0.050000 0.500000 0.050000 0.428571 0.050000 0.357143 0.050000 0.285714 0.050000 0.214286 0.050000 0.142857 0.050000 0.071429 0.050000 0.000000 0.075000 1.000000 0.075000 0.928571 0.075000 0.857143 0.075000 0.785714 0.075000 0.714286 0.075000 0.642857 0.075000 0.571429 0.075000 0.500000 0.075000 0.428571 0.075000 0.357143 0.075000 0.285714 0.075000 0.214286 0.075000 0.142857 0.075000 0.071429 0.075000 0.000000 0.100000 1.000000 0.100000 0.928571 0.100000 0.857143 0.100000 0.785714 0.100000 0.714286 0.100000 0.642857 0.100000 0.571429 0.100000 0.500000 0.100000 0.428571 0.100000 0.357143 0.100000 0.285714 0.100000 0.214286 0.100000 0.142857 0.100000 0.071429 0.100000 0.000000 0.125000 1.000000 0.125000 0.928571 0.125000 0.857143 0.125000 0.785714 0.125000 0.714286 0.125000 0.642857 0.125000 0.571429 0.125000 0.500000 0.125000 0.428571 0.125000 0.357143 0.125000 0.285714 0.125000 0.214286 0.125000 0.142857 0.125000 0.071429 0.125000 0.000000 0.150000 1.000000 0.150000 0.928571 0.150000 0.857143 0.150000 0.785714 0.150000 0.714286 0.150000 0.642857 0.150000 0.571429 0.150000 0.500000 0.150000 0.428571 0.150000 0.357143 0.150000 0.285714 0.150000 0.214286 0.150000 0.142857 0.150000 0.071429 0.150000 0.000000 0.175000 1.000000 0.175000 0.928571 0.175000 0.857143 0.175000 0.785714 0.175000 0.714286 0.175000 0.642857 0.175000 0.571429 0.175000 0.500000 0.175000 0.428571 0.175000 0.357143 0.175000 0.285714 0.175000 0.214286 0.175000 0.142857 0.175000 0.071429 0.175000 0.000000 0.200000 1.000000 0.200000 0.928571 0.200000 0.857143 0.200000 0.785714 0.200000 0.714286 0.200000 0.642857 0.200000 0.571429 0.200000 0.500000 0.200000 0.428571 0.200000 0.357143 0.200000 0.285714 0.200000 0.214286 0.200000 0.142857 0.200000 0.071429 0.200000 0.000000 0.225000 1.000000 0.225000 0.928571 0.225000 0.857143 0.225000 0.785714 0.225000 0.714286 0.225000 0.642857 0.225000 0.571429 0.225000 0.500000 0.225000 0.428571 0.225000 0.357143 0.225000 0.285714 0.225000 0.214286 0.225000 0.142857 0.225000 0.071429 0.225000 0.000000 0.250000 1.000000 0.250000 0.928571 0.250000 0.857143 0.250000 0.785714 0.250000 0.714286 0.250000 0.642857 0.250000 0.571429 0.250000 0.500000 0.250000 0.428571 0.250000 0.357143 0.250000 0.285714 0.250000 0.214286 0.250000 0.142857 0.250000 0.071429 0.250000 0.000000 0.275000 1.000000 0.275000 0.928571 0.275000 0.857143 0.275000 0.785714 0.275000 0.714286 0.275000 0.642857 0.275000 0.571429 0.275000 0.500000 0.275000 0.428571 0.275000 0.357143 0.275000 0.285714 0.275000 0.214286 0.275000 0.142857 0.275000 0.071429 0.275000 0.000000 0.300000 1.000000 0.300000 0.928571 0.300000 0.857143 0.300000 0.785714 0.300000 0.714286 0.300000 0.642857 0.300000 0.571429 0.300000 0.500000 0.300000 0.428571 0.300000 0.357143 0.300000 0.285714 0.300000 0.214286 0.300000 0.142857 0.300000 0.071429 0.300000 0.000000 0.325000 1.000000 0.325000 0.928571 0.325000 0.857143 0.325000 0.785714 0.325000 0.714286 0.325000 0.642857 0.325000 0.571429 0.325000 0.500000 0.325000 0.428571 0.325000 0.357143 0.325000 0.285714 0.325000 0.214286 0.325000 0.142857 0.325000 0.071429 0.325000 0.000000 0.350000 1.000000 0.350000 0.928571 0.350000 0.857143 0.350000 0.785714 0.350000 0.714286 0.350000 0.642857 0.350000 0.571429 0.350000 0.500000 0.350000 0.428571 0.350000 0.357143 0.350000 0.285714 0.350000 0.214286 0.350000 0.142857 0.350000 0.071429 0.350000 0.000000 0.375000 1.000000 0.375000 0.928571 0.375000 0.857143 0.375000 0.785714 0.375000 0.714286 0.375000 0.642857 0.375000 0.571429 0.375000 0.500000 0.375000 0.428571 0.375000 0.357143 0.375000 0.285714 0.375000 0.214286 0.375000 0.142857 0.375000 0.071429 0.375000 0.000000 0.400000 1.000000 0.400000 0.928571 0.400000 0.857143 0.400000 0.785714 0.400000 0.714286 0.400000 0.642857 0.400000 0.571429 0.400000 0.500000 0.400000 0.428571 0.400000 0.357143 0.400000 0.285714 0.400000 0.214286 0.400000 0.142857 0.400000 0.071429 0.400000 0.000000 0.425000 1.000000 0.425000 0.928571 0.425000 0.857143 0.425000 0.785714 0.425000 0.714286 0.425000 0.642857 0.425000 0.571429 0.425000 0.500000 0.425000 0.428571 0.425000 0.357143 0.425000 0.285714 0.425000 0.214286 0.425000 0.142857 0.425000 0.071429 0.425000 0.000000 0.450000 1.000000 0.450000 0.928571 0.450000 0.857143 0.450000 0.785714 0.450000 0.714286 0.450000 0.642857 0.450000 0.571429 0.450000 0.500000 0.450000 0.428571 0.450000 0.357143 0.450000 0.285714 0.450000 0.214286 0.450000 0.142857 0.450000 0.071429 0.450000 0.000000 0.475000 1.000000 0.475000 0.928571 0.475000 0.857143 0.475000 0.785714 0.475000 0.714286 0.475000 0.642857 0.475000 0.571429 0.475000 0.500000 0.475000 0.428571 0.475000 0.357143 0.475000 0.285714 0.475000 0.214286 0.475000 0.142857 0.475000 0.071429 0.475000 0.000000 0.500000 1.000000 0.500000 0.928571 0.500000 0.857143 0.500000 0.785714 0.500000 0.714286 0.500000 0.642857 0.500000 0.571429 0.500000 0.500000 0.500000 0.428571 0.500000 0.357143 0.500000 0.285714 0.500000 0.214286 0.500000 0.142857 0.500000 0.071429 0.500000 0.000000 0.525000 1.000000 0.525000 0.928571 0.525000 0.857143 0.525000 0.785714 0.525000 0.714286 0.525000 0.642857 0.525000 0.571429 0.525000 0.500000 0.525000 0.428571 0.525000 0.357143 0.525000 0.285714 0.525000 0.214286 0.525000 0.142857 0.525000 0.071429 0.525000 0.000000 0.550000 1.000000 0.550000 0.928571 0.550000 0.857143 0.550000 0.785714 0.550000 0.714286 0.550000 0.642857 0.550000 0.571429 0.550000 0.500000 0.550000 0.428571 0.550000 0.357143 0.550000 0.285714 0.550000 0.214286 0.550000 0.142857 0.550000 0.071429 0.550000 0.000000 0.575000 1.000000 0.575000 0.928571 0.575000 0.857143 0.575000 0.785714 0.575000 0.714286 0.575000 0.642857 0.575000 0.571429 0.575000 0.500000 0.575000 0.428571 0.575000 0.357143 0.575000 0.285714 0.575000 0.214286 0.575000 0.142857 0.575000 0.071429 0.575000 0.000000 0.600000 1.000000 0.600000 0.928571 0.600000 0.857143 0.600000 0.785714 0.600000 0.714286 0.600000 0.642857 0.600000 0.571429 0.600000 0.500000 0.600000 0.428571 0.600000 0.357143 0.600000 0.285714 0.600000 0.214286 0.600000 0.142857 0.600000 0.071429 0.600000 0.000000 0.625000 1.000000 0.625000 0.928571 0.625000 0.857143 0.625000 0.785714 0.625000 0.714286 0.625000 0.642857 0.625000 0.571429 0.625000 0.500000 0.625000 0.428571 0.625000 0.357143 0.625000 0.285714 0.625000 0.214286 0.625000 0.142857 0.625000 0.071429 0.625000 0.000000 0.650000 1.000000 0.650000 0.928571 0.650000 0.857143 0.650000 0.785714 0.650000 0.714286 0.650000 0.642857 0.650000 0.571429 0.650000 0.500000 0.650000 0.428571 0.650000 0.357143 0.650000 0.285714 0.650000 0.214286 0.650000 0.142857 0.650000 0.071429 0.650000 0.000000 0.675000 1.000000 0.675000 0.928571 0.675000 0.857143 0.675000 0.785714 0.675000 0.714286 0.675000 0.642857 0.675000 0.571429 0.675000 0.500000 0.675000 0.428571 0.675000 0.357143 0.675000 0.285714 0.675000 0.214286 0.675000 0.142857 0.675000 0.071429 0.675000 0.000000 0.700000 1.000000 0.700000 0.928571 0.700000 0.857143 0.700000 0.785714 0.700000 0.714286 0.700000 0.642857 0.700000 0.571429 0.700000 0.500000 0.700000 0.428571 0.700000 0.357143 0.700000 0.285714 0.700000 0.214286 0.700000 0.142857 0.700000 0.071429 0.700000 0.000000 0.725000 1.000000 0.725000 0.928571 0.725000 0.857143 0.725000 0.785714 0.725000 0.714286 0.725000 0.642857 0.725000 0.571429 0.725000 0.500000 0.725000 0.428571 0.725000 0.357143 0.725000 0.285714 0.725000 0.214286 0.725000 0.142857 0.725000 0.071429 0.725000 0.000000 0.750000 1.000000 0.750000 0.928571 0.750000 0.857143 0.750000 0.785714 0.750000 0.714286 0.750000 0.642857 0.750000 0.571429 0.750000 0.500000 0.750000 0.428571 0.750000 0.357143 0.750000 0.285714 0.750000 0.214286 0.750000 0.142857 0.750000 0.071429 0.750000 0.000000 0.775000 1.000000 0.775000 0.928571 0.775000 0.857143 0.775000 0.785714 0.775000 0.714286 0.775000 0.642857 0.775000 0.571429 0.775000 0.500000 0.775000 0.428571 0.775000 0.357143 0.775000 0.285714 0.775000 0.214286 0.775000 0.142857 0.775000 0.071429 0.775000 0.000000 0.800000 1.000000 0.800000 0.928571 0.800000 0.857143 0.800000 0.785714 0.800000 0.714286 0.800000 0.642857 0.800000 0.571429 0.800000 0.500000 0.800000 0.428571 0.800000 0.357143 0.800000 0.285714 0.800000 0.214286 0.800000 0.142857 0.800000 0.071429 0.800000 0.000000 0.825000 1.000000 0.825000 0.928571 0.825000 0.857143 0.825000 0.785714 0.825000 0.714286 0.825000 0.642857 0.825000 0.571429 0.825000 0.500000 0.825000 0.428571 0.825000 0.357143 0.825000 0.285714 0.825000 0.214286 0.825000 0.142857 0.825000 0.071429 0.825000 0.000000 0.850000 1.000000 0.850000 0.928571 0.850000 0.857143 0.850000 0.785714 0.850000 0.714286 0.850000 0.642857 0.850000 0.571429 0.850000 0.500000 0.850000 0.428571 0.850000 0.357143 0.850000 0.285714 0.850000 0.214286 0.850000 0.142857 0.850000 0.071429 0.850000 0.000000 0.875000 1.000000 0.875000 0.928571 0.875000 0.857143 0.875000 0.785714 0.875000 0.714286 0.875000 0.642857 0.875000 0.571429 0.875000 0.500000 0.875000 0.428571 0.875000 0.357143 0.875000 0.285714 0.875000 0.214286 0.875000 0.142857 0.875000 0.071429 0.875000 0.000000 0.900000 1.000000 0.900000 0.928571 0.900000 0.857143 0.900000 0.785714 0.900000 0.714286 0.900000 0.642857 0.900000 0.571429 0.900000 0.500000 0.900000 0.428571 0.900000 0.357143 0.900000 0.285714 0.900000 0.214286 0.900000 0.142857 0.900000 0.071429 0.900000 0.000000 0.925000 1.000000 0.925000 0.928571 0.925000 0.857143 0.925000 0.785714 0.925000 0.714286 0.925000 0.642857 0.925000 0.571429 0.925000 0.500000 0.925000 0.428571 0.925000 0.357143 0.925000 0.285714 0.925000 0.214286 0.925000 0.142857 0.925000 0.071429 0.925000 0.000000 0.950000 1.000000 0.950000 0.928571 0.950000 0.857143 0.950000 0.785714 0.950000 0.714286 0.950000 0.642857 0.950000 0.571429 0.950000 0.500000 0.950000 0.428571 0.950000 0.357143 0.950000 0.285714 0.950000 0.214286 0.950000 0.142857 0.950000 0.071429 0.950000 0.000000 0.975000 1.000000 0.975000 0.928571 0.975000 0.857143 0.975000 0.785714 0.975000 0.714286 0.975000 0.642857 0.975000 0.571429 0.975000 0.500000 0.975000 0.428571 0.975000 0.357143 0.975000 0.285714 0.975000 0.214286 0.975000 0.142857 0.975000 0.071429 0.975000 0.000000 1.000000 1.000000 1.000000 0.928571 1.000000 0.857143 1.000000 0.785714 1.000000 0.714286 1.000000 0.642857 1.000000 0.571429 1.000000 0.500000 1.000000 0.428571 1.000000 0.357143 1.000000 0.285714 1.000000 0.214286 1.000000 0.142857 1.000000 0.071429 1.000000 0.000000 0.000000 1.000000 0.000000 0.961538 0.000000 0.923077 0.000000 0.884615 0.000000 0.846154 0.000000 0.807692 0.000000 0.769231 0.000000 0.730769 0.000000 0.692308 0.000000 0.653846 0.000000 0.615385 0.000000 0.576923 0.000000 0.538462 0.000000 0.500000 0.000000 0.461538 0.000000 0.423077 0.000000 0.384615 0.000000 0.346154 0.000000 0.307692 0.000000 0.269231 0.000000 0.230769 0.000000 0.192308 0.000000 0.153846 0.000000 0.115385 0.000000 0.076923 0.000000 0.038462 0.000000 0.000000 0.025000 1.000000 0.025000 0.961538 0.025000 0.923077 0.025000 0.884615 0.025000 0.846154 0.025000 0.807692 0.025000 0.769231 0.025000 0.730769 0.025000 0.692308 0.025000 0.653846 0.025000 0.615385 0.025000 0.576923 0.025000 0.538462 0.025000 0.500000 0.025000 0.461538 0.025000 0.423077 0.025000 0.384615 0.025000 0.346154 0.025000 0.307692 0.025000 0.269231 0.025000 0.230769 0.025000 0.192308 0.025000 0.153846 0.025000 0.115385 0.025000 0.076923 0.025000 0.038462 0.025000 0.000000 0.050000 1.000000 0.050000 0.961538 0.050000 0.923077 0.050000 0.884615 0.050000 0.846154 0.050000 0.807692 0.050000 0.769231 0.050000 0.730769 0.050000 0.692308 0.050000 0.653846 0.050000 0.615385 0.050000 0.576923 0.050000 0.538462 0.050000 0.500000 0.050000 0.461538 0.050000 0.423077 0.050000 0.384615 0.050000 0.346154 0.050000 0.307692 0.050000 0.269231 0.050000 0.230769 0.050000 0.192308 0.050000 0.153846 0.050000 0.115385 0.050000 0.076923 0.050000 0.038462 0.050000 0.000000 0.075000 1.000000 0.075000 0.961538 0.075000 0.923077 0.075000 0.884615 0.075000 0.846154 0.075000 0.807692 0.075000 0.769231 0.075000 0.730769 0.075000 0.692308 0.075000 0.653846 0.075000 0.615385 0.075000 0.576923 0.075000 0.538462 0.075000 0.500000 0.075000 0.461538 0.075000 0.423077 0.075000 0.384615 0.075000 0.346154 0.075000 0.307692 0.075000 0.269231 0.075000 0.230769 0.075000 0.192308 0.075000 0.153846 0.075000 0.115385 0.075000 0.076923 0.075000 0.038462 0.075000 0.000000 0.100000 1.000000 0.100000 0.961538 0.100000 0.923077 0.100000 0.884615 0.100000 0.846154 0.100000 0.807692 0.100000 0.769231 0.100000 0.730769 0.100000 0.692308 0.100000 0.653846 0.100000 0.615385 0.100000 0.576923 0.100000 0.538462 0.100000 0.500000 0.100000 0.461538 0.100000 0.423077 0.100000 0.384615 0.100000 0.346154 0.100000 0.307692 0.100000 0.269231 0.100000 0.230769 0.100000 0.192308 0.100000 0.153846 0.100000 0.115385 0.100000 0.076923 0.100000 0.038462 0.100000 0.000000 0.125000 1.000000 0.125000 0.961538 0.125000 0.923077 0.125000 0.884615 0.125000 0.846154 0.125000 0.807692 0.125000 0.769231 0.125000 0.730769 0.125000 0.692308 0.125000 0.653846 0.125000 0.615385 0.125000 0.576923 0.125000 0.538462 0.125000 0.500000 0.125000 0.461538 0.125000 0.423077 0.125000 0.384615 0.125000 0.346154 0.125000 0.307692 0.125000 0.269231 0.125000 0.230769 0.125000 0.192308 0.125000 0.153846 0.125000 0.115385 0.125000 0.076923 0.125000 0.038462 0.125000 0.000000 0.150000 1.000000 0.150000 0.961538 0.150000 0.923077 0.150000 0.884615 0.150000 0.846154 0.150000 0.807692 0.150000 0.769231 0.150000 0.730769 0.150000 0.692308 0.150000 0.653846 0.150000 0.615385 0.150000 0.576923 0.150000 0.538462 0.150000 0.500000 0.150000 0.461538 0.150000 0.423077 0.150000 0.384615 0.150000 0.346154 0.150000 0.307692 0.150000 0.269231 0.150000 0.230769 0.150000 0.192308 0.150000 0.153846 0.150000 0.115385 0.150000 0.076923 0.150000 0.038462 0.150000 0.000000 0.175000 1.000000 0.175000 0.961538 0.175000 0.923077 0.175000 0.884615 0.175000 0.846154 0.175000 0.807692 0.175000 0.769231 0.175000 0.730769 0.175000 0.692308 0.175000 0.653846 0.175000 0.615385 0.175000 0.576923 0.175000 0.538462 0.175000 0.500000 0.175000 0.461538 0.175000 0.423077 0.175000 0.384615 0.175000 0.346154 0.175000 0.307692 0.175000 0.269231 0.175000 0.230769 0.175000 0.192308 0.175000 0.153846 0.175000 0.115385 0.175000 0.076923 0.175000 0.038462 0.175000 0.000000 0.200000 1.000000 0.200000 0.961538 0.200000 0.923077 0.200000 0.884615 0.200000 0.846154 0.200000 0.807692 0.200000 0.769231 0.200000 0.730769 0.200000 0.692308 0.200000 0.653846 0.200000 0.615385 0.200000 0.576923 0.200000 0.538462 0.200000 0.500000 0.200000 0.461538 0.200000 0.423077 0.200000 0.384615 0.200000 0.346154 0.200000 0.307692 0.200000 0.269231 0.200000 0.230769 0.200000 0.192308 0.200000 0.153846 0.200000 0.115385 0.200000 0.076923 0.200000 0.038462 0.200000 0.000000 0.225000 1.000000 0.225000 0.961538 0.225000 0.923077 0.225000 0.884615 0.225000 0.846154 0.225000 0.807692 0.225000 0.769231 0.225000 0.730769 0.225000 0.692308 0.225000 0.653846 0.225000 0.615385 0.225000 0.576923 0.225000 0.538462 0.225000 0.500000 0.225000 0.461538 0.225000 0.423077 0.225000 0.384615 0.225000 0.346154 0.225000 0.307692 0.225000 0.269231 0.225000 0.230769 0.225000 0.192308 0.225000 0.153846 0.225000 0.115385 0.225000 0.076923 0.225000 0.038462 0.225000 0.000000 0.250000 1.000000 0.250000 0.961538 0.250000 0.923077 0.250000 0.884615 0.250000 0.846154 0.250000 0.807692 0.250000 0.769231 0.250000 0.730769 0.250000 0.692308 0.250000 0.653846 0.250000 0.615385 0.250000 0.576923 0.250000 0.538462 0.250000 0.500000 0.250000 0.461538 0.250000 0.423077 0.250000 0.384615 0.250000 0.346154 0.250000 0.307692 0.250000 0.269231 0.250000 0.230769 0.250000 0.192308 0.250000 0.153846 0.250000 0.115385 0.250000 0.076923 0.250000 0.038462 0.250000 0.000000 0.275000 1.000000 0.275000 0.961538 0.275000 0.923077 0.275000 0.884615 0.275000 0.846154 0.275000 0.807692 0.275000 0.769231 0.275000 0.730769 0.275000 0.692308 0.275000 0.653846 0.275000 0.615385 0.275000 0.576923 0.275000 0.538462 0.275000 0.500000 0.275000 0.461538 0.275000 0.423077 0.275000 0.384615 0.275000 0.346154 0.275000 0.307692 0.275000 0.269231 0.275000 0.230769 0.275000 0.192308 0.275000 0.153846 0.275000 0.115385 0.275000 0.076923 0.275000 0.038462 0.275000 0.000000 0.300000 1.000000 0.300000 0.961538 0.300000 0.923077 0.300000 0.884615 0.300000 0.846154 0.300000 0.807692 0.300000 0.769231 0.300000 0.730769 0.300000 0.692308 0.300000 0.653846 0.300000 0.615385 0.300000 0.576923 0.300000 0.538462 0.300000 0.500000 0.300000 0.461538 0.300000 0.423077 0.300000 0.384615 0.300000 0.346154 0.300000 0.307692 0.300000 0.269231 0.300000 0.230769 0.300000 0.192308 0.300000 0.153846 0.300000 0.115385 0.300000 0.076923 0.300000 0.038462 0.300000 0.000000 0.325000 1.000000 0.325000 0.961538 0.325000 0.923077 0.325000 0.884615 0.325000 0.846154 0.325000 0.807692 0.325000 0.769231 0.325000 0.730769 0.325000 0.692308 0.325000 0.653846 0.325000 0.615385 0.325000 0.576923 0.325000 0.538462 0.325000 0.500000 0.325000 0.461538 0.325000 0.423077 0.325000 0.384615 0.325000 0.346154 0.325000 0.307692 0.325000 0.269231 0.325000 0.230769 0.325000 0.192308 0.325000 0.153846 0.325000 0.115385 0.325000 0.076923 0.325000 0.038462 0.325000 0.000000 0.350000 1.000000 0.350000 0.961538 0.350000 0.923077 0.350000 0.884615 0.350000 0.846154 0.350000 0.807692 0.350000 0.769231 0.350000 0.730769 0.350000 0.692308 0.350000 0.653846 0.350000 0.615385 0.350000 0.576923 0.350000 0.538462 0.350000 0.500000 0.350000 0.461538 0.350000 0.423077 0.350000 0.384615 0.350000 0.346154 0.350000 0.307692 0.350000 0.269231 0.350000 0.230769 0.350000 0.192308 0.350000 0.153846 0.350000 0.115385 0.350000 0.076923 0.350000 0.038462 0.350000 0.000000 0.375000 1.000000 0.375000 0.961538 0.375000 0.923077 0.375000 0.884615 0.375000 0.846154 0.375000 0.807692 0.375000 0.769231 0.375000 0.730769 0.375000 0.692308 0.375000 0.653846 0.375000 0.615385 0.375000 0.576923 0.375000 0.538462 0.375000 0.500000 0.375000 0.461538 0.375000 0.423077 0.375000 0.384615 0.375000 0.346154 0.375000 0.307692 0.375000 0.269231 0.375000 0.230769 0.375000 0.192308 0.375000 0.153846 0.375000 0.115385 0.375000 0.076923 0.375000 0.038462 0.375000 0.000000 0.400000 1.000000 0.400000 0.961538 0.400000 0.923077 0.400000 0.884615 0.400000 0.846154 0.400000 0.807692 0.400000 0.769231 0.400000 0.730769 0.400000 0.692308 0.400000 0.653846 0.400000 0.615385 0.400000 0.576923 0.400000 0.538462 0.400000 0.500000 0.400000 0.461538 0.400000 0.423077 0.400000 0.384615 0.400000 0.346154 0.400000 0.307692 0.400000 0.269231 0.400000 0.230769 0.400000 0.192308 0.400000 0.153846 0.400000 0.115385 0.400000 0.076923 0.400000 0.038462 0.400000 0.000000 0.425000 1.000000 0.425000 0.961538 0.425000 0.923077 0.425000 0.884615 0.425000 0.846154 0.425000 0.807692 0.425000 0.769231 0.425000 0.730769 0.425000 0.692308 0.425000 0.653846 0.425000 0.615385 0.425000 0.576923 0.425000 0.538462 0.425000 0.500000 0.425000 0.461538 0.425000 0.423077 0.425000 0.384615 0.425000 0.346154 0.425000 0.307692 0.425000 0.269231 0.425000 0.230769 0.425000 0.192308 0.425000 0.153846 0.425000 0.115385 0.425000 0.076923 0.425000 0.038462 0.425000 0.000000 0.450000 1.000000 0.450000 0.961538 0.450000 0.923077 0.450000 0.884615 0.450000 0.846154 0.450000 0.807692 0.450000 0.769231 0.450000 0.730769 0.450000 0.692308 0.450000 0.653846 0.450000 0.615385 0.450000 0.576923 0.450000 0.538462 0.450000 0.500000 0.450000 0.461538 0.450000 0.423077 0.450000 0.384615 0.450000 0.346154 0.450000 0.307692 0.450000 0.269231 0.450000 0.230769 0.450000 0.192308 0.450000 0.153846 0.450000 0.115385 0.450000 0.076923 0.450000 0.038462 0.450000 0.000000 0.475000 1.000000 0.475000 0.961538 0.475000 0.923077 0.475000 0.884615 0.475000 0.846154 0.475000 0.807692 0.475000 0.769231 0.475000 0.730769 0.475000 0.692308 0.475000 0.653846 0.475000 0.615385 0.475000 0.576923 0.475000 0.538462 0.475000 0.500000 0.475000 0.461538 0.475000 0.423077 0.475000 0.384615 0.475000 0.346154 0.475000 0.307692 0.475000 0.269231 0.475000 0.230769 0.475000 0.192308 0.475000 0.153846 0.475000 0.115385 0.475000 0.076923 0.475000 0.038462 0.475000 0.000000 0.500000 1.000000 0.500000 0.961538 0.500000 0.923077 0.500000 0.884615 0.500000 0.846154 0.500000 0.807692 0.500000 0.769231 0.500000 0.730769 0.500000 0.692308 0.500000 0.653846 0.500000 0.615385 0.500000 0.576923 0.500000 0.538462 0.500000 0.500000 0.500000 0.461538 0.500000 0.423077 0.500000 0.384615 0.500000 0.346154 0.500000 0.307692 0.500000 0.269231 0.500000 0.230769 0.500000 0.192308 0.500000 0.153846 0.500000 0.115385 0.500000 0.076923 0.500000 0.038462 0.500000 0.000000 0.525000 1.000000 0.525000 0.961538 0.525000 0.923077 0.525000 0.884615 0.525000 0.846154 0.525000 0.807692 0.525000 0.769231 0.525000 0.730769 0.525000 0.692308 0.525000 0.653846 0.525000 0.615385 0.525000 0.576923 0.525000 0.538462 0.525000 0.500000 0.525000 0.461538 0.525000 0.423077 0.525000 0.384615 0.525000 0.346154 0.525000 0.307692 0.525000 0.269231 0.525000 0.230769 0.525000 0.192308 0.525000 0.153846 0.525000 0.115385 0.525000 0.076923 0.525000 0.038462 0.525000 0.000000 0.550000 1.000000 0.550000 0.961538 0.550000 0.923077 0.550000 0.884615 0.550000 0.846154 0.550000 0.807692 0.550000 0.769231 0.550000 0.730769 0.550000 0.692308 0.550000 0.653846 0.550000 0.615385 0.550000 0.576923 0.550000 0.538462 0.550000 0.500000 0.550000 0.461538 0.550000 0.423077 0.550000 0.384615 0.550000 0.346154 0.550000 0.307692 0.550000 0.269231 0.550000 0.230769 0.550000 0.192308 0.550000 0.153846 0.550000 0.115385 0.550000 0.076923 0.550000 0.038462 0.550000 0.000000 0.575000 1.000000 0.575000 0.961538 0.575000 0.923077 0.575000 0.884615 0.575000 0.846154 0.575000 0.807692 0.575000 0.769231 0.575000 0.730769 0.575000 0.692308 0.575000 0.653846 0.575000 0.615385 0.575000 0.576923 0.575000 0.538462 0.575000 0.500000 0.575000 0.461538 0.575000 0.423077 0.575000 0.384615 0.575000 0.346154 0.575000 0.307692 0.575000 0.269231 0.575000 0.230769 0.575000 0.192308 0.575000 0.153846 0.575000 0.115385 0.575000 0.076923 0.575000 0.038462 0.575000 0.000000 0.600000 1.000000 0.600000 0.961538 0.600000 0.923077 0.600000 0.884615 0.600000 0.846154 0.600000 0.807692 0.600000 0.769231 0.600000 0.730769 0.600000 0.692308 0.600000 0.653846 0.600000 0.615385 0.600000 0.576923 0.600000 0.538462 0.600000 0.500000 0.600000 0.461538 0.600000 0.423077 0.600000 0.384615 0.600000 0.346154 0.600000 0.307692 0.600000 0.269231 0.600000 0.230769 0.600000 0.192308 0.600000 0.153846 0.600000 0.115385 0.600000 0.076923 0.600000 0.038462 0.600000 0.000000 0.625000 1.000000 0.625000 0.961538 0.625000 0.923077 0.625000 0.884615 0.625000 0.846154 0.625000 0.807692 0.625000 0.769231 0.625000 0.730769 0.625000 0.692308 0.625000 0.653846 0.625000 0.615385 0.625000 0.576923 0.625000 0.538462 0.625000 0.500000 0.625000 0.461538 0.625000 0.423077 0.625000 0.384615 0.625000 0.346154 0.625000 0.307692 0.625000 0.269231 0.625000 0.230769 0.625000 0.192308 0.625000 0.153846 0.625000 0.115385 0.625000 0.076923 0.625000 0.038462 0.625000 0.000000 0.650000 1.000000 0.650000 0.961538 0.650000 0.923077 0.650000 0.884615 0.650000 0.846154 0.650000 0.807692 0.650000 0.769231 0.650000 0.730769 0.650000 0.692308 0.650000 0.653846 0.650000 0.615385 0.650000 0.576923 0.650000 0.538462 0.650000 0.500000 0.650000 0.461538 0.650000 0.423077 0.650000 0.384615 0.650000 0.346154 0.650000 0.307692 0.650000 0.269231 0.650000 0.230769 0.650000 0.192308 0.650000 0.153846 0.650000 0.115385 0.650000 0.076923 0.650000 0.038462 0.650000 0.000000 0.675000 1.000000 0.675000 0.961538 0.675000 0.923077 0.675000 0.884615 0.675000 0.846154 0.675000 0.807692 0.675000 0.769231 0.675000 0.730769 0.675000 0.692308 0.675000 0.653846 0.675000 0.615385 0.675000 0.576923 0.675000 0.538462 0.675000 0.500000 0.675000 0.461538 0.675000 0.423077 0.675000 0.384615 0.675000 0.346154 0.675000 0.307692 0.675000 0.269231 0.675000 0.230769 0.675000 0.192308 0.675000 0.153846 0.675000 0.115385 0.675000 0.076923 0.675000 0.038462 0.675000 0.000000 0.700000 1.000000 0.700000 0.961538 0.700000 0.923077 0.700000 0.884615 0.700000 0.846154 0.700000 0.807692 0.700000 0.769231 0.700000 0.730769 0.700000 0.692308 0.700000 0.653846 0.700000 0.615385 0.700000 0.576923 0.700000 0.538462 0.700000 0.500000 0.700000 0.461538 0.700000 0.423077 0.700000 0.384615 0.700000 0.346154 0.700000 0.307692 0.700000 0.269231 0.700000 0.230769 0.700000 0.192308 0.700000 0.153846 0.700000 0.115385 0.700000 0.076923 0.700000 0.038462 0.700000 0.000000 0.725000 1.000000 0.725000 0.961538 0.725000 0.923077 0.725000 0.884615 0.725000 0.846154 0.725000 0.807692 0.725000 0.769231 0.725000 0.730769 0.725000 0.692308 0.725000 0.653846 0.725000 0.615385 0.725000 0.576923 0.725000 0.538462 0.725000 0.500000 0.725000 0.461538 0.725000 0.423077 0.725000 0.384615 0.725000 0.346154 0.725000 0.307692 0.725000 0.269231 0.725000 0.230769 0.725000 0.192308 0.725000 0.153846 0.725000 0.115385 0.725000 0.076923 0.725000 0.038462 0.725000 0.000000 0.750000 1.000000 0.750000 0.961538 0.750000 0.923077 0.750000 0.884615 0.750000 0.846154 0.750000 0.807692 0.750000 0.769231 0.750000 0.730769 0.750000 0.692308 0.750000 0.653846 0.750000 0.615385 0.750000 0.576923 0.750000 0.538462 0.750000 0.500000 0.750000 0.461538 0.750000 0.423077 0.750000 0.384615 0.750000 0.346154 0.750000 0.307692 0.750000 0.269231 0.750000 0.230769 0.750000 0.192308 0.750000 0.153846 0.750000 0.115385 0.750000 0.076923 0.750000 0.038462 0.750000 0.000000 0.775000 1.000000 0.775000 0.961538 0.775000 0.923077 0.775000 0.884615 0.775000 0.846154 0.775000 0.807692 0.775000 0.769231 0.775000 0.730769 0.775000 0.692308 0.775000 0.653846 0.775000 0.615385 0.775000 0.576923 0.775000 0.538462 0.775000 0.500000 0.775000 0.461538 0.775000 0.423077 0.775000 0.384615 0.775000 0.346154 0.775000 0.307692 0.775000 0.269231 0.775000 0.230769 0.775000 0.192308 0.775000 0.153846 0.775000 0.115385 0.775000 0.076923 0.775000 0.038462 0.775000 0.000000 0.800000 1.000000 0.800000 0.961538 0.800000 0.923077 0.800000 0.884615 0.800000 0.846154 0.800000 0.807692 0.800000 0.769231 0.800000 0.730769 0.800000 0.692308 0.800000 0.653846 0.800000 0.615385 0.800000 0.576923 0.800000 0.538462 0.800000 0.500000 0.800000 0.461538 0.800000 0.423077 0.800000 0.384615 0.800000 0.346154 0.800000 0.307692 0.800000 0.269231 0.800000 0.230769 0.800000 0.192308 0.800000 0.153846 0.800000 0.115385 0.800000 0.076923 0.800000 0.038462 0.800000 0.000000 0.825000 1.000000 0.825000 0.961538 0.825000 0.923077 0.825000 0.884615 0.825000 0.846154 0.825000 0.807692 0.825000 0.769231 0.825000 0.730769 0.825000 0.692308 0.825000 0.653846 0.825000 0.615385 0.825000 0.576923 0.825000 0.538462 0.825000 0.500000 0.825000 0.461538 0.825000 0.423077 0.825000 0.384615 0.825000 0.346154 0.825000 0.307692 0.825000 0.269231 0.825000 0.230769 0.825000 0.192308 0.825000 0.153846 0.825000 0.115385 0.825000 0.076923 0.825000 0.038462 0.825000 0.000000 0.850000 1.000000 0.850000 0.961538 0.850000 0.923077 0.850000 0.884615 0.850000 0.846154 0.850000 0.807692 0.850000 0.769231 0.850000 0.730769 0.850000 0.692308 0.850000 0.653846 0.850000 0.615385 0.850000 0.576923 0.850000 0.538462 0.850000 0.500000 0.850000 0.461538 0.850000 0.423077 0.850000 0.384615 0.850000 0.346154 0.850000 0.307692 0.850000 0.269231 0.850000 0.230769 0.850000 0.192308 0.850000 0.153846 0.850000 0.115385 0.850000 0.076923 0.850000 0.038462 0.850000 0.000000 0.875000 1.000000 0.875000 0.961538 0.875000 0.923077 0.875000 0.884615 0.875000 0.846154 0.875000 0.807692 0.875000 0.769231 0.875000 0.730769 0.875000 0.692308 0.875000 0.653846 0.875000 0.615385 0.875000 0.576923 0.875000 0.538462 0.875000 0.500000 0.875000 0.461538 0.875000 0.423077 0.875000 0.384615 0.875000 0.346154 0.875000 0.307692 0.875000 0.269231 0.875000 0.230769 0.875000 0.192308 0.875000 0.153846 0.875000 0.115385 0.875000 0.076923 0.875000 0.038462 0.875000 0.000000 0.900000 1.000000 0.900000 0.961538 0.900000 0.923077 0.900000 0.884615 0.900000 0.846154 0.900000 0.807692 0.900000 0.769231 0.900000 0.730769 0.900000 0.692308 0.900000 0.653846 0.900000 0.615385 0.900000 0.576923 0.900000 0.538462 0.900000 0.500000 0.900000 0.461538 0.900000 0.423077 0.900000 0.384615 0.900000 0.346154 0.900000 0.307692 0.900000 0.269231 0.900000 0.230769 0.900000 0.192308 0.900000 0.153846 0.900000 0.115385 0.900000 0.076923 0.900000 0.038462 0.900000 0.000000 0.925000 1.000000 0.925000 0.961538 0.925000 0.923077 0.925000 0.884615 0.925000 0.846154 0.925000 0.807692 0.925000 0.769231 0.925000 0.730769 0.925000 0.692308 0.925000 0.653846 0.925000 0.615385 0.925000 0.576923 0.925000 0.538462 0.925000 0.500000 0.925000 0.461538 0.925000 0.423077 0.925000 0.384615 0.925000 0.346154 0.925000 0.307692 0.925000 0.269231 0.925000 0.230769 0.925000 0.192308 0.925000 0.153846 0.925000 0.115385 0.925000 0.076923 0.925000 0.038462 0.925000 0.000000 0.950000 1.000000 0.950000 0.961538 0.950000 0.923077 0.950000 0.884615 0.950000 0.846154 0.950000 0.807692 0.950000 0.769231 0.950000 0.730769 0.950000 0.692308 0.950000 0.653846 0.950000 0.615385 0.950000 0.576923 0.950000 0.538462 0.950000 0.500000 0.950000 0.461538 0.950000 0.423077 0.950000 0.384615 0.950000 0.346154 0.950000 0.307692 0.950000 0.269231 0.950000 0.230769 0.950000 0.192308 0.950000 0.153846 0.950000 0.115385 0.950000 0.076923 0.950000 0.038462 0.950000 0.000000 0.975000 1.000000 0.975000 0.961538 0.975000 0.923077 0.975000 0.884615 0.975000 0.846154 0.975000 0.807692 0.975000 0.769231 0.975000 0.730769 0.975000 0.692308 0.975000 0.653846 0.975000 0.615385 0.975000 0.576923 0.975000 0.538462 0.975000 0.500000 0.975000 0.461538 0.975000 0.423077 0.975000 0.384615 0.975000 0.346154 0.975000 0.307692 0.975000 0.269231 0.975000 0.230769 0.975000 0.192308 0.975000 0.153846 0.975000 0.115385 0.975000 0.076923 0.975000 0.038462 0.975000 0.000000 1.000000 1.000000 1.000000 0.961538 1.000000 0.923077 1.000000 0.884615 1.000000 0.846154 1.000000 0.807692 1.000000 0.769231 1.000000 0.730769 1.000000 0.692308 1.000000 0.653846 1.000000 0.615385 1.000000 0.576923 1.000000 0.538462 1.000000 0.500000 1.000000 0.461538 1.000000 0.423077 1.000000 0.384615 1.000000 0.346154 1.000000 0.307692 1.000000 0.269231 1.000000 0.230769 1.000000 0.192308 1.000000 0.153846 1.000000 0.115385 1.000000 0.076923 1.000000 0.038462 1.000000 0.000000 0.000000 1.000000 0.000000 0.954545 0.000000 0.909091 0.000000 0.863636 0.000000 0.818182 0.000000 0.772727 0.000000 0.727273 0.000000 0.681818 0.000000 0.636364 0.000000 0.590909 0.000000 0.545455 0.000000 0.500000 0.000000 0.454545 0.000000 0.409091 0.000000 0.363636 0.000000 0.318182 0.000000 0.272727 0.000000 0.227273 0.000000 0.181818 0.000000 0.136364 0.000000 0.090909 0.000000 0.045455 0.000000 0.000000 0.031250 1.000000 0.031250 0.954545 0.031250 0.909091 0.031250 0.863636 0.031250 0.818182 0.031250 0.772727 0.031250 0.727273 0.031250 0.681818 0.031250 0.636364 0.031250 0.590909 0.031250 0.545455 0.031250 0.500000 0.031250 0.454545 0.031250 0.409091 0.031250 0.363636 0.031250 0.318182 0.031250 0.272727 0.031250 0.227273 0.031250 0.181818 0.031250 0.136364 0.031250 0.090909 0.031250 0.045455 0.031250 0.000000 0.062500 1.000000 0.062500 0.954545 0.062500 0.909091 0.062500 0.863636 0.062500 0.818182 0.062500 0.772727 0.062500 0.727273 0.062500 0.681818 0.062500 0.636364 0.062500 0.590909 0.062500 0.545455 0.062500 0.500000 0.062500 0.454545 0.062500 0.409091 0.062500 0.363636 0.062500 0.318182 0.062500 0.272727 0.062500 0.227273 0.062500 0.181818 0.062500 0.136364 0.062500 0.090909 0.062500 0.045455 0.062500 0.000000 0.093750 1.000000 0.093750 0.954545 0.093750 0.909091 0.093750 0.863636 0.093750 0.818182 0.093750 0.772727 0.093750 0.727273 0.093750 0.681818 0.093750 0.636364 0.093750 0.590909 0.093750 0.545455 0.093750 0.500000 0.093750 0.454545 0.093750 0.409091 0.093750 0.363636 0.093750 0.318182 0.093750 0.272727 0.093750 0.227273 0.093750 0.181818 0.093750 0.136364 0.093750 0.090909 0.093750 0.045455 0.093750 0.000000 0.125000 1.000000 0.125000 0.954545 0.125000 0.909091 0.125000 0.863636 0.125000 0.818182 0.125000 0.772727 0.125000 0.727273 0.125000 0.681818 0.125000 0.636364 0.125000 0.590909 0.125000 0.545455 0.125000 0.500000 0.125000 0.454545 0.125000 0.409091 0.125000 0.363636 0.125000 0.318182 0.125000 0.272727 0.125000 0.227273 0.125000 0.181818 0.125000 0.136364 0.125000 0.090909 0.125000 0.045455 0.125000 0.000000 0.156250 1.000000 0.156250 0.954545 0.156250 0.909091 0.156250 0.863636 0.156250 0.818182 0.156250 0.772727 0.156250 0.727273 0.156250 0.681818 0.156250 0.636364 0.156250 0.590909 0.156250 0.545455 0.156250 0.500000 0.156250 0.454545 0.156250 0.409091 0.156250 0.363636 0.156250 0.318182 0.156250 0.272727 0.156250 0.227273 0.156250 0.181818 0.156250 0.136364 0.156250 0.090909 0.156250 0.045455 0.156250 0.000000 0.187500 1.000000 0.187500 0.954545 0.187500 0.909091 0.187500 0.863636 0.187500 0.818182 0.187500 0.772727 0.187500 0.727273 0.187500 0.681818 0.187500 0.636364 0.187500 0.590909 0.187500 0.545455 0.187500 0.500000 0.187500 0.454545 0.187500 0.409091 0.187500 0.363636 0.187500 0.318182 0.187500 0.272727 0.187500 0.227273 0.187500 0.181818 0.187500 0.136364 0.187500 0.090909 0.187500 0.045455 0.187500 0.000000 0.218750 1.000000 0.218750 0.954545 0.218750 0.909091 0.218750 0.863636 0.218750 0.818182 0.218750 0.772727 0.218750 0.727273 0.218750 0.681818 0.218750 0.636364 0.218750 0.590909 0.218750 0.545455 0.218750 0.500000 0.218750 0.454545 0.218750 0.409091 0.218750 0.363636 0.218750 0.318182 0.218750 0.272727 0.218750 0.227273 0.218750 0.181818 0.218750 0.136364 0.218750 0.090909 0.218750 0.045455 0.218750 0.000000 0.250000 1.000000 0.250000 0.954545 0.250000 0.909091 0.250000 0.863636 0.250000 0.818182 0.250000 0.772727 0.250000 0.727273 0.250000 0.681818 0.250000 0.636364 0.250000 0.590909 0.250000 0.545455 0.250000 0.500000 0.250000 0.454545 0.250000 0.409091 0.250000 0.363636 0.250000 0.318182 0.250000 0.272727 0.250000 0.227273 0.250000 0.181818 0.250000 0.136364 0.250000 0.090909 0.250000 0.045455 0.250000 0.000000 0.281250 1.000000 0.281250 0.954545 0.281250 0.909091 0.281250 0.863636 0.281250 0.818182 0.281250 0.772727 0.281250 0.727273 0.281250 0.681818 0.281250 0.636364 0.281250 0.590909 0.281250 0.545455 0.281250 0.500000 0.281250 0.454545 0.281250 0.409091 0.281250 0.363636 0.281250 0.318182 0.281250 0.272727 0.281250 0.227273 0.281250 0.181818 0.281250 0.136364 0.281250 0.090909 0.281250 0.045455 0.281250 0.000000 0.312500 1.000000 0.312500 0.954545 0.312500 0.909091 0.312500 0.863636 0.312500 0.818182 0.312500 0.772727 0.312500 0.727273 0.312500 0.681818 0.312500 0.636364 0.312500 0.590909 0.312500 0.545455 0.312500 0.500000 0.312500 0.454545 0.312500 0.409091 0.312500 0.363636 0.312500 0.318182 0.312500 0.272727 0.312500 0.227273 0.312500 0.181818 0.312500 0.136364 0.312500 0.090909 0.312500 0.045455 0.312500 0.000000 0.343750 1.000000 0.343750 0.954545 0.343750 0.909091 0.343750 0.863636 0.343750 0.818182 0.343750 0.772727 0.343750 0.727273 0.343750 0.681818 0.343750 0.636364 0.343750 0.590909 0.343750 0.545455 0.343750 0.500000 0.343750 0.454545 0.343750 0.409091 0.343750 0.363636 0.343750 0.318182 0.343750 0.272727 0.343750 0.227273 0.343750 0.181818 0.343750 0.136364 0.343750 0.090909 0.343750 0.045455 0.343750 0.000000 0.375000 1.000000 0.375000 0.954545 0.375000 0.909091 0.375000 0.863636 0.375000 0.818182 0.375000 0.772727 0.375000 0.727273 0.375000 0.681818 0.375000 0.636364 0.375000 0.590909 0.375000 0.545455 0.375000 0.500000 0.375000 0.454545 0.375000 0.409091 0.375000 0.363636 0.375000 0.318182 0.375000 0.272727 0.375000 0.227273 0.375000 0.181818 0.375000 0.136364 0.375000 0.090909 0.375000 0.045455 0.375000 0.000000 0.406250 1.000000 0.406250 0.954545 0.406250 0.909091 0.406250 0.863636 0.406250 0.818182 0.406250 0.772727 0.406250 0.727273 0.406250 0.681818 0.406250 0.636364 0.406250 0.590909 0.406250 0.545455 0.406250 0.500000 0.406250 0.454545 0.406250 0.409091 0.406250 0.363636 0.406250 0.318182 0.406250 0.272727 0.406250 0.227273 0.406250 0.181818 0.406250 0.136364 0.406250 0.090909 0.406250 0.045455 0.406250 0.000000 0.437500 1.000000 0.437500 0.954545 0.437500 0.909091 0.437500 0.863636 0.437500 0.818182 0.437500 0.772727 0.437500 0.727273 0.437500 0.681818 0.437500 0.636364 0.437500 0.590909 0.437500 0.545455 0.437500 0.500000 0.437500 0.454545 0.437500 0.409091 0.437500 0.363636 0.437500 0.318182 0.437500 0.272727 0.437500 0.227273 0.437500 0.181818 0.437500 0.136364 0.437500 0.090909 0.437500 0.045455 0.437500 0.000000 0.468750 1.000000 0.468750 0.954545 0.468750 0.909091 0.468750 0.863636 0.468750 0.818182 0.468750 0.772727 0.468750 0.727273 0.468750 0.681818 0.468750 0.636364 0.468750 0.590909 0.468750 0.545455 0.468750 0.500000 0.468750 0.454545 0.468750 0.409091 0.468750 0.363636 0.468750 0.318182 0.468750 0.272727 0.468750 0.227273 0.468750 0.181818 0.468750 0.136364 0.468750 0.090909 0.468750 0.045455 0.468750 0.000000 0.500000 1.000000 0.500000 0.954545 0.500000 0.909091 0.500000 0.863636 0.500000 0.818182 0.500000 0.772727 0.500000 0.727273 0.500000 0.681818 0.500000 0.636364 0.500000 0.590909 0.500000 0.545455 0.500000 0.500000 0.500000 0.454545 0.500000 0.409091 0.500000 0.363636 0.500000 0.318182 0.500000 0.272727 0.500000 0.227273 0.500000 0.181818 0.500000 0.136364 0.500000 0.090909 0.500000 0.045455 0.500000 0.000000 0.531250 1.000000 0.531250 0.954545 0.531250 0.909091 0.531250 0.863636 0.531250 0.818182 0.531250 0.772727 0.531250 0.727273 0.531250 0.681818 0.531250 0.636364 0.531250 0.590909 0.531250 0.545455 0.531250 0.500000 0.531250 0.454545 0.531250 0.409091 0.531250 0.363636 0.531250 0.318182 0.531250 0.272727 0.531250 0.227273 0.531250 0.181818 0.531250 0.136364 0.531250 0.090909 0.531250 0.045455 0.531250 0.000000 0.562500 1.000000 0.562500 0.954545 0.562500 0.909091 0.562500 0.863636 0.562500 0.818182 0.562500 0.772727 0.562500 0.727273 0.562500 0.681818 0.562500 0.636364 0.562500 0.590909 0.562500 0.545455 0.562500 0.500000 0.562500 0.454545 0.562500 0.409091 0.562500 0.363636 0.562500 0.318182 0.562500 0.272727 0.562500 0.227273 0.562500 0.181818 0.562500 0.136364 0.562500 0.090909 0.562500 0.045455 0.562500 0.000000 0.593750 1.000000 0.593750 0.954545 0.593750 0.909091 0.593750 0.863636 0.593750 0.818182 0.593750 0.772727 0.593750 0.727273 0.593750 0.681818 0.593750 0.636364 0.593750 0.590909 0.593750 0.545455 0.593750 0.500000 0.593750 0.454545 0.593750 0.409091 0.593750 0.363636 0.593750 0.318182 0.593750 0.272727 0.593750 0.227273 0.593750 0.181818 0.593750 0.136364 0.593750 0.090909 0.593750 0.045455 0.593750 0.000000 0.625000 1.000000 0.625000 0.954545 0.625000 0.909091 0.625000 0.863636 0.625000 0.818182 0.625000 0.772727 0.625000 0.727273 0.625000 0.681818 0.625000 0.636364 0.625000 0.590909 0.625000 0.545455 0.625000 0.500000 0.625000 0.454545 0.625000 0.409091 0.625000 0.363636 0.625000 0.318182 0.625000 0.272727 0.625000 0.227273 0.625000 0.181818 0.625000 0.136364 0.625000 0.090909 0.625000 0.045455 0.625000 0.000000 0.656250 1.000000 0.656250 0.954545 0.656250 0.909091 0.656250 0.863636 0.656250 0.818182 0.656250 0.772727 0.656250 0.727273 0.656250 0.681818 0.656250 0.636364 0.656250 0.590909 0.656250 0.545455 0.656250 0.500000 0.656250 0.454545 0.656250 0.409091 0.656250 0.363636 0.656250 0.318182 0.656250 0.272727 0.656250 0.227273 0.656250 0.181818 0.656250 0.136364 0.656250 0.090909 0.656250 0.045455 0.656250 0.000000 0.687500 1.000000 0.687500 0.954545 0.687500 0.909091 0.687500 0.863636 0.687500 0.818182 0.687500 0.772727 0.687500 0.727273 0.687500 0.681818 0.687500 0.636364 0.687500 0.590909 0.687500 0.545455 0.687500 0.500000 0.687500 0.454545 0.687500 0.409091 0.687500 0.363636 0.687500 0.318182 0.687500 0.272727 0.687500 0.227273 0.687500 0.181818 0.687500 0.136364 0.687500 0.090909 0.687500 0.045455 0.687500 0.000000 0.718750 1.000000 0.718750 0.954545 0.718750 0.909091 0.718750 0.863636 0.718750 0.818182 0.718750 0.772727 0.718750 0.727273 0.718750 0.681818 0.718750 0.636364 0.718750 0.590909 0.718750 0.545455 0.718750 0.500000 0.718750 0.454545 0.718750 0.409091 0.718750 0.363636 0.718750 0.318182 0.718750 0.272727 0.718750 0.227273 0.718750 0.181818 0.718750 0.136364 0.718750 0.090909 0.718750 0.045455 0.718750 0.000000 0.750000 1.000000 0.750000 0.954545 0.750000 0.909091 0.750000 0.863636 0.750000 0.818182 0.750000 0.772727 0.750000 0.727273 0.750000 0.681818 0.750000 0.636364 0.750000 0.590909 0.750000 0.545455 0.750000 0.500000 0.750000 0.454545 0.750000 0.409091 0.750000 0.363636 0.750000 0.318182 0.750000 0.272727 0.750000 0.227273 0.750000 0.181818 0.750000 0.136364 0.750000 0.090909 0.750000 0.045455 0.750000 0.000000 0.781250 1.000000 0.781250 0.954545 0.781250 0.909091 0.781250 0.863636 0.781250 0.818182 0.781250 0.772727 0.781250 0.727273 0.781250 0.681818 0.781250 0.636364 0.781250 0.590909 0.781250 0.545455 0.781250 0.500000 0.781250 0.454545 0.781250 0.409091 0.781250 0.363636 0.781250 0.318182 0.781250 0.272727 0.781250 0.227273 0.781250 0.181818 0.781250 0.136364 0.781250 0.090909 0.781250 0.045455 0.781250 0.000000 0.812500 1.000000 0.812500 0.954545 0.812500 0.909091 0.812500 0.863636 0.812500 0.818182 0.812500 0.772727 0.812500 0.727273 0.812500 0.681818 0.812500 0.636364 0.812500 0.590909 0.812500 0.545455 0.812500 0.500000 0.812500 0.454545 0.812500 0.409091 0.812500 0.363636 0.812500 0.318182 0.812500 0.272727 0.812500 0.227273 0.812500 0.181818 0.812500 0.136364 0.812500 0.090909 0.812500 0.045455 0.812500 0.000000 0.843750 1.000000 0.843750 0.954545 0.843750 0.909091 0.843750 0.863636 0.843750 0.818182 0.843750 0.772727 0.843750 0.727273 0.843750 0.681818 0.843750 0.636364 0.843750 0.590909 0.843750 0.545455 0.843750 0.500000 0.843750 0.454545 0.843750 0.409091 0.843750 0.363636 0.843750 0.318182 0.843750 0.272727 0.843750 0.227273 0.843750 0.181818 0.843750 0.136364 0.843750 0.090909 0.843750 0.045455 0.843750 0.000000 0.875000 1.000000 0.875000 0.954545 0.875000 0.909091 0.875000 0.863636 0.875000 0.818182 0.875000 0.772727 0.875000 0.727273 0.875000 0.681818 0.875000 0.636364 0.875000 0.590909 0.875000 0.545455 0.875000 0.500000 0.875000 0.454545 0.875000 0.409091 0.875000 0.363636 0.875000 0.318182 0.875000 0.272727 0.875000 0.227273 0.875000 0.181818 0.875000 0.136364 0.875000 0.090909 0.875000 0.045455 0.875000 0.000000 0.906250 1.000000 0.906250 0.954545 0.906250 0.909091 0.906250 0.863636 0.906250 0.818182 0.906250 0.772727 0.906250 0.727273 0.906250 0.681818 0.906250 0.636364 0.906250 0.590909 0.906250 0.545455 0.906250 0.500000 0.906250 0.454545 0.906250 0.409091 0.906250 0.363636 0.906250 0.318182 0.906250 0.272727 0.906250 0.227273 0.906250 0.181818 0.906250 0.136364 0.906250 0.090909 0.906250 0.045455 0.906250 0.000000 0.937500 1.000000 0.937500 0.954545 0.937500 0.909091 0.937500 0.863636 0.937500 0.818182 0.937500 0.772727 0.937500 0.727273 0.937500 0.681818 0.937500 0.636364 0.937500 0.590909 0.937500 0.545455 0.937500 0.500000 0.937500 0.454545 0.937500 0.409091 0.937500 0.363636 0.937500 0.318182 0.937500 0.272727 0.937500 0.227273 0.937500 0.181818 0.937500 0.136364 0.937500 0.090909 0.937500 0.045455 0.937500 0.000000 0.968750 1.000000 0.968750 0.954545 0.968750 0.909091 0.968750 0.863636 0.968750 0.818182 0.968750 0.772727 0.968750 0.727273 0.968750 0.681818 0.968750 0.636364 0.968750 0.590909 0.968750 0.545455 0.968750 0.500000 0.968750 0.454545 0.968750 0.409091 0.968750 0.363636 0.968750 0.318182 0.968750 0.272727 0.968750 0.227273 0.968750 0.181818 0.968750 0.136364 0.968750 0.090909 0.968750 0.045455 0.968750 0.000000 1.000000 1.000000 1.000000 0.954545 1.000000 0.909091 1.000000 0.863636 1.000000 0.818182 1.000000 0.772727 1.000000 0.727273 1.000000 0.681818 1.000000 0.636364 1.000000 0.590909 1.000000 0.545455 1.000000 0.500000 1.000000 0.454545 1.000000 0.409091 1.000000 0.363636 1.000000 0.318182 1.000000 0.272727 1.000000 0.227273 1.000000 0.181818 1.000000 0.136364 1.000000 0.090909 1.000000 0.045455 1.000000 0.000000</float_array>
          <technique_common>
            <accessor source="#Cyan-uv-array" count="2481" stride="2">
              <param name="S" type="float"/><param name="T" type="float"/>
            </accessor>
          </technique_common>
        </source>
        <vertices id="Cyan-vtx"><input semantic="POSITION" source="#Cyan-pos"/></vertices>
        <triangles material="Cyan" count="4608">
          <input semantic="VERTEX" source="#Cyan-vtx" offset="0"/>
          <input semantic="NORMAL" source="#Cyan-norm" offset="1"/>
          <input semantic="TEXCOORD" source="#Cyan-uv" offset="2" set="0"/>
          <p>0 0 0 1 1 1 16 16 16 0 0 0 16 16 16 15 15 15 1 1 1 2 2 2 17 17 17 1 1 1 17 17 17 16 16 16 2 2 2 3 3 3 18 18 18 2 2 2 18 18 18 17 17 17 3 3 3 4 4 4 19 19 19 3 3 3 19 19 19 18 18 18 4 4 4 5 5 5 20 20 20 4 4 4 20 20 20 19 19 19 5 5 5 6 6 6 21 21 21 5 5 5 21 21 21 20 20 20 6 6 6 7 7 7 22 22 22 6 6 6 22 22 22 21 21 21 7 7 7 8 8 8 23 23 23 7 7 7 23 23 23 22 22 22 8 8 8 9 9 9 24 24 24 8 8 8 24 24 24 23 23 23 9 9 9 10 10 10 25 25 25 9 9 9 25 25 25 24 24 24 10 10 10 11 11 11 26 26 26 10 10 10 26 26 26 25 25 25 11 11 11 12 12 12 27 27 27 11 11 11 27 27 27 26 26 26 12 12 12 13 13 13 28 28 28 12 12 12 28 28 28 27 27 27 13 13 13 14 14 14 29 29 29 13 13 13 29 29 29 28 28 28 15 15 15 16 16 16 31 31 31 15 15 15 31 31 31 30 30 30 16 16 16 17 17 17 32 32 32 16 16 16 32 32 32 31 31 31 17 17 17 18 18 18 33 33 33 17 17 17 33 33 33 32 32 32 18 18 18 19 19 19 34 34 34 18 18 18 34 34 34 33 33 33 19 19 19 20 20 20 35 35 35 19 19 19 35 35 35 34 34 34 20 20 20 21 21 21 36 36 36 20 20 20 36 36 36 35 35 35 21 21 21 22 22 22 37 37 37 21 21 21 37 37 37 36 36 36 22 22 22 23 23 23 38 38 38 22 22 22 38 38 38 37 37 37 23 23 23 24 24 24 39 39 39 23 23 23 39 39 39 38 38 38 24 24 24 25 25 25 40 40 40 24 24 24 40 40 40 39 39 39 25 25 25 26 26 26 41 41 41 25 25 25 41 41 41 40 40 40 26 26 26 27 27 27 42 42 42 26 26 26 42 42 42 41 41 41 27 27 27 28 28 28 43 43 43 27 27 27 43 43 43 42 42 42 28 28 28 29 29 29 44 44 44 28 28 28 44 44 44 43 43 43 30 30 30 31 31 31 46 46 46 30 30 30 46 46 46 45 45 45 31 31 31 32 32 32 47 47 47 31 31 31 47 47 47 46 46 46 32 32 32 33 33 33 48 48 48 32 32 32 48 48 48 47 47 47 33 33 33 34 34 34 49 49 49 33 33 33 49 49 49 48 48 48 34 34 34 35 35 35 50 50 50 34 34 34 50 50 50 49 49 49 35 35 35 36 36 36 51 51 51 35 35 35 51 51 51 50 50 50 36 36 36 37 37 37 52 52 52 36 36 36 52 52 52 51 51 51 37 37 37 38 38 38 53 53 53 37 37 37 53 53 53 52 52 52 38 38 38 39 39 39 54 54 54 38 38 38 54 54 54 53 53 53 39 39 39 40 40 40 55 55 55 39 39 39 55 55 55 54 54 54 40 40 40 41 41 41 56 56 56 40 40 40 56 56 56 55 55 55 41 41 41 42 42 42 57 57 57 41 41 41 57 57 57 56 56 56 42 42 42 43 43 43 58 58 58 42 42 42 58 58 58 57 57 57 43 43 43 44 44 44 59 59 59 43 43 43 59 59 59 58 58 58 45 45 45 46 46 46 61 61 61 45 45 45 61 61 61 60 60 60 46 46 46 47 47 47 62 62 62 46 46 46 62 62 62 61 61 61 47 47 47 48 48 48 63 63 63 47 47 47 63 63 63 62 62 62 48 48 48 49 49 49 64 64 64 48 48 48 64 64 64 63 63 63 49 49 49 50 50 50 65 65 65 49 49 49 65 65 65 64 64 64 50 50 50 51 51 51 66 66 66 50 50 50 66 66 66 65 65 65 51 51 51 52 52 52 67 67 67 51 51 51 67 67 67 66 66 66 52 52 52 53 53 53 68 68 68 52 52 52 68 68 68 67 67 67 53 53 53 54 54 54 69 69 69 53 53 53 69 69 69 68 68 68 54 54 54 55 55 55 70 70 70 54 54 54 70 70 70 69 69 69 55 55 55 56 56 56 71 71 71 55 55 55 71 71 71 70 70 70 56 56 56 57 57 57 72 72 72 56 56 56 72 72 72 71 71 71 57 57 57 58 58 58 73 73 73 57 57 57 73 73 73 72 72 72 58 58 58 59 59 59 74 74 74 58 58 58 74 74 74 73 73 73 60 60 60 61 61 61 76 76 76 60 60 60 76 76 76 75 75 75 61 61 61 62 62 62 77 77 77 61 61 61 77 77 77 76 76 76 62 62 62 63 63 63 78 78 78 62 62 62 78 78 78 77 77 77 63 63 63 64 64 64 79 79 79 63 63 63 79 79 79 78 78 78 64 64 64 65 65 65 80 80 80 64 64 64 80 80 80 79 79 79 65 65 65 66 66 66 81 81 81 65 65 65 81 81 81 80 80 80 66 66 66 67 67 67 82 82 82 66 66 66 82 82 82 81 81 81 67 67 67 68 68 68 83 83 83 67 67 67 83 83 83 82 82 82 68 68 68 69 69 69 84 84 84 68 68 68 84 84 84 83 83 83 69 69 69 70 70 70 85 85 85 69 69 69 85 85 85 84 84 84 70 70 70 71 71 71 86 86 86 70 70 70 86 86 86 85 85 85 71 71 71 72 72 72 87 87 87 71 71 71 87 87 87 86 86 86 72 72 72 73 73 73 88 88 88 72 72 72 88 88 88 87 87 87 73 73 73 74 74 74 89 89 89 73 73 73 89 89 89 88 88 88 75 75 75 76 76 76 91 91 91 75 75 75 91 91 91 90 90 90 76 76 76 77 77 77 92 92 92 76 76 76 92 92 92 91 91 91 77 77 77 78 78 78 93 93 93 77 77 77 93 93 93 92 92 92 78 78 78 79 79 79 94 94 94 78 78 78 94 94 94 93 93 93 79 79 79 80 80 80 95 95 95 79 79 79 95 95 95 94 94 94 80 80 80 81 81 81 96 96 96 80 80 80 96 96 96 95 95 95 81 81 81 82 82 82 97 97 97 81 81 81 97 97 97 96 96 96 82 82 82 83 83 83 98 98 98 82 82 82 98 98 98 97 97 97 83 83 83 84 84 84 99 99 99 83 83 83 99 99 99 98 98 98 84 84 84 85 85 85 100 100 100 84 84 84 100 100 100 99 99 99 85 85 85 86 86 86 101 101 101 85 85 85 101 101 101 100 100 100 86 86 86 87 87 87 102 102 102 86 86 86 102 102 102 101 101 101 87 87 87 88 88 88 103 103 103 87 87 87 103 103 103 102 102 102 88 88 88 89 89 89 104 104 104 88 88 88 104 104 104 103 103 103 90 90 90 91 91 91 106 106 106 90 90 90 106 106 106 105 105 105 91 91 91 92 92 92 107 107 107 91 91 91 107 107 107 106 106 106 92 92 92 93 93 93 108 108 108 92 92 92 108 108 108 107 107 107 93 93 93 94 94 94 109 109 109 93 93 93 109 109 109 108 108 108 94 94 94 95 95 95 110 110 110 94 94 94 110 110 110 109 109 109 95 95 95 96 96 96 111 111 111 95 95 95 111 111 111 110 110 110 96 96 96 97 97 97 112 112 112 96 96 96 112 112 112 111 111 111 97 97 97 98 98 98 113 113 113 97 97 97 113 113 113 112 112 112 98 98 98 99 99 99 114 114 114 98 98 98 114 114 114 113 113 113 99 99 99 100 100 100 115 115 115 99 99 99 115 115 115 114 114 114 100 100 100 101 101 101 116 116 116 100 100 100 116 116 116 115 115 115 101 101 101 102 102 102 117 117 117 101 101 101 117 117 117 116 116 116 102 102 102 103 103 103 118 118 118 102 102 102 118 118 118 117 117 117 103 103 103 104 104 104 119 119 119 103 103 103 119 119 119 118 118 118 105 105 105 106 106 106 121 121 121 105 105 105 121 121 121 120 120 120 106 106 106 107 107 107 122 122 122 106 106 106 122 122 122 121 121 121 107 107 107 108 108 108 123 123 123 107 107 107 123 123 123 122 122 122 108 108 108 109 109 109 124 124 124 108 108 108 124 124 124 123 123 123 109 109 109 110 110 110 125 125 125 109 109 109 125 125 125 124 124 124 110 110 110 111 111 111 126 126 126 110 110 110 126 126 126 125 125 125 111 111 111 112 112 112 127 127 127 111 111 111 127 127 127 126 126 126 112 112 112 113 113 113 128 128 128 112 112 112 128 128 128 127 127 127 113 113 113 114 114 114 129 129 129 113 113 113 129 129 129 128 128 128 114 114 114 115 115 115 130 130 130 114 114 114 130 130 130 129 129 129 115 115 115 116 116 116 131 131 131 115 115 115 131 131 131 130 130 130 116 116 116 117 117 117 132 132 132 116 116 116 132 132 132 131 131 131 117 117 117 118 118 118 133 133 133 117 117 117 133 133 133 132 132 132 118 118 118 119 119 119 134 134 134 118 118 118 134 134 134 133 133 133 120 120 120 121 121 121 136 136 136 120 120 120 136 136 136 135 135 135 121 121 121 122 122 122 137 137 137 121 121 121 137 137 137 136 136 136 122 122 122 123 123 123 138 138 138 122 122 122 138 138 138 137 137 137 123 123 123 124 124 124 139 139 139 123 123 123 139 139 139 138 138 138 124 124 124 125 125 125 140 140 140 124 124 124 140 140 140 139 139 139 125 125 125 126 126 126 141 141 141 125 125 125 141 141 141 140 140 140 126 126 126 127 127 127 142 142 142 126 126 126 142 142 142 141 141 141 127 127 127 128 128 128 143 143 143 127 127 127 143 143 143 142 142 142 128 128 128 129 129 129 144 144 144 128 128 128 144 144 144 143 143 143 129 129 129 130 130 130 145 145 145 129 129 129 145 145 145 144 144 144 130 130 130 131 131 131 146 146 146 130 130 130 146 146 146 145 145 145 131 131 131 132 132 132 147 147 147 131 131 131 147 147 147 146 146 146 132 132 132 133 133 133 148 148 148 132 132 132 148 148 148 147 147 147 133 133 133 134 134 134 149 149 149 133 133 133 149 149 149 148 148 148 135 135 135 136 136 136 151 151 151 135 135 135 151 151 151 150 150 150 136 136 136 137 137 137 152 152 152 136 136 136 152 152 152 151 151 151 137 137 137 138 138 138 153 153 153 137 137 137 153 153 153 152 152 152 138 138 138 139 139 139 154 154 154 138 138 138 154 154 154 153 153 153 139 139 139 140 140 140 155 155 155 139 139 139 155 155 155 154 154 154 140 140 140 141 141 141 156 156 156 140 140 140 156 156 156 155 155 155 141 141 141 142 142 142 157 157 157 141 141 141 157 157 157 156 156 156 142 142 142 143 143 143 158 158 158 142 142 142 158 158 158 157 157 157 143 143 143 144 144 144 159 159 159 143 143 143 159 159 159 158 158 158 144 144 144 145 145 145 160 160 160 144 144 144 160 160 160 159 159 159 145 145 145 146 146 146 161 161 161 145 145 145 161 161 161 160 160 160 146 146 146 147 147 147 162 162 162 146 146 146 162 162 162 161 161 161 147 147 147 148 148 148 163 163 163 147 147 147 163 163 163 162 162 162 148 148 148 149 149 149 164 164 164 148 148 148 164 164 164 163 163 163 150 150 150 151 151 151 166 166 166 150 150 150 166 166 166 165 165 165 151 151 151 152 152 152 167 167 167 151 151 151 167 167 167 166 166 166 152 152 152 153 153 153 168 168 168 152 152 152 168 168 168 167 167 167 153 153 153 154 154 154 169 169 169 153 153 153 169 169 169 168 168 168 154 154 154 155 155 155 170 170 170 154 154 154 170 170 170 169 169 169 155 155 155 156 156 156 171 171 171 155 155 155 171 171 171 170 170 170 156 156 156 157 157 157 172 172 172 156 156 156 172 172 172 171 171 171 157 157 157 158 158 158 173 173 173 157 157 157 173 173 173 172 172 172 158 158 158 159 159 159 174 174 174 158 158 158 174 174 174 173 173 173 159 159 159 160 160 160 175 175 175 159 159 159 175 175 175 174 174 174 160 160 160 161 161 161 176 176 176 160 160 160 176 176 176 175 175 175 161 161 161 162 162 162 177 177 177 161 161 161 177 177 177 176 176 176 162 162 162 163 163 163 178 178 178 162 162 162 178 178 178 177 177 177 163 163 163 164 164 164 179 179 179 163 163 163 179 179 179 178 178 178 165 165 165 166 166 166 181 181 181 165 165 165 181 181 181 180 180 180 166 166 166 167 167 167 182 182 182 166 166 166 182 182 182 181 181 181 167 167 167 168 168 168 183 183 183 167 167 167 183 183 183 182 182 182 168 168 168 169 169 169 184 184 184 168 168 168 184 184 184 183 183 183 169 169 169 170 170 170 185 185 185 169 169 169 185 185 185 184 184 184 170 170 170 171 171 171 186 186 186 170 170 170 186 186 186 185 185 185 171 171 171 172 172 172 187 187 187 171 171 171 187 187 187 186 186 186 172 172 172 173 173 173 188 188 188 172 172 172 188 188 188 187 187 187 173 173 173 174 174 174 189 189 189 173 173 173 189 189 189 188 188 188 174 174 174 175 175 175 190 190 190 174 174 174 190 190 190 189 189 189 175 175 175 176 176 176 191 191 191 175 175 175 191 191 191 190 190 190 176 176 176 177 177 177 192 192 192 176 176 176 192 192 192 191 191 191 177 177 177 178 178 178 193 193 193 177 177 177 193 193 193 192 192 192 178 178 178 179 179 179 194 194 194 178 178 178 194 194 194 193 193 193 180 180 180 181 181 181 196 196 196 180 180 180 196 196 196 195 195 195 181 181 181 182 182 182 197 197 197 181 181 181 197 197 197 196 196 196 182 182 182 183 183 183 198 198 198 182 182 182 198 198 198 197 197 197 183 183 183 184 184 184 199 199 199 183 183 183 199 199 199 198 198 198 184 184 184 185 185 185 200 200 200 184 184 184 200 200 200 199 199 199 185 185 185 186 186 186 201 201 201 185 185 185 201 201 201 200 200 200 186 186 186 187 187 187 202 202 202 186 186 186 202 202 202 201 201 201 187 187 187 188 188 188 203 203 203 187 187 187 203 203 203 202 202 202 188 188 188 189 189 189 204 204 204 188 188 188 204 204 204 203 203 203 189 189 189 190 190 190 205 205 205 189 189 189 205 205 205 204 204 204 190 190 190 191 191 191 206 206 206 190 190 190 206 206 206 205 205 205 191 191 191 192 192 192 207 207 207 191 191 191 207 207 207 206 206 206 192 192 192 193 193 193 208 208 208 192 192 192 208 208 208 207 207 207 193 193 193 194 194 194 209 209 209 193 193 193 209 209 209 208 208 208 195 195 195 196 196 196 211 211 211 195 195 195 211 211 211 210 210 210 196 196 196 197 197 197 212 212 212 196 196 196 212 212 212 211 211 211 197 197 197 198 198 198 213 213 213 197 197 197 213 213 213 212 212 212 198 198 198 199 199 199 214 214 214 198 198 198 214 214 214 213 213 213 199 199 199 200 200 200 215 215 215 199 199 199 215 215 215 214 214 214 200 200 200 201 201 201 216 216 216 200 200 200 216 216 216 215 215 215 201 201 201 202 202 202 217 217 217 201 201 201 217 217 217 216 216 216 202 202 202 203 203 203 218 218 218 202 202 202 218 218 218 217 217 217 203 203 203 204 204 204 219 219 219 203 203 203 219 219 219 218 218 218 204 204 204 205 205 205 220 220 220 204 204 204 220 220 220 219 219 219 205 205 205 206 206 206 221 221 221 205 205 205 221 221 221 220 220 220 206 206 206 207 207 207 222 222 222 206 206 206 222 222 222 221 221 221 207 207 207 208 208 208 223 223 223 207 207 207 223 223 223 222 222 222 208 208 208 209 209 209 224 224 224 208 208 208 224 224 224 223 223 223 210 210 210 211 211 211 226 226 226 210 210 210 226 226 226 225 225 225 211 211 211 212 212 212 227 227 227 211 211 211 227 227 227 226 226 226 212 212 212 213 213 213 228 228 228 212 212 212 228 228 228 227 227 227 213 213 213 214 214 214 229 229 229 213 213 213 229 229 229 228 228 228 214 214 214 215 215 215 230 230 230 214 214 214 230 230 230 229 229 229 215 215 215 216 216 216 231 231 231 215 215 215 231 231 231 230 230 230 216 216 216 217 217 217 232 232 232 216 216 216 232 232 232 231 231 231 217 217 217 218 218 218 233 233 233 217 217 217 233 233 233 232 232 232 218 218 218 219 219 219 234 234 234 218 218 218 234 234 234 233 233 233 219 219 219 220 220 220 235 235 235 219 219 219 235 235 235 234 234 234 220 220 220 221 221 221 236 236 236 220 220 220 236 236 236 235 235 235 221 221 221 222 222 222 237 237 237 221 221 221 237 237 237 236 236 236 222 222 222 223 223 223 238 238 238 222 222 222 238 238 238 237 237 237 223 223 223 224 224 224 239 239 239 223 223 223 239 239 239 238 238 238 225 225 225 226 226 226 241 241 241 225 225 225 241 241 241 240 240 240 226 226 226 227 227 227 242 242 242 226 226 226 242 242 242 241 241 241 227 227 227 228 228 228 243 243 243 227 227 227 243 243 243 242 242 242 228 228 228 229 229 229 244 244 244 228 228 228 244 244 244 243 243 243 229 229 229 230 230 230 245 245 245 229 229 229 245 245 245 244 244 244 230 230 230 231 231 231 246 246 246 230 230 230 246 246 246 245 245 245 231 231 231 232 232 232 247 247 247 231 231 231 247 247 247 246 246 246 232 232 232 233 233 233 248 248 248 232 232 232 248 248 248 247 247 247 233 233 233 234 234 234 249 249 249 233 233 233 249 249 249 248 248 248 234 234 234 235 235 235 250 250 250 234 234 234 250 250 250 249 249 249 235 235 235 236 236 236 251 251 251 235 235 235 251 251 251 250 250 250 236 236 236 237 237 237 252 252 252 236 236 236 252 252 252 251 251 251 237 237 237 238 238 238 253 253 253 237 237 237 253 253 253 252 252 252 238 238 238 239 239 239 254 254 254 238 238 238 254 254 254 253 253 253 240 240 240 241 241 241 256 256 256 240 240 240 256 256 256 255 255 255 241 241 241 242 242 242 257 257 257 241 241 241 257 257 257 256 256 256 242 242 242 243 243 243 258 258 258 242 242 242 258 258 258 257 257 257 243 243 243 244 244 244 259 259 259 243 243 243 259 259 259 258 258 258 244 244 244 245 245 245 260 260 260 244 244 244 260 260 260 259 259 259 245 245 245 246 246 246 261 261 261 245 245 245 261 261 261 260 260 260 246 246 246 247 247 247 262 262 262 246 246 246 262 262 262 261 261 261 247 247 247 248 248 248 263 263 263 247 247 247 263 263 263 262 262 262 248 248 248 249 249 249 264 264 264 248 248 248 264 264 264 263 263 263 249 249 249 250 250 250 265 265 265 249 249 249 265 265 265 264 264 264 250 250 250 251 251 251 266 266 266 250 250 250 266 266 266 265 265 265 251 251 251 252 252 252 267 267 267 251 251 251 267 267 267 266 266 266 252 252 252 253 253 253 268 268 268 252 252 252 268 268 268 267 267 267 253 253 253 254 254 254 269 269 269 253 253 253 269 269 269 268 268 268 255 255 255 256 256 256 271 271 271 255 255 255 271 271 271 270 270 270 256 256 256 257 257 257 272 272 272 256 256 256 272 272 272 271 271 271 257 257 257 258 258 258 273 273 273 257 257 257 273 273 273 272 272 272 258 258 258 259 259 259 274 274 274 258 258 258 274 274 274 273 273 273 259 259 259 260 260 260 275 275 275 259 259 259 275 275 275 274 274 274 260 260 260 261 261 261 276 276 276 260 260 260 276 276 276 275 275 275 261 261 261 262 262 262 277 277 277 261 261 261 277 277 277 276 276 276 262 262 262 263 263 263 278 278 278 262 262 262 278 278 278 277 277 277 263 263 263 264 264 264 279 279 279 263 263 263 279 279 279 278 278 278 264 264 264 265 265 265 280 280 280 264 264 264 280 280 280 279 279 279 265 265 265 266 266 266 281 281 281 265 265 265 281 281 281 280 280 280 266 266 266 267 267 267 282 282 282 266 266 266 282 282 282 281 281 281 267 267 267 268 268 268 283 283 283 267 267 267 283 283 283 282 282 282 268 268 268 269 269 269 284 284 284 268 268 268 284 284 284 283 283 283 270 270 270 271 271 271 286 286 286 270 270 270 286 286 286 285 285 285 271 271 271 272 272 272 287 287 287 271 271 271 287 287 287 286 286 286 272 272 272 273 273 273 288 288 288 272 272 272 288 288 288 287 287 287 273 273 273 274 274 274 289 289 289 273 273 273 289 289 289 288 288 288 274 274 274 275 275 275 290 290 290 274 274 274 290 290 290 289 289 289 275 275 275 276 276 276 291 291 291 275 275 275 291 291 291 290 290 290 276 276 276 277 277 277 292 292 292 276 276 276 292 292 292 291 291 291 277 277 277 278 278 278 293 293 293 277 277 277 293 293 293 292 292 292 278 278 278 279 279 279 294 294 294 278 278 278 294 294 294 293 293 293 279 279 279 280 280 280 295 295 295 279 279 279 295 295 295 294 294 294 280 280 280 281 281 281 296 296 296 280 280 280 296 296 296 295 295 295 281 281 281 282 282 282 297 297 297 281 281 281 297 297 297 296 296 296 282 282 282 283 283 283 298 298 298 282 282 282 298 298 298 297 297 297 283 283 283 284 284 284 299 299 299 283 283 283 299 299 299 298 298 298 285 285 285 286 286 286 301 301 301 285 285 285 301 301 301 300 300 300 286 286 286 287 287 287 302 302 302 286 286 286 302 302 302 301 301 301 287 287 287 288 288 288 303 303 303 287 287 287 303 303 303 302 302 302 288 288 288 289 289 289 304 304 304 288 288 288 304 304 304 303 303 303 289 289 289 290 290 290 305 305 305 289 289 289 305 305 305 304 304 304 290 290 290 291 291 291 306 306 306 290 290 290 306 306 306 305 305 305 291 291 291 292 292 292 307 307 307 291 291 291 307 307 307 306 306 306 292 292 292 293 293 293 308 308 308 292 292 292 308 308 308 307 307 307 293 293 293 294 294 294 309 309 309 293 293 293 309 309 309 308 308 308 294 294 294 295 295 295 310 310 310 294 294 294 310 310 310 309 309 309 295 295 295 296 296 296 311 311 311 295 295 295 311 311 311 310 310 310 296 296 296 297 297 297 312 312 312 296 296 296 312 312 312 311 311 311 297 297 297 298 298 298 313 313 313 297 297 297 313 313 313 312 312 312 298 298 298 299 299 299 314 314 314 298 298 298 314 314 314 313 313 313 300 300 300 301 301 301 316 316 316 300 300 300 316 316 316 315 315 315 301 301 301 302 302 302 317 317 317 301 301 301 317 317 317 316 316 316 302 302 302 303 303 303 318 318 318 302 302 302 318 318 318 317 317 317 303 303 303 304 304 304 319 319 319 303 303 303 319 319 319 318 318 318 304 304 304 305 305 305 320 320 320 304 304 304 320 320 320 319 319 319 305 305 305 306 306 306 321 321 321 305 305 305 321 321 321 320 320 320 306 306 306 307 307 307 322 322 322 306 306 306 322 322 322 321 321 321 307 307 307 308 308 308 323 323 323 307 307 307 323 323 323 322 322 322 308 308 308 309 309 309 324 324 324 308 308 308 324 324 324 323 323 323 309 309 309 310 310 310 325 325 325 309 309 309 325 325 325 324 324 324 310 310 310 311 311 311 326 326 326 310 310 310 326 326 326 325 325 325 311 311 311 312 312 312 327 327 327 311 311 311 327 327 327 326 326 326 312 312 312 313 313 313 328 328 328 312 312 312 328 328 328 327 327 327 313 313 313 314 314 314 329 329 329 313 313 313 329 329 329 328 328 328 315 315 315 316 316 316 331 331 331 315 315 315 331 331 331 330 330 330 316 316 316 317 317 317 332 332 332 316 316 316 332 332 332 331 331 331 317 317 317 318 318 318 333 333 333 317 317 317 333 333 333 332 332 332 318 318 318 319 319 319 334 334 334 318 318 318 334 334 334 333 333 333 319 319 319 320 320 320 335 335 335 319 319 319 335 335 335 334 334 334 320 320 320 321 321 321 336 336 336 320 320 320 336 336 336 335 335 335 321 321 321 322 322 322 337 337 337 321 321 321 337 337 337 336 336 336 322 322 322 323 323 323 338 338 338 322 322 322 338 338 338 337 337 337 323 323 323 324 324 324 339 339 339 323 323 323 339 339 339 338 338 338 324 324 324 325 325 325 340 340 340 324 324 324 340 340 340 339 339 339 325 325 325 326 326 326 341 341 341 325 325 325 341 341 341 340 340 340 326 326 326 327 327 327 342 342 342 326 326 326 342 342 342 341 341 341 327 327 327 328 328 328 343 343 343 327 327 327 343 343 343 342 342 342 328 328 328 329 329 329 344 344 344 328 328 328 344 344 344 343 343 343 330 330 330 331 331 331 346 346 346 330 330 330 346 346 346 345 345 345 331 331 331 332 332 332 347 347 347 331 331 331 347 347 347 346 346 346 332 332 332 333 333 333 348 348 348 332 332 332 348 348 348 347 347 347 333 333 333 334 334 334 349 349 349 333 333 333 349 349 349 348 348 348 334 334 334 335 335 335 350 350 350 334 334 334 350 350 350 349 349 349 335 335 335 336 336 336 351 351 351 335 335 335 351 351 351 350 350 350 336 336 336 337 337 337 352 352 352 336 336 336 352 352 352 351 351 351 337 337 337 338 338 338 353 353 353 337 337 337 353 353 353 352 352 352 338 338 338 339 339 339 354 354 354 338 338 338 354 354 354 353 353 353 339 339 339 340 340 340 355 355 355 339 339 339 355 355 355 354 354 354 340 340 340 341 341 341 356 356 356 340 340 340 356 356 356 355 355 355 341 341 341 342 342 342 357 357 357 341 341 341 357 357 357 356 356 356 342 342 342 343 343 343 358 358 358 342 342 342 358 358 358 357 357 357 343 343 343 344 344 344 359 359 359 343 343 343 359 359 359 358 358 358 345 345 345 346 346 346 361 361 361 345 345 345 361 361 361 360 360 360 346 346 346 347 347 347 362 362 362 346 346 346 362 362 362 361 361 361 347 347 347 348 348 348 363 363 363 347 347 347 363 363 363 362 362 362 348 348 348 349 349 349 364 364 364 348 348 348 364 364 364 363 363 363 349 349 349 350 350 350 365 365 365 349 349 349 365 365 365 364 364 364 350 350 350 351 351 351 366 366 366 350 350 350 366 366 366 365 365 365 351 351 351 352 352 352 367 367 367 351 351 351 367 367 367 366 366 366 352 352 352 353 353 353 368 368 368 352 352 352 368 368 368 367 367 367 353 353 353 354 354 354 369 369 369 353 353 353 369 369 369 368 368 368 354 354 354 355 355 355 370 370 370 354 354 354 370 370 370 369 369 369 355 355 355 356 356 356 371 371 371 355 355 355 371 371 371 370 370 370 356 356 356 357 357 357 372 372 372 356 356 356 372 372 372 371 371 371 357 357 357 358 358 358 373 373 373 357 357 357 373 373 373 372 372 372 358 358 358 359 359 359 374 374 374 358 358 358 374 374 374 373 373 373 360 360 360 361 361 361 376 376 376 360 360 360 376 376 376 375 375 375 361 361 361 362 362 362 377 377 377 361 361 361 377 377 377 376 376 376 362 362 362 363 363 363 378 378 378 362 362 362 378 378 378 377 377 377 363 363 363 364 364 364 379 379 379 363 363 363 379 379 379 378 378 378 364 364 364 365 365 365 380 380 380 364 364 364 380 380 380 379 379 379 365 365 365 366 366 366 381 381 381 365 365 365 381 381 381 380 380 380 366 366 366 367 367 367 382 382 382 366 366 366 382 382 382 381 381 381 367 367 367 368 368 368 383 383 383 367 367 367 383 383 383 382 382 382 368 368 368 369 369 369 384 384 384 368 368 368 384 384 384 383 383 383 369 369 369 370 370 370 385 385 385 369 369 369 385 385 385 384 384 384 370 370 370 371 371 371 386 386 386 370 370 370 386 386 386 385 385 385 371 371 371 372 372 372 387 387 387 371 371 371 387 387 387 386 386 386 372 372 372 373 373 373 388 388 388 372 372 372 388 388 388 387 387 387 373 373 373 374 374 374 389 389 389 373 373 373 389 389 389 388 388 388 375 375 375 376 376 376 391 391 391 375 375 375 391 391 391 390 390 390 376 376 376 377 377 377 392 392 392 376 376 376 392 392 392 391 391 391 377 377 377 378 378 378 393 393 393 377 377 377 393 393 393 392 392 392 378 378 378 379 379 379 394 394 394 378 378 378 394 394 394 393 393 393 379 379 379 380 380 380 395 395 395 379 379 379 395 395 395 394 394 394 380 380 380 381 381 381 396 396 396 380 380 380 396 396 396 395 395 395 381 381 381 382 382 382 397 397 397 381 381 381 397 397 397 396 396 396 382 382 382 383 383 383 398 398 398 382 382 382 398 398 398 397 397 397 383 383 383 384 384 384 399 399 399 383 383 383 399 399 399 398 398 398 384 384 384 385 385 385 400 400 400 384 384 384 400 400 400 399 399 399 385 385 385 386 386 386 401 401 401 385 385 385 401 401 401 400 400 400 386 386 386 387 387 387 402 402 402 386 386 386 402 402 402 401 401 401 387 387 387 388 388 388 403 403 403 387 387 387 403 403 403 402 402 402 388 388 388 389 389 389 404 404 404 388 388 388 404 404 404 403 403 403 390 390 390 391 391 391 406 406 406 390 390 390 406 406 406 405 405 405 391 391 391 392 392 392 407 407 407 391 391 391 407 407 407 406 406 406 392 392 392 393 393 393 408 408 408 392 392 392 408 408 408 407 407 407 393 393 393 394 394 394 409 409 409 393 393 393 409 409 409 408 408 408 394 394 394 395 395 395 410 410 410 394 394 394 410 410 410 409 409 409 395 395 395 396 396 396 411 411 411 395 395 395 411 411 411 410 410 410 396 396 396 397 397 397 412 412 412 396 396 396 412 412 412 411 411 411 397 397 397 398 398 398 413 413 413 397 397 397 413 413 413 412 412 412 398 398 398 399 399 399 414 414 414 398 398 398 414 414 414 413 413 413 399 399 399 400 400 400 415 415 415 399 399 399 415 415 415 414 414 414 400 400 400 401 401 401 416 416 416 400 400 400 416 416 416 415 415 415 401 401 401 402 402 402 417 417 417 401 401 401 417 417 417 416 416 416 402 402 402 403 403 403 418 418 418 402 402 402 418 418 418 417 417 417 403 403 403 404 404 404 419 419 419 403 403 403 419 419 419 418 418 418 405 405 405 406 406 406 421 421 421 405 405 405 421 421 421 420 420 420 406 406 406 407 407 407 422 422 422 406 406 406 422 422 422 421 421 421 407 407 407 408 408 408 423 423 423 407 407 407 423 423 423 422 422 422 408 408 408 409 409 409 424 424 424 408 408 408 424 424 424 423 423 423 409 409 409 410 410 410 425 425 425 409 409 409 425 425 425 424 424 424 410 410 410 411 411 411 426 426 426 410 410 410 426 426 426 425 425 425 411 411 411 412 412 412 427 427 427 411 411 411 427 427 427 426 426 426 412 412 412 413 413 413 428 428 428 412 412 412 428 428 428 427 427 427 413 413 413 414 414 414 429 429 429 413 413 413 429 429 429 428 428 428 414 414 414 415 415 415 430 430 430 414 414 414 430 430 430 429 429 429 415 415 415 416 416 416 431 431 431 415 415 415 431 431 431 430 430 430 416 416 416 417 417 417 432 432 432 416 416 416 432 432 432 431 431 431 417 417 417 418 418 418 433 433 433 417 417 417 433 433 433 432 432 432 418 418 418 419 419 419 434 434 434 418 418 418 434 434 434 433 433 433 420 420 420 421 421 421 436 436 436 420 420 420 436 436 436 435 435 435 421 421 421 422 422 422 437 437 437 421 421 421 437 437 437 436 436 436 422 422 422 423 423 423 438 438 438 422 422 422 438 438 438 437 437 437 423 423 423 424 424 424 439 439 439 423 423 423 439 439 439 438 438 438 424 424 424 425 425 425 440 440 440 424 424 424 440 440 440 439 439 439 425 425 425 426 426 426 441 441 441 425 425 425 441 441 441 440 440 440 426 426 426 427 427 427 442 442 442 426 426 426 442 442 442 441 441 441 427 427 427 428 428 428 443 443 443 427 427 427 443 443 443 442 442 442 428 428 428 429 429 429 444 444 444 428 428 428 444 444 444 443 443 443 429 429 429 430 430 430 445 445 445 429 429 429 445 445 445 444 444 444 430 430 430 431 431 431 446 446 446 430 430 430 446 446 446 445 445 445 431 431 431 432 432 432 447 447 447 431 431 431 447 447 447 446 446 446 432 432 432 433 433 433 448 448 448 432 432 432 448 448 448 447 447 447 433 433 433 434 434 434 449 449 449 433 433 433 449 449 449 448 448 448 435 435 435 436 436 436 451 451 451 435 435 435 451 451 451 450 450 450 436 436 436 437 437 437 452 452 452 436 436 436 452 452 452 451 451 451 437 437 437 438 438 438 453 453 453 437 437 437 453 453 453 452 452 452 438 438 438 439 439 439 454 454 454 438 438 438 454 454 454 453 453 453 439 439 439 440 440 440 455 455 455 439 439 439 455 455 455 454 454 454 440 440 440 441 441 441 456 456 456 440 440 440 456 456 456 455 455 455 441 441 441 442 442 442 457 457 457 441 441 441 457 457 457 456 456 456 442 442 442 443 443 443 458 458 458 442 442 442 458 458 458 457 457 457 443 443 443 444 444 444 459 459 459 443 443 443 459 459 459 458 458 458 444 444 444 445 445 445 460 460 460 444 444 444 460 460 460 459 459 459 445 445 445 446 446 446 461 461 461 445 445 445 461 461 461 460 460 460 446 446 446 447 447 447 462 462 462 446 446 446 462 462 462 461 461 461 447 447 447 448 448 448 463 463 463 447 447 447 463 463 463 462 462 462 448 448 448 449 449 449 464 464 464 448 448 448 464 464 464 463 463 463 450 450 450 451 451 451 466 466 466 450 450 450 466 466 466 465 465 465 451 451 451 452 452 452 467 467 467 451 451 451 467 467 467 466 466 466 452 452 452 453 453 453 468 468 468 452 452 452 468 468 468 467 467 467 453 453 453 454 454 454 469 469 469 453 453 453 469 469 469 468 468 468 454 454 454 455 455 455 470 470 470 454 454 454 470 470 470 469 469 469 455 455 455 456 456 456 471 471 471 455 455 455 471 471 471 470 470 470 456 456 456 457 457 457 472 472 472 456 456 456 472 472 472 471 471 471 457 457 457 458 458 458 473 473 473 457 457 457 473 473 473 472 472 472 458 458 458 459 459 459 474 474 474 458 458 458 474 474 474 473 473 473 459 459 459 460 460 460 475 475 475 459 459 459 475 475 475 474 474 474 460 460 460 461 461 461 476 476 476 460 460 460 476 476 476 475 475 475 461 461 461 462 462 462 477 477 477 461 461 461 477 477 477 476 476 476 462 462 462 463 463 463 478 478 478 462 462 462 478 478 478 477 477 477 463 463 463 464 464 464 479 479 479 463 463 463 479 479 479 478 478 478 465 465 465 466 466 466 481 481 481 465 465 465 481 481 481 480 480 480 466 466 466 467 467 467 482 482 482 466 466 466 482 482 482 481 481 481 467 467 467 468 468 468 483 483 483 467 467 467 483 483 483 482 482 482 468 468 468 469 469 469 484 484 484 468 468 468 484 484 484 483 483 483 469 469 469 470 470 470 485 485 485 469 469 469 485 485 485 484 484 484 470 470 470 471 471 471 486 486 486 470 470 470 486 486 486 485 485 485 471 471 471 472 472 472 487 487 487 471 471 471 487 487 487 486 486 486 472 472 472 473 473 473 488 488 488 472 472 472 488 488 488 487 487 487 473 473 473 474 474 474 489 489 489 473 473 473 489 489 489 488 488 488 474 474 474 475 475 475 490 490 490 474 474 474 490 490 490 489 489 489 475 475 475 476 476 476 491 491 491 475 475 475 491 491 491 490 490 490 476 476 476 477 477 477 492 492 492 476 476 476 492 492 492 491 491 491 477 477 477 478 478 478 493 493 493 477 477 477 493 493 493 492 492 492 478 478 478 479 479 479 494 494 494 478 478 478 494 494 494 493 493 493 480 480 480 481 481 481 496 496 496 480 480 480 496 496 496 495 495 495 481 481 481 482 482 482 497 497 497 481 481 481 497 497 497 496 496 496 482 482 482 483 483 483 498 498 498 482 482 482 498 498 498 497 497 497 483 483 483 484 484 484 499 499 499 483 483 483 499 499 499 498 498 498 484 484 484 485 485 485 500 500 500 484 484 484 500 500 500 499 499 499 485 485 485 486 486 486 501 501 501 485 485 485 501 501 501 500 500 500 486 486 486 487 487 487 502 502 502 486 486 486 502 502 502 501 501 501 487 487 487 488 488 488 503 503 503 487 487 487 503 503 503 502 502 502 488 488 488 489 489 489 504 504 504 488 488 488 504 504 504 503 503 503 489 489 489 490 490 490 505 505 505 489 489 489 505 505 505 504 504 504 490 490 490 491 491 491 506 506 506 490 490 490 506 506 506 505 505 505 491 491 491 492 492 492 507 507 507 491 491 491 507 507 507 506 506 506 492 492 492 493 493 493 508 508 508 492 492 492 508 508 508 507 507 507 493 493 493 494 494 494 509 509 509 493 493 493 509 509 509 508 508 508 495 495 495 496 496 496 511 511 511 495 495 495 511 511 511 510 510 510 496 496 496 497 497 497 512 512 512 496 496 496 512 512 512 511 511 511 497 497 497 498 498 498 513 513 513 497 497 497 513 513 513 512 512 512 498 498 498 499 499 499 514 514 514 498 498 498 514 514 514 513 513 513 499 499 499 500 500 500 515 515 515 499 499 499 515 515 515 514 514 514 500 500 500 501 501 501 516 516 516 500 500 500 516 516 516 515 515 515 501 501 501 502 502 502 517 517 517 501 501 501 517 517 517 516 516 516 502 502 502 503 503 503 518 518 518 502 502 502 518 518 518 517 517 517 503 503 503 504 504 504 519 519 519 503 503 503 519 519 519 518 518 518 504 504 504 505 505 505 520 520 520 504 504 504 520 520 520 519 519 519 505 505 505 506 506 506 521 521 521 505 505 505 521 521 521 520 520 520 506 506 506 507 507 507 522 522 522 506 506 506 522 522 522 521 521 521 507 507 507 508 508 508 523 523 523 507 507 507 523 523 523 522 522 522 508 508 508 509 509 509 524 524 524 508 508 508 524 524 524 523 523 523 510 510 510 511 511 511 526 526 526 510 510 510 526 526 526 525 525 525 511 511 511 512 512 512 527 527 527 511 511 511 527 527 527 526 526 526 512 512 512 513 513 513 528 528 528 512 512 512 528 528 528 527 527 527 513 513 513 514 514 514 529 529 529 513 513 513 529 529 529 528 528 528 514 514 514 515 515 515 530 530 530 514 514 514 530 530 530 529 529 529 515 515 515 516 516 516 531 531 531 515 515 515 531 531 531 530 530 530 516 516 516 517 517 517 532 532 532 516 516 516 532 532 532 531 531 531 517 517 517 518 518 518 533 533 533 517 517 517 533 533 533 532 532 532 518 518 518 519 519 519 534 534 534 518 518 518 534 534 534 533 533 533 519 519 519 520 520 520 535 535 535 519 519 519 535 535 535 534 534 534 520 520 520 521 521 521 536 536 536 520 520 520 536 536 536 535 535 535 521 521 521 522 522 522 537 537 537 521 521 521 537 537 537 536 536 536 522 522 522 523 523 523 538 538 538 522 522 522 538 538 538 537 537 537 523 523 523 524 524 524 539 539 539 523 523 523 539 539 539 538 538 538 525 525 525 526 526 526 541 541 541 525 525 525 541 541 541 540 540 540 526 526 526 527 527 527 542 542 542 526 526 526 542 542 542 541 541 541 527 527 527 528 528 528 543 543 543 527 527 527 543 543 543 542 542 542 528 528 528 529 529 529 544 544 544 528 528 528 544 544 544 543 543 543 529 529 529 530 530 530 545 545 545 529 529 529 545 545 545 544 544 544 530 530 530 531 531 531 546 546 546 530 530 530 546 546 546 545 545 545 531 531 531 532 532 532 547 547 547 531 531 531 547 547 547 546 546 546 532 532 532 533 533 533 548 548 548 532 532 532 548 548 548 547 547 547 533 533 533 534 534 534 549 549 549 533 533 533 549 549 549 548 548 548 534 534 534 535 535 535 550 550 550 534 534 534 550 550 550 549 549 549 535 535 535 536 536 536 551 551 551 535 535 535 551 551 551 550 550 550 536 536 536 537 537 537 552 552 552 536 536 536 552 552 552 551 551 551 537 537 537 538 538 538 553 553 553 537 537 537 553 553 553 552 552 552 538 538 538 539 539 539 554 554 554 538 538 538 554 554 554 553 553 553 540 540 540 541 541 541 556 556 556 540 540 540 556 556 556 555 555 555 541 541 541 542 542 542 557 557 557 541 541 541 557 557 557 556 556 556 542 542 542 543 543 543 558 558 558 542 542 542 558 558 558 557 557 557 543 543 543 544 544 544 559 559 559 543 543 543 559 559 559 558 558 558 544 544 544 545 545 545 560 560 560 544 544 544 560 560 560 559 559 559 545 545 545 546 546 546 561 561 561 545 545 545 561 561 561 560 560 560 546 546 546 547 547 547 562 562 562 546 546 546 562 562 562 561 561 561 547 547 547 548 548 548 563 563 563 547 547 547 563 563 563 562 562 562 548 548 548 549 549 549 564 564 564 548 548 548 564 564 564 563 563 563 549 549 549 550 550 550 565 565 565 549 549 549 565 565 565 564 564 564 550 550 550 551 551 551 566 566 566 550 550 550 566 566 566 565 565 565 551 551 551 552 552 552 567 567 567 551 551 551 567 567 567 566 566 566 552 552 552 553 553 553 568 568 568 552 552 552 568 568 568 567 567 567 553 553 553 554 554 554 569 569 569 553 553 553 569 569 569 568 568 568 555 555 555 556 556 556 571 571 571 555 555 555 571 571 571 570 570 570 556 556 556 557 557 557 572 572 572 556 556 556 572 572 572 571 571 571 557 557 557 558 558 558 573 573 573 557 557 557 573 573 573 572 572 572 558 558 558 559 559 559 574 574 574 558 558 558 574 574 574 573 573 573 559 559 559 560 560 560 575 575 575 559 559 559 575 575 575 574 574 574 560 560 560 561 561 561 576 576 576 560 560 560 576 576 576 575 575 575 561 561 561 562 562 562 577 577 577 561 561 561 577 577 577 576 576 576 562 562 562 563 563 563 578 578 578 562 562 562 578 578 578 577 577 577 563 563 563 564 564 564 579 579 579 563 563 563 579 579 579 578 578 578 564 564 564 565 565 565 580 580 580 564 564 564 580 580 580 579 579 579 565 565 565 566 566 566 581 581 581 565 565 565 581 581 581 580 580 580 566 566 566 567 567 567 582 582 582 566 566 566 582 582 582 581 581 581 567 567 567 568 568 568 583 583 583 567 567 567 583 583 583 582 582 582 568 568 568 569 569 569 584 584 584 568 568 568 584 584 584 583 583 583 570 570 570 571 571 571 586 586 586 570 570 570 586 586 586 585 585 585 571 571 571 572 572 572 587 587 587 571 571 571 587 587 587 586 586 586 572 572 572 573 573 573 588 588 588 572 572 572 588 588 588 587 587 587 573 573 573 574 574 574 589 589 589 573 573 573 589 589 589 588 588 588 574 574 574 575 575 575 590 590 590 574 574 574 590 590 590 589 589 589 575 575 575 576 576 576 591 591 591 575 575 575 591 591 591 590 590 590 576 576 576 577 577 577 592 592 592 576 576 576 592 592 592 591 591 591 577 577 577 578 578 578 593 593 593 577 577 577 593 593 593 592 592 592 578 578 578 579 579 579 594 594 594 578 578 578 594 594 594 593 593 593 579 579 579 580 580 580 595 595 595 579 579 579 595 595 595 594 594 594 580 580 580 581 581 581 596 596 596 580 580 580 596 596 596 595 595 595 581 581 581 582 582 582 597 597 597 581 581 581 597 597 597 596 596 596 582 582 582 583 583 583 598 598 598 582 582 582 598 598 598 597 597 597 583 583 583 584 584 584 599 599 599 583 583 583 599 599 599 598 598 598 585 585 585 586 586 586 601 601 601 585 585 585 601 601 601 600 600 600 586 586 586 587 587 587 602 602 602 586 586 586 602 602 602 601 601 601 587 587 587 588 588 588 603 603 603 587 587 587 603 603 603 602 602 602 588 588 588 589 589 589 604 604 604 588 588 588 604 604 604 603 603 603 589 589 589 590 590 590 605 605 605 589 589 589 605 605 605 604 604 604 590 590 590 591 591 591 606 606 606 590 590 590 606 606 606 605 605 605 591 591 591 592 592 592 607 607 607 591 591 591 607 607 607 606 606 606 592 592 592 593 593 593 608 608 608 592 592 592 608 608 608 607 607 607 593 593 593 594 594 594 609 609 609 593 593 593 609 609 609 608 608 608 594 594 594 595 595 595 610 610 610 594 594 594 610 610 610 609 609 609 595 595 595 596 596 596 611 611 611 595 595 595 611 611 611 610 610 610 596 596 596 597 597 597 612 612 612 596 596 596 612 612 612 611 611 611 597 597 597 598 598 598 613 613 613 597 597 597 613 613 613 612 612 612 598 598 598 599 599 599 614 614 614 598 598 598 614 614 614 613 613 613 615 615 615 616 616 616 643 643 643 615 615 615 643 643 643 642 642 642 616 616 616 617 617 617 644 644 644 616 616 616 644 644 644 643 643 643 617 617 617 618 618 618 645 645 645 617 617 617 645 645 645 644 644 644 618 618 618 619 619 619 646 646 646 618 618 618 646 646 646 645 645 645 619 619 619 620 620 620 647 647 647 619 619 619 647 647 647 646 646 646 620 620 620 621 621 621 648 648 648 620 620 620 648 648 648 647 647 647 621 621 621 622 622 622 649 649 649 621 621 621 649 649 649 648 648 648 622 622 622 623 623 623 650 650 650 622 622 622 650 650 650 649 649 649 623 623 623 624 624 624 651 651 651 623 623 623 651 651 651 650 650 650 624 624 624 625 625 625 652 652 652 624 624 624 652 652 652 651 651 651 625 625 625 626 626 626 653 653 653 625 625 625 653 653 653 652 652 652 626 626 626 627 627 627 654 654 654 626 626 626 654 654 654 653 653 653 627 627 627 628 628 628 655 655 655 627 627 627 655 655 655 654 654 654 628 628 628 629 629 629 656 656 656 628 628 628 656 656 656 655 655 655 629 629 629 630 630 630 657 657 657 629 629 629 657 657 657 656 656 656 630 630 630 631 631 631 658 658 658 630 630 630 658 658 658 657 657 657 631 631 631 632 632 632 659 659 659 631 631 631 659 659 659 658 658 658 632 632 632 633 633 633 660 660 660 632 632 632 660 660 660 659 659 659 633 633 633 634 634 634 661 661 661 633 633 633 661 661 661 660 660 660 634 634 634 635 635 635 662 662 662 634 634 634 662 662 662 661 661 661 635 635 635 636 636 636 663 663 663 635 635 635 663 663 663 662 662 662 636 636 636 637 637 637 664 664 664 636 636 636 664 664 664 663 663 663 637 637 637 638 638 638 665 665 665 637 637 637 665 665 665 664 664 664 638 638 638 639 639 639 666 666 666 638 638 638 666 666 666 665 665 665 639 639 639 640 640 640 667 667 667 639 639 639 667 667 667 666 666 666 640 640 640 641 641 641 668 668 668 640 640 640 668 668 668 667 667 667 642 642 642 643 643 643 670 670 670 642 642 642 670 670 670 669 669 669 643 643 643 644 644 644 671 671 671 643 643 643 671 671 671 670 670 670 644 644 644 645 645 645 672 672 672 644 644 644 672 672 672 671 671 671 645 645 645 646 646 646 673 673 673 645 645 645 673 673 673 672 672 672 646 646 646 647 647 647 674 674 674 646 646 646 674 674 674 673 673 673 647 647 647 648 648 648 675 675 675 647 647 647 675 675 675 674 674 674 648 648 648 649 649 649 676 676 676 648 648 648 676 676 676 675 675 675 649 649 649 650 650 650 677 677 677 649 649 649 677 677 677 676 676 676 650 650 650 651 651 651 678 678 678 650 650 650 678 678 678 677 677 677 651 651 651 652 652 652 679 679 679 651 651 651 679 679 679 678 678 678 652 652 652 653 653 653 680 680 680 652 652 652 680 680 680 679 679 679 653 653 653 654 654 654 681 681 681 653 653 653 681 681 681 680 680 680 654 654 654 655 655 655 682 682 682 654 654 654 682 682 682 681 681 681 655 655 655 656 656 656 683 683 683 655 655 655 683 683 683 682 682 682 656 656 656 657 657 657 684 684 684 656 656 656 684 684 684 683 683 683 657 657 657 658 658 658 685 685 685 657 657 657 685 685 685 684 684 684 658 658 658 659 659 659 686 686 686 658 658 658 686 686 686 685 685 685 659 659 659 660 660 660 687 687 687 659 659 659 687 687 687 686 686 686 660 660 660 661 661 661 688 688 688 660 660 660 688 688 688 687 687 687 661 661 661 662 662 662 689 689 689 661 661 661 689 689 689 688 688 688 662 662 662 663 663 663 690 690 690 662 662 662 690 690 690 689 689 689 663 663 663 664 664 664 691 691 691 663 663 663 691 691 691 690 690 690 664 664 664 665 665 665 692 692 692 664 664 664 692 692 692 691 691 691 665 665 665 666 666 666 693 693 693 665 665 665 693 693 693 692 692 692 666 666 666 667 667 667 694 694 694 666 666 666 694 694 694 693 693 693 667 667 667 668 668 668 695 695 695 667 667 667 695 695 695 694 694 694 669 669 669 670 670 670 697 697 697 669 669 669 697 697 697 696 696 696 670 670 670 671 671 671 698 698 698 670 670 670 698 698 698 697 697 697 671 671 671 672 672 672 699 699 699 671 671 671 699 699 699 698 698 698 672 672 672 673 673 673 700 700 700 672 672 672 700 700 700 699 699 699 673 673 673 674 674 674 701 701 701 673 673 673 701 701 701 700 700 700 674 674 674 675 675 675 702 702 702 674 674 674 702 702 702 701 701 701 675 675 675 676 676 676 703 703 703 675 675 675 703 703 703 702 702 702 676 676 676 677 677 677 704 704 704 676 676 676 704 704 704 703 703 703 677 677 677 678 678 678 705 705 705 677 677 677 705 705 705 704 704 704 678 678 678 679 679 679 706 706 706 678 678 678 706 706 706 705 705 705 679 679 679 680 680 680 707 707 707 679 679 679 707 707 707 706 706 706 680 680 680 681 681 681 708 708 708 680 680 680 708 708 708 707 707 707 681 681 681 682 682 682 709 709 709 681 681 681 709 709 709 708 708 708 682 682 682 683 683 683 710 710 710 682 682 682 710 710 710 709 709 709 683 683 683 684 684 684 711 711 711 683 683 683 711 711 711 710 710 710 684 684 684 685 685 685 712 712 712 684 684 684 712 712 712 711 711 711 685 685 685 686 686 686 713 713 713 685 685 685 713 713 713 712 712 712 686 686 686 687 687 687 714 714 714 686 686 686 714 714 714 713 713 713 687 687 687 688 688 688 715 715 715 687 687 687 715 715 715 714 714 714 688 688 688 689 689 689 716 716 716 688 688 688 716 716 716 715 715 715 689 689 689 690 690 690 717 717 717 689 689 689 717 717 717 716 716 716 690 690 690 691 691 691 718 718 718 690 690 690 718 718 718 717 717 717 691 691 691 692 692 692 719 719 719 691 691 691 719 719 719 718 718 718 692 692 692 693 693 693 720 720 720 692 692 692 720 720 720 719 719 719 693 693 693 694 694 694 721 721 721 693 693 693 721 721 721 720 720 720 694 694 694 695 695 695 722 722 722 694 694 694 722 722 722 721 721 721 696 696 696 697 697 697 724 724 724 696 696 696 724 724 724 723 723 723 697 697 697 698 698 698 725 725 725 697 697 697 725 725 725 724 724 724 698 698 698 699 699 699 726 726 726 698 698 698 726 726 726 725 725 725 699 699 699 700 700 700 727 727 727 699 699 699 727 727 727 726 726 726 700 700 700 701 701 701 728 728 728 700 700 700 728 728 728 727 727 727 701 701 701 702 702 702 729 729 729 701 701 701 729 729 729 728 728 728 702 702 702 703 703 703 730 730 730 702 702 702 730 730 730 729 729 729 703 703 703 704 704 704 731 731 731 703 703 703 731 731 731 730 730 730 704 704 704 705 705 705 732 732 732 704 704 704 732 732 732 731 731 731 705 705 705 706 706 706 733 733 733 705 705 705 733 733 733 732 732 732 706 706 706 707 707 707 734 734 734 706 706 706 734 734 734 733 733 733 707 707 707 708 708 708 735 735 735 707 707 707 735 735 735 734 734 734 708 708 708 709 709 709 736 736 736 708 708 708 736 736 736 735 735 735 709 709 709 710 710 710 737 737 737 709 709 709 737 737 737 736 736 736 710 710 710 711 711 711 738 738 738 710 710 710 738 738 738 737 737 737 711 711 711 712 712 712 739 739 739 711 711 711 739 739 739 738 738 738 712 712 712 713 713 713 740 740 740 712 712 712 740 740 740 739 739 739 713 713 713 714 714 714 741 741 741 713 713 713 741 741 741 740 740 740 714 714 714 715 715 715 742 742 742 714 714 714 742 742 742 741 741 741 715 715 715 716 716 716 743 743 743 715 715 715 743 743 743 742 742 742 716 716 716 717 717 717 744 744 744 716 716 716 744 744 744 743 743 743 717 717 717 718 718 718 745 745 745 717 717 717 745 745 745 744 744 744 718 718 718 719 719 719 746 746 746 718 718 718 746 746 746 745 745 745 719 719 719 720 720 720 747 747 747 719 719 719 747 747 747 746 746 746 720 720 720 721 721 721 748 748 748 720 720 720 748 748 748 747 747 747 721 721 721 722 722 722 749 749 749 721 721 721 749 749 749 748 748 748 723 723 723 724 724 724 751 751 751 723 723 723 751 751 751 750 750 750 724 724 724 725 725 725 752 752 752 724 724 724 752 752 752 751 751 751 725 725 725 726 726 726 753 753 753 725 725 725 753 753 753 752 752 752 726 726 726 727 727 727 754 754 754 726 726 726 754 754 754 753 753 753 727 727 727 728 728 728 755 755 755 727 727 727 755 755 755 754 754 754 728 728 728 729 729 729 756 756 756 728 728 728 756 756 756 755 755 755 729 729 729 730 730 730 757 757 757 729 729 729 757 757 757 756 756 756 730 730 730 731 731 731 758 758 758 730 730 730 758 758 758 757 757 757 731 731 731 732 732 732 759 759 759 731 731 731 759 759 759 758 758 758 732 732 732 733 733 733 760 760 760 732 732 732 760 760 760 759 759 759 733 733 733 734 734 734 761 761 761 733 733 733 761 761 761 760 760 760 734 734 734 735 735 735 762 762 762 734 734 734 762 762 762 761 761 761 735 735 735 736 736 736 763 763 763 735 735 735 763 763 763 762 762 762 736 736 736 737 737 737 764 764 764 736 736 736 764 764 764 763 763 763 737 737 737 738 738 738 765 765 765 737 737 737 765 765 765 764 764 764 738 738 738 739 739 739 766 766 766 738 738 738 766 766 766 765 765 765 739 739 739 740 740 740 767 767 767 739 739 739 767 767 767 766 766 766 740 740 740 741 741 741 768 768 768 740 740 740 768 768 768 767 767 767 741 741 741 742 742 742 769 769 769 741 741 741 769 769 769 768 768 768 742 742 742 743 743 743 770 770 770 742 742 742 770 770 770 769 769 769 743 743 743 744 744 744 771 771 771 743 743 743 771 771 771 770 770 770 744 744 744 745 745 745 772 772 772 744 744 744 772 772 772 771 771 771 745 745 745 746 746 746 773 773 773 745 745 745 773 773 773 772 772 772 746 746 746 747 747 747 774 774 774 746 746 746 774 774 774 773 773 773 747 747 747 748 748 748 775 775 775 747 747 747 775 775 775 774 774 774 748 748 748 749 749 749 776 776 776 748 748 748 776 776 776 775 775 775 750 750 750 751 751 751 778 778 778 750 750 750 778 778 778 777 777 777 751 751 751 752 752 752 779 779 779 751 751 751 779 779 779 778 778 778 752 752 752 753 753 753 780 780 780 752 752 752 780 780 780 779 779 779 753 753 753 754 754 754 781 781 781 753 753 753 781 781 781 780 780 780 754 754 754 755 755 755 782 782 782 754 754 754 782 782 782 781 781 781 755 755 755 756 756 756 783 783 783 755 755 755 783 783 783 782 782 782 756 756 756 757 757 757 784 784 784 756 756 756 784 784 784 783 783 783 757 757 757 758 758 758 785 785 785 757 757 757 785 785 785 784 784 784 758 758 758 759 759 759 786 786 786 758 758 758 786 786 786 785 785 785 759 759 759 760 760 760 787 787 787 759 759 759 787 787 787 786 786 786 760 760 760 761 761 761 788 788 788 760 760 760 788 788 788 787 787 787 761 761 761 762 762 762 789 789 789 761 761 761 789 789 789 788 788 788 762 762 762 763 763 763 790 790 790 762 762 762 790 790 790 789 789 789 763 763 763 764 764 764 791 791 791 763 763 763 791 791 791 790 790 790 764 764 764 765 765 765 792 792 792 764 764 764 792 792 792 791 791 791 765 765 765 766 766 766 793 793 793 765 765 765 793 793 793 792 792 792 766 766 766 767 767 767 794 794 794 766 766 766 794 794 794 793 793 793 767 767 767 768 768 768 795 795 795 767 767 767 795 795 795 794 794 794 768 768 768 769 769 769 796 796 796 768 768 768 796 796 796 795 795 795 769 769 769 770 770 770 797 797 797 769 769 769 797 797 797 796 796 796 770 770 770 771 771 771 798 798 798 770 770 770 798 798 798 797 797 797 771 771 771 772 772 772 799 799 799 771 771 771 799 799 799 798 798 798 772 772 772 773 773 773 800 800 800 772 772 772 800 800 800 799 799 799 773 773 773 774 774 774 801 801 801 773 773 773 801 801 801 800 800 800 774 774 774 775 775 775 802 802 802 774 774 774 802 802 802 801 801 801 775 775 775 776 776 776 803 803 803 775 775 775 803 803 803 802 802 802 777 777 777 778 778 778 805 805 805 777 777 777 805 805 805 804 804 804 778 778 778 779 779 779 806 806 806 778 778 778 806 806 806 805 805 805 779 779 779 780 780 780 807 807 807 779 779 779 807 807 807 806 806 806 780 780 780 781 781 781 808 808 808 780 780 780 808 808 808 807 807 807 781 781 781 782 782 782 809 809 809 781 781 781 809 809 809 808 808 808 782 782 782 783 783 783 810 810 810 782 782 782 810 810 810 809 809 809 783 783 783 784 784 784 811 811 811 783 783 783 811 811 811 810 810 810 784 784 784 785 785 785 812 812 812 784 784 784 812 812 812 811 811 811 785 785 785 786 786 786 813 813 813 785 785 785 813 813 813 812 812 812 786 786 786 787 787 787 814 814 814 786 786 786 814 814 814 813 813 813 787 787 787 788 788 788 815 815 815 787 787 787 815 815 815 814 814 814 788 788 788 789 789 789 816 816 816 788 788 788 816 816 816 815 815 815 789 789 789 790 790 790 817 817 817 789 789 789 817 817 817 816 816 816 790 790 790 791 791 791 818 818 818 790 790 790 818 818 818 817 817 817 791 791 791 792 792 792 819 819 819 791 791 791 819 819 819 818 818 818 792 792 792 793 793 793 820 820 820 792 792 792 820 820 820 819 819 819 793 793 793 794 794 794 821 821 821 793 793 793 821 821 821 820 820 820 794 794 794 795 795 795 822 822 822 794 794 794 822 822 822 821 821 821 795 795 795 796 796 796 823 823 823 795 795 795 823 823 823 822 822 822 796 796 796 797 797 797 824 824 824 796 796 796 824 824 824 823 823 823 797 797 797 798 798 798 825 825 825 797 797 797 825 825 825 824 824 824 798 798 798 799 799 799 826 826 826 798 798 798 826 826 826 825 825 825 799 799 799 800 800 800 827 827 827 799 799 799 827 827 827 826 826 826 800 800 800 801 801 801 828 828 828 800 800 800 828 828 828 827 827 827 801 801 801 802 802 802 829 829 829 801 801 801 829 829 829 828 828 828 802 802 802 803 803 803 830 830 830 802 802 802 830 830 830 829 829 829 804 804 804 805 805 805 832 832 832 804 804 804 832 832 832 831 831 831 805 805 805 806 806 806 833 833 833 805 805 805 833 833 833 832 832 832 806 806 806 807 807 807 834 834 834 806 806 806 834 834 834 833 833 833 807 807 807 808 808 808 835 835 835 807 807 807 835 835 835 834 834 834 808 808 808 809 809 809 836 836 836 808 808 808 836 836 836 835 835 835 809 809 809 810 810 810 837 837 837 809 809 809 837 837 837 836 836 836 810 810 810 811 811 811 838 838 838 810 810 810 838 838 838 837 837 837 811 811 811 812 812 812 839 839 839 811 811 811 839 839 839 838 838 838 812 812 812 813 813 813 840 840 840 812 812 812 840 840 840 839 839 839 813 813 813 814 814 814 841 841 841 813 813 813 841 841 841 840 840 840 814 814 814 815 815 815 842 842 842 814 814 814 842 842 842 841 841 841 815 815 815 816 816 816 843 843 843 815 815 815 843 843 843 842 842 842 816 816 816 817 817 817 844 844 844 816 816 816 844 844 844 843 843 843 817 817 817 818 818 818 845 845 845 817 817 817 845 845 845 844 844 844 818 818 818 819 819 819 846 846 846 818 818 818 846 846 846 845 845 845 819 819 819 820 820 820 847 847 847 819 819 819 847 847 847 846 846 846 820 820 820 821 821 821 848 848 848 820 820 820 848 848 848 847 847 847 821 821 821 822 822 822 849 849 849 821 821 821 849 849 849 848 848 848 822 822 822 823 823 823 850 850 850 822 822 822 850 850 850 849 849 849 823 823 823 824 824 824 851 851 851 823 823 823 851 851 851 850 850 850 824 824 824 825 825 825 852 852 852 824 824 824 852 852 852 851 851 851 825 825 825 826 826 826 853 853 853 825 825 825 853 853 853 852 852 852 826 826 826 827 827 827 854 854 854 826 826 826 854 854 854 853 853 853 827 827 827 828 828 828 855 855 855 827 827 827 855 855 855 854 854 854 828 828 828 829 829 829 856 856 856 828 828 828 856 856 856 855 855 855 829 829 829 830 830 830 857 857 857 829 829 829 857 857 857 856 856 856 831 831 831 832 832 832 859 859 859 831 831 831 859 859 859 858 858 858 832 832 832 833 833 833 860 860 860 832 832 832 860 860 860 859 859 859 833 833 833 834 834 834 861 861 861 833 833 833 861 861 861 860 860 860 834 834 834 835 835 835 862 862 862 834 834 834 862 862 862 861 861 861 835 835 835 836 836 836 863 863 863 835 835 835 863 863 863 862 862 862 836 836 836 837 837 837 864 864 864 836 836 836 864 864 864 863 863 863 837 837 837 838 838 838 865 865 865 837 837 837 865 865 865 864 864 864 838 838 838 839 839 839 866 866 866 838 838 838 866 866 866 865 865 865 839 839 839 840 840 840 867 867 867 839 839 839 867 867 867 866 866 866 840 840 840 841 841 841 868 868 868 840 840 840 868 868 868 867 867 867 841 841 841 842 842 842 869 869 869 841 841 841 869 869 869 868 868 868 842 842 842 843 843 843 870 870 870 842 842 842 870 870 870 869 869 869 843 843 843 844 844 844 871 871 871 843 843 843 871 871 871 870 870 870 844 844 844 845 845 845 872 872 872 844 844 844 872 872 872 871 871 871 845 845 845 846 846 846 873 873 873 845 845 845 873 873 873 872 872 872 846 846 846 847 847 847 874 874 874 846 846 846 874 874 874 873 873 873 847 847 847 848 848 848 875 875 875 847 847 847 875 875 875 874 874 874 848 848 848 849 849 849 876 876 876 848 848 848 876 876 876 875 875 875 849 849 849 850 850 850 877 877 877 849 849 849 877 877 877 876 876 876 850 850 850 851 851 851 878 878 878 850 850 850 878 878 878 877 877 877 851 851 851 852 852 852 879 879 879 851 851 851 879 879 879 878 878 878 852 852 852 853 853 853 880 880 880 852 852 852 880 880 880 879 879 879 853 853 853 854 854 854 881 881 881 853 853 853 881 881 881 880 880 880 854 854 854 855 855 855 882 882 882 854 854 854 882 882 882 881 881 881 855 855 855 856 856 856 883 883 883 855 855 855 883 883 883 882 882 882 856 856 856 857 857 857 884 884 884 856 856 856 884 884 884 883 883 883 858 858 858 859 859 859 886 886 886 858 858 858 886 886 886 885 885 885 859 859 859 860 860 860 887 887 887 859 859 859 887 887 887 886 886 886 860 860 860 861 861 861 888 888 888 860 860 860 888 888 888 887 887 887 861 861 861 862 862 862 889 889 889 861 861 861 889 889 889 888 888 888 862 862 862 863 863 863 890 890 890 862 862 862 890 890 890 889 889 889 863 863 863 864 864 864 891 891 891 863 863 863 891 891 891 890 890 890 864 864 864 865 865 865 892 892 892 864 864 864 892 892 892 891 891 891 865 865 865 866 866 866 893 893 893 865 865 865 893 893 893 892 892 892 866 866 866 867 867 867 894 894 894 866 866 866 894 894 894 893 893 893 867 867 867 868 868 868 895 895 895 867 867 867 895 895 895 894 894 894 868 868 868 869 869 869 896 896 896 868 868 868 896 896 896 895 895 895 869 869 869 870 870 870 897 897 897 869 869 869 897 897 897 896 896 896 870 870 870 871 871 871 898 898 898 870 870 870 898 898 898 897 897 897 871 871 871 872 872 872 899 899 899 871 871 871 899 899 899 898 898 898 872 872 872 873 873 873 900 900 900 872 872 872 900 900 900 899 899 899 873 873 873 874 874 874 901 901 901 873 873 873 901 901 901 900 900 900 874 874 874 875 875 875 902 902 902 874 874 874 902 902 902 901 901 901 875 875 875 876 876 876 903 903 903 875 875 875 903 903 903 902 902 902 876 876 876 877 877 877 904 904 904 876 876 876 904 904 904 903 903 903 877 877 877 878 878 878 905 905 905 877 877 877 905 905 905 904 904 904 878 878 878 879 879 879 906 906 906 878 878 878 906 906 906 905 905 905 879 879 879 880 880 880 907 907 907 879 879 879 907 907 907 906 906 906 880 880 880 881 881 881 908 908 908 880 880 880 908 908 908 907 907 907 881 881 881 882 882 882 909 909 909 881 881 881 909 909 909 908 908 908 882 882 882 883 883 883 910 910 910 882 882 882 910 910 910 909 909 909 883 883 883 884 884 884 911 911 911 883 883 883 911 911 911 910 910 910 885 885 885 886 886 886 913 913 913 885 885 885 913 913 913 912 912 912 886 886 886 887 887 887 914 914 914 886 886 886 914 914 914 913 913 913 887 887 887 888 888 888 915 915 915 887 887 887 915 915 915 914 914 914 888 888 888 889 889 889 916 916 916 888 888 888 916 916 916 915 915 915 889 889 889 890 890 890 917 917 917 889 889 889 917 917 917 916 916 916 890 890 890 891 891 891 918 918 918 890 890 890 918 918 918 917 917 917 891 891 891 892 892 892 919 919 919 891 891 891 919 919 919 918 918 918 892 892 892 893 893 893 920 920 920 892 892 892 920 920 920 919 919 919 893 893 893 894 894 894 921 921 921 893 893 893 921 921 921 920 920 920 894 894 894 895 895 895 922 922 922 894 894 894 922 922 922 921 921 921 895 895 895 896 896 896 923 923 923 895 895 895 923 923 923 922 922 922 896 896 896 897 897 897 924 924 924 896 896 896 924 924 924 923 923 923 897 897 897 898 898 898 925 925 925 897 897 897 925 925 925 924 924 924 898 898 898 899 899 899 926 926 926 898 898 898 926 926 926 925 925 925 899 899 899 900 900 900 927 927 927 899 899 899 927 927 927 926 926 926 900 900 900 901 901 901 928 928 928 900 900 900 928 928 928 927 927 927 901 901 901 902 902 902 929 929 929 901 901 901 929 929 929 928 928 928 902 902 902 903 903 903 930 930 930 902 902 902 930 930 930 929 929 929 903 903 903 904 904 904 931 931 931 903 903 903 931 931 931 930 930 930 904 904 904 905 905 905 932 932 932 904 904 904 932 932 932 931 931 931 905 905 905 906 906 906 933 933 933 905 905 905 933 933 933 932 932 932 906 906 906 907 907 907 934 934 934 906 906 906 934 934 934 933 933 933 907 907 907 908 908 908 935 935 935 907 907 907 935 935 935 934 934 934 908 908 908 909 909 909 936 936 936 908 908 908 936 936 936 935 935 935 909 909 909 910 910 910 937 937 937 909 909 909 937 937 937 936 936 936 910 910 910 911 911 911 938 938 938 910 910 910 938 938 938 937 937 937 912 912 912 913 913 913 940 940 940 912 912 912 940 940 940 939 939 939 913 913 913 914 914 914 941 941 941 913 913 913 941 941 941 940 940 940 914 914 914 915 915 915 942 942 942 914 914 914 942 942 942 941 941 941 915 915 915 916 916 916 943 943 943 915 915 915 943 943 943 942 942 942 916 916 916 917 917 917 944 944 944 916 916 916 944 944 944 943 943 943 917 917 917 918 918 918 945 945 945 917 917 917 945 945 945 944 944 944 918 918 918 919 919 919 946 946 946 918 918 918 946 946 946 945 945 945 919 919 919 920 920 920 947 947 947 919 919 919 947 947 947 946 946 946 920 920 920 921 921 921 948 948 948 920 920 920 948 948 948 947 947 947 921 921 921 922 922 922 949 949 949 921 921 921 949 949 949 948 948 948 922 922 922 923 923 923 950 950 950 922 922 922 950 950 950 949 949 949 923 923 923 924 924 924 951 951 951 923 923 923 951 951 951 950 950 950 924 924 924 925 925 925 952 952 952 924 924 924 952 952 952 951 951 951 925 925 925 926 926 926 953 953 953 925 925 925 953 953 953 952 952 952 926 926 926 927 927 927 954 954 954 926 926 926 954 954 954 953 953 953 927 927 927 928 928 928 955 955 955 927 927 927 955 955 955 954 954 954 928 928 928 929 929 929 956 956 956 928 928 928 956 956 956 955 955 955 929 929 929 930 930 930 957 957 957 929 929 929 957 957 957 956 956 956 930 930 930 931 931 931 958 958 958 930 930 930 958 958 958 957 957 957 931 931 931 932 932 932 959 959 959 931 931 931 959 959 959 958 958 958 932 932 932 933 933 933 960 960 960 932 932 932 960 960 960 959 959 959 933 933 933 934 934 934 961 961 961 933 933 933 961 961 961 960 960 960 934 934 934 935 935 935 962 962 962 934 934 934 962 962 962 961 961 961 935 935 935 936 936 936 963 963 963 935 935 935 963 963 963 962 962 962 936 936 936 937 937 937 964 964 964 936 936 936 964 964 964 963 963 963 937 937 937 938 938 938 965 965 965 937 937 937 965 965 965 964 964 964 939 939 939 940 940 940 967 967 967 939 939 939 967 967 967 966 966 966 940 940 940 941 941 941 968 968 968 940 940 940 968 968 968 967 967 967 941 941 941 942 942 942 969 969 969 941 941 941 969 969 969 968 968 968 942 942 942 943 943 943 970 970 970 942 942 942 970 970 970 969 969 969 943 943 943 944 944 944 971 971 971 943 943 943 971 971 971 970 970 970 944 944 944 945 945 945 972 972 972 944 944 944 972 972 972 971 971 971 945 945 945 946 946 946 973 973 973 945 945 945 973 973 973 972 972 972 946 946 946 947 947 947 974 974 974 946 946 946 974 974 974 973 973 973 947 947 947 948 948 948 975 975 975 947 947 947 975 975 975 974 974 974 948 948 948 949 949 949 976 976 976 948 948 948 976 976 976 975 975 975 949 949 949 950 950 950 977 977 977 949 949 949 977 977 977 976 976 976 950 950 950 951 951 951 978 978 978 950 950 950 978 978 978 977 977 977 951 951 951 952 952 952 979 979 979 951 951 951 979 979 979 978 978 978 952 952 952 953 953 953 980 980 980 952 952 952 980 980 980 979 979 979 953 953 953 954 954 954 981 981 981 953 953 953 981 981 981 980 980 980 954 954 954 955 955 955 982 982 982 954 954 954 982 982 982 981 981 981 955 955 955 956 956 956 983 983 983 955 955 955 983 983 983 982 982 982 956 956 956 957 957 957 984 984 984 956 956 956 984 984 984 983 983 983 957 957 957 958 958 958 985 985 985 957 957 957 985 985 985 984 984 984 958 958 958 959 959 959 986 986 986 958 958 958 986 986 986 985 985 985 959 959 959 960 960 960 987 987 987 959 959 959 987 987 987 986 986 986 960 960 960 961 961 961 988 988 988 960 960 960 988 988 988 987 987 987 961 961 961 962 962 962 989 989 989 961 961 961 989 989 989 988 988 988 962 962 962 963 963 963 990 990 990 962 962 962 990 990 990 989 989 989 963 963 963 964 964 964 991 991 991 963 963 963 991 991 991 990 990 990 964 964 964 965 965 965 992 992 992 964 964 964 992 992 992 991 991 991 966 966 966 967 967 967 994 994 994 966 966 966 994 994 994 993 993 993 967 967 967 968 968 968 995 995 995 967 967 967 995 995 995 994 994 994 968 968 968 969 969 969 996 996 996 968 968 968 996 996 996 995 995 995 969 969 969 970 970 970 997 997 997 969 969 969 997 997 997 996 996 996 970 970 970 971 971 971 998 998 998 970 970 970 998 998 998 997 997 997 971 971 971 972 972 972 999 999 999 971 971 971 999 999 999 998 998 998 972 972 972 973 973 973 1000 1000 1000 972 972 972 1000 1000 1000 999 999 999 973 973 973 974 974 974 1001 1001 1001 973 973 973 1001 1001 1001 1000 1000 1000 974 974 974 975 975 975 1002 1002 1002 974 974 974 1002 1002 1002 1001 1001 1001 975 975 975 976 976 976 1003 1003 1003 975 975 975 1003 1003 1003 1002 1002 1002 976 976 976 977 977 977 1004 1004 1004 976 976 976 1004 1004 1004 1003 1003 1003 977 977 977 978 978 978 1005 1005 1005 977 977 977 1005 1005 1005 1004 1004 1004 978 978 978 979 979 979 1006 1006 1006 978 978 978 1006 1006 1006 1005 1005 1005 979 979 979 980 980 980 1007 1007 1007 979 979 979 1007 1007 1007 1006 1006 1006 980 980 980 981 981 981 1008 1008 1008 980 980 980 1008 1008 1008 1007 1007 1007 981 981 981 982 982 982 1009 1009 1009 981 981 981 1009 1009 1009 1008 1008 1008 982 982 982 983 983 983 1010 1010 1010 982 982 982 1010 1010 1010 1009 1009 1009 983 983 983 984 984 984 1011 1011 1011 983 983 983 1011 1011 1011 1010 1010 1010 984 984 984 985 985 985 1012 1012 1012 984 984 984 1012 1012 1012 1011 1011 1011 985 985 985 986 986 986 1013 1013 1013 985 985 985 1013 1013 1013 1012 1012 1012 986 986 986 987 987 987 1014 1014 1014 986 986 986 1014 1014 1014 1013 1013 1013 987 987 987 988 988 988 1015 1015 1015 987 987 987 1015 1015 1015 1014 1014 1014 988 988 988 989 989 989 1016 1016 1016 988 988 988 1016 1016 1016 1015 1015 1015 989 989 989 990 990 990 1017 1017 1017 989 989 989 1017 1017 1017 1016 1016 1016 990 990 990 991 991 991 1018 1018 1018 990 990 990 1018 1018 1018 1017 1017 1017 991 991 991 992 992 992 1019 1019 1019 991 991 991 1019 1019 1019 1018 1018 1018 993 993 993 994 994 994 1021 1021 1021 993 993 993 1021 1021 1021 1020 1020 1020 994 994 994 995 995 995 1022 1022 1022 994 994 994 1022 1022 1022 1021 1021 1021 995 995 995 996 996 996 1023 1023 1023 995 995 995 1023 1023 1023 1022 1022 1022 996 996 996 997 997 997 1024 1024 1024 996 996 996 1024 1024 1024 1023 1023 1023 997 997 997 998 998 998 1025 1025 1025 997 997 997 1025 1025 1025 1024 1024 1024 998 998 998 999 999 999 1026 1026 1026 998 998 998 1026 1026 1026 1025 1025 1025 999 999 999 1000 1000 1000 1027 1027 1027 999 999 999 1027 1027 1027 1026 1026 1026 1000 1000 1000 1001 1001 1001 1028 1028 1028 1000 1000 1000 1028 1028 1028 1027 1027 1027 1001 1001 1001 1002 1002 1002 1029 1029 1029 1001 1001 1001 1029 1029 1029 1028 1028 1028 1002 1002 1002 1003 1003 1003 1030 1030 1030 1002 1002 1002 1030 1030 1030 1029 1029 1029 1003 1003 1003 1004 1004 1004 1031 1031 1031 1003 1003 1003 1031 1031 1031 1030 1030 1030 1004 1004 1004 1005 1005 1005 1032 1032 1032 1004 1004 1004 1032 1032 1032 1031 1031 1031 1005 1005 1005 1006 1006 1006 1033 1033 1033 1005 1005 1005 1033 1033 1033 1032 1032 1032 1006 1006 1006 1007 1007 1007 1034 1034 1034 1006 1006 1006 1034 1034 1034 1033 1033 1033 1007 1007 1007 1008 1008 1008 1035 1035 1035 1007 1007 1007 1035 1035 1035 1034 1034 1034 1008 1008 1008 1009 1009 1009 1036 1036 1036 1008 1008 1008 1036 1036 1036 1035 1035 1035 1009 1009 1009 1010 1010 1010 1037 1037 1037 1009 1009 1009 1037 1037 1037 1036 1036 1036 1010 1010 1010 1011 1011 1011 1038 1038 1038 1010 1010 1010 1038 1038 1038 1037 1037 1037 1011 1011 1011 1012 1012 1012 1039 1039 1039 1011 1011 1011 1039 1039 1039 1038 1038 1038 1012 1012 1012 1013 1013 1013 1040 1040 1040 1012 1012 1012 1040 1040 1040 1039 1039 1039 1013 1013 1013 1014 1014 1014 1041 1041 1041 1013 1013 1013 1041 1041 1041 1040 1040 1040 1014 1014 1014 1015 1015 1015 1042 1042 1042 1014 1014 1014 1042 1042 1042 1041 1041 1041 1015 1015 1015 1016 1016 1016 1043 1043 1043 1015 1015 1015 1043 1043 1043 1042 1042 1042 1016 1016 1016 1017 1017 1017 1044 1044 1044 1016 1016 1016 1044 1044 1044 1043 1043 1043 1017 1017 1017 1018 1018 1018 1045 1045 1045 1017 1017 1017 1045 1045 1045 1044 1044 1044 1018 1018 1018 1019 1019 1019 1046 1046 1046 1018 1018 1018 1046 1046 1046 1045 1045 1045 1020 1020 1020 1021 1021 1021 1048 1048 1048 1020 1020 1020 1048 1048 1048 1047 1047 1047 1021 1021 1021 1022 1022 1022 1049 1049 1049 1021 1021 1021 1049 1049 1049 1048 1048 1048 1022 1022 1022 1023 1023 1023 1050 1050 1050 1022 1022 1022 1050 1050 1050 1049 1049 1049 1023 1023 1023 1024 1024 1024 1051 1051 1051 1023 1023 1023 1051 1051 1051 1050 1050 1050 1024 1024 1024 1025 1025 1025 1052 1052 1052 1024 1024 1024 1052 1052 1052 1051 1051 1051 1025 1025 1025 1026 1026 1026 1053 1053 1053 1025 1025 1025 1053 1053 1053 1052 1052 1052 1026 1026 1026 1027 1027 1027 1054 1054 1054 1026 1026 1026 1054 1054 1054 1053 1053 1053 1027 1027 1027 1028 1028 1028 1055 1055 1055 1027 1027 1027 1055 1055 1055 1054 1054 1054 1028 1028 1028 1029 1029 1029 1056 1056 1056 1028 1028 1028 1056 1056 1056 1055 1055 1055 1029 1029 1029 1030 1030 1030 1057 1057 1057 1029 1029 1029 1057 1057 1057 1056 1056 1056 1030 1030 1030 1031 1031 1031 1058 1058 1058 1030 1030 1030 1058 1058 1058 1057 1057 1057 1031 1031 1031 1032 1032 1032 1059 1059 1059 1031 1031 1031 1059 1059 1059 1058 1058 1058 1032 1032 1032 1033 1033 1033 1060 1060 1060 1032 1032 1032 1060 1060 1060 1059 1059 1059 1033 1033 1033 1034 1034 1034 1061 1061 1061 1033 1033 1033 1061 1061 1061 1060 1060 1060 1034 1034 1034 1035 1035 1035 1062 1062 1062 1034 1034 1034 1062 1062 1062 1061 1061 1061 1035 1035 1035 1036 1036 1036 1063 1063 1063 1035 1035 1035 1063 1063 1063 1062 1062 1062 1036 1036 1036 1037 1037 1037 1064 1064 1064 1036 1036 1036 1064 1064 1064 1063 1063 1063 1037 1037 1037 1038 1038 1038 1065 1065 1065 1037 1037 1037 1065 1065 1065 1064 1064 1064 1038 1038 1038 1039 1039 1039 1066 1066 1066 1038 1038 1038 1066 1066 1066 1065 1065 1065 1039 1039 1039 1040 1040 1040 1067 1067 1067 1039 1039 1039 1067 1067 1067 1066 1066 1066 1040 1040 1040 1041 1041 1041 1068 1068 1068 1040 1040 1040 1068 1068 1068 1067 1067 1067 1041 1041 1041 1042 1042 1042 1069 1069 1069 1041 1041 1041 1069 1069 1069 1068 1068 1068 1042 1042 1042 1043 1043 1043 1070 1070 1070 1042 1042 1042 1070 1070 1070 1069 1069 1069 1043 1043 1043 1044 1044 1044 1071 1071 1071 1043 1043 1043 1071 1071 1071 1070 1070 1070 1044 1044 1044 1045 1045 1045 1072 1072 1072 1044 1044 1044 1072 1072 1072 1071 1071 1071 1045 1045 1045 1046 1046 1046 1073 1073 1073 1045 1045 1045 1073 1073 1073 1072 1072 1072 1047 1047 1047 1048 1048 1048 1075 1075 1075 1047 1047 1047 1075 1075 1075 1074 1074 1074 1048 1048 1048 1049 1049 1049 1076 1076 1076 1048 1048 1048 1076 1076 1076 1075 1075 1075 1049 1049 1049 1050 1050 1050 1077 1077 1077 1049 1049 1049 1077 1077 1077 1076 1076 1076 1050 1050 1050 1051 1051 1051 1078 1078 1078 1050 1050 1050 1078 1078 1078 1077 1077 1077 1051 1051 1051 1052 1052 1052 1079 1079 1079 1051 1051 1051 1079 1079 1079 1078 1078 1078 1052 1052 1052 1053 1053 1053 1080 1080 1080 1052 1052 1052 1080 1080 1080 1079 1079 1079 1053 1053 1053 1054 1054 1054 1081 1081 1081 1053 1053 1053 1081 1081 1081 1080 1080 1080 1054 1054 1054 1055 1055 1055 1082 1082 1082 1054 1054 1054 1082 1082 1082 1081 1081 1081 1055 1055 1055 1056 1056 1056 1083 1083 1083 1055 1055 1055 1083 1083 1083 1082 1082 1082 1056 1056 1056 1057 1057 1057 1084 1084 1084 1056 1056 1056 1084 1084 1084 1083 1083 1083 1057 1057 1057 1058 1058 1058 1085 1085 1085 1057 1057 1057 1085 1085 1085 1084 1084 1084 1058 1058 1058 1059 1059 1059 1086 1086 1086 1058 1058 1058 1086 1086 1086 1085 1085 1085 1059 1059 1059 1060 1060 1060 1087 1087 1087 1059 1059 1059 1087 1087 1087 1086 1086 1086 1060 1060 1060 1061 1061 1061 1088 1088 1088 1060 1060 1060 1088 1088 1088 1087 1087 1087 1061 1061 1061 1062 1062 1062 1089 1089 1089 1061 1061 1061 1089 1089 1089 1088 1088 1088 1062 1062 1062 1063 1063 1063 1090 1090 1090 1062 1062 1062 1090 1090 1090 1089 1089 1089 1063 1063 1063 1064 1064 1064 1091 1091 1091 1063 1063 1063 1091 1091 1091 1090 1090 1090 1064 1064 1064 1065 1065 1065 1092 1092 1092 1064 1064 1064 1092 1092 1092 1091 1091 1091 1065 1065 1065 1066 1066 1066 1093 1093 1093 1065 1065 1065 1093 1093 1093 1092 1092 1092 1066 1066 1066 1067 1067 1067 1094 1094 1094 1066 1066 1066 1094 1094 1094 1093 1093 1093 1067 1067 1067 1068 1068 1068 1095 1095 1095 1067 1067 1067 1095 1095 1095 1094 1094 1094 1068 1068 1068 1069 1069 1069 1096 1096 1096 1068 1068 1068 1096 1096 1096 1095 1095 1095 1069 1069 1069 1070 1070 1070 1097 1097 1097 1069 1069 1069 1097 1097 1097 1096 1096 1096 1070 1070 1070 1071 1071 1071 1098 1098 1098 1070 1070 1070 1098 1098 1098 1097 1097 1097 1071 1071 1071 1072 1072 1072 1099 1099 1099 1071 1071 1071 1099 1099 1099 1098 1098 1098 1072 1072 1072 1073 1073 1073 1100 1100 1100 1072 1072 1072 1100 1100 1100 1099 1099 1099 1074 1074 1074 1075 1075 1075 1102 1102 1102 1074 1074 1074 1102 1102 1102 1101 1101 1101 1075 1075 1075 1076 1076 1076 1103 1103 1103 1075 1075 1075 1103 1103 1103 1102 1102 1102 1076 1076 1076 1077 1077 1077 1104 1104 1104 1076 1076 1076 1104 1104 1104 1103 1103 1103 1077 1077 1077 1078 1078 1078 1105 1105 1105 1077 1077 1077 1105 1105 1105 1104 1104 1104 1078 1078 1078 1079 1079 1079 1106 1106 1106 1078 1078 1078 1106 1106 1106 1105 1105 1105 1079 1079 1079 1080 1080 1080 1107 1107 1107 1079 1079 1079 1107 1107 1107 1106 1106 1106 1080 1080 1080 1081 1081 1081 1108 1108 1108 1080 1080 1080 1108 1108 1108 1107 1107 1107 1081 1081 1081 1082 1082 1082 1109 1109 1109 1081 1081 1081 1109 1109 1109 1108 1108 1108 1082 1082 1082 1083 1083 1083 1110 1110 1110 1082 1082 1082 1110 1110 1110 1109 1109 1109 1083 1083 1083 1084 1084 1084 1111 1111 1111 1083 1083 1083 1111 1111 1111 1110 1110 1110 1084 1084 1084 1085 1085 1085 1112 1112 1112 1084 1084 1084 1112 1112 1112 1111 1111 1111 1085 1085 1085 1086 1086 1086 1113 1113 1113 1085 1085 1085 1113 1113 1113 1112 1112 1112 1086 1086 1086 1087 1087 1087 1114 1114 1114 1086 1086 1086 1114 1114 1114 1113 1113 1113 1087 1087 1087 1088 1088 1088 1115 1115 1115 1087 1087 1087 1115 1115 1115 1114 1114 1114 1088 1088 1088 1089 1089 1089 1116 1116 1116 1088 1088 1088 1116 1116 1116 1115 1115 1115 1089 1089 1089 1090 1090 1090 1117 1117 1117 1089 1089 1089 1117 1117 1117 1116 1116 1116 1090 1090 1090 1091 1091 1091 1118 1118 1118 1090 1090 1090 1118 1118 1118 1117 1117 1117 1091 1091 1091 1092 1092 1092 1119 1119 1119 1091 1091 1091 1119 1119 1119 1118 1118 1118 1092 1092 1092 1093 1093 1093 1120 1120 1120 1092 1092 1092 1120 1120 1120 1119 1119 1119 1093 1093 1093 1094 1094 1094 1121 1121 1121 1093 1093 1093 1121 1121 1121 1120 1120 1120 1094 1094 1094 1095 1095 1095 1122 1122 1122 1094 1094 1094 1122 1122 1122 1121 1121 1121 1095 1095 1095 1096 1096 1096 1123 1123 1123 1095 1095 1095 1123 1123 1123 1122 1122 1122 1096 1096 1096 1097 1097 1097 1124 1124 1124 1096 1096 1096 1124 1124 1124 1123 1123 1123 1097 1097 1097 1098 1098 1098 1125 1125 1125 1097 1097 1097 1125 1125 1125 1124 1124 1124 1098 1098 1098 1099 1099 1099 1126 1126 1126 1098 1098 1098 1126 1126 1126 1125 1125 1125 1099 1099 1099 1100 1100 1100 1127 1127 1127 1099 1099 1099 1127 1127 1127 1126 1126 1126 1101 1101 1101 1102 1102 1102 1129 1129 1129 1101 1101 1101 1129 1129 1129 1128 1128 1128 1102 1102 1102 1103 1103 1103 1130 1130 1130 1102 1102 1102 1130 1130 1130 1129 1129 1129 1103 1103 1103 1104 1104 1104 1131 1131 1131 1103 1103 1103 1131 1131 1131 1130 1130 1130 1104 1104 1104 1105 1105 1105 1132 1132 1132 1104 1104 1104 1132 1132 1132 1131 1131 1131 1105 1105 1105 1106 1106 1106 1133 1133 1133 1105 1105 1105 1133 1133 1133 1132 1132 1132 1106 1106 1106 1107 1107 1107 1134 1134 1134 1106 1106 1106 1134 1134 1134 1133 1133 1133 1107 1107 1107 1108 1108 1108 1135 1135 1135 1107 1107 1107 1135 1135 1135 1134 1134 1134 1108 1108 1108 1109 1109 1109 1136 1136 1136 1108 1108 1108 1136 1136 1136 1135 1135 1135 1109 1109 1109 1110 1110 1110 1137 1137 1137 1109 1109 1109 1137 1137 1137 1136 1136 1136 1110 1110 1110 1111 1111 1111 1138 1138 1138 1110 1110 1110 1138 1138 1138 1137 1137 1137 1111 1111 1111 1112 1112 1112 1139 1139 1139 1111 1111 1111 1139 1139 1139 1138 1138 1138 1112 1112 1112 1113 1113 1113 1140 1140 1140 1112 1112 1112 1140 1140 1140 1139 1139 1139 1113 1113 1113 1114 1114 1114 1141 1141 1141 1113 1113 1113 1141 1141 1141 1140 1140 1140 1114 1114 1114 1115 1115 1115 1142 1142 1142 1114 1114 1114 1142 1142 1142 1141 1141 1141 1115 1115 1115 1116 1116 1116 1143 1143 1143 1115 1115 1115 1143 1143 1143 1142 1142 1142 1116 1116 1116 1117 1117 1117 1144 1144 1144 1116 1116 1116 1144 1144 1144 1143 1143 1143 1117 1117 1117 1118 1118 1118 1145 1145 1145 1117 1117 1117 1145 1145 1145 1144 1144 1144 1118 1118 1118 1119 1119 1119 1146 1146 1146 1118 1118 1118 1146 1146 1146 1145 1145 1145 1119 1119 1119 1120 1120 1120 1147 1147 1147 1119 1119 1119 1147 1147 1147 1146 1146 1146 1120 1120 1120 1121 1121 1121 1148 1148 1148 1120 1120 1120 1148 1148 1148 1147 1147 1147 1121 1121 1121 1122 1122 1122 1149 1149 1149 1121 1121 1121 1149 1149 1149 1148 1148 1148 1122 1122 1122 1123 1123 1123 1150 1150 1150 1122 1122 1122 1150 1150 1150 1149 1149 1149 1123 1123 1123 1124 1124 1124 1151 1151 1151 1123 1123 1123 1151 1151 1151 1150 1150 1150 1124 1124 1124 1125 1125 1125 1152 1152 1152 1124 1124 1124 1152 1152 1152 1151 1151 1151 1125 1125 1125 1126 1126 1126 1153 1153 1153 1125 1125 1125 1153 1153 1153 1152 1152 1152 1126 1126 1126 1127 1127 1127 1154 1154 1154 1126 1126 1126 1154 1154 1154 1153 1153 1153 1128 1128 1128 1129 1129 1129 1156 1156 1156 1128 1128 1128 1156 1156 1156 1155 1155 1155 1129 1129 1129 1130 1130 1130 1157 1157 1157 1129 1129 1129 1157 1157 1157 1156 1156 1156 1130 1130 1130 1131 1131 1131 1158 1158 1158 1130 1130 1130 1158 1158 1158 1157 1157 1157 1131 1131 1131 1132 1132 1132 1159 1159 1159 1131 1131 1131 1159 1159 1159 1158 1158 1158 1132 1132 1132 1133 1133 1133 1160 1160 1160 1132 1132 1132 1160 1160 1160 1159 1159 1159 1133 1133 1133 1134 1134 1134 1161 1161 1161 1133 1133 1133 1161 1161 1161 1160 1160 1160 1134 1134 1134 1135 1135 1135 1162 1162 1162 1134 1134 1134 1162 1162 1162 1161 1161 1161 1135 1135 1135 1136 1136 1136 1163 1163 1163 1135 1135 1135 1163 1163 1163 1162 1162 1162 1136 1136 1136 1137 1137 1137 1164 1164 1164 1136 1136 1136 1164 1164 1164 1163 1163 1163 1137 1137 1137 1138 1138 1138 1165 1165 1165 1137 1137 1137 1165 1165 1165 1164 1164 1164 1138 1138 1138 1139 1139 1139 1166 1166 1166 1138 1138 1138 1166 1166 1166 1165 1165 1165 1139 1139 1139 1140 1140 1140 1167 1167 1167 1139 1139 1139 1167 1167 1167 1166 1166 1166 1140 1140 1140 1141 1141 1141 1168 1168 1168 1140 1140 1140 1168 1168 1168 1167 1167 1167 1141 1141 1141 1142 1142 1142 1169 1169 1169 1141 1141 1141 1169 1169 1169 1168 1168 1168 1142 1142 1142 1143 1143 1143 1170 1170 1170 1142 1142 1142 1170 1170 1170 1169 1169 1169 1143 1143 1143 1144 1144 1144 1171 1171 1171 1143 1143 1143 1171 1171 1171 1170 1170 1170 1144 1144 1144 1145 1145 1145 1172 1172 1172 1144 1144 1144 1172 1172 1172 1171 1171 1171 1145 1145 1145 1146 1146 1146 1173 1173 1173 1145 1145 1145 1173 1173 1173 1172 1172 1172 1146 1146 1146 1147 1147 1147 1174 1174 1174 1146 1146 1146 1174 1174 1174 1173 1173 1173 1147 1147 1147 1148 1148 1148 1175 1175 1175 1147 1147 1147 1175 1175 1175 1174 1174 1174 1148 1148 1148 1149 1149 1149 1176 1176 1176 1148 1148 1148 1176 1176 1176 1175 1175 1175 1149 1149 1149 1150 1150 1150 1177 1177 1177 1149 1149 1149 1177 1177 1177 1176 1176 1176 1150 1150 1150 1151 1151 1151 1178 1178 1178 1150 1150 1150 1178 1178 1178 1177 1177 1177 1151 1151 1151 1152 1152 1152 1179 1179 1179 1151 1151 1151 1179 1179 1179 1178 1178 1178 1152 1152 1152 1153 1153 1153 1180 1180 1180 1152 1152 1152 1180 1180 1180 1179 1179 1179 1153 1153 1153 1154 1154 1154 1181 1181 1181 1153 1153 1153 1181 1181 1181 1180 1180 1180 1155 1155 1155 1156 1156 1156 1183 1183 1183 1155 1155 1155 1183 1183 1183 1182 1182 1182 1156 1156 1156 1157 1157 1157 1184 1184 1184 1156 1156 1156 1184 1184 1184 1183 1183 1183 1157 1157 1157 1158 1158 1158 1185 1185 1185 1157 1157 1157 1185 1185 1185 1184 1184 1184 1158 1158 1158 1159 1159 1159 1186 1186 1186 1158 1158 1158 1186 1186 1186 1185 1185 1185 1159 1159 1159 1160 1160 1160 1187 1187 1187 1159 1159 1159 1187 1187 1187 1186 1186 1186 1160 1160 1160 1161 1161 1161 1188 1188 1188 1160 1160 1160 1188 1188 1188 1187 1187 1187 1161 1161 1161 1162 1162 1162 1189 1189 1189 1161 1161 1161 1189 1189 1189 1188 1188 1188 1162 1162 1162 1163 1163 1163 1190 1190 1190 1162 1162 1162 1190 1190 1190 1189 1189 1189 1163 1163 1163 1164 1164 1164 1191 1191 1191 1163 1163 1163 1191 1191 1191 1190 1190 1190 1164 1164 1164 1165 1165 1165 1192 1192 1192 1164 1164 1164 1192 1192 1192 1191 1191 1191 1165 1165 1165 1166 1166 1166 1193 1193 1193 1165 1165 1165 1193 1193 1193 1192 1192 1192 1166 1166 1166 1167 1167 1167 1194 1194 1194 1166 1166 1166 1194 1194 1194 1193 1193 1193 1167 1167 1167 1168 1168 1168 1195 1195 1195 1167 1167 1167 1195 1195 1195 1194 1194 1194 1168 1168 1168 1169 1169 1169 1196 1196 1196 1168 1168 1168 1196 1196 1196 1195 1195 1195 1169 1169 1169 1170 1170 1170 1197 1197 1197 1169 1169 1169 1197 1197 1197 1196 1196 1196 1170 1170 1170 1171 1171 1171 1198 1198 1198 1170 1170 1170 1198 1198 1198 1197 1197 1197 1171 1171 1171 1172 1172 1172 1199 1199 1199 1171 1171 1171 1199 1199 1199 1198 1198 1198 1172 1172 1172 1173 1173 1173 1200 1200 1200 1172 1172 1172 1200 1200 1200 1199 1199 1199 1173 1173 1173 1174 1174 1174 1201 1201 1201 1173 1173 1173 1201 1201 1201 1200 1200 1200 1174 1174 1174 1175 1175 1175 1202 1202 1202 1174 1174 1174 1202 1202 1202 1201 1201 1201 1175 1175 1175 1176 1176 1176 1203 1203 1203 1175 1175 1175 1203 1203 1203 1202 1202 1202 1176 1176 1176 1177 1177 1177 1204 1204 1204 1176 1176 1176 1204 1204 1204 1203 1203 1203 1177 1177 1177 1178 1178 1178 1205 1205 1205 1177 1177 1177 1205 1205 1205 1204 1204 1204 1178 1178 1178 1179 1179 1179 1206 1206 1206 1178 1178 1178 1206 1206 1206 1205 1205 1205 1179 1179 1179 1180 1180 1180 1207 1207 1207 1179 1179 1179 1207 1207 1207 1206 1206 1206 1180 1180 1180 1181 1181 1181 1208 1208 1208 1180 1180 1180 1208 1208 1208 1207 1207 1207 1182 1182 1182 1183 1183 1183 1210 1210 1210 1182 1182 1182 1210 1210 1210 1209 1209 1209 1183 1183 1183 1184 1184 1184 1211 1211 1211 1183 1183 1183 1211 1211 1211 1210 1210 1210 1184 1184 1184 1185 1185 1185 1212 1212 1212 1184 1184 1184 1212 1212 1212 1211 1211 1211 1185 1185 1185 1186 1186 1186 1213 1213 1213 1185 1185 1185 1213 1213 1213 1212 1212 1212 1186 1186 1186 1187 1187 1187 1214 1214 1214 1186 1186 1186 1214 1214 1214 1213 1213 1213 1187 1187 1187 1188 1188 1188 1215 1215 1215 1187 1187 1187 1215 1215 1215 1214 1214 1214 1188 1188 1188 1189 1189 1189 1216 1216 1216 1188 1188 1188 1216 1216 1216 1215 1215 1215 1189 1189 1189 1190 1190 1190 1217 1217 1217 1189 1189 1189 1217 1217 1217 1216 1216 1216 1190 1190 1190 1191 1191 1191 1218 1218 1218 1190 1190 1190 1218 1218 1218 1217 1217 1217 1191 1191 1191 1192 1192 1192 1219 1219 1219 1191 1191 1191 1219 1219 1219 1218 1218 1218 1192 1192 1192 1193 1193 1193 1220 1220 1220 1192 1192 1192 1220 1220 1220 1219 1219 1219 1193 1193 1193 1194 1194 1194 1221 1221 1221 1193 1193 1193 1221 1221 1221 1220 1220 1220 1194 1194 1194 1195 1195 1195 1222 1222 1222 1194 1194 1194 1222 1222 1222 1221 1221 1221 1195 1195 1195 1196 1196 1196 1223 1223 1223 1195 1195 1195 1223 1223 1223 1222 1222 1222 1196 1196 1196 1197 1197 1197 1224 1224 1224 1196 1196 1196 1224 1224 1224 1223 1223 1223 1197 1197 1197 1198 1198 1198 1225 1225 1225 1197 1197 1197 1225 1225 1225 1224 1224 1224 1198 1198 1198 1199 1199 1199 1226 1226 1226 1198 1198 1198 1226 1226 1226 1225 1225 1225 1199 1199 1199 1200 1200 1200 1227 1227 1227 1199 1199 1199 1227 1227 1227 1226 1226 1226 1200 1200 1200 1201 1201 1201 1228 1228 1228 1200 1200 1200 1228 1228 1228 1227 1227 1227 1201 1201 1201 1202 1202 1202 1229 1229 1229 1201 1201 1201 1229 1229 1229 1228 1228 1228 1202 1202 1202 1203 1203 1203 1230 1230 1230 1202 1202 1202 1230 1230 1230 1229 1229 1229 1203 1203 1203 1204 1204 1204 1231 1231 1231 1203 1203 1203 1231 1231 1231 1230 1230 1230 1204 1204 1204 1205 1205 1205 1232 1232 1232 1204 1204 1204 1232 1232 1232 1231 1231 1231 1205 1205 1205 1206 1206 1206 1233 1233 1233 1205 1205 1205 1233 1233 1233 1232 1232 1232 1206 1206 1206 1207 1207 1207 1234 1234 1234 1206 1206 1206 1234 1234 1234 1233 1233 1233 1207 1207 1207 1208 1208 1208 1235 1235 1235 1207 1207 1207 1235 1235 1235 1234 1234 1234 1209 1209 1209 1210 1210 1210 1237 1237 1237 1209 1209 1209 1237 1237 1237 1236 1236 1236 1210 1210 1210 1211 1211 1211 1238 1238 1238 1210 1210 1210 1238 1238 1238 1237 1237 1237 1211 1211 1211 1212 1212 1212 1239 1239 1239 1211 1211 1211 1239 1239 1239 1238 1238 1238 1212 1212 1212 1213 1213 1213 1240 1240 1240 1212 1212 1212 1240 1240 1240 1239 1239 1239 1213 1213 1213 1214 1214 1214 1241 1241 1241 1213 1213 1213 1241 1241 1241 1240 1240 1240 1214 1214 1214 1215 1215 1215 1242 1242 1242 1214 1214 1214 1242 1242 1242 1241 1241 1241 1215 1215 1215 1216 1216 1216 1243 1243 1243 1215 1215 1215 1243 1243 1243 1242 1242 1242 1216 1216 1216 1217 1217 1217 1244 1244 1244 1216 1216 1216 1244 1244 1244 1243 1243 1243 1217 1217 1217 1218 1218 1218 1245 1245 1245 1217 1217 1217 1245 1245 1245 1244 1244 1244 1218 1218 1218 1219 1219 1219 1246 1246 1246 1218 1218 1218 1246 1246 1246 1245 1245 1245 1219 1219 1219 1220 1220 1220 1247 1247 1247 1219 1219 1219 1247 1247 1247 1246 1246 1246 1220 1220 1220 1221 1221 1221 1248 1248 1248 1220 1220 1220 1248 1248 1248 1247 1247 1247 1221 1221 1221 1222 1222 1222 1249 1249 1249 1221 1221 1221 1249 1249 1249 1248 1248 1248 1222 1222 1222 1223 1223 1223 1250 1250 1250 1222 1222 1222 1250 1250 1250 1249 1249 1249 1223 1223 1223 1224 1224 1224 1251 1251 1251 1223 1223 1223 1251 1251 1251 1250 1250 1250 1224 1224 1224 1225 1225 1225 1252 1252 1252 1224 1224 1224 1252 1252 1252 1251 1251 1251 1225 1225 1225 1226 1226 1226 1253 1253 1253 1225 1225 1225 1253 1253 1253 1252 1252 1252 1226 1226 1226 1227 1227 1227 1254 1254 1254 1226 1226 1226 1254 1254 1254 1253 1253 1253 1227 1227 1227 1228 1228 1228 1255 1255 1255 1227 1227 1227 1255 1255 1255 1254 1254 1254 1228 1228 1228 1229 1229 1229 1256 1256 1256 1228 1228 1228 1256 1256 1256 1255 1255 1255 1229 1229 1229 1230 1230 1230 1257 1257 1257 1229 1229 1229 1257 1257 1257 1256 1256 1256 1230 1230 1230 1231 1231 1231 1258 1258 1258 1230 1230 1230 1258 1258 1258 1257 1257 1257 1231 1231 1231 1232 1232 1232 1259 1259 1259 1231 1231 1231 1259 1259 1259 1258 1258 1258 1232 1232 1232 1233 1233 1233 1260 1260 1260 1232 1232 1232 1260 1260 1260 1259 1259 1259 1233 1233 1233 1234 1234 1234 1261 1261 1261 1233 1233 1233 1261 1261 1261 1260 1260 1260 1234 1234 1234 1235 1235 1235 1262 1262 1262 1234 1234 1234 1262 1262 1262 1261 1261 1261 1236 1236 1236 1237 1237 1237 1264 1264 1264 1236 1236 1236 1264 1264 1264 1263 1263 1263 1237 1237 1237 1238 1238 1238 1265 1265 1265 1237 1237 1237 1265 1265 1265 1264 1264 1264 1238 1238 1238 1239 1239 1239 1266 1266 1266 1238 1238 1238 1266 1266 1266 1265 1265 1265 1239 1239 1239 1240 1240 1240 1267 1267 1267 1239 1239 1239 1267 1267 1267 1266 1266 1266 1240 1240 1240 1241 1241 1241 1268 1268 1268 1240 1240 1240 1268 1268 1268 1267 1267 1267 1241 1241 1241 1242 1242 1242 1269 1269 1269 1241 1241 1241 1269 1269 1269 1268 1268 1268 1242 1242 1242 1243 1243 1243 1270 1270 1270 1242 1242 1242 1270 1270 1270 1269 1269 1269 1243 1243 1243 1244 1244 1244 1271 1271 1271 1243 1243 1243 1271 1271 1271 1270 1270 1270 1244 1244 1244 1245 1245 1245 1272 1272 1272 1244 1244 1244 1272 1272 1272 1271 1271 1271 1245 1245 1245 1246 1246 1246 1273 1273 1273 1245 1245 1245 1273 1273 1273 1272 1272 1272 1246 1246 1246 1247 1247 1247 1274 1274 1274 1246 1246 1246 1274 1274 1274 1273 1273 1273 1247 1247 1247 1248 1248 1248 1275 1275 1275 1247 1247 1247 1275 1275 1275 1274 1274 1274 1248 1248 1248 1249 1249 1249 1276 1276 1276 1248 1248 1248 1276 1276 1276 1275 1275 1275 1249 1249 1249 1250 1250 1250 1277 1277 1277 1249 1249 1249 1277 1277 1277 1276 1276 1276 1250 1250 1250 1251 1251 1251 1278 1278 1278 1250 1250 1250 1278 1278 1278 1277 1277 1277 1251 1251 1251 1252 1252 1252 1279 1279 1279 1251 1251 1251 1279 1279 1279 1278 1278 1278 1252 1252 1252 1253 1253 1253 1280 1280 1280 1252 1252 1252 1280 1280 1280 1279 1279 1279 1253 1253 1253 1254 1254 1254 1281 1281 1281 1253 1253 1253 1281 1281 1281 1280 1280 1280 1254 1254 1254 1255 1255 1255 1282 1282 1282 1254 1254 1254 1282 1282 1282 1281 1281 1281 1255 1255 1255 1256 1256 1256 1283 1283 1283 1255 1255 1255 1283 1283 1283 1282 1282 1282 1256 1256 1256 1257 1257 1257 1284 1284 1284 1256 1256 1256 1284 1284 1284 1283 1283 1283 1257 1257 1257 1258 1258 1258 1285 1285 1285 1257 1257 1257 1285 1285 1285 1284 1284 1284 1258 1258 1258 1259 1259 1259 1286 1286 1286 1258 1258 1258 1286 1286 1286 1285 1285 1285 1259 1259 1259 1260 1260 1260 1287 1287 1287 1259 1259 1259 1287 1287 1287 1286 1286 1286 1260 1260 1260 1261 1261 1261 1288 1288 1288 1260 1260 1260 1288 1288 1288 1287 1287 1287 1261 1261 1261 1262 1262 1262 1289 1289 1289 1261 1261 1261 1289 1289 1289 1288 1288 1288 1263 1263 1263 1264 1264 1264 1291 1291 1291 1263 1263 1263 1291 1291 1291 1290 1290 1290 1264 1264 1264 1265 1265 1265 1292 1292 1292 1264 1264 1264 1292 1292 1292 1291 1291 1291 1265 1265 1265 1266 1266 1266 1293 1293 1293 1265 1265 1265 1293 1293 1293 1292 1292 1292 1266 1266 1266 1267 1267 1267 1294 1294 1294 1266 1266 1266 1294 1294 1294 1293 1293 1293 1267 1267 1267 1268 1268 1268 1295 1295 1295 1267 1267 1267 1295 1295 1295 1294 1294 1294 1268 1268 1268 1269 1269 1269 1296 1296 1296 1268 1268 1268 1296 1296 1296 1295 1295 1295 1269 1269 1269 1270 1270 1270 1297 1297 1297 1269 1269 1269 1297 1297 1297 1296 1296 1296 1270 1270 1270 1271 1271 1271 1298 1298 1298 1270 1270 1270 1298 1298 1298 1297 1297 1297 1271 1271 1271 1272 1272 1272 1299 1299 1299 1271 1271 1271 1299 1299 1299 1298 1298 1298 1272 1272 1272 1273 1273 1273 1300 1300 1300 1272 1272 1272 1300 1300 1300 1299 1299 1299 1273 1273 1273 1274 1274 1274 1301 1301 1301 1273 1273 1273 1301 1301 1301 1300 1300 1300 1274 1274 1274 1275 1275 1275 1302 1302 1302 1274 1274 1274 1302 1302 1302 1301 1301 1301 1275 1275 1275 1276 1276 1276 1303 1303 1303 1275 1275 1275 1303 1303 1303 1302 1302 1302 1276 1276 1276 1277 1277 1277 1304 1304 1304 1276 1276 1276 1304 1304 1304 1303 1303 1303 1277 1277 1277 1278 1278 1278 1305 1305 1305 1277 1277 1277 1305 1305 1305 1304 1304 1304 1278 1278 1278 1279 1279 1279 1306 1306 1306 1278 1278 1278 1306 1306 1306 1305 1305 1305 1279 1279 1279 1280 1280 1280 1307 1307 1307 1279 1279 1279 1307 1307 1307 1306 1306 1306 1280 1280 1280 1281 1281 1281 1308 1308 1308 1280 1280 1280 1308 1308 1308 1307 1307 1307 1281 1281 1281 1282 1282 1282 1309 1309 1309 1281 1281 1281 1309 1309 1309 1308 1308 1308 1282 1282 1282 1283 1283 1283 1310 1310 1310 1282 1282 1282 1310 1310 1310 1309 1309 1309 1283 1283 1283 1284 1284 1284 1311 1311 1311 1283 1283 1283 1311 1311 1311 1310 1310 1310 1284 1284 1284 1285 1285 1285 1312 1312 1312 1284 1284 1284 1312 1312 1312 1311 1311 1311 1285 1285 1285 1286 1286 1286 1313 1313 1313 1285 1285 1285 1313 1313 1313 1312 1312 1312 1286 1286 1286 1287 1287 1287 1314 1314 1314 1286 1286 1286 1314 1314 1314 1313 1313 1313 1287 1287 1287 1288 1288 1288 1315 1315 1315 1287 1287 1287 1315 1315 1315 1314 1314 1314 1288 1288 1288 1289 1289 1289 1316 1316 1316 1288 1288 1288 1316 1316 1316 1315 1315 1315 1290 1290 1290 1291 1291 1291 1318 1318 1318 1290 1290 1290 1318 1318 1318 1317 1317 1317 1291 1291 1291 1292 1292 1292 1319 1319 1319 1291 1291 1291 1319 1319 1319 1318 1318 1318 1292 1292 1292 1293 1293 1293 1320 1320 1320 1292 1292 1292 1320 1320 1320 1319 1319 1319 1293 1293 1293 1294 1294 1294 1321 1321 1321 1293 1293 1293 1321 1321 1321 1320 1320 1320 1294 1294 1294 1295 1295 1295 1322 1322 1322 1294 1294 1294 1322 1322 1322 1321 1321 1321 1295 1295 1295 1296 1296 1296 1323 1323 1323 1295 1295 1295 1323 1323 1323 1322 1322 1322 1296 1296 1296 1297 1297 1297 1324 1324 1324 1296 1296 1296 1324 1324 1324 1323 1323 1323 1297 1297 1297 1298 1298 1298 1325 1325 1325 1297 1297 1297 1325 1325 1325 1324 1324 1324 1298 1298 1298 1299 1299 1299 1326 1326 1326 1298 1298 1298 1326 1326 1326 1325 1325 1325 1299 1299 1299 1300 1300 1300 1327 1327 1327 1299 1299 1299 1327 1327 1327 1326 1326 1326 1300 1300 1300 1301 1301 1301 1328 1328 1328 1300 1300 1300 1328 1328 1328 1327 1327 1327 1301 1301 1301 1302 1302 1302 1329 1329 1329 1301 1301 1301 1329 1329 1329 1328 1328 1328 1302 1302 1302 1303 1303 1303 1330 1330 1330 1302 1302 1302 1330 1330 1330 1329 1329 1329 1303 1303 1303 1304 1304 1304 1331 1331 1331 1303 1303 1303 1331 1331 1331 1330 1330 1330 1304 1304 1304 1305 1305 1305 1332 1332 1332 1304 1304 1304 1332 1332 1332 1331 1331 1331 1305 1305 1305 1306 1306 1306 1333 1333 1333 1305 1305 1305 1333 1333 1333 1332 1332 1332 1306 1306 1306 1307 1307 1307 1334 1334 1334 1306 1306 1306 1334 1334 1334 1333 1333 1333 1307 1307 1307 1308 1308 1308 1335 1335 1335 1307 1307 1307 1335 1335 1335 1334 1334 1334 1308 1308 1308 1309 1309 1309 1336 1336 1336 1308 1308 1308 1336 1336 1336 1335 1335 1335 1309 1309 1309 1310 1310 1310 1337 1337 1337 1309 1309 1309 1337 1337 1337 1336 1336 1336 1310 1310 1310 1311 1311 1311 1338 1338 1338 1310 1310 1310 1338 1338 1338 1337 1337 1337 1311 1311 1311 1312 1312 1312 1339 1339 1339 1311 1311 1311 1339 1339 1339 1338 1338 1338 1312 1312 1312 1313 1313 1313 1340 1340 1340 1312 1312 1312 1340 1340 1340 1339 1339 1339 1313 1313 1313 1314 1314 1314 1341 1341 1341 1313 1313 1313 1341 1341 1341 1340 1340 1340 1314 1314 1314 1315 1315 1315 1342 1342 1342 1314 1314 1314 1342 1342 1342 1341 1341 1341 1315 1315 1315 1316 1316 1316 1343 1343 1343 1315 1315 1315 1343 1343 1343 1342 1342 1342 1317 1317 1317 1318 1318 1318 1345 1345 1345 1317 1317 1317 1345 1345 1345 1344 1344 1344 1318 1318 1318 1319 1319 1319 1346 1346 1346 1318 1318 1318 1346 1346 1346 1345 1345 1345 1319 1319 1319 1320 1320 1320 1347 1347 1347 1319 1319 1319 1347 1347 1347 1346 1346 1346 1320 1320 1320 1321 1321 1321 1348 1348 1348 1320 1320 1320 1348 1348 1348 1347 1347 1347 1321 1321 1321 1322 1322 1322 1349 1349 1349 1321 1321 1321 1349 1349 1349 1348 1348 1348 1322 1322 1322 1323 1323 1323 1350 1350 1350 1322 1322 1322 1350 1350 1350 1349 1349 1349 1323 1323 1323 1324 1324 1324 1351 1351 1351 1323 1323 1323 1351 1351 1351 1350 1350 1350 1324 1324 1324 1325 1325 1325 1352 1352 1352 1324 1324 1324 1352 1352 1352 1351 1351 1351 1325 1325 1325 1326 1326 1326 1353 1353 1353 1325 1325 1325 1353 1353 1353 1352 1352 1352 1326 1326 1326 1327 1327 1327 1354 1354 1354 1326 1326 1326 1354 1354 1354 1353 1353 1353 1327 1327 1327 1328 1328 1328 1355 1355 1355 1327 1327 1327 1355 1355 1355 1354 1354 1354 1328 1328 1328 1329 1329 1329 1356 1356 1356 1328 1328 1328 1356 1356 1356 1355 1355 1355 1329 1329 1329 1330 1330 1330 1357 1357 1357 1329 1329 1329 1357 1357 1357 1356 1356 1356 1330 1330 1330 1331 1331 1331 1358 1358 1358 1330 1330 1330 1358 1358 1358 1357 1357 1357 1331 1331 1331 1332 1332 1332 1359 1359 1359 1331 1331 1331 1359 1359 1359 1358 1358 1358 1332 1332 1332 1333 1333 1333 1360 1360 1360 1332 1332 1332 1360 1360 1360 1359 1359 1359 1333 1333 1333 1334 1334 1334 1361 1361 1361 1333 1333 1333 1361 1361 1361 1360 1360 1360 1334 1334 1334 1335 1335 1335 1362 1362 1362 1334 1334 1334 1362 1362 1362 1361 1361 1361 1335 1335 1335 1336 1336 1336 1363 1363 1363 1335 1335 1335 1363 1363 1363 1362 1362 1362 1336 1336 1336 1337 1337 1337 1364 1364 1364 1336 1336 1336 1364 1364 1364 1363 1363 1363 1337 1337 1337 1338 1338 1338 1365 1365 1365 1337 1337 1337 1365 1365 1365 1364 1364 1364 1338 1338 1338 1339 1339 1339 1366 1366 1366 1338 1338 1338 1366 1366 1366 1365 1365 1365 1339 1339 1339 1340 1340 1340 1367 1367 1367 1339 1339 1339 1367 1367 1367 1366 1366 1366 1340 1340 1340 1341 1341 1341 1368 1368 1368 1340 1340 1340 1368 1368 1368 1367 1367 1367 1341 1341 1341 1342 1342 1342 1369 1369 1369 1341 1341 1341 1369 1369 1369 1368 1368 1368 1342 1342 1342 1343 1343 1343 1370 1370 1370 1342 1342 1342 1370 1370 1370 1369 1369 1369 1344 1344 1344 1345 1345 1345 1372 1372 1372 1344 1344 1344 1372 1372 1372 1371 1371 1371 1345 1345 1345 1346 1346 1346 1373 1373 1373 1345 1345 1345 1373 1373 1373 1372 1372 1372 1346 1346 1346 1347 1347 1347 1374 1374 1374 1346 1346 1346 1374 1374 1374 1373 1373 1373 1347 1347 1347 1348 1348 1348 1375 1375 1375 1347 1347 1347 1375 1375 1375 1374 1374 1374 1348 1348 1348 1349 1349 1349 1376 1376 1376 1348 1348 1348 1376 1376 1376 1375 1375 1375 1349 1349 1349 1350 1350 1350 1377 1377 1377 1349 1349 1349 1377 1377 1377 1376 1376 1376 1350 1350 1350 1351 1351 1351 1378 1378 1378 1350 1350 1350 1378 1378 1378 1377 1377 1377 1351 1351 1351 1352 1352 1352 1379 1379 1379 1351 1351 1351 1379 1379 1379 1378 1378 1378 1352 1352 1352 1353 1353 1353 1380 1380 1380 1352 1352 1352 1380 1380 1380 1379 1379 1379 1353 1353 1353 1354 1354 1354 1381 1381 1381 1353 1353 1353 1381 1381 1381 1380 1380 1380 1354 1354 1354 1355 1355 1355 1382 1382 1382 1354 1354 1354 1382 1382 1382 1381 1381 1381 1355 1355 1355 1356 1356 1356 1383 1383 1383 1355 1355 1355 1383 1383 1383 1382 1382 1382 1356 1356 1356 1357 1357 1357 1384 1384 1384 1356 1356 1356 1384 1384 1384 1383 1383 1383 1357 1357 1357 1358 1358 1358 1385 1385 1385 1357 1357 1357 1385 1385 1385 1384 1384 1384 1358 1358 1358 1359 1359 1359 1386 1386 1386 1358 1358 1358 1386 1386 1386 1385 1385 1385 1359 1359 1359 1360 1360 1360 1387 1387 1387 1359 1359 1359 1387 1387 1387 1386 1386 1386 1360 1360 1360 1361 1361 1361 1388 1388 1388 1360 1360 1360 1388 1388 1388 1387 1387 1387 1361 1361 1361 1362 1362 1362 1389 1389 1389 1361 1361 1361 1389 1389 1389 1388 1388 1388 1362 1362 1362 1363 1363 1363 1390 1390 1390 1362 1362 1362 1390 1390 1390 1389 1389 1389 1363 1363 1363 1364 1364 1364 1391 1391 1391 1363 1363 1363 1391 1391 1391 1390 1390 1390 1364 1364 1364 1365 1365 1365 1392 1392 1392 1364 1364 1364 1392 1392 1392 1391 1391 1391 1365 1365 1365 1366 1366 1366 1393 1393 1393 1365 1365 1365 1393 1393 1393 1392 1392 1392 1366 1366 1366 1367 1367 1367 1394 1394 1394 1366 1366 1366 1394 1394 1394 1393 1393 1393 1367 1367 1367 1368 1368 1368 1395 1395 1395 1367 1367 1367 1395 1395 1395 1394 1394 1394 1368 1368 1368 1369 1369 1369 1396 1396 1396 1368 1368 1368 1396 1396 1396 1395 1395 1395 1369 1369 1369 1370 1370 1370 1397 1397 1397 1369 1369 1369 1397 1397 1397 1396 1396 1396 1371 1371 1371 1372 1372 1372 1399 1399 1399 1371 1371 1371 1399 1399 1399 1398 1398 1398 1372 1372 1372 1373 1373 1373 1400 1400 1400 1372 1372 1372 1400 1400 1400 1399 1399 1399 1373 1373 1373 1374 1374 1374 1401 1401 1401 1373 1373 1373 1401 1401 1401 1400 1400 1400 1374 1374 1374 1375 1375 1375 1402 1402 1402 1374 1374 1374 1402 1402 1402 1401 1401 1401 1375 1375 1375 1376 1376 1376 1403 1403 1403 1375 1375 1375 1403 1403 1403 1402 1402 1402 1376 1376 1376 1377 1377 1377 1404 1404 1404 1376 1376 1376 1404 1404 1404 1403 1403 1403 1377 1377 1377 1378 1378 1378 1405 1405 1405 1377 1377 1377 1405 1405 1405 1404 1404 1404 1378 1378 1378 1379 1379 1379 1406 1406 1406 1378 1378 1378 1406 1406 1406 1405 1405 1405 1379 1379 1379 1380 1380 1380 1407 1407 1407 1379 1379 1379 1407 1407 1407 1406 1406 1406 1380 1380 1380 1381 1381 1381 1408 1408 1408 1380 1380 1380 1408 1408 1408 1407 1407 1407 1381 1381 1381 1382 1382 1382 1409 1409 1409 1381 1381 1381 1409 1409 1409 1408 1408 1408 1382 1382 1382 1383 1383 1383 1410 1410 1410 1382 1382 1382 1410 1410 1410 1409 1409 1409 1383 1383 1383 1384 1384 1384 1411 1411 1411 1383 1383 1383 1411 1411 1411 1410 1410 1410 1384 1384 1384 1385 1385 1385 1412 1412 1412 1384 1384 1384 1412 1412 1412 1411 1411 1411 1385 1385 1385 1386 1386 1386 1413 1413 1413 1385 1385 1385 1413 1413 1413 1412 1412 1412 1386 1386 1386 1387 1387 1387 1414 1414 1414 1386 1386 1386 1414 1414 1414 1413 1413 1413 1387 1387 1387 1388 1388 1388 1415 1415 1415 1387 1387 1387 1415 1415 1415 1414 1414 1414 1388 1388 1388 1389 1389 1389 1416 1416 1416 1388 1388 1388 1416 1416 1416 1415 1415 1415 1389 1389 1389 1390 1390 1390 1417 1417 1417 1389 1389 1389 1417 1417 1417 1416 1416 1416 1390 1390 1390 1391 1391 1391 1418 1418 1418 1390 1390 1390 1418 1418 1418 1417 1417 1417 1391 1391 1391 1392 1392 1392 1419 1419 1419 1391 1391 1391 1419 1419 1419 1418 1418 1418 1392 1392 1392 1393 1393 1393 1420 1420 1420 1392 1392 1392 1420 1420 1420 1419 1419 1419 1393 1393 1393 1394 1394 1394 1421 1421 1421 1393 1393 1393 1421 1421 1421 1420 1420 1420 1394 1394 1394 1395 1395 1395 1422 1422 1422 1394 1394 1394 1422 1422 1422 1421 1421 1421 1395 1395 1395 1396 1396 1396 1423 1423 1423 1395 1395 1395 1423 1423 1423 1422 1422 1422 1396 1396 1396 1397 1397 1397 1424 1424 1424 1396 1396 1396 1424 1424 1424 1423 1423 1423 1398 1398 1398 1399 1399 1399 1426 1426 1426 1398 1398 1398 1426 1426 1426 1425 1425 1425 1399 1399 1399 1400 1400 1400 1427 1427 1427 1399 1399 1399 1427 1427 1427 1426 1426 1426 1400 1400 1400 1401 1401 1401 1428 1428 1428 1400 1400 1400 1428 1428 1428 1427 1427 1427 1401 1401 1401 1402 1402 1402 1429 1429 1429 1401 1401 1401 1429 1429 1429 1428 1428 1428 1402 1402 1402 1403 1403 1403 1430 1430 1430 1402 1402 1402 1430 1430 1430 1429 1429 1429 1403 1403 1403 1404 1404 1404 1431 1431 1431 1403 1403 1403 1431 1431 1431 1430 1430 1430 1404 1404 1404 1405 1405 1405 1432 1432 1432 1404 1404 1404 1432 1432 1432 1431 1431 1431 1405 1405 1405 1406 1406 1406 1433 1433 1433 1405 1405 1405 1433 1433 1433 1432 1432 1432 1406 1406 1406 1407 1407 1407 1434 1434 1434 1406 1406 1406 1434 1434 1434 1433 1433 1433 1407 1407 1407 1408 1408 1408 1435 1435 1435 1407 1407 1407 1435 1435 1435 1434 1434 1434 1408 1408 1408 1409 1409 1409 1436 1436 1436 1408 1408 1408 1436 1436 1436 1435 1435 1435 1409 1409 1409 1410 1410 1410 1437 1437 1437 1409 1409 1409 1437 1437 1437 1436 1436 1436 1410 1410 1410 1411 1411 1411 1438 1438 1438 1410 1410 1410 1438 1438 1438 1437 1437 1437 1411 1411 1411 1412 1412 1412 1439 1439 1439 1411 1411 1411 1439 1439 1439 1438 1438 1438 1412 1412 1412 1413 1413 1413 1440 1440 1440 1412 1412 1412 1440 1440 1440 1439 1439 1439 1413 1413 1413 1414 1414 1414 1441 1441 1441 1413 1413 1413 1441 1441 1441 1440 1440 1440 1414 1414 1414 1415 1415 1415 1442 1442 1442 1414 1414 1414 1442 1442 1442 1441 1441 1441 1415 1415 1415 1416 1416 1416 1443 1443 1443 1415 1415 1415 1443 1443 1443 1442 1442 1442 1416 1416 1416 1417 1417 1417 1444 1444 1444 1416 1416 1416 1444 1444 1444 1443 1443 1443 1417 1417 1417 1418 1418 1418 1445 1445 1445 1417 1417 1417 1445 1445 1445 1444 1444 1444 1418 1418 1418 1419 1419 1419 1446 1446 1446 1418 1418 1418 1446 1446 1446 1445 1445 1445 1419 1419 1419 1420 1420 1420 1447 1447 1447 1419 1419 1419 1447 1447 1447 1446 1446 1446 1420 1420 1420 1421 1421 1421 1448 1448 1448 1420 1420 1420 1448 1448 1448 1447 1447 1447 1421 1421 1421 1422 1422 1422 1449 1449 1449 1421 1421 1421 1449 1449 1449 1448 1448 1448 1422 1422 1422 1423 1423 1423 1450 1450 1450 1422 1422 1422 1450 1450 1450 1449 1449 1449 1423 1423 1423 1424 1424 1424 1451 1451 1451 1423 1423 1423 1451 1451 1451 1450 1450 1450 1425 1425 1425 1426 1426 1426 1453 1453 1453 1425 1425 1425 1453 1453 1453 1452 1452 1452 1426 1426 1426 1427 1427 1427 1454 1454 1454 1426 1426 1426 1454 1454 1454 1453 1453 1453 1427 1427 1427 1428 1428 1428 1455 1455 1455 1427 1427 1427 1455 1455 1455 1454 1454 1454 1428 1428 1428 1429 1429 1429 1456 1456 1456 1428 1428 1428 1456 1456 1456 1455 1455 1455 1429 1429 1429 1430 1430 1430 1457 1457 1457 1429 1429 1429 1457 1457 1457 1456 1456 1456 1430 1430 1430 1431 1431 1431 1458 1458 1458 1430 1430 1430 1458 1458 1458 1457 1457 1457 1431 1431 1431 1432 1432 1432 1459 1459 1459 1431 1431 1431 1459 1459 1459 1458 1458 1458 1432 1432 1432 1433 1433 1433 1460 1460 1460 1432 1432 1432 1460 1460 1460 1459 1459 1459 1433 1433 1433 1434 1434 1434 1461 1461 1461 1433 1433 1433 1461 1461 1461 1460 1460 1460 1434 1434 1434 1435 1435 1435 1462 1462 1462 1434 1434 1434 1462 1462 1462 1461 1461 1461 1435 1435 1435 1436 1436 1436 1463 1463 1463 1435 1435 1435 1463 1463 1463 1462 1462 1462 1436 1436 1436 1437 1437 1437 1464 1464 1464 1436 1436 1436 1464 1464 1464 1463 1463 1463 1437 1437 1437 1438 1438 1438 1465 1465 1465 1437 1437 1437 1465 1465 1465 1464 1464 1464 1438 1438 1438 1439 1439 1439 1466 1466 1466 1438 1438 1438 1466 1466 1466 1465 1465 1465 1439 1439 1439 1440 1440 1440 1467 1467 1467 1439 1439 1439 1467 1467 1467 1466 1466 1466 1440 1440 1440 1441 1441 1441 1468 1468 1468 1440 1440 1440 1468 1468 1468 1467 1467 1467 1441 1441 1441 1442 1442 1442 1469 1469 1469 1441 1441 1441 1469 1469 1469 1468 1468 1468 1442 1442 1442 1443 1443 1443 1470 1470 1470 1442 1442 1442 1470 1470 1470 1469 1469 1469 1443 1443 1443 1444 1444 1444 1471 1471 1471 1443 1443 1443 1471 1471 1471 1470 1470 1470 1444 1444 1444 1445 1445 1445 1472 1472 1472 1444 1444 1444 1472 1472 1472 1471 1471 1471 1445 1445 1445 1446 1446 1446 1473 1473 1473 1445 1445 1445 1473 1473 1473 1472 1472 1472 1446 1446 1446 1447 1447 1447 1474 1474 1474 1446 1446 1446 1474 1474 1474 1473 1473 1473 1447 1447 1447 1448 1448 1448 1475 1475 1475 1447 1447 1447 1475 1475 1475 1474 1474 1474 1448 1448 1448 1449 1449 1449 1476 1476 1476 1448 1448 1448 1476 1476 1476 1475 1475 1475 1449 1449 1449 1450 1450 1450 1477 1477 1477 1449 1449 1449 1477 1477 1477 1476 1476 1476 1450 1450 1450 1451 1451 1451 1478 1478 1478 1450 1450 1450 1478 1478 1478 1477 1477 1477 1452 1452 1452 1453 1453 1453 1480 1480 1480 1452 1452 1452 1480 1480 1480 1479 1479 1479 1453 1453 1453 1454 1454 1454 1481 1481 1481 1453 1453 1453 1481 1481 1481 1480 1480 1480 1454 1454 1454 1455 1455 1455 1482 1482 1482 1454 1454 1454 1482 1482 1482 1481 1481 1481 1455 1455 1455 1456 1456 1456 1483 1483 1483 1455 1455 1455 1483 1483 1483 1482 1482 1482 1456 1456 1456 1457 1457 1457 1484 1484 1484 1456 1456 1456 1484 1484 1484 1483 1483 1483 1457 1457 1457 1458 1458 1458 1485 1485 1485 1457 1457 1457 1485 1485 1485 1484 1484 1484 1458 1458 1458 1459 1459 1459 1486 1486 1486 1458 1458 1458 1486 1486 1486 1485 1485 1485 1459 1459 1459 1460 1460 1460 1487 1487 1487 1459 1459 1459 1487 1487 1487 1486 1486 1486 1460 1460 1460 1461 1461 1461 1488 1488 1488 1460 1460 1460 1488 1488 1488 1487 1487 1487 1461 1461 1461 1462 1462 1462 1489 1489 1489 1461 1461 1461 1489 1489 1489 1488 1488 1488 1462 1462 1462 1463 1463 1463 1490 1490 1490 1462 1462 1462 1490 1490 1490 1489 1489 1489 1463 1463 1463 1464 1464 1464 1491 1491 1491 1463 1463 1463 1491 1491 1491 1490 1490 1490 1464 1464 1464 1465 1465 1465 1492 1492 1492 1464 1464 1464 1492 1492 1492 1491 1491 1491 1465 1465 1465 1466 1466 1466 1493 1493 1493 1465 1465 1465 1493 1493 1493 1492 1492 1492 1466 1466 1466 1467 1467 1467 1494 1494 1494 1466 1466 1466 1494 1494 1494 1493 1493 1493 1467 1467 1467 1468 1468 1468 1495 1495 1495 1467 1467 1467 1495 1495 1495 1494 1494 1494 1468 1468 1468 1469 1469 1469 1496 1496 1496 1468 1468 1468 1496 1496 1496 1495 1495 1495 1469 1469 1469 1470 1470 1470 1497 1497 1497 1469 1469 1469 1497 1497 1497 1496 1496 1496 1470 1470 1470 1471 1471 1471 1498 1498 1498 1470 1470 1470 1498 1498 1498 1497 1497 1497 1471 1471 1471 1472 1472 1472 1499 1499 1499 1471 1471 1471 1499 1499 1499 1498 1498 1498 1472 1472 1472 1473 1473 1473 1500 1500 1500 1472 1472 1472 1500 1500 1500 1499 1499 1499 1473 1473 1473 1474 1474 1474 1501 1501 1501 1473 1473 1473 1501 1501 1501 1500 1500 1500 1474 1474 1474 1475 1475 1475 1502 1502 1502 1474 1474 1474 1502 1502 1502 1501 1501 1501 1475 1475 1475 1476 1476 1476 1503 1503 1503 1475 1475 1475 1503 1503 1503 1502 1502 1502 1476 1476 1476 1477 1477 1477 1504 1504 1504 1476 1476 1476 1504 1504 1504 1503 1503 1503 1477 1477 1477 1478 1478 1478 1505 1505 1505 1477 1477 1477 1505 1505 1505 1504 1504 1504 1479 1479 1479 1480 1480 1480 1507 1507 1507 1479 1479 1479 1507 1507 1507 1506 1506 1506 1480 1480 1480 1481 1481 1481 1508 1508 1508 1480 1480 1480 1508 1508 1508 1507 1507 1507 1481 1481 1481 1482 1482 1482 1509 1509 1509 1481 1481 1481 1509 1509 1509 1508 1508 1508 1482 1482 1482 1483 1483 1483 1510 1510 1510 1482 1482 1482 1510 1510 1510 1509 1509 1509 1483 1483 1483 1484 1484 1484 1511 1511 1511 1483 1483 1483 1511 1511 1511 1510 1510 1510 1484 1484 1484 1485 1485 1485 1512 1512 1512 1484 1484 1484 1512 1512 1512 1511 1511 1511 1485 1485 1485 1486 1486 1486 1513 1513 1513 1485 1485 1485 1513 1513 1513 1512 1512 1512 1486 1486 1486 1487 1487 1487 1514 1514 1514 1486 1486 1486 1514 1514 1514 1513 1513 1513 1487 1487 1487 1488 1488 1488 1515 1515 1515 1487 1487 1487 1515 1515 1515 1514 1514 1514 1488 1488 1488 1489 1489 1489 1516 1516 1516 1488 1488 1488 1516 1516 1516 1515 1515 1515 1489 1489 1489 1490 1490 1490 1517 1517 1517 1489 1489 1489 1517 1517 1517 1516 1516 1516 1490 1490 1490 1491 1491 1491 1518 1518 1518 1490 1490 1490 1518 1518 1518 1517 1517 1517 1491 1491 1491 1492 1492 1492 1519 1519 1519 1491 1491 1491 1519 1519 1519 1518 1518 1518 1492 1492 1492 1493 1493 1493 1520 1520 1520 1492 1492 1492 1520 1520 1520 1519 1519 1519 1493 1493 1493 1494 1494 1494 1521 1521 1521 1493 1493 1493 1521 1521 1521 1520 1520 1520 1494 1494 1494 1495 1495 1495 1522 1522 1522 1494 1494 1494 1522 1522 1522 1521 1521 1521 1495 1495 1495 1496 1496 1496 1523 1523 1523 1495 1495 1495 1523 1523 1523 1522 1522 1522 1496 1496 1496 1497 1497 1497 1524 1524 1524 1496 1496 1496 1524 1524 1524 1523 1523 1523 1497 1497 1497 1498 1498 1498 1525 1525 1525 1497 1497 1497 1525 1525 1525 1524 1524 1524 1498 1498 1498 1499 1499 1499 1526 1526 1526 1498 1498 1498 1526 1526 1526 1525 1525 1525 1499 1499 1499 1500 1500 1500 1527 1527 1527 1499 1499 1499 1527 1527 1527 1526 1526 1526 1500 1500 1500 1501 1501 1501 1528 1528 1528 1500 1500 1500 1528 1528 1528 1527 1527 1527 1501 1501 1501 1502 1502 1502 1529 1529 1529 1501 1501 1501 1529 1529 1529 1528 1528 1528 1502 1502 1502 1503 1503 1503 1530 1530 1530 1502 1502 1502 1530 1530 1530 1529 1529 1529 1503 1503 1503 1504 1504 1504 1531 1531 1531 1503 1503 1503 1531 1531 1531 1530 1530 1530 1504 1504 1504 1505 1505 1505 1532 1532 1532 1504 1504 1504 1532 1532 1532 1531 1531 1531 1506 1506 1506 1507 1507 1507 1534 1534 1534 1506 1506 1506 1534 1534 1534 1533 1533 1533 1507 1507 1507 1508 1508 1508 1535 1535 1535 1507 1507 1507 1535 1535 1535 1534 1534 1534 1508 1508 1508 1509 1509 1509 1536 1536 1536 1508 1508 1508 1536 1536 1536 1535 1535 1535 1509 1509 1509 1510 1510 1510 1537 1537 1537 1509 1509 1509 1537 1537 1537 1536 1536 1536 1510 1510 1510 1511 1511 1511 1538 1538 1538 1510 1510 1510 1538 1538 1538 1537 1537 1537 1511 1511 1511 1512 1512 1512 1539 1539 1539 1511 1511 1511 1539 1539 1539 1538 1538 1538 1512 1512 1512 1513 1513 1513 1540 1540 1540 1512 1512 1512 1540 1540 1540 1539 1539 1539 1513 1513 1513 1514 1514 1514 1541 1541 1541 1513 1513 1513 1541 1541 1541 1540 1540 1540 1514 1514 1514 1515 1515 1515 1542 1542 1542 1514 1514 1514 1542 1542 1542 1541 1541 1541 1515 1515 1515 1516 1516 1516 1543 1543 1543 1515 1515 1515 1543 1543 1543 1542 1542 1542 1516 1516 1516 1517 1517 1517 1544 1544 1544 1516 1516 1516 1544 1544 1544 1543 1543 1543 1517 1517 1517 1518 1518 1518 1545 1545 1545 1517 1517 1517 1545 1545 1545 1544 1544 1544 1518 1518 1518 1519 1519 1519 1546 1546 1546 1518 1518 1518 1546 1546 1546 1545 1545 1545 1519 1519 1519 1520 1520 1520 1547 1547 1547 1519 1519 1519 1547 1547 1547 1546 1546 1546 1520 1520 1520 1521 1521 1521 1548 1548 1548 1520 1520 1520 1548 1548 1548 1547 1547 1547 1521 1521 1521 1522 1522 1522 1549 1549 1549 1521 1521 1521 1549 1549 1549 1548 1548 1548 1522 1522 1522 1523 1523 1523 1550 1550 1550 1522 1522 1522 1550 1550 1550 1549 1549 1549 1523 1523 1523 1524 1524 1524 1551 1551 1551 1523 1523 1523 1551 1551 1551 1550 1550 1550 1524 1524 1524 1525 1525 1525 1552 1552 1552 1524 1524 1524 1552 1552 1552 1551 1551 1551 1525 1525 1525 1526 1526 1526 1553 1553 1553 1525 1525 1525 1553 1553 1553 1552 1552 1552 1526 1526 1526 1527 1527 1527 1554 1554 1554 1526 1526 1526 1554 1554 1554 1553 1553 1553 1527 1527 1527 1528 1528 1528 1555 1555 1555 1527 1527 1527 1555 1555 1555 1554 1554 1554 1528 1528 1528 1529 1529 1529 1556 1556 1556 1528 1528 1528 1556 1556 1556 1555 1555 1555 1529 1529 1529 1530 1530 1530 1557 1557 1557 1529 1529 1529 1557 1557 1557 1556 1556 1556 1530 1530 1530 1531 1531 1531 1558 1558 1558 1530 1530 1530 1558 1558 1558 1557 1557 1557 1531 1531 1531 1532 1532 1532 1559 1559 1559 1531 1531 1531 1559 1559 1559 1558 1558 1558 1533 1533 1533 1534 1534 1534 1561 1561 1561 1533 1533 1533 1561 1561 1561 1560 1560 1560 1534 1534 1534 1535 1535 1535 1562 1562 1562 1534 1534 1534 1562 1562 1562 1561 1561 1561 1535 1535 1535 1536 1536 1536 1563 1563 1563 1535 1535 1535 1563 1563 1563 1562 1562 1562 1536 1536 1536 1537 1537 1537 1564 1564 1564 1536 1536 1536 1564 1564 1564 1563 1563 1563 1537 1537 1537 1538 1538 1538 1565 1565 1565 1537 1537 1537 1565 1565 1565 1564 1564 1564 1538 1538 1538 1539 1539 1539 1566 1566 1566 1538 1538 1538 1566 1566 1566 1565 1565 1565 1539 1539 1539 1540 1540 1540 1567 1567 1567 1539 1539 1539 1567 1567 1567 1566 1566 1566 1540 1540 1540 1541 1541 1541 1568 1568 1568 1540 1540 1540 1568 1568 1568 1567 1567 1567 1541 1541 1541 1542 1542 1542 1569 1569 1569 1541 1541 1541 1569 1569 1569 1568 1568 1568 1542 1542 1542 1543 1543 1543 1570 1570 1570 1542 1542 1542 1570 1570 1570 1569 1569 1569 1543 1543 1543 1544 1544 1544 1571 1571 1571 1543 1543 1543 1571 1571 1571 1570 1570 1570 1544 1544 1544 1545 1545 1545 1572 1572 1572 1544 1544 1544 1572 1572 1572 1571 1571 1571 1545 1545 1545 1546 1546 1546 1573 1573 1573 1545 1545 1545 1573 1573 1573 1572 1572 1572 1546 1546 1546 1547 1547 1547 1574 1574 1574 1546 1546 1546 1574 1574 1574 1573 1573 1573 1547 1547 1547 1548 1548 1548 1575 1575 1575 1547 1547 1547 1575 1575 1575 1574 1574 1574 1548 1548 1548 1549 1549 1549 1576 1576 1576 1548 1548 1548 1576 1576 1576 1575 1575 1575 1549 1549 1549 1550 1550 1550 1577 1577 1577 1549 1549 1549 1577 1577 1577 1576 1576 1576 1550 1550 1550 1551 1551 1551 1578 1578 1578 1550 1550 1550 1578 1578 1578 1577 1577 1577 1551 1551 1551 1552 1552 1552 1579 1579 1579 1551 1551 1551 1579 1579 1579 1578 1578 1578 1552 1552 1552 1553 1553 1553 1580 1580 1580 1552 1552 1552 1580 1580 1580 1579 1579 1579 1553 1553 1553 1554 1554 1554 1581 1581 1581 1553 1553 1553 1581 1581 1581 1580 1580 1580 1554 1554 1554 1555 1555 1555 1582 1582 1582 1554 1554 1554 1582 1582 1582 1581 1581 1581 1555 1555 1555 1556 1556 1556 1583 1583 1583 1555 1555 1555 1583 1583 1583 1582 1582 1582 1556 1556 1556 1557 1557 1557 1584 1584 1584 1556 1556 1556 1584 1584 1584 1583 1583 1583 1557 1557 1557 1558 1558 1558 1585 1585 1585 1557 1557 1557 1585 1585 1585 1584 1584 1584 1558 1558 1558 1559 1559 1559 1586 1586 1586 1558 1558 1558 1586 1586 1586 1585 1585 1585 1560 1560 1560 1561 1561 1561 1588 1588 1588 1560 1560 1560 1588 1588 1588 1587 1587 1587 1561 1561 1561 1562 1562 1562 1589 1589 1589 1561 1561 1561 1589 1589 1589 1588 1588 1588 1562 1562 1562 1563 1563 1563 1590 1590 1590 1562 1562 1562 1590 1590 1590 1589 1589 1589 1563 1563 1563 1564 1564 1564 1591 1591 1591 1563 1563 1563 1591 1591 1591 1590 1590 1590 1564 1564 1564 1565 1565 1565 1592 1592 1592 1564 1564 1564 1592 1592 1592 1591 1591 1591 1565 1565 1565 1566 1566 1566 1593 1593 1593 1565 1565 1565 1593 1593 1593 1592 1592 1592 1566 1566 1566 1567 1567 1567 1594 1594 1594 1566 1566 1566 1594 1594 1594 1593 1593 1593 1567 1567 1567 1568 1568 1568 1595 1595 1595 1567 1567 1567 1595 1595 1595 1594 1594 1594 1568 1568 1568 1569 1569 1569 1596 1596 1596 1568 1568 1568 1596 1596 1596 1595 1595 1595 1569 1569 1569 1570 1570 1570 1597 1597 1597 1569 1569 1569 1597 1597 1597 1596 1596 1596 1570 1570 1570 1571 1571 1571 1598 1598 1598 1570 1570 1570 1598 1598 1598 1597 1597 1597 1571 1571 1571 1572 1572 1572 1599 1599 1599 1571 1571 1571 1599 1599 1599 1598 1598 1598 1572 1572 1572 1573 1573 1573 1600 1600 1600 1572 1572 1572 1600 1600 1600 1599 1599 1599 1573 1573 1573 1574 1574 1574 1601 1601 1601 1573 1573 1573 1601 1601 1601 1600 1600 1600 1574 1574 1574 1575 1575 1575 1602 1602 1602 1574 1574 1574 1602 1602 1602 1601 1601 1601 1575 1575 1575 1576 1576 1576 1603 1603 1603 1575 1575 1575 1603 1603 1603 1602 1602 1602 1576 1576 1576 1577 1577 1577 1604 1604 1604 1576 1576 1576 1604 1604 1604 1603 1603 1603 1577 1577 1577 1578 1578 1578 1605 1605 1605 1577 1577 1577 1605 1605 1605 1604 1604 1604 1578 1578 1578 1579 1579 1579 1606 1606 1606 1578 1578 1578 1606 1606 1606 1605 1605 1605 1579 1579 1579 1580 1580 1580 1607 1607 1607 1579 1579 1579 1607 1607 1607 1606 1606 1606 1580 1580 1580 1581 1581 1581 1608 1608 1608 1580 1580 1580 1608 1608 1608 1607 1607 1607 1581 1581 1581 1582 1582 1582 1609 1609 1609 1581 1581 1581 1609 1609 1609 1608 1608 1608 1582 1582 1582 1583 1583 1583 1610 1610 1610 1582 1582 1582 1610 1610 1610 1609 1609 1609 1583 1583 1583 1584 1584 1584 1611 1611 1611 1583 1583 1583 1611 1611 1611 1610 1610 1610 1584 1584 1584 1585 1585 1585 1612 1612 1612 1584 1584 1584 1612 1612 1612 1611 1611 1611 1585 1585 1585 1586 1586 1586 1613 1613 1613 1585 1585 1585 1613 1613 1613 1612 1612 1612 1587 1587 1587 1588 1588 1588 1615 1615 1615 1587 1587 1587 1615 1615 1615 1614 1614 1614 1588 1588 1588 1589 1589 1589 1616 1616 1616 1588 1588 1588 1616 1616 1616 1615 1615 1615 1589 1589 1589 1590 1590 1590 1617 1617 1617 1589 1589 1589 1617 1617 1617 1616 1616 1616 1590 1590 1590 1591 1591 1591 1618 1618 1618 1590 1590 1590 1618 1618 1618 1617 1617 1617 1591 1591 1591 1592 1592 1592 1619 1619 1619 1591 1591 1591 1619 1619 1619 1618 1618 1618 1592 1592 1592 1593 1593 1593 1620 1620 1620 1592 1592 1592 1620 1620 1620 1619 1619 1619 1593 1593 1593 1594 1594 1594 1621 1621 1621 1593 1593 1593 1621 1621 1621 1620 1620 1620 1594 1594 1594 1595 1595 1595 1622 1622 1622 1594 1594 1594 1622 1622 1622 1621 1621 1621 1595 1595 1595 1596 1596 1596 1623 1623 1623 1595 1595 1595 1623 1623 1623 1622 1622 1622 1596 1596 1596 1597 1597 1597 1624 1624 1624 1596 1596 1596 1624 1624 1624 1623 1623 1623 1597 1597 1597 1598 1598 1598 1625 1625 1625 1597 1597 1597 1625 1625 1625 1624 1624 1624 1598 1598 1598 1599 1599 1599 1626 1626 1626 1598 1598 1598 1626 1626 1626 1625 1625 1625 1599 1599 1599 1600 1600 1600 1627 1627 1627 1599 1599 1599 1627 1627 1627 1626 1626 1626 1600 1600 1600 1601 1601 1601 1628 1628 1628 1600 1600 1600 1628 1628 1628 1627 1627 1627 1601 1601 1601 1602 1602 1602 1629 1629 1629 1601 1601 1601 1629 1629 1629 1628 1628 1628 1602 1602 1602 1603 1603 1603 1630 1630 1630 1602 1602 1602 1630 1630 1630 1629 1629 1629 1603 1603 1603 1604 1604 1604 1631 1631 1631 1603 1603 1603 1631 1631 1631 1630 1630 1630 1604 1604 1604 1605 1605 1605 1632 1632 1632 1604 1604 1604 1632 1632 1632 1631 1631 1631 1605 1605 1605 1606 1606 1606 1633 1633 1633 1605 1605 1605 1633 1633 1633 1632 1632 1632 1606 1606 1606 1607 1607 1607 1634 1634 1634 1606 1606 1606 1634 1634 1634 1633 1633 1633 1607 1607 1607 1608 1608 1608 1635 1635 1635 1607 1607 1607 1635 1635 1635 1634 1634 1634 1608 1608 1608 1609 1609 1609 1636 1636 1636 1608 1608 1608 1636 1636 1636 1635 1635 1635 1609 1609 1609 1610 1610 1610 1637 1637 1637 1609 1609 1609 1637 1637 1637 1636 1636 1636 1610 1610 1610 1611 1611 1611 1638 1638 1638 1610 1610 1610 1638 1638 1638 1637 1637 1637 1611 1611 1611 1612 1612 1612 1639 1639 1639 1611 1611 1611 1639 1639 1639 1638 1638 1638 1612 1612 1612 1613 1613 1613 1640 1640 1640 1612 1612 1612 1640 1640 1640 1639 1639 1639 1614 1614 1614 1615 1615 1615 1642 1642 1642 1614 1614 1614 1642 1642 1642 1641 1641 1641 1615 1615 1615 1616 1616 1616 1643 1643 1643 1615 1615 1615 1643 1643 1643 1642 1642 1642 1616 1616 1616 1617 1617 1617 1644 1644 1644 1616 1616 1616 1644 1644 1644 1643 1643 1643 1617 1617 1617 1618 1618 1618 1645 1645 1645 1617 1617 1617 1645 1645 1645 1644 1644 1644 1618 1618 1618 1619 1619 1619 1646 1646 1646 1618 1618 1618 1646 1646 1646 1645 1645 1645 1619 1619 1619 1620 1620 1620 1647 1647 1647 1619 1619 1619 1647 1647 1647 1646 1646 1646 1620 1620 1620 1621 1621 1621 1648 1648 1648 1620 1620 1620 1648 1648 1648 1647 1647 1647 1621 1621 1621 1622 1622 1622 1649 1649 1649 1621 1621 1621 1649 1649 1649 1648 1648 1648 1622 1622 1622 1623 1623 1623 1650 1650 1650 1622 1622 1622 1650 1650 1650 1649 1649 1649 1623 1623 1623 1624 1624 1624 1651 1651 1651 1623 1623 1623 1651 1651 1651 1650 1650 1650 1624 1624 1624 1625 1625 1625 1652 1652 1652 1624 1624 1624 1652 1652 1652 1651 1651 1651 1625 1625 1625 1626 1626 1626 1653 1653 1653 1625 1625 1625 1653 1653 1653 1652 1652 1652 1626 1626 1626 1627 1627 1627 1654 1654 1654 1626 1626 1626 1654 1654 1654 1653 1653 1653 1627 1627 1627 1628 1628 1628 1655 1655 1655 1627 1627 1627 1655 1655 1655 1654 1654 1654 1628 1628 1628 1629 1629 1629 1656 1656 1656 1628 1628 1628 1656 1656 1656 1655 1655 1655 1629 1629 1629 1630 1630 1630 1657 1657 1657 1629 1629 1629 1657 1657 1657 1656 1656 1656 1630 1630 1630 1631 1631 1631 1658 1658 1658 1630 1630 1630 1658 1658 1658 1657 1657 1657 1631 1631 1631 1632 1632 1632 1659 1659 1659 1631 1631 1631 1659 1659 1659 1658 1658 1658 1632 1632 1632 1633 1633 1633 1660 1660 1660 1632 1632 1632 1660 1660 1660 1659 1659 1659 1633 1633 1633 1634 1634 1634 1661 1661 1661 1633 1633 1633 1661 1661 1661 1660 1660 1660 1634 1634 1634 1635 1635 1635 1662 1662 1662 1634 1634 1634 1662 1662 1662 1661 1661 1661 1635 1635 1635 1636 1636 1636 1663 1663 1663 1635 1635 1635 1663 1663 1663 1662 1662 1662 1636 1636 1636 1637 1637 1637 1664 1664 1664 1636 1636 1636 1664 1664 1664 1663 1663 1663 1637 1637 1637 1638 1638 1638 1665 1665 1665 1637 1637 1637 1665 1665 1665 1664 1664 1664 1638 1638 1638 1639 1639 1639 1666 1666 1666 1638 1638 1638 1666 1666 1666 1665 1665 1665 1639 1639 1639 1640 1640 1640 1667 1667 1667 1639 1639 1639 1667 1667 1667 1666 1666 1666 1641 1641 1641 1642 1642 1642 1669 1669 1669 1641 1641 1641 1669 1669 1669 1668 1668 1668 1642 1642 1642 1643 1643 1643 1670 1670 1670 1642 1642 1642 1670 1670 1670 1669 1669 1669 1643 1643 1643 1644 1644 1644 1671 1671 1671 1643 1643 1643 1671 1671 1671 1670 1670 1670 1644 1644 1644 1645 1645 1645 1672 1672 1672 1644 1644 1644 1672 1672 1672 1671 1671 1671 1645 1645 1645 1646 1646 1646 1673 1673 1673 1645 1645 1645 1673 1673 1673 1672 1672 1672 1646 1646 1646 1647 1647 1647 1674 1674 1674 1646 1646 1646 1674 1674 1674 1673 1673 1673 1647 1647 1647 1648 1648 1648 1675 1675 1675 1647 1647 1647 1675 1675 1675 1674 1674 1674 1648 1648 1648 1649 1649 1649 1676 1676 1676 1648 1648 1648 1676 1676 1676 1675 1675 1675 1649 1649 1649 1650 1650 1650 1677 1677 1677 1649 1649 1649 1677 1677 1677 1676 1676 1676 1650 1650 1650 1651 1651 1651 1678 1678 1678 1650 1650 1650 1678 1678 1678 1677 1677 1677 1651 1651 1651 1652 1652 1652 1679 1679 1679 1651 1651 1651 1679 1679 1679 1678 1678 1678 1652 1652 1652 1653 1653 1653 1680 1680 1680 1652 1652 1652 1680 1680 1680 1679 1679 1679 1653 1653 1653 1654 1654 1654 1681 1681 1681 1653 1653 1653 1681 1681 1681 1680 1680 1680 1654 1654 1654 1655 1655 1655 1682 1682 1682 1654 1654 1654 1682 1682 1682 1681 1681 1681 1655 1655 1655 1656 1656 1656 1683 1683 1683 1655 1655 1655 1683 1683 1683 1682 1682 1682 1656 1656 1656 1657 1657 1657 1684 1684 1684 1656 1656 1656 1684 1684 1684 1683 1683 1683 1657 1657 1657 1658 1658 1658 1685 1685 1685 1657 1657 1657 1685 1685 1685 1684 1684 1684 1658 1658 1658 1659 1659 1659 1686 1686 1686 1658 1658 1658 1686 1686 1686 1685 1685 1685 1659 1659 1659 1660 1660 1660 1687 1687 1687 1659 1659 1659 1687 1687 1687 1686 1686 1686 1660 1660 1660 1661 1661 1661 1688 1688 1688 1660 1660 1660 1688 1688 1688 1687 1687 1687 1661 1661 1661 1662 1662 1662 1689 1689 1689 1661 1661 1661 1689 1689 1689 1688 1688 1688 1662 1662 1662 1663 1663 1663 1690 1690 1690 1662 1662 1662 1690 1690 1690 1689 1689 1689 1663 1663 1663 1664 1664 1664 1691 1691 1691 1663 1663 1663 1691 1691 1691 1690 1690 1690 1664 1664 1664 1665 1665 1665 1692 1692 1692 1664 1664 1664 1692 1692 1692 1691 1691 1691 1665 1665 1665 1666 1666 1666 1693 1693 1693 1665 1665 1665 1693 1693 1693 1692 1692 1692 1666 1666 1666 1667 1667 1667 1694 1694 1694 1666 1666 1666 1694 1694 1694 1693 1693 1693 1668 1668 1668 1669 1669 1669 1696 1696 1696 1668 1668 1668 1696 1696 1696 1695 1695 1695 1669 1669 1669 1670 1670 1670 1697 1697 1697 1669 1669 1669 1697 1697 1697 1696 1696 1696 1670 1670 1670 1671 1671 1671 1698 1698 1698 1670 1670 1670 1698 1698 1698 1697 1697 1697 1671 1671 1671 1672 1672 1672 1699 1699 1699 1671 1671 1671 1699 1699 1699 1698 1698 1698 1672 1672 1672 1673 1673 1673 1700 1700 1700 1672 1672 1672 1700 1700 1700 1699 1699 1699 1673 1673 1673 1674 1674 1674 1701 1701 1701 1673 1673 1673 1701 1701 1701 1700 1700 1700 1674 1674 1674 1675 1675 1675 1702 1702 1702 1674 1674 1674 1702 1702 1702 1701 1701 1701 1675 1675 1675 1676 1676 1676 1703 1703 1703 1675 1675 1675 1703 1703 1703 1702 1702 1702 1676 1676 1676 1677 1677 1677 1704 1704 1704 1676 1676 1676 1704 1704 1704 1703 1703 1703 1677 1677 1677 1678 1678 1678 1705 1705 1705 1677 1677 1677 1705 1705 1705 1704 1704 1704 1678 1678 1678 1679 1679 1679 1706 1706 1706 1678 1678 1678 1706 1706 1706 1705 1705 1705 1679 1679 1679 1680 1680 1680 1707 1707 1707 1679 1679 1679 1707 1707 1707 1706 1706 1706 1680 1680 1680 1681 1681 1681 1708 1708 1708 1680 1680 1680 1708 1708 1708 1707 1707 1707 1681 1681 1681 1682 1682 1682 1709 1709 1709 1681 1681 1681 1709 1709 1709 1708 1708 1708 1682 1682 1682 1683 1683 1683 1710 1710 1710 1682 1682 1682 1710 1710 1710 1709 1709 1709 1683 1683 1683 1684 1684 1684 1711 1711 1711 1683 1683 1683 1711 1711 1711 1710 1710 1710 1684 1684 1684 1685 1685 1685 1712 1712 1712 1684 1684 1684 1712 1712 1712 1711 1711 1711 1685 1685 1685 1686 1686 1686 1713 1713 1713 1685 1685 1685 1713 1713 1713 1712 1712 1712 1686 1686 1686 1687 1687 1687 1714 1714 1714 1686 1686 1686 1714 1714 1714 1713 1713 1713 1687 1687 1687 1688 1688 1688 1715 1715 1715 1687 1687 1687 1715 1715 1715 1714 1714 1714 1688 1688 1688 1689 1689 1689 1716 1716 1716 1688 1688 1688 1716 1716 1716 1715 1715 1715 1689 1689 1689 1690 1690 1690 1717 1717 1717 1689 1689 1689 1717 1717 1717 1716 1716 1716 1690 1690 1690 1691 1691 1691 1718 1718 1718 1690 1690 1690 1718 1718 1718 1717 1717 1717 1691 1691 1691 1692 1692 1692 1719 1719 1719 1691 1691 1691 1719 1719 1719 1718 1718 1718 1692 1692 1692 1693 1693 1693 1720 1720 1720 1692 1692 1692 1720 1720 1720 1719 1719 1719 1693 1693 1693 1694 1694 1694 1721 1721 1721 1693 1693 1693 1721 1721 1721 1720 1720 1720 1722 1722 1722 1723 1723 1723 1746 1746 1746 1722 1722 1722 1746 1746 1746 1745 1745 1745 1723 1723 1723 1724 1724 1724 1747 1747 1747 1723 1723 1723 1747 1747 1747 1746 1746 1746 1724 1724 1724 1725 1725 1725 1748 1748 1748 1724 1724 1724 1748 1748 1748 1747 1747 1747 1725 1725 1725 1726 1726 1726 1749 1749 1749 1725 1725 1725 1749 1749 1749 1748 1748 1748 1726 1726 1726 1727 1727 1727 1750 1750 1750 1726 1726 1726 1750 1750 1750 1749 1749 1749 1727 1727 1727 1728 1728 1728 1751 1751 1751 1727 1727 1727 1751 1751 1751 1750 1750 1750 1728 1728 1728 1729 1729 1729 1752 1752 1752 1728 1728 1728 1752 1752 1752 1751 1751 1751 1729 1729 1729 1730 1730 1730 1753 1753 1753 1729 1729 1729 1753 1753 1753 1752 1752 1752 1730 1730 1730 1731 1731 1731 1754 1754 1754 1730 1730 1730 1754 1754 1754 1753 1753 1753 1731 1731 1731 1732 1732 1732 1755 1755 1755 1731 1731 1731 1755 1755 1755 1754 1754 1754 1732 1732 1732 1733 1733 1733 1756 1756 1756 1732 1732 1732 1756 1756 1756 1755 1755 1755 1733 1733 1733 1734 1734 1734 1757 1757 1757 1733 1733 1733 1757 1757 1757 1756 1756 1756 1734 1734 1734 1735 1735 1735 1758 1758 1758 1734 1734 1734 1758 1758 1758 1757 1757 1757 1735 1735 1735 1736 1736 1736 1759 1759 1759 1735 1735 1735 1759 1759 1759 1758 1758 1758 1736 1736 1736 1737 1737 1737 1760 1760 1760 1736 1736 1736 1760 1760 1760 1759 1759 1759 1737 1737 1737 1738 1738 1738 1761 1761 1761 1737 1737 1737 1761 1761 1761 1760 1760 1760 1738 1738 1738 1739 1739 1739 1762 1762 1762 1738 1738 1738 1762 1762 1762 1761 1761 1761 1739 1739 1739 1740 1740 1740 1763 1763 1763 1739 1739 1739 1763 1763 1763 1762 1762 1762 1740 1740 1740 1741 1741 1741 1764 1764 1764 1740 1740 1740 1764 1764 1764 1763 1763 1763 1741 1741 1741 1742 1742 1742 1765 1765 1765 1741 1741 1741 1765 1765 1765 1764 1764 1764 1742 1742 1742 1743 1743 1743 1766 1766 1766 1742 1742 1742 1766 1766 1766 1765 1765 1765 1743 1743 1743 1744 1744 1744 1767 1767 1767 1743 1743 1743 1767 1767 1767 1766 1766 1766 1745 1745 1745 1746 1746 1746 1769 1769 1769 1745 1745 1745 1769 1769 1769 1768 1768 1768 1746 1746 1746 1747 1747 1747 1770 1770 1770 1746 1746 1746 1770 1770 1770 1769 1769 1769 1747 1747 1747 1748 1748 1748 1771 1771 1771 1747 1747 1747 1771 1771 1771 1770 1770 1770 1748 1748 1748 1749 1749 1749 1772 1772 1772 1748 1748 1748 1772 1772 1772 1771 1771 1771 1749 1749 1749 1750 1750 1750 1773 1773 1773 1749 1749 1749 1773 1773 1773 1772 1772 1772 1750 1750 1750 1751 1751 1751 1774 1774 1774 1750 1750 1750 1774 1774 1774 1773 1773 1773 1751 1751 1751 1752 1752 1752 1775 1775 1775 1751 1751 1751 1775 1775 1775 1774 1774 1774 1752 1752 1752 1753 1753 1753 1776 1776 1776 1752 1752 1752 1776 1776 1776 1775 1775 1775 1753 1753 1753 1754 1754 1754 1777 1777 1777 1753 1753 1753 1777 1777 1777 1776 1776 1776 1754 1754 1754 1755 1755 1755 1778 1778 1778 1754 1754 1754 1778 1778 1778 1777 1777 1777 1755 1755 1755 1756 1756 1756 1779 1779 1779 1755 1755 1755 1779 1779 1779 1778 1778 1778 1756 1756 1756 1757 1757 1757 1780 1780 1780 1756 1756 1756 1780 1780 1780 1779 1779 1779 1757 1757 1757 1758 1758 1758 1781 1781 1781 1757 1757 1757 1781 1781 1781 1780 1780 1780 1758 1758 1758 1759 1759 1759 1782 1782 1782 1758 1758 1758 1782 1782 1782 1781 1781 1781 1759 1759 1759 1760 1760 1760 1783 1783 1783 1759 1759 1759 1783 1783 1783 1782 1782 1782 1760 1760 1760 1761 1761 1761 1784 1784 1784 1760 1760 1760 1784 1784 1784 1783 1783 1783 1761 1761 1761 1762 1762 1762 1785 1785 1785 1761 1761 1761 1785 1785 1785 1784 1784 1784 1762 1762 1762 1763 1763 1763 1786 1786 1786 1762 1762 1762 1786 1786 1786 1785 1785 1785 1763 1763 1763 1764 1764 1764 1787 1787 1787 1763 1763 1763 1787 1787 1787 1786 1786 1786 1764 1764 1764 1765 1765 1765 1788 1788 1788 1764 1764 1764 1788 1788 1788 1787 1787 1787 1765 1765 1765 1766 1766 1766 1789 1789 1789 1765 1765 1765 1789 1789 1789 1788 1788 1788 1766 1766 1766 1767 1767 1767 1790 1790 1790 1766 1766 1766 1790 1790 1790 1789 1789 1789 1768 1768 1768 1769 1769 1769 1792 1792 1792 1768 1768 1768 1792 1792 1792 1791 1791 1791 1769 1769 1769 1770 1770 1770 1793 1793 1793 1769 1769 1769 1793 1793 1793 1792 1792 1792 1770 1770 1770 1771 1771 1771 1794 1794 1794 1770 1770 1770 1794 1794 1794 1793 1793 1793 1771 1771 1771 1772 1772 1772 1795 1795 1795 1771 1771 1771 1795 1795 1795 1794 1794 1794 1772 1772 1772 1773 1773 1773 1796 1796 1796 1772 1772 1772 1796 1796 1796 1795 1795 1795 1773 1773 1773 1774 1774 1774 1797 1797 1797 1773 1773 1773 1797 1797 1797 1796 1796 1796 1774 1774 1774 1775 1775 1775 1798 1798 1798 1774 1774 1774 1798 1798 1798 1797 1797 1797 1775 1775 1775 1776 1776 1776 1799 1799 1799 1775 1775 1775 1799 1799 1799 1798 1798 1798 1776 1776 1776 1777 1777 1777 1800 1800 1800 1776 1776 1776 1800 1800 1800 1799 1799 1799 1777 1777 1777 1778 1778 1778 1801 1801 1801 1777 1777 1777 1801 1801 1801 1800 1800 1800 1778 1778 1778 1779 1779 1779 1802 1802 1802 1778 1778 1778 1802 1802 1802 1801 1801 1801 1779 1779 1779 1780 1780 1780 1803 1803 1803 1779 1779 1779 1803 1803 1803 1802 1802 1802 1780 1780 1780 1781 1781 1781 1804 1804 1804 1780 1780 1780 1804 1804 1804 1803 1803 1803 1781 1781 1781 1782 1782 1782 1805 1805 1805 1781 1781 1781 1805 1805 1805 1804 1804 1804 1782 1782 1782 1783 1783 1783 1806 1806 1806 1782 1782 1782 1806 1806 1806 1805 1805 1805 1783 1783 1783 1784 1784 1784 1807 1807 1807 1783 1783 1783 1807 1807 1807 1806 1806 1806 1784 1784 1784 1785 1785 1785 1808 1808 1808 1784 1784 1784 1808 1808 1808 1807 1807 1807 1785 1785 1785 1786 1786 1786 1809 1809 1809 1785 1785 1785 1809 1809 1809 1808 1808 1808 1786 1786 1786 1787 1787 1787 1810 1810 1810 1786 1786 1786 1810 1810 1810 1809 1809 1809 1787 1787 1787 1788 1788 1788 1811 1811 1811 1787 1787 1787 1811 1811 1811 1810 1810 1810 1788 1788 1788 1789 1789 1789 1812 1812 1812 1788 1788 1788 1812 1812 1812 1811 1811 1811 1789 1789 1789 1790 1790 1790 1813 1813 1813 1789 1789 1789 1813 1813 1813 1812 1812 1812 1791 1791 1791 1792 1792 1792 1815 1815 1815 1791 1791 1791 1815 1815 1815 1814 1814 1814 1792 1792 1792 1793 1793 1793 1816 1816 1816 1792 1792 1792 1816 1816 1816 1815 1815 1815 1793 1793 1793 1794 1794 1794 1817 1817 1817 1793 1793 1793 1817 1817 1817 1816 1816 1816 1794 1794 1794 1795 1795 1795 1818 1818 1818 1794 1794 1794 1818 1818 1818 1817 1817 1817 1795 1795 1795 1796 1796 1796 1819 1819 1819 1795 1795 1795 1819 1819 1819 1818 1818 1818 1796 1796 1796 1797 1797 1797 1820 1820 1820 1796 1796 1796 1820 1820 1820 1819 1819 1819 1797 1797 1797 1798 1798 1798 1821 1821 1821 1797 1797 1797 1821 1821 1821 1820 1820 1820 1798 1798 1798 1799 1799 1799 1822 1822 1822 1798 1798 1798 1822 1822 1822 1821 1821 1821 1799 1799 1799 1800 1800 1800 1823 1823 1823 1799 1799 1799 1823 1823 1823 1822 1822 1822 1800 1800 1800 1801 1801 1801 1824 1824 1824 1800 1800 1800 1824 1824 1824 1823 1823 1823 1801 1801 1801 1802 1802 1802 1825 1825 1825 1801 1801 1801 1825 1825 1825 1824 1824 1824 1802 1802 1802 1803 1803 1803 1826 1826 1826 1802 1802 1802 1826 1826 1826 1825 1825 1825 1803 1803 1803 1804 1804 1804 1827 1827 1827 1803 1803 1803 1827 1827 1827 1826 1826 1826 1804 1804 1804 1805 1805 1805 1828 1828 1828 1804 1804 1804 1828 1828 1828 1827 1827 1827 1805 1805 1805 1806 1806 1806 1829 1829 1829 1805 1805 1805 1829 1829 1829 1828 1828 1828 1806 1806 1806 1807 1807 1807 1830 1830 1830 1806 1806 1806 1830 1830 1830 1829 1829 1829 1807 1807 1807 1808 1808 1808 1831 1831 1831 1807 1807 1807 1831 1831 1831 1830 1830 1830 1808 1808 1808 1809 1809 1809 1832 1832 1832 1808 1808 1808 1832 1832 1832 1831 1831 1831 1809 1809 1809 1810 1810 1810 1833 1833 1833 1809 1809 1809 1833 1833 1833 1832 1832 1832 1810 1810 1810 1811 1811 1811 1834 1834 1834 1810 1810 1810 1834 1834 1834 1833 1833 1833 1811 1811 1811 1812 1812 1812 1835 1835 1835 1811 1811 1811 1835 1835 1835 1834 1834 1834 1812 1812 1812 1813 1813 1813 1836 1836 1836 1812 1812 1812 1836 1836 1836 1835 1835 1835 1814 1814 1814 1815 1815 1815 1838 1838 1838 1814 1814 1814 1838 1838 1838 1837 1837 1837 1815 1815 1815 1816 1816 1816 1839 1839 1839 1815 1815 1815 1839 1839 1839 1838 1838 1838 1816 1816 1816 1817 1817 1817 1840 1840 1840 1816 1816 1816 1840 1840 1840 1839 1839 1839 1817 1817 1817 1818 1818 1818 1841 1841 1841 1817 1817 1817 1841 1841 1841 1840 1840 1840 1818 1818 1818 1819 1819 1819 1842 1842 1842 1818 1818 1818 1842 1842 1842 1841 1841 1841 1819 1819 1819 1820 1820 1820 1843 1843 1843 1819 1819 1819 1843 1843 1843 1842 1842 1842 1820 1820 1820 1821 1821 1821 1844 1844 1844 1820 1820 1820 1844 1844 1844 1843 1843 1843 1821 1821 1821 1822 1822 1822 1845 1845 1845 1821 1821 1821 1845 1845 1845 1844 1844 1844 1822 1822 1822 1823 1823 1823 1846 1846 1846 1822 1822 1822 1846 1846 1846 1845 1845 1845 1823 1823 1823 1824 1824 1824 1847 1847 1847 1823 1823 1823 1847 1847 1847 1846 1846 1846 1824 1824 1824 1825 1825 1825 1848 1848 1848 1824 1824 1824 1848 1848 1848 1847 1847 1847 1825 1825 1825 1826 1826 1826 1849 1849 1849 1825 1825 1825 1849 1849 1849 1848 1848 1848 1826 1826 1826 1827 1827 1827 1850 1850 1850 1826 1826 1826 1850 1850 1850 1849 1849 1849 1827 1827 1827 1828 1828 1828 1851 1851 1851 1827 1827 1827 1851 1851 1851 1850 1850 1850 1828 1828 1828 1829 1829 1829 1852 1852 1852 1828 1828 1828 1852 1852 1852 1851 1851 1851 1829 1829 1829 1830 1830 1830 1853 1853 1853 1829 1829 1829 1853 1853 1853 1852 1852 1852 1830 1830 1830 1831 1831 1831 1854 1854 1854 1830 1830 1830 1854 1854 1854 1853 1853 1853 1831 1831 1831 1832 1832 1832 1855 1855 1855 1831 1831 1831 1855 1855 1855 1854 1854 1854 1832 1832 1832 1833 1833 1833 1856 1856 1856 1832 1832 1832 1856 1856 1856 1855 1855 1855 1833 1833 1833 1834 1834 1834 1857 1857 1857 1833 1833 1833 1857 1857 1857 1856 1856 1856 1834 1834 1834 1835 1835 1835 1858 1858 1858 1834 1834 1834 1858 1858 1858 1857 1857 1857 1835 1835 1835 1836 1836 1836 1859 1859 1859 1835 1835 1835 1859 1859 1859 1858 1858 1858 1837 1837 1837 1838 1838 1838 1861 1861 1861 1837 1837 1837 1861 1861 1861 1860 1860 1860 1838 1838 1838 1839 1839 1839 1862 1862 1862 1838 1838 1838 1862 1862 1862 1861 1861 1861 1839 1839 1839 1840 1840 1840 1863 1863 1863 1839 1839 1839 1863 1863 1863 1862 1862 1862 1840 1840 1840 1841 1841 1841 1864 1864 1864 1840 1840 1840 1864 1864 1864 1863 1863 1863 1841 1841 1841 1842 1842 1842 1865 1865 1865 1841 1841 1841 1865 1865 1865 1864 1864 1864 1842 1842 1842 1843 1843 1843 1866 1866 1866 1842 1842 1842 1866 1866 1866 1865 1865 1865 1843 1843 1843 1844 1844 1844 1867 1867 1867 1843 1843 1843 1867 1867 1867 1866 1866 1866 1844 1844 1844 1845 1845 1845 1868 1868 1868 1844 1844 1844 1868 1868 1868 1867 1867 1867 1845 1845 1845 1846 1846 1846 1869 1869 1869 1845 1845 1845 1869 1869 1869 1868 1868 1868 1846 1846 1846 1847 1847 1847 1870 1870 1870 1846 1846 1846 1870 1870 1870 1869 1869 1869 1847 1847 1847 1848 1848 1848 1871 1871 1871 1847 1847 1847 1871 1871 1871 1870 1870 1870 1848 1848 1848 1849 1849 1849 1872 1872 1872 1848 1848 1848 1872 1872 1872 1871 1871 1871 1849 1849 1849 1850 1850 1850 1873 1873 1873 1849 1849 1849 1873 1873 1873 1872 1872 1872 1850 1850 1850 1851 1851 1851 1874 1874 1874 1850 1850 1850 1874 1874 1874 1873 1873 1873 1851 1851 1851 1852 1852 1852 1875 1875 1875 1851 1851 1851 1875 1875 1875 1874 1874 1874 1852 1852 1852 1853 1853 1853 1876 1876 1876 1852 1852 1852 1876 1876 1876 1875 1875 1875 1853 1853 1853 1854 1854 1854 1877 1877 1877 1853 1853 1853 1877 1877 1877 1876 1876 1876 1854 1854 1854 1855 1855 1855 1878 1878 1878 1854 1854 1854 1878 1878 1878 1877 1877 1877 1855 1855 1855 1856 1856 1856 1879 1879 1879 1855 1855 1855 1879 1879 1879 1878 1878 1878 1856 1856 1856 1857 1857 1857 1880 1880 1880 1856 1856 1856 1880 1880 1880 1879 1879 1879 1857 1857 1857 1858 1858 1858 1881 1881 1881 1857 1857 1857 1881 1881 1881 1880 1880 1880 1858 1858 1858 1859 1859 1859 1882 1882 1882 1858 1858 1858 1882 1882 1882 1881 1881 1881 1860 1860 1860 1861 1861 1861 1884 1884 1884 1860 1860 1860 1884 1884 1884 1883 1883 1883 1861 1861 1861 1862 1862 1862 1885 1885 1885 1861 1861 1861 1885 1885 1885 1884 1884 1884 1862 1862 1862 1863 1863 1863 1886 1886 1886 1862 1862 1862 1886 1886 1886 1885 1885 1885 1863 1863 1863 1864 1864 1864 1887 1887 1887 1863 1863 1863 1887 1887 1887 1886 1886 1886 1864 1864 1864 1865 1865 1865 1888 1888 1888 1864 1864 1864 1888 1888 1888 1887 1887 1887 1865 1865 1865 1866 1866 1866 1889 1889 1889 1865 1865 1865 1889 1889 1889 1888 1888 1888 1866 1866 1866 1867 1867 1867 1890 1890 1890 1866 1866 1866 1890 1890 1890 1889 1889 1889 1867 1867 1867 1868 1868 1868 1891 1891 1891 1867 1867 1867 1891 1891 1891 1890 1890 1890 1868 1868 1868 1869 1869 1869 1892 1892 1892 1868 1868 1868 1892 1892 1892 1891 1891 1891 1869 1869 1869 1870 1870 1870 1893 1893 1893 1869 1869 1869 1893 1893 1893 1892 1892 1892 1870 1870 1870 1871 1871 1871 1894 1894 1894 1870 1870 1870 1894 1894 1894 1893 1893 1893 1871 1871 1871 1872 1872 1872 1895 1895 1895 1871 1871 1871 1895 1895 1895 1894 1894 1894 1872 1872 1872 1873 1873 1873 1896 1896 1896 1872 1872 1872 1896 1896 1896 1895 1895 1895 1873 1873 1873 1874 1874 1874 1897 1897 1897 1873 1873 1873 1897 1897 1897 1896 1896 1896 1874 1874 1874 1875 1875 1875 1898 1898 1898 1874 1874 1874 1898 1898 1898 1897 1897 1897 1875 1875 1875 1876 1876 1876 1899 1899 1899 1875 1875 1875 1899 1899 1899 1898 1898 1898 1876 1876 1876 1877 1877 1877 1900 1900 1900 1876 1876 1876 1900 1900 1900 1899 1899 1899 1877 1877 1877 1878 1878 1878 1901 1901 1901 1877 1877 1877 1901 1901 1901 1900 1900 1900 1878 1878 1878 1879 1879 1879 1902 1902 1902 1878 1878 1878 1902 1902 1902 1901 1901 1901 1879 1879 1879 1880 1880 1880 1903 1903 1903 1879 1879 1879 1903 1903 1903 1902 1902 1902 1880 1880 1880 1881 1881 1881 1904 1904 1904 1880 1880 1880 1904 1904 1904 1903 1903 1903 1881 1881 1881 1882 1882 1882 1905 1905 1905 1881 1881 1881 1905 1905 1905 1904 1904 1904 1883 1883 1883 1884 1884 1884 1907 1907 1907 1883 1883 1883 1907 1907 1907 1906 1906 1906 1884 1884 1884 1885 1885 1885 1908 1908 1908 1884 1884 1884 1908 1908 1908 1907 1907 1907 1885 1885 1885 1886 1886 1886 1909 1909 1909 1885 1885 1885 1909 1909 1909 1908 1908 1908 1886 1886 1886 1887 1887 1887 1910 1910 1910 1886 1886 1886 1910 1910 1910 1909 1909 1909 1887 1887 1887 1888 1888 1888 1911 1911 1911 1887 1887 1887 1911 1911 1911 1910 1910 1910 1888 1888 1888 1889 1889 1889 1912 1912 1912 1888 1888 1888 1912 1912 1912 1911 1911 1911 1889 1889 1889 1890 1890 1890 1913 1913 1913 1889 1889 1889 1913 1913 1913 1912 1912 1912 1890 1890 1890 1891 1891 1891 1914 1914 1914 1890 1890 1890 1914 1914 1914 1913 1913 1913 1891 1891 1891 1892 1892 1892 1915 1915 1915 1891 1891 1891 1915 1915 1915 1914 1914 1914 1892 1892 1892 1893 1893 1893 1916 1916 1916 1892 1892 1892 1916 1916 1916 1915 1915 1915 1893 1893 1893 1894 1894 1894 1917 1917 1917 1893 1893 1893 1917 1917 1917 1916 1916 1916 1894 1894 1894 1895 1895 1895 1918 1918 1918 1894 1894 1894 1918 1918 1918 1917 1917 1917 1895 1895 1895 1896 1896 1896 1919 1919 1919 1895 1895 1895 1919 1919 1919 1918 1918 1918 1896 1896 1896 1897 1897 1897 1920 1920 1920 1896 1896 1896 1920 1920 1920 1919 1919 1919 1897 1897 1897 1898 1898 1898 1921 1921 1921 1897 1897 1897 1921 1921 1921 1920 1920 1920 1898 1898 1898 1899 1899 1899 1922 1922 1922 1898 1898 1898 1922 1922 1922 1921 1921 1921 1899 1899 1899 1900 1900 1900 1923 1923 1923 1899 1899 1899 1923 1923 1923 1922 1922 1922 1900 1900 1900 1901 1901 1901 1924 1924 1924 1900 1900 1900 1924 1924 1924 1923 1923 1923 1901 1901 1901 1902 1902 1902 1925 1925 1925 1901 1901 1901 1925 1925 1925 1924 1924 1924 1902 1902 1902 1903 1903 1903 1926 1926 1926 1902 1902 1902 1926 1926 1926 1925 1925 1925 1903 1903 1903 1904 1904 1904 1927 1927 1927 1903 1903 1903 1927 1927 1927 1926 1926 1926 1904 1904 1904 1905 1905 1905 1928 1928 1928 1904 1904 1904 1928 1928 1928 1927 1927 1927 1906 1906 1906 1907 1907 1907 1930 1930 1930 1906 1906 1906 1930 1930 1930 1929 1929 1929 1907 1907 1907 1908 1908 1908 1931 1931 1931 1907 1907 1907 1931 1931 1931 1930 1930 1930 1908 1908 1908 1909 1909 1909 1932 1932 1932 1908 1908 1908 1932 1932 1932 1931 1931 1931 1909 1909 1909 1910 1910 1910 1933 1933 1933 1909 1909 1909 1933 1933 1933 1932 1932 1932 1910 1910 1910 1911 1911 1911 1934 1934 1934 1910 1910 1910 1934 1934 1934 1933 1933 1933 1911 1911 1911 1912 1912 1912 1935 1935 1935 1911 1911 1911 1935 1935 1935 1934 1934 1934 1912 1912 1912 1913 1913 1913 1936 1936 1936 1912 1912 1912 1936 1936 1936 1935 1935 1935 1913 1913 1913 1914 1914 1914 1937 1937 1937 1913 1913 1913 1937 1937 1937 1936 1936 1936 1914 1914 1914 1915 1915 1915 1938 1938 1938 1914 1914 1914 1938 1938 1938 1937 1937 1937 1915 1915 1915 1916 1916 1916 1939 1939 1939 1915 1915 1915 1939 1939 1939 1938 1938 1938 1916 1916 1916 1917 1917 1917 1940 1940 1940 1916 1916 1916 1940 1940 1940 1939 1939 1939 1917 1917 1917 1918 1918 1918 1941 1941 1941 1917 1917 1917 1941 1941 1941 1940 1940 1940 1918 1918 1918 1919 1919 1919 1942 1942 1942 1918 1918 1918 1942 1942 1942 1941 1941 1941 1919 1919 1919 1920 1920 1920 1943 1943 1943 1919 1919 1919 1943 1943 1943 1942 1942 1942 1920 1920 1920 1921 1921 1921 1944 1944 1944 1920 1920 1920 1944 1944 1944 1943 1943 1943 1921 1921 1921 1922 1922 1922 1945 1945 1945 1921 1921 1921 1945 1945 1945 1944 1944 1944 1922 1922 1922 1923 1923 1923 1946 1946 1946 1922 1922 1922 1946 1946 1946 1945 1945 1945 1923 1923 1923 1924 1924 1924 1947 1947 1947 1923 1923 1923 1947 1947 1947 1946 1946 1946 1924 1924 1924 1925 1925 1925 1948 1948 1948 1924 1924 1924 1948 1948 1948 1947 1947 1947 1925 1925 1925 1926 1926 1926 1949 1949 1949 1925 1925 1925 1949 1949 1949 1948 1948 1948 1926 1926 1926 1927 1927 1927 1950 1950 1950 1926 1926 1926 1950 1950 1950 1949 1949 1949 1927 1927 1927 1928 1928 1928 1951 1951 1951 1927 1927 1927 1951 1951 1951 1950 1950 1950 1929 1929 1929 1930 1930 1930 1953 1953 1953 1929 1929 1929 1953 1953 1953 1952 1952 1952 1930 1930 1930 1931 1931 1931 1954 1954 1954 1930 1930 1930 1954 1954 1954 1953 1953 1953 1931 1931 1931 1932 1932 1932 1955 1955 1955 1931 1931 1931 1955 1955 1955 1954 1954 1954 1932 1932 1932 1933 1933 1933 1956 1956 1956 1932 1932 1932 1956 1956 1956 1955 1955 1955 1933 1933 1933 1934 1934 1934 1957 1957 1957 1933 1933 1933 1957 1957 1957 1956 1956 1956 1934 1934 1934 1935 1935 1935 1958 1958 1958 1934 1934 1934 1958 1958 1958 1957 1957 1957 1935 1935 1935 1936 1936 1936 1959 1959 1959 1935 1935 1935 1959 1959 1959 1958 1958 1958 1936 1936 1936 1937 1937 1937 1960 1960 1960 1936 1936 1936 1960 1960 1960 1959 1959 1959 1937 1937 1937 1938 1938 1938 1961 1961 1961 1937 1937 1937 1961 1961 1961 1960 1960 1960 1938 1938 1938 1939 1939 1939 1962 1962 1962 1938 1938 1938 1962 1962 1962 1961 1961 1961 1939 1939 1939 1940 1940 1940 1963 1963 1963 1939 1939 1939 1963 1963 1963 1962 1962 1962 1940 1940 1940 1941 1941 1941 1964 1964 1964 1940 1940 1940 1964 1964 1964 1963 1963 1963 1941 1941 1941 1942 1942 1942 1965 1965 1965 1941 1941 1941 1965 1965 1965 1964 1964 1964 1942 1942 1942 1943 1943 1943 1966 1966 1966 1942 1942 1942 1966 1966 1966 1965 1965 1965 1943 1943 1943 1944 1944 1944 1967 1967 1967 1943 1943 1943 1967 1967 1967 1966 1966 1966 1944 1944 1944 1945 1945 1945 1968 1968 1968 1944 1944 1944 1968 1968 1968 1967 1967 1967 1945 1945 1945 1946 1946 1946 1969 1969 1969 1945 1945 1945 1969 1969 1969 1968 1968 1968 1946 1946 1946 1947 1947 1947 1970 1970 1970 1946 1946 1946 1970 1970 1970 1969 1969 1969 1947 1947 1947 1948 1948 1948 1971 1971 1971 1947 1947 1947 1971 1971 1971 1970 1970 1970 1948 1948 1948 1949 1949 1949 1972 1972 1972 1948 1948 1948 1972 1972 1972 1971 1971 1971 1949 1949 1949 1950 1950 1950 1973 1973 1973 1949 1949 1949 1973 1973 1973 1972 1972 1972 1950 1950 1950 1951 1951 1951 1974 1974 1974 1950 1950 1950 1974 1974 1974 1973 1973 1973 1952 1952 1952 1953 1953 1953 1976 1976 1976 1952 1952 1952 1976 1976 1976 1975 1975 1975 1953 1953 1953 1954 1954 1954 1977 1977 1977 1953 1953 1953 1977 1977 1977 1976 1976 1976 1954 1954 1954 1955 1955 1955 1978 1978 1978 1954 1954 1954 1978 1978 1978 1977 1977 1977 1955 1955 1955 1956 1956 1956 1979 1979 1979 1955 1955 1955 1979 1979 1979 1978 1978 1978 1956 1956 1956 1957 1957 1957 1980 1980 1980 1956 1956 1956 1980 1980 1980 1979 1979 1979 1957 1957 1957 1958 1958 1958 1981 1981 1981 1957 1957 1957 1981 1981 1981 1980 1980 1980 1958 1958 1958 1959 1959 1959 1982 1982 1982 1958 1958 1958 1982 1982 1982 1981 1981 1981 1959 1959 1959 1960 1960 1960 1983 1983 1983 1959 1959 1959 1983 1983 1983 1982 1982 1982 1960 1960 1960 1961 1961 1961 1984 1984 1984 1960 1960 1960 1984 1984 1984 1983 1983 1983 1961 1961 1961 1962 1962 1962 1985 1985 1985 1961 1961 1961 1985 1985 1985 1984 1984 1984 1962 1962 1962 1963 1963 1963 1986 1986 1986 1962 1962 1962 1986 1986 1986 1985 1985 1985 1963 1963 1963 1964 1964 1964 1987 1987 1987 1963 1963 1963 1987 1987 1987 1986 1986 1986 1964 1964 1964 1965 1965 1965 1988 1988 1988 1964 1964 1964 1988 1988 1988 1987 1987 1987 1965 1965 1965 1966 1966 1966 1989 1989 1989 1965 1965 1965 1989 1989 1989 1988 1988 1988 1966 1966 1966 1967 1967 1967 1990 1990 1990 1966 1966 1966 1990 1990 1990 1989 1989 1989 1967 1967 1967 1968 1968 1968 1991 1991 1991 1967 1967 1967 1991 1991 1991 1990 1990 1990 1968 1968 1968 1969 1969 1969 1992 1992 1992 1968 1968 1968 1992 1992 1992 1991 1991 1991 1969 1969 1969 1970 1970 1970 1993 1993 1993 1969 1969 1969 1993 1993 1993 1992 1992 1992 1970 1970 1970 1971 1971 1971 1994 1994 1994 1970 1970 1970 1994 1994 1994 1993 1993 1993 1971 1971 1971 1972 1972 1972 1995 1995 1995 1971 1971 1971 1995 1995 1995 1994 1994 1994 1972 1972 1972 1973 1973 1973 1996 1996 1996 1972 1972 1972 1996 1996 1996 1995 1995 1995 1973 1973 1973 1974 1974 1974 1997 1997 1997 1973 1973 1973 1997 1997 1997 1996 1996 1996 1975 1975 1975 1976 1976 1976 1999 1999 1999 1975 1975 1975 1999 1999 1999 1998 1998 1998 1976 1976 1976 1977 1977 1977 2000 2000 2000 1976 1976 1976 2000 2000 2000 1999 1999 1999 1977 1977 1977 1978 1978 1978 2001 2001 2001 1977 1977 1977 2001 2001 2001 2000 2000 2000 1978 1978 1978 1979 1979 1979 2002 2002 2002 1978 1978 1978 2002 2002 2002 2001 2001 2001 1979 1979 1979 1980 1980 1980 2003 2003 2003 1979 1979 1979 2003 2003 2003 2002 2002 2002 1980 1980 1980 1981 1981 1981 2004 2004 2004 1980 1980 1980 2004 2004 2004 2003 2003 2003 1981 1981 1981 1982 1982 1982 2005 2005 2005 1981 1981 1981 2005 2005 2005 2004 2004 2004 1982 1982 1982 1983 1983 1983 2006 2006 2006 1982 1982 1982 2006 2006 2006 2005 2005 2005 1983 1983 1983 1984 1984 1984 2007 2007 2007 1983 1983 1983 2007 2007 2007 2006 2006 2006 1984 1984 1984 1985 1985 1985 2008 2008 2008 1984 1984 1984 2008 2008 2008 2007 2007 2007 1985 1985 1985 1986 1986 1986 2009 2009 2009 1985 1985 1985 2009 2009 2009 2008 2008 2008 1986 1986 1986 1987 1987 1987 2010 2010 2010 1986 1986 1986 2010 2010 2010 2009 2009 2009 1987 1987 1987 1988 1988 1988 2011 2011 2011 1987 1987 1987 2011 2011 2011 2010 2010 2010 1988 1988 1988 1989 1989 1989 2012 2012 2012 1988 1988 1988 2012 2012 2012 2011 2011 2011 1989 1989 1989 1990 1990 1990 2013 2013 2013 1989 1989 1989 2013 2013 2013 2012 2012 2012 1990 1990 1990 1991 1991 1991 2014 2014 2014 1990 1990 1990 2014 2014 2014 2013 2013 2013 1991 1991 1991 1992 1992 1992 2015 2015 2015 1991 1991 1991 2015 2015 2015 2014 2014 2014 1992 1992 1992 1993 1993 1993 2016 2016 2016 1992 1992 1992 2016 2016 2016 2015 2015 2015 1993 1993 1993 1994 1994 1994 2017 2017 2017 1993 1993 1993 2017 2017 2017 2016 2016 2016 1994 1994 1994 1995 1995 1995 2018 2018 2018 1994 1994 1994 2018 2018 2018 2017 2017 2017 1995 1995 1995 1996 1996 1996 2019 2019 2019 1995 1995 1995 2019 2019 2019 2018 2018 2018 1996 1996 1996 1997 1997 1997 2020 2020 2020 1996 1996 1996 2020 2020 2020 2019 2019 2019 1998 1998 1998 1999 1999 1999 2022 2022 2022 1998 1998 1998 2022 2022 2022 2021 2021 2021 1999 1999 1999 2000 2000 2000 2023 2023 2023 1999 1999 1999 2023 2023 2023 2022 2022 2022 2000 2000 2000 2001 2001 2001 2024 2024 2024 2000 2000 2000 2024 2024 2024 2023 2023 2023 2001 2001 2001 2002 2002 2002 2025 2025 2025 2001 2001 2001 2025 2025 2025 2024 2024 2024 2002 2002 2002 2003 2003 2003 2026 2026 2026 2002 2002 2002 2026 2026 2026 2025 2025 2025 2003 2003 2003 2004 2004 2004 2027 2027 2027 2003 2003 2003 2027 2027 2027 2026 2026 2026 2004 2004 2004 2005 2005 2005 2028 2028 2028 2004 2004 2004 2028 2028 2028 2027 2027 2027 2005 2005 2005 2006 2006 2006 2029 2029 2029 2005 2005 2005 2029 2029 2029 2028 2028 2028 2006 2006 2006 2007 2007 2007 2030 2030 2030 2006 2006 2006 2030 2030 2030 2029 2029 2029 2007 2007 2007 2008 2008 2008 2031 2031 2031 2007 2007 2007 2031 2031 2031 2030 2030 2030 2008 2008 2008 2009 2009 2009 2032 2032 2032 2008 2008 2008 2032 2032 2032 2031 2031 2031 2009 2009 2009 2010 2010 2010 2033 2033 2033 2009 2009 2009 2033 2033 2033 2032 2032 2032 2010 2010 2010 2011 2011 2011 2034 2034 2034 2010 2010 2010 2034 2034 2034 2033 2033 2033 2011 2011 2011 2012 2012 2012 2035 2035 2035 2011 2011 2011 2035 2035 2035 2034 2034 2034 2012 2012 2012 2013 2013 2013 2036 2036 2036 2012 2012 2012 2036 2036 2036 2035 2035 2035 2013 2013 2013 2014 2014 2014 2037 2037 2037 2013 2013 2013 2037 2037 2037 2036 2036 2036 2014 2014 2014 2015 2015 2015 2038 2038 2038 2014 2014 2014 2038 2038 2038 2037 2037 2037 2015 2015 2015 2016 2016 2016 2039 2039 2039 2015 2015 2015 2039 2039 2039 2038 2038 2038 2016 2016 2016 2017 2017 2017 2040 2040 2040 2016 2016 2016 2040 2040 2040 2039 2039 2039 2017 2017 2017 2018 2018 2018 2041 2041 2041 2017 2017 2017 2041 2041 2041 2040 2040 2040 2018 2018 2018 2019 2019 2019 2042 2042 2042 2018 2018 2018 2042 2042 2042 2041 2041 2041 2019 2019 2019 2020 2020 2020 2043 2043 2043 2019 2019 2019 2043 2043 2043 2042 2042 2042 2021 2021 2021 2022 2022 2022 2045 2045 2045 2021 2021 2021 2045 2045 2045 2044 2044 2044 2022 2022 2022 2023 2023 2023 2046 2046 2046 2022 2022 2022 2046 2046 2046 2045 2045 2045 2023 2023 2023 2024 2024 2024 2047 2047 2047 2023 2023 2023 2047 2047 2047 2046 2046 2046 2024 2024 2024 2025 2025 2025 2048 2048 2048 2024 2024 2024 2048 2048 2048 2047 2047 2047 2025 2025 2025 2026 2026 2026 2049 2049 2049 2025 2025 2025 2049 2049 2049 2048 2048 2048 2026 2026 2026 2027 2027 2027 2050 2050 2050 2026 2026 2026 2050 2050 2050 2049 2049 2049 2027 2027 2027 2028 2028 2028 2051 2051 2051 2027 2027 2027 2051 2051 2051 2050 2050 2050 2028 2028 2028 2029 2029 2029 2052 2052 2052 2028 2028 2028 2052 2052 2052 2051 2051 2051 2029 2029 2029 2030 2030 2030 2053 2053 2053 2029 2029 2029 2053 2053 2053 2052 2052 2052 2030 2030 2030 2031 2031 2031 2054 2054 2054 2030 2030 2030 2054 2054 2054 2053 2053 2053 2031 2031 2031 2032 2032 2032 2055 2055 2055 2031 2031 2031 2055 2055 2055 2054 2054 2054 2032 2032 2032 2033 2033 2033 2056 2056 2056 2032 2032 2032 2056 2056 2056 2055 2055 2055 2033 2033 2033 2034 2034 2034 2057 2057 2057 2033 2033 2033 2057 2057 2057 2056 2056 2056 2034 2034 2034 2035 2035 2035 2058 2058 2058 2034 2034 2034 2058 2058 2058 2057 2057 2057 2035 2035 2035 2036 2036 2036 2059 2059 2059 2035 2035 2035 2059 2059 2059 2058 2058 2058 2036 2036 2036 2037 2037 2037 2060 2060 2060 2036 2036 2036 2060 2060 2060 2059 2059 2059 2037 2037 2037 2038 2038 2038 2061 2061 2061 2037 2037 2037 2061 2061 2061 2060 2060 2060 2038 2038 2038 2039 2039 2039 2062 2062 2062 2038 2038 2038 2062 2062 2062 2061 2061 2061 2039 2039 2039 2040 2040 2040 2063 2063 2063 2039 2039 2039 2063 2063 2063 2062 2062 2062 2040 2040 2040 2041 2041 2041 2064 2064 2064 2040 2040 2040 2064 2064 2064 2063 2063 2063 2041 2041 2041 2042 2042 2042 2065 2065 2065 2041 2041 2041 2065 2065 2065 2064 2064 2064 2042 2042 2042 2043 2043 2043 2066 2066 2066 2042 2042 2042 2066 2066 2066 2065 2065 2065 2044 2044 2044 2045 2045 2045 2068 2068 2068 2044 2044 2044 2068 2068 2068 2067 2067 2067 2045 2045 2045 2046 2046 2046 2069 2069 2069 2045 2045 2045 2069 2069 2069 2068 2068 2068 2046 2046 2046 2047 2047 2047 2070 2070 2070 2046 2046 2046 2070 2070 2070 2069 2069 2069 2047 2047 2047 2048 2048 2048 2071 2071 2071 2047 2047 2047 2071 2071 2071 2070 2070 2070 2048 2048 2048 2049 2049 2049 2072 2072 2072 2048 2048 2048 2072 2072 2072 2071 2071 2071 2049 2049 2049 2050 2050 2050 2073 2073 2073 2049 2049 2049 2073 2073 2073 2072 2072 2072 2050 2050 2050 2051 2051 2051 2074 2074 2074 2050 2050 2050 2074 2074 2074 2073 2073 2073 2051 2051 2051 2052 2052 2052 2075 2075 2075 2051 2051 2051 2075 2075 2075 2074 2074 2074 2052 2052 2052 2053 2053 2053 2076 2076 2076 2052 2052 2052 2076 2076 2076 2075 2075 2075 2053 2053 2053 2054 2054 2054 2077 2077 2077 2053 2053 2053 2077 2077 2077 2076 2076 2076 2054 2054 2054 2055 2055 2055 2078 2078 2078 2054 2054 2054 2078 2078 2078 2077 2077 2077 2055 2055 2055 2056 2056 2056 2079 2079 2079 2055 2055 2055 2079 2079 2079 2078 2078 2078 2056 2056 2056 2057 2057 2057 2080 2080 2080 2056 2056 2056 2080 2080 2080 2079 2079 2079 2057 2057 2057 2058 2058 2058 2081 2081 2081 2057 2057 2057 2081 2081 2081 2080 2080 2080 2058 2058 2058 2059 2059 2059 2082 2082 2082 2058 2058 2058 2082 2082 2082 2081 2081 2081 2059 2059 2059 2060 2060 2060 2083 2083 2083 2059 2059 2059 2083 2083 2083 2082 2082 2082 2060 2060 2060 2061 2061 2061 2084 2084 2084 2060 2060 2060 2084 2084 2084 2083 2083 2083 2061 2061 2061 2062 2062 2062 2085 2085 2085 2061 2061 2061 2085 2085 2085 2084 2084 2084 2062 2062 2062 2063 2063 2063 2086 2086 2086 2062 2062 2062 2086 2086 2086 2085 2085 2085 2063 2063 2063 2064 2064 2064 2087 2087 2087 2063 2063 2063 2087 2087 2087 2086 2086 2086 2064 2064 2064 2065 2065 2065 2088 2088 2088 2064 2064 2064 2088 2088 2088 2087 2087 2087 2065 2065 2065 2066 2066 2066 2089 2089 2089 2065 2065 2065 2089 2089 2089 2088 2088 2088 2067 2067 2067 2068 2068 2068 2091 2091 2091 2067 2067 2067 2091 2091 2091 2090 2090 2090 2068 2068 2068 2069 2069 2069 2092 2092 2092 2068 2068 2068 2092 2092 2092 2091 2091 2091 2069 2069 2069 2070 2070 2070 2093 2093 2093 2069 2069 2069 2093 2093 2093 2092 2092 2092 2070 2070 2070 2071 2071 2071 2094 2094 2094 2070 2070 2070 2094 2094 2094 2093 2093 2093 2071 2071 2071 2072 2072 2072 2095 2095 2095 2071 2071 2071 2095 2095 2095 2094 2094 2094 2072 2072 2072 2073 2073 2073 2096 2096 2096 2072 2072 2072 2096 2096 2096 2095 2095 2095 2073 2073 2073 2074 2074 2074 2097 2097 2097 2073 2073 2073 2097 2097 2097 2096 2096 2096 2074 2074 2074 2075 2075 2075 2098 2098 2098 2074 2074 2074 2098 2098 2098 2097 2097 2097 2075 2075 2075 2076 2076 2076 2099 2099 2099 2075 2075 2075 2099 2099 2099 2098 2098 2098 2076 2076 2076 2077 2077 2077 2100 2100 2100 2076 2076 2076 2100 2100 2100 2099 2099 2099 2077 2077 2077 2078 2078 2078 2101 2101 2101 2077 2077 2077 2101 2101 2101 2100 2100 2100 2078 2078 2078 2079 2079 2079 2102 2102 2102 2078 2078 2078 2102 2102 2102 2101 2101 2101 2079 2079 2079 2080 2080 2080 2103 2103 2103 2079 2079 2079 2103 2103 2103 2102 2102 2102 2080 2080 2080 2081 2081 2081 2104 2104 2104 2080 2080 2080 2104 2104 2104 2103 2103 2103 2081 2081 2081 2082 2082 2082 2105 2105 2105 2081 2081 2081 2105 2105 2105 2104 2104 2104 2082 2082 2082 2083 2083 2083 2106 2106 2106 2082 2082 2082 2106 2106 2106 2105 2105 2105 2083 2083 2083 2084 2084 2084 2107 2107 2107 2083 2083 2083 2107 2107 2107 2106 2106 2106 2084 2084 2084 2085 2085 2085 2108 2108 2108 2084 2084 2084 2108 2108 2108 2107 2107 2107 2085 2085 2085 2086 2086 2086 2109 2109 2109 2085 2085 2085 2109 2109 2109 2108 2108 2108 2086 2086 2086 2087 2087 2087 2110 2110 2110 2086 2086 2086 2110 2110 2110 2109 2109 2109 2087 2087 2087 2088 2088 2088 2111 2111 2111 2087 2087 2087 2111 2111 2111 2110 2110 2110 2088 2088 2088 2089 2089 2089 2112 2112 2112 2088 2088 2088 2112 2112 2112 2111 2111 2111 2090 2090 2090 2091 2091 2091 2114 2114 2114 2090 2090 2090 2114 2114 2114 2113 2113 2113 2091 2091 2091 2092 2092 2092 2115 2115 2115 2091 2091 2091 2115 2115 2115 2114 2114 2114 2092 2092 2092 2093 2093 2093 2116 2116 2116 2092 2092 2092 2116 2116 2116 2115 2115 2115 2093 2093 2093 2094 2094 2094 2117 2117 2117 2093 2093 2093 2117 2117 2117 2116 2116 2116 2094 2094 2094 2095 2095 2095 2118 2118 2118 2094 2094 2094 2118 2118 2118 2117 2117 2117 2095 2095 2095 2096 2096 2096 2119 2119 2119 2095 2095 2095 2119 2119 2119 2118 2118 2118 2096 2096 2096 2097 2097 2097 2120 2120 2120 2096 2096 2096 2120 2120 2120 2119 2119 2119 2097 2097 2097 2098 2098 2098 2121 2121 2121 2097 2097 2097 2121 2121 2121 2120 2120 2120 2098 2098 2098 2099 2099 2099 2122 2122 2122 2098 2098 2098 2122 2122 2122 2121 2121 2121 2099 2099 2099 2100 2100 2100 2123 2123 2123 2099 2099 2099 2123 2123 2123 2122 2122 2122 2100 2100 2100 2101 2101 2101 2124 2124 2124 2100 2100 2100 2124 2124 2124 2123 2123 2123 2101 2101 2101 2102 2102 2102 2125 2125 2125 2101 2101 2101 2125 2125 2125 2124 2124 2124 2102 2102 2102 2103 2103 2103 2126 2126 2126 2102 2102 2102 2126 2126 2126 2125 2125 2125 2103 2103 2103 2104 2104 2104 2127 2127 2127 2103 2103 2103 2127 2127 2127 2126 2126 2126 2104 2104 2104 2105 2105 2105 2128 2128 2128 2104 2104 2104 2128 2128 2128 2127 2127 2127 2105 2105 2105 2106 2106 2106 2129 2129 2129 2105 2105 2105 2129 2129 2129 2128 2128 2128 2106 2106 2106 2107 2107 2107 2130 2130 2130 2106 2106 2106 2130 2130 2130 2129 2129 2129 2107 2107 2107 2108 2108 2108 2131 2131 2131 2107 2107 2107 2131 2131 2131 2130 2130 2130 2108 2108 2108 2109 2109 2109 2132 2132 2132 2108 2108 2108 2132 2132 2132 2131 2131 2131 2109 2109 2109 2110 2110 2110 2133 2133 2133 2109 2109 2109 2133 2133 2133 2132 2132 2132 2110 2110 2110 2111 2111 2111 2134 2134 2134 2110 2110 2110 2134 2134 2134 2133 2133 2133 2111 2111 2111 2112 2112 2112 2135 2135 2135 2111 2111 2111 2135 2135 2135 2134 2134 2134 2113 2113 2113 2114 2114 2114 2137 2137 2137 2113 2113 2113 2137 2137 2137 2136 2136 2136 2114 2114 2114 2115 2115 2115 2138 2138 2138 2114 2114 2114 2138 2138 2138 2137 2137 2137 2115 2115 2115 2116 2116 2116 2139 2139 2139 2115 2115 2115 2139 2139 2139 2138 2138 2138 2116 2116 2116 2117 2117 2117 2140 2140 2140 2116 2116 2116 2140 2140 2140 2139 2139 2139 2117 2117 2117 2118 2118 2118 2141 2141 2141 2117 2117 2117 2141 2141 2141 2140 2140 2140 2118 2118 2118 2119 2119 2119 2142 2142 2142 2118 2118 2118 2142 2142 2142 2141 2141 2141 2119 2119 2119 2120 2120 2120 2143 2143 2143 2119 2119 2119 2143 2143 2143 2142 2142 2142 2120 2120 2120 2121 2121 2121 2144 2144 2144 2120 2120 2120 2144 2144 2144 2143 2143 2143 2121 2121 2121 2122 2122 2122 2145 2145 2145 2121 2121 2121 2145 2145 2145 2144 2144 2144 2122 2122 2122 2123 2123 2123 2146 2146 2146 2122 2122 2122 2146 2146 2146 2145 2145 2145 2123 2123 2123 2124 2124 2124 2147 2147 2147 2123 2123 2123 2147 2147 2147 2146 2146 2146 2124 2124 2124 2125 2125 2125 2148 2148 2148 2124 2124 2124 2148 2148 2148 2147 2147 2147 2125 2125 2125 2126 2126 2126 2149 2149 2149 2125 2125 2125 2149 2149 2149 2148 2148 2148 2126 2126 2126 2127 2127 2127 2150 2150 2150 2126 2126 2126 2150 2150 2150 2149 2149 2149 2127 2127 2127 2128 2128 2128 2151 2151 2151 2127 2127 2127 2151 2151 2151 2150 2150 2150 2128 2128 2128 2129 2129 2129 2152 2152 2152 2128 2128 2128 2152 2152 2152 2151 2151 2151 2129 2129 2129 2130 2130 2130 2153 2153 2153 2129 2129 2129 2153 2153 2153 2152 2152 2152 2130 2130 2130 2131 2131 2131 2154 2154 2154 2130 2130 2130 2154 2154 2154 2153 2153 2153 2131 2131 2131 2132 2132 2132 2155 2155 2155 2131 2131 2131 2155 2155 2155 2154 2154 2154 2132 2132 2132 2133 2133 2133 2156 2156 2156 2132 2132 2132 2156 2156 2156 2155 2155 2155 2133 2133 2133 2134 2134 2134 2157 2157 2157 2133 2133 2133 2157 2157 2157 2156 2156 2156 2134 2134 2134 2135 2135 2135 2158 2158 2158 2134 2134 2134 2158 2158 2158 2157 2157 2157 2136 2136 2136 2137 2137 2137 2160 2160 2160 2136 2136 2136 2160 2160 2160 2159 2159 2159 2137 2137 2137 2138 2138 2138 2161 2161 2161 2137 2137 2137 2161 2161 2161 2160 2160 2160 2138 2138 2138 2139 2139 2139 2162 2162 2162 2138 2138 2138 2162 2162 2162 2161 2161 2161 2139 2139 2139 2140 2140 2140 2163 2163 2163 2139 2139 2139 2163 2163 2163 2162 2162 2162 2140 2140 2140 2141 2141 2141 2164 2164 2164 2140 2140 2140 2164 2164 2164 2163 2163 2163 2141 2141 2141 2142 2142 2142 2165 2165 2165 2141 2141 2141 2165 2165 2165 2164 2164 2164 2142 2142 2142 2143 2143 2143 2166 2166 2166 2142 2142 2142 2166 2166 2166 2165 2165 2165 2143 2143 2143 2144 2144 2144 2167 2167 2167 2143 2143 2143 2167 2167 2167 2166 2166 2166 2144 2144 2144 2145 2145 2145 2168 2168 2168 2144 2144 2144 2168 2168 2168 2167 2167 2167 2145 2145 2145 2146 2146 2146 2169 2169 2169 2145 2145 2145 2169 2169 2169 2168 2168 2168 2146 2146 2146 2147 2147 2147 2170 2170 2170 2146 2146 2146 2170 2170 2170 2169 2169 2169 2147 2147 2147 2148 2148 2148 2171 2171 2171 2147 2147 2147 2171 2171 2171 2170 2170 2170 2148 2148 2148 2149 2149 2149 2172 2172 2172 2148 2148 2148 2172 2172 2172 2171 2171 2171 2149 2149 2149 2150 2150 2150 2173 2173 2173 2149 2149 2149 2173 2173 2173 2172 2172 2172 2150 2150 2150 2151 2151 2151 2174 2174 2174 2150 2150 2150 2174 2174 2174 2173 2173 2173 2151 2151 2151 2152 2152 2152 2175 2175 2175 2151 2151 2151 2175 2175 2175 2174 2174 2174 2152 2152 2152 2153 2153 2153 2176 2176 2176 2152 2152 2152 2176 2176 2176 2175 2175 2175 2153 2153 2153 2154 2154 2154 2177 2177 2177 2153 2153 2153 2177 2177 2177 2176 2176 2176 2154 2154 2154 2155 2155 2155 2178 2178 2178 2154 2154 2154 2178 2178 2178 2177 2177 2177 2155 2155 2155 2156 2156 2156 2179 2179 2179 2155 2155 2155 2179 2179 2179 2178 2178 2178 2156 2156 2156 2157 2157 2157 2180 2180 2180 2156 2156 2156 2180 2180 2180 2179 2179 2179 2157 2157 2157 2158 2158 2158 2181 2181 2181 2157 2157 2157 2181 2181 2181 2180 2180 2180 2159 2159 2159 2160 2160 2160 2183 2183 2183 2159 2159 2159 2183 2183 2183 2182 2182 2182 2160 2160 2160 2161 2161 2161 2184 2184 2184 2160 2160 2160 2184 2184 2184 2183 2183 2183 2161 2161 2161 2162 2162 2162 2185 2185 2185 2161 2161 2161 2185 2185 2185 2184 2184 2184 2162 2162 2162 2163 2163 2163 2186 2186 2186 2162 2162 2162 2186 2186 2186 2185 2185 2185 2163 2163 2163 2164 2164 2164 2187 2187 2187 2163 2163 2163 2187 2187 2187 2186 2186 2186 2164 2164 2164 2165 2165 2165 2188 2188 2188 2164 2164 2164 2188 2188 2188 2187 2187 2187 2165 2165 2165 2166 2166 2166 2189 2189 2189 2165 2165 2165 2189 2189 2189 2188 2188 2188 2166 2166 2166 2167 2167 2167 2190 2190 2190 2166 2166 2166 2190 2190 2190 2189 2189 2189 2167 2167 2167 2168 2168 2168 2191 2191 2191 2167 2167 2167 2191 2191 2191 2190 2190 2190 2168 2168 2168 2169 2169 2169 2192 2192 2192 2168 2168 2168 2192 2192 2192 2191 2191 2191 2169 2169 2169 2170 2170 2170 2193 2193 2193 2169 2169 2169 2193 2193 2193 2192 2192 2192 2170 2170 2170 2171 2171 2171 2194 2194 2194 2170 2170 2170 2194 2194 2194 2193 2193 2193 2171 2171 2171 2172 2172 2172 2195 2195 2195 2171 2171 2171 2195 2195 2195 2194 2194 2194 2172 2172 2172 2173 2173 2173 2196 2196 2196 2172 2172 2172 2196 2196 2196 2195 2195 2195 2173 2173 2173 2174 2174 2174 2197 2197 2197 2173 2173 2173 2197 2197 2197 2196 2196 2196 2174 2174 2174 2175 2175 2175 2198 2198 2198 2174 2174 2174 2198 2198 2198 2197 2197 2197 2175 2175 2175 2176 2176 2176 2199 2199 2199 2175 2175 2175 2199 2199 2199 2198 2198 2198 2176 2176 2176 2177 2177 2177 2200 2200 2200 2176 2176 2176 2200 2200 2200 2199 2199 2199 2177 2177 2177 2178 2178 2178 2201 2201 2201 2177 2177 2177 2201 2201 2201 2200 2200 2200 2178 2178 2178 2179 2179 2179 2202 2202 2202 2178 2178 2178 2202 2202 2202 2201 2201 2201 2179 2179 2179 2180 2180 2180 2203 2203 2203 2179 2179 2179 2203 2203 2203 2202 2202 2202 2180 2180 2180 2181 2181 2181 2204 2204 2204 2180 2180 2180 2204 2204 2204 2203 2203 2203 2182 2182 2182 2183 2183 2183 2206 2206 2206 2182 2182 2182 2206 2206 2206 2205 2205 2205 2183 2183 2183 2184 2184 2184 2207 2207 2207 2183 2183 2183 2207 2207 2207 2206 2206 2206 2184 2184 2184 2185 2185 2185 2208 2208 2208 2184 2184 2184 2208 2208 2208 2207 2207 2207 2185 2185 2185 2186 2186 2186 2209 2209 2209 2185 2185 2185 2209 2209 2209 2208 2208 2208 2186 2186 2186 2187 2187 2187 2210 2210 2210 2186 2186 2186 2210 2210 2210 2209 2209 2209 2187 2187 2187 2188 2188 2188 2211 2211 2211 2187 2187 2187 2211 2211 2211 2210 2210 2210 2188 2188 2188 2189 2189 2189 2212 2212 2212 2188 2188 2188 2212 2212 2212 2211 2211 2211 2189 2189 2189 2190 2190 2190 2213 2213 2213 2189 2189 2189 2213 2213 2213 2212 2212 2212 2190 2190 2190 2191 2191 2191 2214 2214 2214 2190 2190 2190 2214 2214 2214 2213 2213 2213 2191 2191 2191 2192 2192 2192 2215 2215 2215 2191 2191 2191 2215 2215 2215 2214 2214 2214 2192 2192 2192 2193 2193 2193 2216 2216 2216 2192 2192 2192 2216 2216 2216 2215 2215 2215 2193 2193 2193 2194 2194 2194 2217 2217 2217 2193 2193 2193 2217 2217 2217 2216 2216 2216 2194 2194 2194 2195 2195 2195 2218 2218 2218 2194 2194 2194 2218 2218 2218 2217 2217 2217 2195 2195 2195 2196 2196 2196 2219 2219 2219 2195 2195 2195 2219 2219 2219 2218 2218 2218 2196 2196 2196 2197 2197 2197 2220 2220 2220 2196 2196 2196 2220 2220 2220 2219 2219 2219 2197 2197 2197 2198 2198 2198 2221 2221 2221 2197 2197 2197 2221 2221 2221 2220 2220 2220 2198 2198 2198 2199 2199 2199 2222 2222 2222 2198 2198 2198 2222 2222 2222 2221 2221 2221 2199 2199 2199 2200 2200 2200 2223 2223 2223 2199 2199 2199 2223 2223 2223 2222 2222 2222 2200 2200 2200 2201 2201 2201 2224 2224 2224 2200 2200 2200 2224 2224 2224 2223 2223 2223 2201 2201 2201 2202 2202 2202 2225 2225 2225 2201 2201 2201 2225 2225 2225 2224 2224 2224 2202 2202 2202 2203 2203 2203 2226 2226 2226 2202 2202 2202 2226 2226 2226 2225 2225 2225 2203 2203 2203 2204 2204 2204 2227 2227 2227 2203 2203 2203 2227 2227 2227 2226 2226 2226 2205 2205 2205 2206 2206 2206 2229 2229 2229 2205 2205 2205 2229 2229 2229 2228 2228 2228 2206 2206 2206 2207 2207 2207 2230 2230 2230 2206 2206 2206 2230 2230 2230 2229 2229 2229 2207 2207 2207 2208 2208 2208 2231 2231 2231 2207 2207 2207 2231 2231 2231 2230 2230 2230 2208 2208 2208 2209 2209 2209 2232 2232 2232 2208 2208 2208 2232 2232 2232 2231 2231 2231 2209 2209 2209 2210 2210 2210 2233 2233 2233 2209 2209 2209 2233 2233 2233 2232 2232 2232 2210 2210 2210 2211 2211 2211 2234 2234 2234 2210 2210 2210 2234 2234 2234 2233 2233 2233 2211 2211 2211 2212 2212 2212 2235 2235 2235 2211 2211 2211 2235 2235 2235 2234 2234 2234 2212 2212 2212 2213 2213 2213 2236 2236 2236 2212 2212 2212 2236 2236 2236 2235 2235 2235 2213 2213 2213 2214 2214 2214 2237 2237 2237 2213 2213 2213 2237 2237 2237 2236 2236 2236 2214 2214 2214 2215 2215 2215 2238 2238 2238 2214 2214 2214 2238 2238 2238 2237 2237 2237 2215 2215 2215 2216 2216 2216 2239 2239 2239 2215 2215 2215 2239 2239 2239 2238 2238 2238 2216 2216 2216 2217 2217 2217 2240 2240 2240 2216 2216 2216 2240 2240 2240 2239 2239 2239 2217 2217 2217 2218 2218 2218 2241 2241 2241 2217 2217 2217 2241 2241 2241 2240 2240 2240 2218 2218 2218 2219 2219 2219 2242 2242 2242 2218 2218 2218 2242 2242 2242 2241 2241 2241 2219 2219 2219 2220 2220 2220 2243 2243 2243 2219 2219 2219 2243 2243 2243 2242 2242 2242 2220 2220 2220 2221 2221 2221 2244 2244 2244 2220 2220 2220 2244 2244 2244 2243 2243 2243 2221 2221 2221 2222 2222 2222 2245 2245 2245 2221 2221 2221 2245 2245 2245 2244 2244 2244 2222 2222 2222 2223 2223 2223 2246 2246 2246 2222 2222 2222 2246 2246 2246 2245 2245 2245 2223 2223 2223 2224 2224 2224 2247 2247 2247 2223 2223 2223 2247 2247 2247 2246 2246 2246 2224 2224 2224 2225 2225 2225 2248 2248 2248 2224 2224 2224 2248 2248 2248 2247 2247 2247 2225 2225 2225 2226 2226 2226 2249 2249 2249 2225 2225 2225 2249 2249 2249 2248 2248 2248 2226 2226 2226 2227 2227 2227 2250 2250 2250 2226 2226 2226 2250 2250 2250 2249 2249 2249 2228 2228 2228 2229 2229 2229 2252 2252 2252 2228 2228 2228 2252 2252 2252 2251 2251 2251 2229 2229 2229 2230 2230 2230 2253 2253 2253 2229 2229 2229 2253 2253 2253 2252 2252 2252 2230 2230 2230 2231 2231 2231 2254 2254 2254 2230 2230 2230 2254 2254 2254 2253 2253 2253 2231 2231 2231 2232 2232 2232 2255 2255 2255 2231 2231 2231 2255 2255 2255 2254 2254 2254 2232 2232 2232 2233 2233 2233 2256 2256 2256 2232 2232 2232 2256 2256 2256 2255 2255 2255 2233 2233 2233 2234 2234 2234 2257 2257 2257 2233 2233 2233 2257 2257 2257 2256 2256 2256 2234 2234 2234 2235 2235 2235 2258 2258 2258 2234 2234 2234 2258 2258 2258 2257 2257 2257 2235 2235 2235 2236 2236 2236 2259 2259 2259 2235 2235 2235 2259 2259 2259 2258 2258 2258 2236 2236 2236 2237 2237 2237 2260 2260 2260 2236 2236 2236 2260 2260 2260 2259 2259 2259 2237 2237 2237 2238 2238 2238 2261 2261 2261 2237 2237 2237 2261 2261 2261 2260 2260 2260 2238 2238 2238 2239 2239 2239 2262 2262 2262 2238 2238 2238 2262 2262 2262 2261 2261 2261 2239 2239 2239 2240 2240 2240 2263 2263 2263 2239 2239 2239 2263 2263 2263 2262 2262 2262 2240 2240 2240 2241 2241 2241 2264 2264 2264 2240 2240 2240 2264 2264 2264 2263 2263 2263 2241 2241 2241 2242 2242 2242 2265 2265 2265 2241 2241 2241 2265 2265 2265 2264 2264 2264 2242 2242 2242 2243 2243 2243 2266 2266 2266 2242 2242 2242 2266 2266 2266 2265 2265 2265 2243 2243 2243 2244 2244 2244 2267 2267 2267 2243 2243 2243 2267 2267 2267 2266 2266 2266 2244 2244 2244 2245 2245 2245 2268 2268 2268 2244 2244 2244 2268 2268 2268 2267 2267 2267 2245 2245 2245 2246 2246 2246 2269 2269 2269 2245 2245 2245 2269 2269 2269 2268 2268 2268 2246 2246 2246 2247 2247 2247 2270 2270 2270 2246 2246 2246 2270 2270 2270 2269 2269 2269 2247 2247 2247 2248 2248 2248 2271 2271 2271 2247 2247 2247 2271 2271 2271 2270 2270 2270 2248 2248 2248 2249 2249 2249 2272 2272 2272 2248 2248 2248 2272 2272 2272 2271 2271 2271 2249 2249 2249 2250 2250 2250 2273 2273 2273 2249 2249 2249 2273 2273 2273 2272 2272 2272 2251 2251 2251 2252 2252 2252 2275 2275 2275 2251 2251 2251 2275 2275 2275 2274 2274 2274 2252 2252 2252 2253 2253 2253 2276 2276 2276 2252 2252 2252 2276 2276 2276 2275 2275 2275 2253 2253 2253 2254 2254 2254 2277 2277 2277 2253 2253 2253 2277 2277 2277 2276 2276 2276 2254 2254 2254 2255 2255 2255 2278 2278 2278 2254 2254 2254 2278 2278 2278 2277 2277 2277 2255 2255 2255 2256 2256 2256 2279 2279 2279 2255 2255 2255 2279 2279 2279 2278 2278 2278 2256 2256 2256 2257 2257 2257 2280 2280 2280 2256 2256 2256 2280 2280 2280 2279 2279 2279 2257 2257 2257 2258 2258 2258 2281 2281 2281 2257 2257 2257 2281 2281 2281 2280 2280 2280 2258 2258 2258 2259 2259 2259 2282 2282 2282 2258 2258 2258 2282 2282 2282 2281 2281 2281 2259 2259 2259 2260 2260 2260 2283 2283 2283 2259 2259 2259 2283 2283 2283 2282 2282 2282 2260 2260 2260 2261 2261 2261 2284 2284 2284 2260 2260 2260 2284 2284 2284 2283 2283 2283 2261 2261 2261 2262 2262 2262 2285 2285 2285 2261 2261 2261 2285 2285 2285 2284 2284 2284 2262 2262 2262 2263 2263 2263 2286 2286 2286 2262 2262 2262 2286 2286 2286 2285 2285 2285 2263 2263 2263 2264 2264 2264 2287 2287 2287 2263 2263 2263 2287 2287 2287 2286 2286 2286 2264 2264 2264 2265 2265 2265 2288 2288 2288 2264 2264 2264 2288 2288 2288 2287 2287 2287 2265 2265 2265 2266 2266 2266 2289 2289 2289 2265 2265 2265 2289 2289 2289 2288 2288 2288 2266 2266 2266 2267 2267 2267 2290 2290 2290 2266 2266 2266 2290 2290 2290 2289 2289 2289 2267 2267 2267 2268 2268 2268 2291 2291 2291 2267 2267 2267 2291 2291 2291 2290 2290 2290 2268 2268 2268 2269 2269 2269 2292 2292 2292 2268 2268 2268 2292 2292 2292 2291 2291 2291 2269 2269 2269 2270 2270 2270 2293 2293 2293 2269 2269 2269 2293 2293 2293 2292 2292 2292 2270 2270 2270 2271 2271 2271 2294 2294 2294 2270 2270 2270 2294 2294 2294 2293 2293 2293 2271 2271 2271 2272 2272 2272 2295 2295 2295 2271 2271 2271 2295 2295 2295 2294 2294 2294 2272 2272 2272 2273 2273 2273 2296 2296 2296 2272 2272 2272 2296 2296 2296 2295 2295 2295 2274 2274 2274 2275 2275 2275 2298 2298 2298 2274 2274 2274 2298 2298 2298 2297 2297 2297 2275 2275 2275 2276 2276 2276 2299 2299 2299 2275 2275 2275 2299 2299 2299 2298 2298 2298 2276 2276 2276 2277 2277 2277 2300 2300 2300 2276 2276 2276 2300 2300 2300 2299 2299 2299 2277 2277 2277 2278 2278 2278 2301 2301 2301 2277 2277 2277 2301 2301 2301 2300 2300 2300 2278 2278 2278 2279 2279 2279 2302 2302 2302 2278 2278 2278 2302 2302 2302 2301 2301 2301 2279 2279 2279 2280 2280 2280 2303 2303 2303 2279 2279 2279 2303 2303 2303 2302 2302 2302 2280 2280 2280 2281 2281 2281 2304 2304 2304 2280 2280 2280 2304 2304 2304 2303 2303 2303 2281 2281 2281 2282 2282 2282 2305 2305 2305 2281 2281 2281 2305 2305 2305 2304 2304 2304 2282 2282 2282 2283 2283 2283 2306 2306 2306 2282 2282 2282 2306 2306 2306 2305 2305 2305 2283 2283 2283 2284 2284 2284 2307 2307 2307 2283 2283 2283 2307 2307 2307 2306 2306 2306 2284 2284 2284 2285 2285 2285 2308 2308 2308 2284 2284 2284 2308 2308 2308 2307 2307 2307 2285 2285 2285 2286 2286 2286 2309 2309 2309 2285 2285 2285 2309 2309 2309 2308 2308 2308 2286 2286 2286 2287 2287 2287 2310 2310 2310 2286 2286 2286 2310 2310 2310 2309 2309 2309 2287 2287 2287 2288 2288 2288 2311 2311 2311 2287 2287 2287 2311 2311 2311 2310 2310 2310 2288 2288 2288 2289 2289 2289 2312 2312 2312 2288 2288 2288 2312 2312 2312 2311 2311 2311 2289 2289 2289 2290 2290 2290 2313 2313 2313 2289 2289 2289 2313 2313 2313 2312 2312 2312 2290 2290 2290 2291 2291 2291 2314 2314 2314 2290 2290 2290 2314 2314 2314 2313 2313 2313 2291 2291 2291 2292 2292 2292 2315 2315 2315 2291 2291 2291 2315 2315 2315 2314 2314 2314 2292 2292 2292 2293 2293 2293 2316 2316 2316 2292 2292 2292 2316 2316 2316 2315 2315 2315 2293 2293 2293 2294 2294 2294 2317 2317 2317 2293 2293 2293 2317 2317 2317 2316 2316 2316 2294 2294 2294 2295 2295 2295 2318 2318 2318 2294 2294 2294 2318 2318 2318 2317 2317 2317 2295 2295 2295 2296 2296 2296 2319 2319 2319 2295 2295 2295 2319 2319 2319 2318 2318 2318 2297 2297 2297 2298 2298 2298 2321 2321 2321 2297 2297 2297 2321 2321 2321 2320 2320 2320 2298 2298 2298 2299 2299 2299 2322 2322 2322 2298 2298 2298 2322 2322 2322 2321 2321 2321 2299 2299 2299 2300 2300 2300 2323 2323 2323 2299 2299 2299 2323 2323 2323 2322 2322 2322 2300 2300 2300 2301 2301 2301 2324 2324 2324 2300 2300 2300 2324 2324 2324 2323 2323 2323 2301 2301 2301 2302 2302 2302 2325 2325 2325 2301 2301 2301 2325 2325 2325 2324 2324 2324 2302 2302 2302 2303 2303 2303 2326 2326 2326 2302 2302 2302 2326 2326 2326 2325 2325 2325 2303 2303 2303 2304 2304 2304 2327 2327 2327 2303 2303 2303 2327 2327 2327 2326 2326 2326 2304 2304 2304 2305 2305 2305 2328 2328 2328 2304 2304 2304 2328 2328 2328 2327 2327 2327 2305 2305 2305 2306 2306 2306 2329 2329 2329 2305 2305 2305 2329 2329 2329 2328 2328 2328 2306 2306 2306 2307 2307 2307 2330 2330 2330 2306 2306 2306 2330 2330 2330 2329 2329 2329 2307 2307 2307 2308 2308 2308 2331 2331 2331 2307 2307 2307 2331 2331 2331 2330 2330 2330 2308 2308 2308 2309 2309 2309 2332 2332 2332 2308 2308 2308 2332 2332 2332 2331 2331 2331 2309 2309 2309 2310 2310 2310 2333 2333 2333 2309 2309 2309 2333 2333 2333 2332 2332 2332 2310 2310 2310 2311 2311 2311 2334 2334 2334 2310 2310 2310 2334 2334 2334 2333 2333 2333 2311 2311 2311 2312 2312 2312 2335 2335 2335 2311 2311 2311 2335 2335 2335 2334 2334 2334 2312 2312 2312 2313 2313 2313 2336 2336 2336 2312 2312 2312 2336 2336 2336 2335 2335 2335 2313 2313 2313 2314 2314 2314 2337 2337 2337 2313 2313 2313 2337 2337 2337 2336 2336 2336 2314 2314 2314 2315 2315 2315 2338 2338 2338 2314 2314 2314 2338 2338 2338 2337 2337 2337 2315 2315 2315 2316 2316 2316 2339 2339 2339 2315 2315 2315 2339 2339 2339 2338 2338 2338 2316 2316 2316 2317 2317 2317 2340 2340 2340 2316 2316 2316 2340 2340 2340 2339 2339 2339 2317 2317 2317 2318 2318 2318 2341 2341 2341 2317 2317 2317 2341 2341 2341 2340 2340 2340 2318 2318 2318 2319 2319 2319 2342 2342 2342 2318 2318 2318 2342 2342 2342 2341 2341 2341 2320 2320 2320 2321 2321 2321 2344 2344 2344 2320 2320 2320 2344 2344 2344 2343 2343 2343 2321 2321 2321 2322 2322 2322 2345 2345 2345 2321 2321 2321 2345 2345 2345 2344 2344 2344 2322 2322 2322 2323 2323 2323 2346 2346 2346 2322 2322 2322 2346 2346 2346 2345 2345 2345 2323 2323 2323 2324 2324 2324 2347 2347 2347 2323 2323 2323 2347 2347 2347 2346 2346 2346 2324 2324 2324 2325 2325 2325 2348 2348 2348 2324 2324 2324 2348 2348 2348 2347 2347 2347 2325 2325 2325 2326 2326 2326 2349 2349 2349 2325 2325 2325 2349 2349 2349 2348 2348 2348 2326 2326 2326 2327 2327 2327 2350 2350 2350 2326 2326 2326 2350 2350 2350 2349 2349 2349 2327 2327 2327 2328 2328 2328 2351 2351 2351 2327 2327 2327 2351 2351 2351 2350 2350 2350 2328 2328 2328 2329 2329 2329 2352 2352 2352 2328 2328 2328 2352 2352 2352 2351 2351 2351 2329 2329 2329 2330 2330 2330 2353 2353 2353 2329 2329 2329 2353 2353 2353 2352 2352 2352 2330 2330 2330 2331 2331 2331 2354 2354 2354 2330 2330 2330 2354 2354 2354 2353 2353 2353 2331 2331 2331 2332 2332 2332 2355 2355 2355 2331 2331 2331 2355 2355 2355 2354 2354 2354 2332 2332 2332 2333 2333 2333 2356 2356 2356 2332 2332 2332 2356 2356 2356 2355 2355 2355 2333 2333 2333 2334 2334 2334 2357 2357 2357 2333 2333 2333 2357 2357 2357 2356 2356 2356 2334 2334 2334 2335 2335 2335 2358 2358 2358 2334 2334 2334 2358 2358 2358 2357 2357 2357 2335 2335 2335 2336 2336 2336 2359 2359 2359 2335 2335 2335 2359 2359 2359 2358 2358 2358 2336 2336 2336 2337 2337 2337 2360 2360 2360 2336 2336 2336 2360 2360 2360 2359 2359 2359 2337 2337 2337 2338 2338 2338 2361 2361 2361 2337 2337 2337 2361 2361 2361 2360 2360 2360 2338 2338 2338 2339 2339 2339 2362 2362 2362 2338 2338 2338 2362 2362 2362 2361 2361 2361 2339 2339 2339 2340 2340 2340 2363 2363 2363 2339 2339 2339 2363 2363 2363 2362 2362 2362 2340 2340 2340 2341 2341 2341 2364 2364 2364 2340 2340 2340 2364 2364 2364 2363 2363 2363 2341 2341 2341 2342 2342 2342 2365 2365 2365 2341 2341 2341 2365 2365 2365 2364 2364 2364 2343 2343 2343 2344 2344 2344 2367 2367 2367 2343 2343 2343 2367 2367 2367 2366 2366 2366 2344 2344 2344 2345 2345 2345 2368 2368 2368 2344 2344 2344 2368 2368 2368 2367 2367 2367 2345 2345 2345 2346 2346 2346 2369 2369 2369 2345 2345 2345 2369 2369 2369 2368 2368 2368 2346 2346 2346 2347 2347 2347 2370 2370 2370 2346 2346 2346 2370 2370 2370 2369 2369 2369 2347 2347 2347 2348 2348 2348 2371 2371 2371 2347 2347 2347 2371 2371 2371 2370 2370 2370 2348 2348 2348 2349 2349 2349 2372 2372 2372 2348 2348 2348 2372 2372 2372 2371 2371 2371 2349 2349 2349 2350 2350 2350 2373 2373 2373 2349 2349 2349 2373 2373 2373 2372 2372 2372 2350 2350 2350 2351 2351 2351 2374 2374 2374 2350 2350 2350 2374 2374 2374 2373 2373 2373 2351 2351 2351 2352 2352 2352 2375 2375 2375 2351 2351 2351 2375 2375 2375 2374 2374 2374 2352 2352 2352 2353 2353 2353 2376 2376 2376 2352 2352 2352 2376 2376 2376 2375 2375 2375 2353 2353 2353 2354 2354 2354 2377 2377 2377 2353 2353 2353 2377 2377 2377 2376 2376 2376 2354 2354 2354 2355 2355 2355 2378 2378 2378 2354 2354 2354 2378 2378 2378 2377 2377 2377 2355 2355 2355 2356 2356 2356 2379 2379 2379 2355 2355 2355 2379 2379 2379 2378 2378 2378 2356 2356 2356 2357 2357 2357 2380 2380 2380 2356 2356 2356 2380 2380 2380 2379 2379 2379 2357 2357 2357 2358 2358 2358 2381 2381 2381 2357 2357 2357 2381 2381 2381 2380 2380 2380 2358 2358 2358 2359 2359 2359 2382 2382 2382 2358 2358 2358 2382 2382 2382 2381 2381 2381 2359 2359 2359 2360 2360 2360 2383 2383 2383 2359 2359 2359 2383 2383 2383 2382 2382 2382 2360 2360 2360 2361 2361 2361 2384 2384 2384 2360 2360 2360 2384 2384 2384 2383 2383 2383 2361 2361 2361 2362 2362 2362 2385 2385 2385 2361 2361 2361 2385 2385 2385 2384 2384 2384 2362 2362 2362 2363 2363 2363 2386 2386 2386 2362 2362 2362 2386 2386 2386 2385 2385 2385 2363 2363 2363 2364 2364 2364 2387 2387 2387 2363 2363 2363 2387 2387 2387 2386 2386 2386 2364 2364 2364 2365 2365 2365 2388 2388 2388 2364 2364 2364 2388 2388 2388 2387 2387 2387 2366 2366 2366 2367 2367 2367 2390 2390 2390 2366 2366 2366 2390 2390 2390 2389 2389 2389 2367 2367 2367 2368 2368 2368 2391 2391 2391 2367 2367 2367 2391 2391 2391 2390 2390 2390 2368 2368 2368 2369 2369 2369 2392 2392 2392 2368 2368 2368 2392 2392 2392 2391 2391 2391 2369 2369 2369 2370 2370 2370 2393 2393 2393 2369 2369 2369 2393 2393 2393 2392 2392 2392 2370 2370 2370 2371 2371 2371 2394 2394 2394 2370 2370 2370 2394 2394 2394 2393 2393 2393 2371 2371 2371 2372 2372 2372 2395 2395 2395 2371 2371 2371 2395 2395 2395 2394 2394 2394 2372 2372 2372 2373 2373 2373 2396 2396 2396 2372 2372 2372 2396 2396 2396 2395 2395 2395 2373 2373 2373 2374 2374 2374 2397 2397 2397 2373 2373 2373 2397 2397 2397 2396 2396 2396 2374 2374 2374 2375 2375 2375 2398 2398 2398 2374 2374 2374 2398 2398 2398 2397 2397 2397 2375 2375 2375 2376 2376 2376 2399 2399 2399 2375 2375 2375 2399 2399 2399 2398 2398 2398 2376 2376 2376 2377 2377 2377 2400 2400 2400 2376 2376 2376 2400 2400 2400 2399 2399 2399 2377 2377 2377 2378 2378 2378 2401 2401 2401 2377 2377 2377 2401 2401 2401 2400 2400 2400 2378 2378 2378 2379 2379 2379 2402 2402 2402 2378 2378 2378 2402 2402 2402 2401 2401 2401 2379 2379 2379 2380 2380 2380 2403 2403 2403 2379 2379 2379 2403 2403 2403 2402 2402 2402 2380 2380 2380 2381 2381 2381 2404 2404 2404 2380 2380 2380 2404 2404 2404 2403 2403 2403 2381 2381 2381 2382 2382 2382 2405 2405 2405 2381 2381 2381 2405 2405 2405 2404 2404 2404 2382 2382 2382 2383 2383 2383 2406 2406 2406 2382 2382 2382 2406 2406 2406 2405 2405 2405 2383 2383 2383 2384 2384 2384 2407 2407 2407 2383 2383 2383 2407 2407 2407 2406 2406 2406 2384 2384 2384 2385 2385 2385 2408 2408 2408 2384 2384 2384 2408 2408 2408 2407 2407 2407 2385 2385 2385 2386 2386 2386 2409 2409 2409 2385 2385 2385 2409 2409 2409 2408 2408 2408 2386 2386 2386 2387 2387 2387 2410 2410 2410 2386 2386 2386 2410 2410 2410 2409 2409 2409 2387 2387 2387 2388 2388 2388 2411 2411 2411 2387 2387 2387 2411 2411 2411 2410 2410 2410 2389 2389 2389 2390 2390 2390 2413 2413 2413 2389 2389 2389 2413 2413 2413 2412 2412 2412 2390 2390 2390 2391 2391 2391 2414 2414 2414 2390 2390 2390 2414 2414 2414 2413 2413 2413 2391 2391 2391 2392 2392 2392 2415 2415 2415 2391 2391 2391 2415 2415 2415 2414 2414 2414 2392 2392 2392 2393 2393 2393 2416 2416 2416 2392 2392 2392 2416 2416 2416 2415 2415 2415 2393 2393 2393 2394 2394 2394 2417 2417 2417 2393 2393 2393 2417 2417 2417 2416 2416 2416 2394 2394 2394 2395 2395 2395 2418 2418 2418 2394 2394 2394 2418 2418 2418 2417 2417 2417 2395 2395 2395 2396 2396 2396 2419 2419 2419 2395 2395 2395 2419 2419 2419 2418 2418 2418 2396 2396 2396 2397 2397 2397 2420 2420 2420 2396 2396 2396 2420 2420 2420 2419 2419 2419 2397 2397 2397 2398 2398 2398 2421 2421 2421 2397 2397 2397 2421 2421 2421 2420 2420 2420 2398 2398 2398 2399 2399 2399 2422 2422 2422 2398 2398 2398 2422 2422 2422 2421 2421 2421 2399 2399 2399 2400 2400 2400 2423 2423 2423 2399 2399 2399 2423 2423 2423 2422 2422 2422 2400 2400 2400 2401 2401 2401 2424 2424 2424 2400 2400 2400 2424 2424 2424 2423 2423 2423 2401 2401 2401 2402 2402 2402 2425 2425 2425 2401 2401 2401 2425 2425 2425 2424 2424 2424 2402 2402 2402 2403 2403 2403 2426 2426 2426 2402 2402 2402 2426 2426 2426 2425 2425 2425 2403 2403 2403 2404 2404 2404 2427 2427 2427 2403 2403 2403 2427 2427 2427 2426 2426 2426 2404 2404 2404 2405 2405 2405 2428 2428 2428 2404 2404 2404 2428 2428 2428 2427 2427 2427 2405 2405 2405 2406 2406 2406 2429 2429 2429 2405 2405 2405 2429 2429 2429 2428 2428 2428 2406 2406 2406 2407 2407 2407 2430 2430 2430 2406 2406 2406 2430 2430 2430 2429 2429 2429 2407 2407 2407 2408 2408 2408 2431 2431 2431 2407 2407 2407 2431 2431 2431 2430 2430 2430 2408 2408 2408 2409 2409 2409 2432 2432 2432 2408 2408 2408 2432 2432 2432 2431 2431 2431 2409 2409 2409 2410 2410 2410 2433 2433 2433 2409 2409 2409 2433 2433 2433 2432 2432 2432 2410 2410 2410 2411 2411 2411 2434 2434 2434 2410 2410 2410 2434 2434 2434 2433 2433 2433 2412 2412 2412 2413 2413 2413 2436 2436 2436 2412 2412 2412 2436 2436 2436 2435 2435 2435 2413 2413 2413 2414 2414 2414 2437 2437 2437 2413 2413 2413 2437 2437 2437 2436 2436 2436 2414 2414 2414 2415 2415 2415 2438 2438 2438 2414 2414 2414 2438 2438 2438 2437 2437 2437 2415 2415 2415 2416 2416 2416 2439 2439 2439 2415 2415 2415 2439 2439 2439 2438 2438 2438 2416 2416 2416 2417 2417 2417 2440 2440 2440 2416 2416 2416 2440 2440 2440 2439 2439 2439 2417 2417 2417 2418 2418 2418 2441 2441 2441 2417 2417 2417 2441 2441 2441 2440 2440 2440 2418 2418 2418 2419 2419 2419 2442 2442 2442 2418 2418 2418 2442 2442 2442 2441 2441 2441 2419 2419 2419 2420 2420 2420 2443 2443 2443 2419 2419 2419 2443 2443 2443 2442 2442 2442 2420 2420 2420 2421 2421 2421 2444 2444 2444 2420 2420 2420 2444 2444 2444 2443 2443 2443 2421 2421 2421 2422 2422 2422 2445 2445 2445 2421 2421 2421 2445 2445 2445 2444 2444 2444 2422 2422 2422 2423 2423 2423 2446 2446 2446 2422 2422 2422 2446 2446 2446 2445 2445 2445 2423 2423 2423 2424 2424 2424 2447 2447 2447 2423 2423 2423 2447 2447 2447 2446 2446 2446 2424 2424 2424 2425 2425 2425 2448 2448 2448 2424 2424 2424 2448 2448 2448 2447 2447 2447 2425 2425 2425 2426 2426 2426 2449 2449 2449 2425 2425 2425 2449 2449 2449 2448 2448 2448 2426 2426 2426 2427 2427 2427 2450 2450 2450 2426 2426 2426 2450 2450 2450 2449 2449 2449 2427 2427 2427 2428 2428 2428 2451 2451 2451 2427 2427 2427 2451 2451 2451 2450 2450 2450 2428 2428 2428 2429 2429 2429 2452 2452 2452 2428 2428 2428 2452 2452 2452 2451 2451 2451 2429 2429 2429 2430 2430 2430 2453 2453 2453 2429 2429 2429 2453 2453 2453 2452 2452 2452 2430 2430 2430 2431 2431 2431 2454 2454 2454 2430 2430 2430 2454 2454 2454 2453 2453 2453 2431 2431 2431 2432 2432 2432 2455 2455 2455 2431 2431 2431 2455 2455 2455 2454 2454 2454 2432 2432 2432 2433 2433 2433 2456 2456 2456 2432 2432 2432 2456 2456 2456 2455 2455 2455 2433 2433 2433 2434 2434 2434 2457 2457 2457 2433 2433 2433 2457 2457 2457 2456 2456 2456 2435 2435 2435 2436 2436 2436 2459 2459 2459 2435 2435 2435 2459 2459 2459 2458 2458 2458 2436 2436 2436 2437 2437 2437 2460 2460 2460 2436 2436 2436 2460 2460 2460 2459 2459 2459 2437 2437 2437 2438 2438 2438 2461 2461 2461 2437 2437 2437 2461 2461 2461 2460 2460 2460 2438 2438 2438 2439 2439 2439 2462 2462 2462 2438 2438 2438 2462 2462 2462 2461 2461 2461 2439 2439 2439 2440 2440 2440 2463 2463 2463 2439 2439 2439 2463 2463 2463 2462 2462 2462 2440 2440 2440 2441 2441 2441 2464 2464 2464 2440 2440 2440 2464 2464 2464 2463 2463 2463 2441 2441 2441 2442 2442 2442 2465 2465 2465 2441 2441 2441 2465 2465 2465 2464 2464 2464 2442 2442 2442 2443 2443 2443 2466 2466 2466 2442 2442 2442 2466 2466 2466 2465 2465 2465 2443 2443 2443 2444 2444 2444 2467 2467 2467 2443 2443 2443 2467 2467 2467 2466 2466 2466 2444 2444 2444 2445 2445 2445 2468 2468 2468 2444 2444 2444 2468 2468 2468 2467 2467 2467 2445 2445 2445 2446 2446 2446 2469 2469 2469 2445 2445 2445 2469 2469 2469 2468 2468 2468 2446 2446 2446 2447 2447 2447 2470 2470 2470 2446 2446 2446 2470 2470 2470 2469 2469 2469 2447 2447 2447 2448 2448 2448 2471 2471 2471 2447 2447 2447 2471 2471 2471 2470 2470 2470 2448 2448 2448 2449 2449 2449 2472 2472 2472 2448 2448 2448 2472 2472 2472 2471 2471 2471 2449 2449 2449 2450 2450 2450 2473 2473 2473 2449 2449 2449 2473 2473 2473 2472 2472 2472 2450 2450 2450 2451 2451 2451 2474 2474 2474 2450 2450 2450 2474 2474 2474 2473 2473 2473 2451 2451 2451 2452 2452 2452 2475 2475 2475 2451 2451 2451 2475 2475 2475 2474 2474 2474 2452 2452 2452 2453 2453 2453 2476 2476 2476 2452 2452 2452 2476 2476 2476 2475 2475 2475 2453 2453 2453 2454 2454 2454 2477 2477 2477 2453 2453 2453 2477 2477 2477 2476 2476 2476 2454 2454 2454 2455 2455 2455 2478 2478 2478 2454 2454 2454 2478 2478 2478 2477 2477 2477 2455 2455 2455 2456 2456 2456 2479 2479 2479 2455 2455 2455 2479 2479 2479 2478 2478 2478 2456 2456 2456 2457 2457 2457 2480 2480 2480 2456 2456 2456 2480 2480 2480 2479 2479 2479</p>
        </triangles>
      </mesh>
    </geometry>
  </library_geometries>
  <library_visual_scenes>
    <visual_scene id="Scene" name="Scene">
      <node id="Cyan" name="Cyan" type="NODE">
        <instance_geometry url="#Cyan-mesh">
          <bind_material><technique_common>
            <instance_material symbol="Cyan" target="#Cyan">
              <bind_vertex_input semantic="UVSET0" input_semantic="TEXCOORD" input_set="0"/>
            </instance_material>
          </technique_common></bind_material>
        </instance_geometry>
      </node>
    </visual_scene>
  </library_visual_scenes>
  <scene><instance_visual_scene url="#Scene"/></scene>
</COLLADA>
