<?xml version="1.0" encoding="utf-8"?>
<COLLADA xmlns="http://www.collada.org/2005/11/COLLADASchema" version="1.4.1">
  <asset>
    <contributor><author>Lovense Controller</author><authoring_tool>make_controller_dae.py</authoring_tool></contributor>
    <unit name="meter" meter="1"/>
    <up_axis>Z_UP</up_axis>
  </asset>
  <library_effects>
    <effect id="Core-fx">
      <profile_COMMON><technique sid="common"><lambert>
        <emission><color>0.35 0.16 0.22 1</color></emission>
        <diffuse><color>0.950 0.550 0.700 1</color></diffuse>
      </lambert></technique></profile_COMMON>
    </effect>
  </library_effects>
  <library_materials>
    <material id="Core" name="Core"><instance_effect url="#Core-fx"/></material>
  </library_materials>
  <library_geometries>
    <geometry id="Core-mesh" name="Core">
      <mesh>
        <source id="Core-pos">
          <float_array id="Core-pos-array" count="6102">0.002000 0.001000 0.200000 0.004564 0.001000 0.199852 0.007082 0.001000 0.199385 0.009487 0.001000 0.198573 0.011709 0.001000 0.197429 0.013707 0.001000 0.196009 0.015463 0.001000 0.194370 0.016956 0.001000 0.192544 0.018137 0.001000 0.190551 0.018952 0.001000 0.188425 0.019392 0.001000 0.186223 0.019510 0.001000 0.184000 0.019385 0.001000 0.181778 0.019041 0.001000 0.179552 0.018417 0.001000 0.177336 0.017408 0.001000 0.175198 0.015952 0.001000 0.173254 0.014084 0.001000 0.171603 0.011913 0.001000 0.170289 0.009556 0.001000 0.169293 0.007092 0.001000 0.168584 0.004564 0.001000 0.168149 0.002000 0.001000 0.168000 0.002000 0.001000 0.200000 0.004517 0.001473 0.199865 0.007000 0.001939 0.199434 0.009394 0.002389 0.198673 0.011630 0.002809 0.197581 0.013660 0.003190 0.196195 0.015449 0.003526 0.194561 0.016958 0.003810 0.192712 0.018129 0.004030 0.190676 0.018906 0.004176 0.188499 0.019289 0.004248 0.186253 0.019348 0.004259 0.184000 0.019177 0.004227 0.181762 0.018808 0.004158 0.179527 0.018184 0.004040 0.177302 0.017192 0.003854 0.175151 0.015763 0.003586 0.173191 0.013922 0.003240 0.171530 0.011774 0.002836 0.170216 0.009440 0.002398 0.169235 0.007006 0.001940 0.168549 0.004516 0.001473 0.168138 0.002000 0.001000 0.168000 0.002000 0.001000 0.200000 0.004372 0.001928 0.199870 0.006718 0.002846 0.199460 0.008994 0.003736 0.198734 0.011142 0.004576 0.197686 0.013112 0.005347 0.196338 0.014863 0.006032 0.194724 0.016342 0.006611 0.192868 0.017473 0.007053 0.190799 0.018196 0.007336 0.188575 0.018508 0.007458 0.186284 0.018490 0.007451 0.184000 0.018248 0.007356 0.181752 0.017833 0.007194 0.179527 0.017202 0.006947 0.177320 0.016255 0.006576 0.175186 0.014917 0.006053 0.173231 0.013202 0.005382 0.171562 0.011196 0.004597 0.170233 0.009007 0.003741 0.169238 0.006716 0.002845 0.168546 0.004371 0.001927 0.168136 0.002000 0.001000 0.168000 0.002000 0.001000 0.200000 0.004134 0.002347 0.199866 0.006244 0.003678 0.199450 0.008291 0.004970 0.198727 0.010232 0.006195 0.197693 0.012026 0.007327 0.196369 0.013635 0.008342 0.194778 0.015005 0.009207 0.192935 0.016056 0.009870 0.190862 0.016718 0.010288 0.188620 0.016983 0.010455 0.186303 0.016921 0.010416 0.184000 0.016640 0.010239 0.181750 0.016203 0.009963 0.179542 0.015587 0.009574 0.177367 0.014713 0.009022 0.175266 0.013515 0.008267 0.173333 0.011996 0.007308 0.171667 0.010224 0.006190 0.170320 0.008282 0.004964 0.169295 0.006237 0.003674 0.168573 0.004133 0.002346 0.168142 0.002000 0.001000 0.168000 0.002000 0.001000 0.200000 0.003813 0.002713 0.199855 0.005599 0.004399 0.199410 0.007323 0.006027 0.198653 0.008949 0.007563 0.197593 0.010452 0.008983 0.196262 0.011808 0.010263 0.194684 0.012974 0.011365 0.192866 0.013882 0.012222 0.190821 0.014465 0.012772 0.188601 0.014705 0.012999 0.186296 0.014655 0.012952 0.184000 0.014402 0.012713 0.181758 0.014007 0.012340 0.179568 0.013460 0.011824 0.177421 0.012704 0.011109 0.175353 0.011689 0.010150 0.173447 0.010416 0.008949 0.171790 0.008937 0.007551 0.170432 0.007313 0.006018 0.169376 0.005594 0.004394 0.168615 0.003812 0.002712 0.168154 0.002000 0.001000 0.168000 0.002000 0.001000 0.200000 0.003424 0.003012 0.199841 0.004818 0.004983 0.199356 0.006151 0.006867 0.198541 0.007392 0.008622 0.197425 0.008528 0.010227 0.196054 0.009549 0.011671 0.194466 0.010433 0.012920 0.192671 0.011133 0.013909 0.190673 0.011598 0.014566 0.188509 0.011810 0.014865 0.186257 0.011801 0.014853 0.184000 0.011632 0.014614 0.181784 0.011343 0.014206 0.179611 0.010926 0.013616 0.177478 0.010339 0.012787 0.175426 0.009549 0.011670 0.173534 0.008561 0.010274 0.171886 0.007414 0.008652 0.170522 0.006154 0.006872 0.169445 0.004816 0.004980 0.168655 0.003423 0.003011 0.168166 0.002000 0.001000 0.168000 0.002000 0.001000 0.200000 0.002980 0.003234 0.199831 0.003936 0.005413 0.199311 0.004839 0.007474 0.198442 0.005669 0.009365 0.197260 0.006414 0.011064 0.195832 0.007074 0.012569 0.194213 0.007642 0.013865 0.192423 0.008096 0.014899 0.190467 0.008407 0.015608 0.188369 0.008563 0.015965 0.186192 0.008585 0.016014 0.184000 0.008505 0.015832 0.181827 0.008343 0.015463 0.179674 0.008087 0.014880 0.177543 0.007705 0.014008 0.175484 0.007174 0.012798 0.173586 0.006502 0.011264 0.171932 0.005717 0.009476 0.170564 0.004855 0.007509 0.169480 0.003937 0.005417 0.168677 0.002980 0.003234 0.168173 0.002000 0.001000 0.168000 0.002000 0.001000 0.200000 0.002499 0.003371 0.199828 0.002986 0.005680 0.199295 0.003443 0.007851 0.198396 0.003858 0.009820 0.197170 0.004224 0.011558 0.195693 0.004541 0.013066 0.194033 0.004810 0.014341 0.192227 0.005022 0.015348 0.190288 0.005168 0.016041 0.188238 0.005245 0.016409 0.186126 0.005265 0.016501 0.184000 0.005241 0.016388 0.181877 0.005180 0.016098 0.179746 0.005070 0.015577 0.177612 0.004892 0.014731 0.175532 0.004632 0.013497 0.173609 0.004294 0.011893 0.171936 0.003896 0.010001 0.170559 0.003456 0.007912 0.169476 0.002988 0.005689 0.168676 0.002499 0.003371 0.168173 0.002000 0.001000 0.168000 0.002000 0.001000 0.200000 0.002000 0.003419 0.199833 0.002000 0.005777 0.199312 0.002000 0.007998 0.198422 0.002000 0.010009 0.197193 0.002000 0.011770 0.195698 0.002000 0.013275 0.194010 0.002000 0.014518 0.192176 0.002000 0.015472 0.190221 0.002000 0.016109 0.188175 0.002000 0.016436 0.186089 0.002000 0.016517 0.184000 0.002000 0.016429 0.181912 0.002000 0.016193 0.179801 0.002000 0.015737 0.177666 0.002000 0.014944 0.175566 0.002000 0.013737 0.173613 0.002000 0.012126 0.171915 0.002000 0.010201 0.170525 0.002000 0.008063 0.169444 0.002000 0.005787 0.168657 0.002000 0.003419 0.168168 0.002000 0.001000 0.168000 0.002000 0.001000 0.200000 0.001500 0.003374 0.199843 0.001011 0.005697 0.199352 0.000546 0.007902 0.198503 0.000122 0.009917 0.197315 -0.000253 0.011696 0.195845 -0.000573 0.013215 0.194157 -0.000834 0.014457 0.192299 -0.001030 0.015386 0.190304 -0.001153 0.015972 0.188219 -0.001209 0.016237 0.186102 -0.001214 0.016259 0.184000 -0.001187 0.016131 0.181912 -0.001134 0.015880 0.179807 -0.001041 0.015437 0.177673 -0.000881 0.014678 0.175565 -0.000635 0.013513 0.173596 -0.000305 0.011944 0.171880 0.000093 0.010053 0.170482 0.000537 0.007946 0.169404 0.001010 0.005703 0.168631 0.001500 0.003373 0.168160 0.002000 0.001000 0.168000 0.002000 0.001000 0.200000 0.001019 0.003237 0.199853 0.000054 0.005438 0.199396 -0.000871 0.007547 0.198603 -0.001730 0.009504 0.197481 -0.002502 0.011264 0.196067 -0.003173 0.012795 0.194412 -0.003726 0.014057 0.192548 -0.004138 0.014996 0.190512 -0.004391 0.015571 0.188359 -0.004489 0.015796 0.186167 -0.004471 0.015754 0.184000 -0.004381 0.015549 0.181869 -0.004240 0.015228 0.179744 -0.004026 0.014740 0.177608 -0.003690 0.013974 0.175506 -0.003195 0.012846 0.173544 -0.002539 0.011349 0.171833 -0.001752 0.009555 0.170438 -0.000877 0.007559 0.169369 0.000054 0.005436 0.168610 0.001019 0.003237 0.168152 0.002000 0.001000 0.168000 0.002000 0.001000 0.200000 0.000575 0.003015 0.199860 -0.000831 0.005002 0.199427 -0.002190 0.006922 0.198679 -0.003470 0.008731 0.197617 -0.004644 0.010392 0.196269 -0.005691 0.011871 0.194662 -0.006575 0.013120 0.192817 -0.007246 0.014069 0.190756 -0.007663 0.014659 0.188540 -0.007823 0.014885 0.186260 -0.007777 0.014819 0.184000 -0.007594 0.014561 0.181793 -0.007319 0.014172 0.179622 -0.006933 0.013626 0.177473 -0.006379 0.012844 0.175384 -0.005611 0.011757 0.173449 -0.004625 0.010364 0.171767 -0.003464 0.008724 0.170396 -0.002183 0.006913 0.169344 -0.000827 0.004996 0.168596 0.000576 0.003013 0.168148 0.002000 0.001000 0.168000 0.002000 0.001000 0.200000 0.000186 0.002713 0.199861 -0.001605 0.004405 0.199434 -0.003341 0.006045 0.198703 -0.004990 0.007601 0.197672 -0.006524 0.009050 0.196366 -0.007918 0.010367 0.194804 -0.009126 0.011508 0.192989 -0.010074 0.012404 0.190932 -0.010690 0.012985 0.188684 -0.010952 0.013233 0.186341 -0.010910 0.013193 0.184000 -0.010650 0.012947 0.181714 -0.010233 0.012553 0.179485 -0.009653 0.012005 0.177310 -0.008856 0.011253 0.175230 -0.007799 0.010254 0.173327 -0.006488 0.009016 0.171686 -0.004977 0.007589 0.170353 -0.003331 0.006035 0.169325 -0.001599 0.004399 0.168591 0.000187 0.002712 0.168147 0.002000 0.001000 0.168000 0.002000 0.001000 0.200000 -0.000133 0.002346 0.199858 -0.002235 0.003673 0.199420 -0.004268 0.004956 0.198674 -0.006195 0.006172 0.197632 -0.007992 0.007305 0.196327 -0.009639 0.008345 0.194782 -0.011091 0.009261 0.192994 -0.012262 0.010000 0.190963 -0.013061 0.010504 0.188728 -0.013446 0.010747 0.186374 -0.013457 0.010754 0.184000 -0.013180 0.010579 0.181667 -0.012679 0.010263 0.179392 -0.011952 0.009805 0.177188 -0.010950 0.009172 0.175103 -0.009638 0.008344 0.173219 -0.008041 0.007336 0.171612 -0.006227 0.006192 0.170314 -0.004274 0.004959 0.169313 -0.002232 0.003671 0.168591 -0.000132 0.002345 0.168149 0.002000 0.001000 0.168000 0.002000 0.001000 0.200000 -0.000369 0.001927 0.199852 -0.002698 0.002838 0.199394 -0.004936 0.003713 0.198612 -0.007035 0.004534 0.197526 -0.008972 0.005292 0.196183 -0.010735 0.005982 0.194617 -0.012291 0.006591 0.192837 -0.013563 0.007088 0.190838 -0.014460 0.007439 0.188650 -0.014935 0.007625 0.186343 -0.015022 0.007659 0.184000 -0.014795 0.007570 0.181677 -0.014307 0.007379 0.179393 -0.013542 0.007080 0.177171 -0.012442 0.006650 0.175070 -0.010977 0.006077 0.173181 -0.009184 0.005375 0.171582 -0.007152 0.004580 0.170298 -0.004973 0.003728 0.169310 -0.002702 0.002839 0.168594 -0.000368 0.001927 0.168151 0.002000 0.001000 0.168000 0.002000 0.001000 0.200000 -0.000514 0.001472 0.199847 -0.002979 0.001935 0.199368 -0.005330 0.002377 0.198546 -0.007506 0.002786 0.197405 -0.009475 0.003156 0.196002 -0.011231 0.003486 0.194391 -0.012753 0.003772 0.192593 -0.013985 0.004003 0.190616 -0.014856 0.004167 0.188486 -0.015337 0.004257 0.186259 -0.015466 0.004281 0.184000 -0.015315 0.004253 0.181744 -0.014916 0.004178 0.179498 -0.014227 0.004049 0.177284 -0.013166 0.003849 0.175167 -0.011687 0.003571 0.173251 -0.009830 0.003222 0.171627 -0.007697 0.002822 0.170325 -0.005394 0.002389 0.169326 -0.002988 0.001937 0.168603 -0.000514 0.001472 0.168154 0.002000 0.001000 0.168000 0.002000 0.001000 0.200000 -0.000563 0.001000 0.199843 -0.003071 0.001000 0.199351 -0.005450 0.001000 0.198501 -0.007629 0.001000 0.197318 -0.009564 0.001000 0.195862 -0.011243 0.001000 0.194200 -0.012652 0.001000 0.192370 -0.013753 0.001000 0.190395 -0.014501 0.001000 0.188307 -0.014896 0.001000 0.186159 -0.015000 0.001000 0.184000 -0.014890 0.001000 0.181841 -0.014590 0.001000 0.179670 -0.014033 0.001000 0.177492 -0.013104 0.001000 0.175372 -0.011732 0.001000 0.173423 -0.009941 0.001000 0.171751 -0.007832 0.001000 0.170401 -0.005519 0.001000 0.169365 -0.003081 0.001000 0.168618 -0.000563 0.001000 0.168158 0.002000 0.001000 0.168000 0.002000 0.001000 0.200000 -0.000513 0.000528 0.199841 -0.002971 0.000066 0.199343 -0.005299 -0.000371 0.198486 -0.007422 -0.000770 0.197288 -0.009290 -0.001121 0.195808 -0.010881 -0.001420 0.194115 -0.012175 -0.001663 0.192256 -0.013139 -0.001844 0.190266 -0.013743 -0.001958 0.188190 -0.014013 -0.002008 0.186087 -0.014032 -0.002012 0.184000 -0.013901 -0.001987 0.181928 -0.013646 -0.001939 0.179836 -0.013193 -0.001854 0.177712 -0.012409 -0.001707 0.175608 -0.011195 -0.001479 0.173638 -0.009553 -0.001170 0.171917 -0.007566 -0.000797 0.170509 -0.005346 -0.000380 0.169422 -0.002976 0.000065 0.168640 -0.000513 0.000528 0.168162 0.002000 0.001000 0.168000 0.002000 0.001000 0.200000 -0.000367 0.000074 0.199840 -0.002683 -0.000832 0.199343 -0.004880 -0.001691 0.198494 -0.006891 -0.002478 0.197310 -0.008666 -0.003172 0.195843 -0.010177 -0.003764 0.194152 -0.011396 -0.004240 0.192283 -0.012277 -0.004585 0.190273 -0.012791 -0.004786 0.188179 -0.012967 -0.004855 0.186070 -0.012901 -0.004829 0.184000 -0.012706 -0.004753 0.181966 -0.012428 -0.004644 0.179924 -0.012005 -0.004479 0.177846 -0.011308 -0.004206 0.175771 -0.010231 -0.003785 0.173803 -0.008755 -0.003208 0.172058 -0.006945 -0.002499 0.170609 -0.004893 -0.001697 0.169478 -0.002681 -0.000831 0.168662 -0.000366 0.000074 0.168166 0.002000 0.001000 0.168000 0.002000 0.001000 0.200000 -0.000130 -0.000344 0.199839 -0.002215 -0.001660 0.199347 -0.004201 -0.002913 0.198515 -0.006032 -0.004069 0.197361 -0.007671 -0.005103 0.195931 -0.009090 -0.005998 0.194273 -0.010253 -0.006732 0.192418 -0.011105 -0.007270 0.190398 -0.011602 -0.007584 0.188270 -0.011757 -0.007682 0.186115 -0.011658 -0.007619 0.184000 -0.011415 -0.007466 0.181938 -0.011087 -0.007258 0.179892 -0.010636 -0.006974 0.177831 -0.009961 -0.006548 0.175783 -0.008970 -0.005922 0.173838 -0.007642 -0.005084 0.172105 -0.006024 -0.004064 0.170652 -0.004191 -0.002907 0.169507 -0.002209 -0.001656 0.168676 -0.000129 -0.000344 0.168169 0.002000 0.001000 0.168000 0.002000 0.001000 0.200000 0.000188 -0.000711 0.199840 -0.001587 -0.002387 0.199355 -0.003282 -0.003989 0.198540 -0.004859 -0.005478 0.197417 -0.006292 -0.006831 0.196030 -0.007562 -0.008031 0.194415 -0.008635 -0.009044 0.192592 -0.009453 -0.009817 0.190575 -0.009961 -0.010297 0.188415 -0.010152 -0.010477 0.186196 -0.010085 -0.010413 0.184000 -0.009850 -0.010191 0.181858 -0.009504 -0.009865 0.179754 -0.009031 -0.009418 0.177667 -0.008365 -0.008789 0.175627 -0.007442 -0.007918 0.173715 -0.006256 -0.006797 0.172023 -0.004847 -0.005466 0.170608 -0.003272 -0.003979 0.169488 -0.001581 -0.002382 0.168670 0.000189 -0.000710 0.168168 0.002000 0.001000 0.168000 0.002000 0.001000 0.200000 0.000576 -0.001013 0.199844 -0.000820 -0.002986 0.199368 -0.002158 -0.004877 0.198566 -0.003408 -0.006644 0.197464 -0.004556 -0.008267 0.196106 -0.005592 -0.009731 0.194526 -0.006492 -0.011003 0.192732 -0.007207 -0.012014 0.190728 -0.007685 -0.012690 0.188550 -0.007906 -0.013002 0.186279 -0.007900 -0.012994 0.184000 -0.007728 -0.012750 0.181762 -0.007430 -0.012330 0.179570 -0.007001 -0.011722 0.177424 -0.006398 -0.010870 0.175365 -0.005592 -0.009731 0.173475 -0.004589 -0.008313 0.171834 -0.003430 -0.006675 0.170483 -0.002162 -0.004882 0.169421 -0.000818 -0.002984 0.168643 0.000577 -0.001012 0.168163 0.002000 0.001000 0.168000 0.002000 0.001000 0.200000 0.001019 -0.001237 0.199850 0.000055 -0.003435 0.199386 -0.000870 -0.005543 0.198596 -0.001736 -0.007517 0.197501 -0.002533 -0.009335 0.196150 -0.003256 -0.010985 0.194580 -0.003894 -0.012439 0.192798 -0.004414 -0.013624 0.190804 -0.004780 -0.014458 0.188624 -0.004973 -0.014899 0.186329 -0.005007 -0.014977 0.184000 -0.004915 -0.014766 0.181691 -0.004716 -0.014314 0.179419 -0.004405 -0.013604 0.177206 -0.003956 -0.012581 0.175108 -0.003357 -0.011214 0.173219 -0.002620 -0.009535 0.171615 -0.001784 -0.007628 0.170323 -0.000885 -0.005578 0.169326 0.000054 -0.003438 0.168602 0.001019 -0.001237 0.168153 0.002000 0.001000 0.168000 0.002000 0.001000 0.200000 0.001500 -0.001376 0.199857 0.001007 -0.003714 0.199407 0.000534 -0.005961 0.198627 0.000091 -0.008063 0.197532 -0.000314 -0.009989 0.196170 -0.000681 -0.011729 0.194584 -0.001002 -0.013254 0.192791 -0.001265 -0.014503 0.190794 -0.001453 -0.015396 0.188620 -0.001559 -0.015897 0.186331 -0.001588 -0.016035 0.184000 -0.001554 -0.015876 0.181672 -0.001465 -0.015453 0.179364 -0.001313 -0.014732 0.177106 -0.001084 -0.013644 0.174969 -0.000772 -0.012159 0.173058 -0.000385 -0.010324 0.171459 0.000053 -0.008244 0.170197 0.000521 -0.006022 0.169245 0.001005 -0.003723 0.168563 0.001500 -0.001376 0.168144 0.002000 0.001000 0.168000 0.002000 0.001000 0.200000 0.002000 -0.001423 0.199863 0.002000 -0.003812 0.199424 0.002000 -0.006110 0.198652 0.002000 -0.008255 0.197554 0.002000 -0.010208 0.196174 0.002000 -0.011948 0.194559 0.002000 -0.013446 0.192738 0.002000 -0.014646 0.190725 0.002000 -0.015486 0.188556 0.002000 -0.015948 0.186293 0.002000 -0.016076 0.184000 0.002000 -0.015941 0.181707 0.002000 -0.015570 0.179421 0.002000 -0.014910 0.177161 0.002000 -0.013872 0.175004 0.002000 -0.012410 0.173064 0.002000 -0.010564 0.171439 0.002000 -0.008447 0.170164 0.002000 -0.006175 0.169214 0.002000 -0.003822 0.168545 0.002000 -0.001423 0.168138 0.002000 0.001000 0.168000 0.002000 0.001000 0.200000 0.002501 -0.001377 0.199863 0.002994 -0.003720 0.199425 0.003469 -0.005975 0.198655 0.003912 -0.008077 0.197553 0.004312 -0.009979 0.196159 0.004664 -0.011651 0.194519 0.004961 -0.013058 0.192669 0.005190 -0.014145 0.190637 0.005341 -0.014863 0.188470 0.005415 -0.015215 0.186237 0.005426 -0.015268 0.184000 0.005393 -0.015109 0.181777 0.005322 -0.014771 0.179556 0.005201 -0.014196 0.177340 0.005007 -0.013278 0.175194 0.004727 -0.011948 0.173233 0.004365 -0.010227 0.171567 0.003940 -0.008213 0.170244 0.003478 -0.006019 0.169252 0.002995 -0.003725 0.168558 0.002500 -0.001376 0.168140 0.002000 0.001000 0.168000 0.002000 0.001000 0.200000 0.002981 -0.001238 0.199856 0.003948 -0.003441 0.199407 0.004876 -0.005557 0.198626 0.005739 -0.007526 0.197516 0.006519 -0.009304 0.196114 0.007199 -0.010855 0.194465 0.007763 -0.012140 0.192603 0.008185 -0.013101 0.190560 0.008445 -0.013694 0.188395 0.008548 -0.013931 0.186187 0.008532 -0.013893 0.184000 0.008440 -0.013685 0.181849 0.008294 -0.013352 0.179707 0.008072 -0.012845 0.177559 0.007727 -0.012057 0.175451 0.007222 -0.010906 0.173490 0.006556 -0.009388 0.171787 0.005762 -0.007577 0.170404 0.004881 -0.005569 0.169347 0.003947 -0.003439 0.168599 0.002981 -0.001237 0.168150 0.002000 0.001000 0.168000 0.002000 0.001000 0.200000 0.003424 -0.001013 0.199845 0.004821 -0.002987 0.199371 0.006157 -0.004876 0.198564 0.007397 -0.006629 0.197437 0.008516 -0.008210 0.196032 0.009494 -0.009592 0.194389 0.010302 -0.010735 0.192537 0.010902 -0.011583 0.190505 0.011259 -0.012088 0.188350 0.011380 -0.012258 0.186158 0.011319 -0.012173 0.184000 0.011151 -0.011935 0.181895 0.010915 -0.011601 0.179812 0.010589 -0.011140 0.177724 0.010107 -0.010459 0.175664 0.009413 -0.009478 0.173723 0.008497 -0.008183 0.172004 0.007392 -0.006621 0.170576 0.006151 -0.004867 0.169458 0.004817 -0.002981 0.168652 0.003423 -0.001012 0.168163 0.002000 0.001000 0.168000 0.002000 0.001000 0.200000 0.003811 -0.000710 0.199834 0.005581 -0.002382 0.199331 0.007264 -0.003972 0.198490 0.008819 -0.005440 0.197338 0.010220 -0.006764 0.195926 0.011452 -0.007927 0.194295 0.012483 -0.008901 0.192469 0.013261 -0.009635 0.190465 0.013736 -0.010084 0.188332 0.013904 -0.010243 0.186152 0.013829 -0.010172 0.184000 0.013602 -0.009957 0.181903 0.013278 -0.009652 0.179837 0.012839 -0.009237 0.177777 0.012212 -0.008645 0.175750 0.011332 -0.007814 0.173835 0.010184 -0.006730 0.172127 0.008806 -0.005428 0.170687 0.007254 -0.003962 0.169539 0.005575 -0.002376 0.168694 0.003810 -0.000709 0.168175 0.002000 0.001000 0.168000 0.002000 0.001000 0.200000 0.004129 -0.000343 0.199827 0.006203 -0.001652 0.199304 0.008166 -0.002891 0.198434 0.009969 -0.004029 0.197257 0.011590 -0.005052 0.195832 0.013022 -0.005956 0.194210 0.014240 -0.006724 0.192409 0.015186 -0.007321 0.190438 0.015798 -0.007708 0.188331 0.016060 -0.007873 0.186161 0.016028 -0.007852 0.184000 0.015794 -0.007705 0.181880 0.015417 -0.007467 0.179788 0.014876 -0.007126 0.177713 0.014099 -0.006635 0.175687 0.013022 -0.005955 0.173790 0.011639 -0.005083 0.172108 0.010001 -0.004049 0.170690 0.008172 -0.002895 0.169553 0.006200 -0.001651 0.168707 0.004128 -0.000343 0.168179 0.002000 0.001000 0.168000 0.002000 0.001000 0.200000 0.004365 0.000075 0.199829 0.006671 -0.000827 0.199304 0.008848 -0.001679 0.198426 0.010841 -0.002458 0.197235 0.012627 -0.003157 0.195799 0.014205 -0.003775 0.194175 0.015560 -0.004305 0.192384 0.016638 -0.004727 0.190432 0.017375 -0.005015 0.188343 0.017744 -0.005159 0.186178 0.017793 -0.005178 0.184000 0.017604 -0.005104 0.181842 0.017222 -0.004955 0.179700 0.016617 -0.004718 0.177577 0.015711 -0.004364 0.175522 0.014447 -0.003869 0.173623 0.012839 -0.003240 0.171965 0.010958 -0.002504 0.170589 0.008885 -0.001693 0.169496 0.006674 -0.000829 0.168684 0.004365 0.000075 0.168175 0.002000 0.001000 0.168000 0.002000 0.001000 0.200000 0.004513 0.000528 0.199838 0.006968 0.000067 0.199335 0.009295 -0.000370 0.198477 0.011429 -0.000771 0.197298 0.013340 -0.001130 0.195860 0.015023 -0.001446 0.194227 0.016466 -0.001718 0.192425 0.017621 -0.001935 0.190466 0.018429 -0.002086 0.188372 0.018869 -0.002169 0.186198 0.018983 -0.002190 0.184000 0.018847 -0.002165 0.181805 0.018490 -0.002098 0.179612 0.017864 -0.001980 0.177434 0.016878 -0.001795 0.175334 0.015478 -0.001532 0.173415 0.013694 -0.001197 0.171769 0.011621 -0.000807 0.170432 0.009360 -0.000383 0.169395 0.006978 0.000065 0.168636 0.004512 0.000528 0.168163 0.002000 0.001000 0.168000 0.002000 0.001000 0.200000 0.004564 0.001000 0.199852 0.007082 0.001000 0.199385 0.009487 0.001000 0.198573 0.011709 0.001000 0.197429 0.013707 0.001000 0.196009 0.015463 0.001000 0.194370 0.016956 0.001000 0.192544 0.018137 0.001000 0.190551 0.018952 0.001000 0.188425 0.019392 0.001000 0.186223 0.019510 0.001000 0.184000 0.019385 0.001000 0.181778 0.019041 0.001000 0.179552 0.018417 0.001000 0.177336 0.017408 0.001000 0.175198 0.015952 0.001000 0.173254 0.014084 0.001000 0.171603 0.011913 0.001000 0.170289 0.009556 0.001000 0.169293 0.007092 0.001000 0.168584 0.004564 0.001000 0.168149 0.002000 0.001000 0.168000 0.037099 0.020393 0.182605 0.039014 0.021745 0.182523 0.040806 0.023108 0.182255 0.042363 0.024408 0.181797 0.043628 0.025583 0.181192 0.044618 0.026619 0.180493 0.045310 0.027491 0.179714 0.045618 0.028134 0.178870 0.045528 0.028518 0.178000 0.045155 0.028707 0.177134 0.044567 0.028747 0.176270 0.043667 0.028564 0.175427 0.042348 0.028044 0.174680 0.040668 0.027189 0.174105 0.038796 0.026109 0.173712 0.036855 0.024902 0.173477 0.034901 0.023607 0.173395 0.037099 0.020393 0.182605 0.038666 0.022123 0.182752 0.040152 0.023867 0.182727 0.041469 0.025543 0.182497 0.042551 0.027065 0.182075 0.043379 0.028387 0.181502 0.043913 0.029452 0.180794 0.044089 0.030172 0.179972 0.043926 0.030536 0.179087 0.043545 0.030659 0.178185 0.043011 0.030613 0.177266 0.042232 0.030294 0.176331 0.041108 0.029542 0.175444 0.039683 0.028356 0.174693 0.038110 0.026890 0.174112 0.036501 0.025287 0.173684 0.034901 0.023607 0.173395 0.037099 0.020393 0.182605 0.038205 0.022386 0.182959 0.039254 0.024398 0.183154 0.040193 0.026353 0.183145 0.040971 0.028156 0.182920 0.041558 0.029732 0.182496 0.041900 0.030970 0.181871 0.041940 0.031736 0.181060 0.041704 0.032026 0.180137 0.041309 0.032011 0.179183 0.040825 0.031826 0.178215 0.040200 0.031377 0.177211 0.039359 0.030478 0.176208 0.038322 0.029104 0.175290 0.037189 0.027408 0.174514 0.036037 0.025550 0.173885 0.034901 0.023607 0.173395 0.037099 0.020393 0.182605 0.037661 0.022514 0.183127 0.038174 0.024643 0.183480 0.038611 0.026706 0.183626 0.038954 0.028623 0.183558 0.039191 0.030322 0.183277 0.039289 0.031671 0.182756 0.039210 0.032492 0.181986 0.038971 0.032751 0.181042 0.038644 0.032638 0.180039 0.038275 0.032334 0.179019 0.037847 0.031785 0.177960 0.037331 0.030817 0.176871 0.036740 0.029388 0.175823 0.036117 0.027626 0.174879 0.035498 0.025672 0.174065 0.034901 0.023607 0.173395 0.037099 0.020393 0.182605 0.037079 0.022498 0.183246 0.037017 0.024588 0.183686 0.036914 0.026573 0.183895 0.036777 0.028388 0.183887 0.036613 0.030005 0.183685 0.036424 0.031323 0.183256 0.036213 0.032170 0.182563 0.035998 0.032483 0.181659 0.035790 0.032415 0.180657 0.035590 0.032129 0.179616 0.035396 0.031588 0.178518 0.035222 0.030641 0.177368 0.035082 0.029260 0.176227 0.034983 0.027557 0.175162 0.034921 0.025650 0.174207 0.034901 0.023607 0.173395 0.037099 0.020393 0.182605 0.036500 0.022341 0.183319 0.035883 0.024261 0.183796 0.035283 0.026042 0.184003 0.034727 0.027618 0.183973 0.034221 0.028992 0.183760 0.033777 0.030126 0.183360 0.033431 0.030905 0.182732 0.033204 0.031279 0.181905 0.033069 0.031351 0.180968 0.032996 0.031225 0.179960 0.033006 0.030829 0.178859 0.033152 0.030019 0.177672 0.033447 0.028780 0.176474 0.033856 0.027234 0.175335 0.034346 0.025490 0.174295 0.034901 0.023607 0.173395 0.037099 0.020393 0.182605 0.035962 0.022055 0.183347 0.034837 0.023700 0.183843 0.033797 0.025221 0.184042 0.032894 0.026539 0.183973 0.032133 0.027652 0.183709 0.031517 0.028553 0.183271 0.031084 0.029186 0.182646 0.030840 0.029543 0.181864 0.030722 0.029715 0.180992 0.030693 0.029758 0.180042 0.030825 0.029565 0.178967 0.031227 0.028976 0.177775 0.031913 0.027975 0.176552 0.032798 0.026680 0.175387 0.033808 0.025205 0.174322 0.034901 0.023607 0.173395 0.037099 0.020393 0.182605 0.035500 0.021657 0.183328 0.033925 0.022933 0.183826 0.032472 0.024145 0.184039 0.031225 0.025222 0.183973 0.030206 0.026135 0.183683 0.029438 0.026863 0.183196 0.028964 0.027367 0.182518 0.028758 0.027662 0.181705 0.028697 0.027839 0.180832 0.028721 0.027954 0.179900 0.028950 0.027911 0.178847 0.029558 0.027560 0.177672 0.030575 0.026864 0.176465 0.031878 0.025915 0.175322 0.033342 0.024811 0.174289 0.034901 0.023607 0.173395 0.037099 0.020393 0.182605 0.035143 0.021173 0.183255 0.033205 0.021990 0.183714 0.031381 0.022810 0.183928 0.029764 0.023591 0.183887 0.028415 0.024299 0.183613 0.027413 0.024897 0.183104 0.026854 0.025337 0.182367 0.026710 0.025614 0.181479 0.026797 0.025793 0.180539 0.026988 0.025931 0.179567 0.027396 0.025984 0.178511 0.028228 0.025856 0.177368 0.029530 0.025506 0.176217 0.031165 0.024977 0.175148 0.032984 0.024332 0.174201 0.034901 0.023607 0.173395 0.037099 0.020393 0.182605 0.034919 0.020638 0.183127 0.032749 0.020932 0.183480 0.030668 0.021272 0.183626 0.028757 0.021647 0.183558 0.027087 0.022041 0.183277 0.025795 0.022439 0.182756 0.025058 0.022810 0.181986 0.024903 0.023127 0.181042 0.025127 0.023391 0.180039 0.025544 0.023624 0.179019 0.026210 0.023824 0.177960 0.027300 0.023954 0.176871 0.028846 0.023988 0.175823 0.030714 0.023930 0.174879 0.032759 0.023799 0.174065 0.034901 0.023607 0.173395 0.037099 0.020393 0.182605 0.034843 0.020088 0.182951 0.032603 0.019847 0.183129 0.030455 0.019683 0.183116 0.028461 0.019598 0.182920 0.026665 0.019592 0.182552 0.025205 0.019687 0.181981 0.024299 0.019907 0.181189 0.024034 0.020235 0.180241 0.024253 0.020622 0.179235 0.024772 0.021036 0.178221 0.025609 0.021477 0.177201 0.026881 0.021942 0.176208 0.028579 0.022407 0.175305 0.030555 0.022847 0.174532 0.032683 0.023250 0.173892 0.034901 0.023607 0.173395 0.037099 0.020393 0.182605 0.034921 0.019564 0.182744 0.032771 0.018822 0.182704 0.030746 0.018208 0.182471 0.028906 0.017730 0.182075 0.027263 0.017379 0.181546 0.025901 0.017188 0.180876 0.024995 0.017223 0.180058 0.024636 0.017494 0.179140 0.024719 0.017934 0.178193 0.025121 0.018486 0.177244 0.025886 0.019161 0.176310 0.027120 0.019972 0.175444 0.028782 0.020877 0.174711 0.030704 0.021806 0.174131 0.032760 0.022723 0.173691 0.034901 0.023607 0.173395 0.037099 0.020393 0.182605 0.035145 0.019098 0.182523 0.033225 0.017922 0.182255 0.031450 0.016942 0.181797 0.029897 0.016189 0.181192 0.028572 0.015642 0.180493 0.027508 0.015312 0.179714 0.026798 0.015259 0.178870 0.026472 0.015482 0.178000 0.026432 0.015898 0.177134 0.026608 0.016460 0.176270 0.027104 0.017232 0.175427 0.028066 0.018273 0.174680 0.029472 0.019530 0.174105 0.031157 0.020883 0.173712 0.032985 0.022255 0.173477 0.034901 0.023607 0.173395 0.037099 0.020393 0.182605 0.035500 0.018722 0.182304 0.033926 0.017193 0.181822 0.032474 0.015915 0.181166 0.031227 0.014952 0.180389 0.030209 0.014294 0.179551 0.029441 0.013942 0.178687 0.028967 0.013928 0.177828 0.028760 0.014203 0.177007 0.028700 0.014626 0.176220 0.028724 0.015148 0.175431 0.028952 0.015899 0.174655 0.029561 0.017021 0.173994 0.030577 0.018487 0.173541 0.031879 0.020147 0.173309 0.033343 0.021877 0.173265 0.034901 0.023607 0.173395 0.037099 0.020393 0.182605 0.035963 0.018462 0.182101 0.034830 0.016679 0.181429 0.033765 0.015164 0.180608 0.032829 0.013994 0.179692 0.032052 0.013185 0.178741 0.031468 0.012771 0.177798 0.031120 0.012798 0.176912 0.030982 0.013180 0.176120 0.030941 0.013708 0.175394 0.030924 0.014283 0.174670 0.031006 0.015053 0.173960 0.031331 0.016218 0.173379 0.031952 0.017797 0.173033 0.032806 0.019646 0.172940 0.033808 0.021616 0.173068 0.034901 0.023607 0.173395 0.037099 0.020393 0.182605 0.036501 0.018334 0.181928 0.035884 0.016421 0.181095 0.035275 0.014757 0.180135 0.034703 0.013407 0.179100 0.034187 0.012397 0.178039 0.033756 0.011807 0.176995 0.033452 0.011745 0.176034 0.033280 0.012157 0.175215 0.033189 0.012810 0.174509 0.033126 0.013548 0.173844 0.033112 0.014469 0.173225 0.033216 0.015758 0.172761 0.033473 0.017444 0.172553 0.033861 0.019400 0.172609 0.034346 0.021488 0.172897 0.034901 0.023607 0.173395 0.037099 0.020393 0.182605 0.037080 0.018346 0.181797 0.037019 0.016437 0.180841 0.036916 0.014753 0.179770 0.036780 0.013336 0.178634 0.036617 0.012196 0.177470 0.036428 0.011431 0.176314 0.036218 0.011200 0.175244 0.036002 0.011517 0.174341 0.035794 0.012193 0.173600 0.035594 0.013065 0.172963 0.035400 0.014172 0.172440 0.035225 0.015629 0.172128 0.035085 0.017419 0.172095 0.034984 0.019415 0.172321 0.034922 0.021502 0.172760 0.034901 0.023607 0.173395 0.037099 0.020393 0.182605 0.037660 0.018498 0.181718 0.038161 0.016725 0.180685 0.038575 0.015162 0.179539 0.038897 0.013843 0.178334 0.039132 0.012762 0.177102 0.039259 0.011991 0.175874 0.039233 0.011684 0.174726 0.039047 0.011887 0.173744 0.038747 0.012476 0.172940 0.038371 0.013331 0.172282 0.037913 0.014482 0.171806 0.037362 0.015988 0.171608 0.036749 0.017777 0.171728 0.036119 0.019700 0.172104 0.035499 0.021658 0.172666 0.034901 0.023607 0.173395 0.037099 0.020393 0.182605 0.038202 0.018781 0.181694 0.039234 0.017273 0.180639 0.040134 0.015957 0.179464 0.040872 0.014878 0.178230 0.041452 0.014031 0.176981 0.041843 0.013459 0.175752 0.041979 0.013260 0.174610 0.041847 0.013454 0.173622 0.041512 0.013943 0.172791 0.041023 0.014658 0.172094 0.040341 0.015654 0.171591 0.039430 0.016986 0.171402 0.038345 0.018572 0.171568 0.037193 0.020256 0.172009 0.036038 0.021945 0.172628 0.034901 0.023607 0.173395 0.037099 0.020393 0.182605 0.038667 0.019179 0.181724 0.040154 0.018055 0.180699 0.041471 0.017094 0.179548 0.042553 0.016344 0.178334 0.043381 0.015812 0.177113 0.043916 0.015525 0.175934 0.044092 0.015529 0.174862 0.043929 0.015802 0.173944 0.043548 0.016242 0.173153 0.043014 0.016802 0.172446 0.042235 0.017549 0.171883 0.041110 0.018552 0.171608 0.039685 0.019759 0.171693 0.038111 0.021051 0.172074 0.036502 0.022344 0.172656 0.034901 0.023607 0.173395 0.037099 0.020393 0.182605 0.039019 0.019666 0.181803 0.040840 0.019020 0.180855 0.042460 0.018500 0.179780 0.043793 0.018133 0.178634 0.044800 0.017925 0.177477 0.045415 0.017893 0.176363 0.045559 0.018060 0.175362 0.045290 0.018386 0.174521 0.044805 0.018788 0.173796 0.044220 0.019227 0.173115 0.043416 0.019752 0.172512 0.042219 0.020413 0.172128 0.040627 0.021188 0.172062 0.038792 0.022010 0.172292 0.036856 0.022826 0.172751 0.034901 0.023607 0.173395 0.037099 0.020393 0.182605 0.039235 0.020204 0.181928 0.041242 0.020087 0.181095 0.043014 0.020051 0.180135 0.044479 0.020095 0.179100 0.045608 0.020210 0.178039 0.046313 0.020398 0.176995 0.046482 0.020659 0.176034 0.046160 0.020969 0.175215 0.045584 0.021290 0.174509 0.044919 0.021616 0.173844 0.044066 0.021963 0.173225 0.042827 0.022333 0.172761 0.041163 0.022705 0.172553 0.039199 0.023051 0.172609 0.037076 0.023356 0.172897 0.034901 0.023607 0.173395 0.037099 0.020393 0.182605 0.039305 0.020755 0.182094 0.041356 0.021167 0.181412 0.043139 0.021608 0.180592 0.044611 0.022055 0.179692 0.045776 0.022492 0.178751 0.046565 0.022907 0.177792 0.046838 0.023271 0.176860 0.046594 0.023563 0.176016 0.046036 0.023795 0.175264 0.045329 0.023998 0.174560 0.044399 0.024166 0.173905 0.043081 0.024256 0.173379 0.041353 0.024237 0.173061 0.039335 0.024113 0.172966 0.037150 0.023901 0.173077 0.034901 0.023607 0.173395 0.037099 0.020393 0.182605 0.039230 0.021279 0.182296 0.041206 0.022190 0.181803 0.042908 0.023075 0.181148 0.044298 0.023895 0.180389 0.045407 0.024640 0.179572 0.046198 0.025294 0.178708 0.046548 0.025802 0.177820 0.046427 0.026134 0.176954 0.045976 0.026330 0.176135 0.045309 0.026435 0.175349 0.044350 0.026416 0.174611 0.042974 0.026198 0.173994 0.041210 0.025760 0.173567 0.039204 0.025153 0.173332 0.037076 0.024428 0.173273 0.034901 0.023607 0.173395 0.037099 0.020393 0.182605 0.039014 0.021745 0.182523 0.040806 0.023108 0.182255 0.042363 0.024408 0.181797 0.043628 0.025583 0.181192 0.044618 0.026619 0.180493 0.045310 0.027491 0.179714 0.045618 0.028134 0.178870 0.045528 0.028518 0.178000 0.045155 0.028707 0.177134 0.044567 0.028747 0.176270 0.043667 0.028564 0.175427 0.042348 0.028044 0.174680 0.040668 0.027189 0.174105 0.038796 0.026109 0.173712 0.036855 0.024902 0.173477 0.034901 0.023607 0.173395 0.018266 -0.033251 0.178920 0.016418 -0.032608 0.178857 0.014611 -0.032009 0.178654 0.012910 -0.031478 0.178310 0.011397 -0.031044 0.177827 0.010193 -0.030748 0.177212 0.009393 -0.030617 0.176501 0.008938 -0.030616 0.175754 0.008666 -0.030681 0.175000 0.008550 -0.030808 0.174222 0.008782 -0.031061 0.173430 0.009547 -0.031491 0.172693 0.010805 -0.032068 0.172089 0.012370 -0.032722 0.171637 0.014090 -0.033401 0.171323 0.015892 -0.034081 0.171139 0.017734 -0.034749 0.171080 0.018266 -0.033251 0.178920 0.016332 -0.033051 0.178946 0.014438 -0.032883 0.178833 0.012642 -0.032752 0.178582 0.011022 -0.032667 0.178186 0.009718 -0.032645 0.177635 0.008865 -0.032694 0.176954 0.008426 -0.032796 0.176212 0.008230 -0.032926 0.175458 0.008213 -0.033077 0.174687 0.008525 -0.033264 0.173897 0.009333 -0.033496 0.173139 0.010606 -0.033755 0.172477 0.012183 -0.034020 0.171937 0.013938 -0.034279 0.171521 0.015807 -0.034524 0.171234 0.017734 -0.034749 0.171080 0.018266 -0.033251 0.178920 0.016380 -0.033510 0.179021 0.014554 -0.033788 0.178968 0.012843 -0.034075 0.178774 0.011301 -0.034361 0.178442 0.010044 -0.034634 0.177955 0.009198 -0.034872 0.177326 0.008753 -0.035067 0.176615 0.008565 -0.035228 0.175875 0.008577 -0.035365 0.175111 0.008917 -0.035458 0.174320 0.009715 -0.035481 0.173544 0.010926 -0.035431 0.172838 0.012405 -0.035324 0.172228 0.014062 -0.035173 0.171717 0.015858 -0.034980 0.171327 0.017734 -0.034749 0.171080 0.018266 -0.033251 0.178920 0.016557 -0.033950 0.179082 0.014927 -0.034644 0.179066 0.013440 -0.035303 0.178893 0.012133 -0.035908 0.178585 0.011073 -0.036430 0.178138 0.010339 -0.036835 0.177560 0.009907 -0.037125 0.176902 0.009667 -0.037340 0.176204 0.009604 -0.037487 0.175462 0.009860 -0.037507 0.174670 0.010555 -0.037342 0.173870 0.011632 -0.037006 0.173125 0.012949 -0.036555 0.172459 0.014423 -0.036024 0.171878 0.016034 -0.035417 0.171407 0.017734 -0.034749 0.171080 0.018266 -0.033251 0.178920 0.016847 -0.034342 0.179133 0.015502 -0.035400 0.179152 0.014302 -0.036369 0.178991 0.013283 -0.037215 0.178683 0.012485 -0.037906 0.178241 0.011935 -0.038416 0.177687 0.011582 -0.038779 0.177071 0.011327 -0.039069 0.176421 0.011179 -0.039283 0.175716 0.011295 -0.039299 0.174932 0.011807 -0.039008 0.174110 0.012674 -0.038432 0.173324 0.013762 -0.037671 0.172613 0.014987 -0.036791 0.171986 0.016323 -0.035809 0.171463 0.017734 -0.034749 0.171080 0.018266 -0.033251 0.178920 0.017230 -0.034661 0.179174 0.016240 -0.036026 0.179235 0.015352 -0.037268 0.179108 0.014605 -0.038330 0.178814 0.014036 -0.039161 0.178368 0.013662 -0.039734 0.177805 0.013425 -0.040122 0.177189 0.013234 -0.040448 0.176555 0.013089 -0.040715 0.175870 0.013117 -0.040751 0.175093 0.013439 -0.040387 0.174256 0.014042 -0.039631 0.173439 0.014830 -0.038612 0.172694 0.015729 -0.037431 0.172040 0.016707 -0.036131 0.171493 0.017734 -0.034749 0.171080 0.018266 -0.033251 0.178920 0.017685 -0.034887 0.179196 0.017116 -0.036485 0.179300 0.016588 -0.037971 0.179227 0.016127 -0.039268 0.178977 0.015765 -0.040285 0.178547 0.015526 -0.040958 0.177967 0.015383 -0.041361 0.177316 0.015278 -0.041657 0.176647 0.015197 -0.041884 0.175940 0.015204 -0.041865 0.175150 0.015366 -0.041408 0.174301 0.015687 -0.040506 0.173469 0.016118 -0.039294 0.172710 0.016616 -0.037892 0.172047 0.017161 -0.036359 0.171498 0.017734 -0.034749 0.171080 0.018266 -0.033251 0.178920 0.018180 -0.035003 0.179191 0.018088 -0.036731 0.179313 0.017990 -0.038380 0.179279 0.017892 -0.039880 0.179076 0.017799 -0.041106 0.178679 0.017718 -0.041941 0.178100 0.017651 -0.042414 0.177412 0.017595 -0.042680 0.176685 0.017544 -0.042801 0.175922 0.017507 -0.042638 0.175097 0.017493 -0.042029 0.174237 0.017506 -0.040988 0.173411 0.017541 -0.039651 0.172664 0.017592 -0.038128 0.172016 0.017657 -0.036476 0.171483 0.017734 -0.034749 0.171080 0.018266 -0.033251 0.178920 0.018682 -0.034999 0.179156 0.019078 -0.036726 0.179249 0.019445 -0.038392 0.179201 0.019771 -0.039948 0.179004 0.020025 -0.041277 0.178623 0.020177 -0.042241 0.178053 0.020229 -0.042819 0.177354 0.020212 -0.043120 0.176592 0.020138 -0.043189 0.175783 0.019982 -0.042911 0.174927 0.019722 -0.042176 0.174066 0.019380 -0.041039 0.173265 0.018992 -0.039655 0.172556 0.018582 -0.038121 0.171946 0.018159 -0.036471 0.171449 0.017734 -0.034749 0.171080 0.018266 -0.033251 0.178920 0.019154 -0.034875 0.179095 0.020001 -0.036470 0.179117 0.020785 -0.037992 0.178995 0.021489 -0.039405 0.178738 0.022067 -0.040629 0.178324 0.022461 -0.041558 0.177751 0.022669 -0.042171 0.177063 0.022737 -0.042540 0.176310 0.022667 -0.042667 0.175500 0.022394 -0.042423 0.174646 0.021876 -0.041712 0.173805 0.021168 -0.040617 0.173046 0.020364 -0.039305 0.172393 0.019515 -0.037874 0.171840 0.018632 -0.036347 0.171396 0.017734 -0.034749 0.171080 0.018266 -0.033251 0.178920 0.019564 -0.034642 0.179017 0.020790 -0.035999 0.178945 0.021895 -0.037265 0.178719 0.022850 -0.038403 0.178360 0.023609 -0.039360 0.177872 0.024126 -0.040084 0.177271 0.024430 -0.040595 0.176598 0.024597 -0.040967 0.175883 0.024609 -0.041183 0.175114 0.024330 -0.041095 0.174297 0.023668 -0.040585 0.173497 0.022692 -0.039707 0.172787 0.021547 -0.038616 0.172193 0.020323 -0.037410 0.171704 0.019044 -0.036113 0.171326 0.017734 -0.034749 0.171080 0.018266 -0.033251 0.178920 0.019885 -0.034316 0.178930 0.021405 -0.035357 0.178765 0.022747 -0.036318 0.178440 0.023854 -0.037156 0.177982 0.024668 -0.037827 0.177414 0.025166 -0.038307 0.176770 0.025439 -0.038644 0.176102 0.025627 -0.038928 0.175423 0.025722 -0.039161 0.174704 0.025527 -0.039213 0.173938 0.024870 -0.038957 0.173184 0.023787 -0.038400 0.172521 0.022441 -0.037640 0.171977 0.020950 -0.036758 0.171549 0.019366 -0.035786 0.171244 0.017734 -0.034749 0.171080 0.018266 -0.033251 0.178920 0.020096 -0.033919 0.178839 0.021819 -0.034585 0.178591 0.023341 -0.035212 0.178191 0.024582 -0.035767 0.177663 0.025455 -0.036213 0.177034 0.025922 -0.036526 0.176350 0.026108 -0.036739 0.175667 0.026220 -0.036922 0.175000 0.026299 -0.037099 0.174309 0.026136 -0.037198 0.173581 0.025512 -0.037129 0.172872 0.024416 -0.036872 0.172253 0.022990 -0.036472 0.171756 0.021353 -0.035970 0.171386 0.019577 -0.035387 0.171156 0.017734 -0.034749 0.171080 0.018266 -0.033251 0.178920 0.020184 -0.033478 0.178751 0.022000 -0.033725 0.178427 0.023636 -0.033980 0.177967 0.025014 -0.034233 0.177393 0.026020 -0.034467 0.176722 0.026571 -0.034665 0.175997 0.026760 -0.034826 0.175280 0.026802 -0.034968 0.174587 0.026775 -0.035103 0.173889 0.026511 -0.035217 0.173180 0.025814 -0.035278 0.172514 0.024672 -0.035274 0.171954 0.023206 -0.035213 0.171519 0.021514 -0.035102 0.171217 0.019663 -0.034945 0.171067 0.017734 -0.034749 0.171080 0.018266 -0.033251 0.178920 0.020140 -0.033021 0.178669 0.021926 -0.032830 0.178273 0.023567 -0.032683 0.177758 0.025008 -0.032582 0.177142 0.026141 -0.032545 0.176431 0.026849 -0.032580 0.175663 0.027162 -0.032673 0.174892 0.027238 -0.032798 0.174143 0.027136 -0.032946 0.173405 0.026725 -0.033135 0.172694 0.025874 -0.033372 0.172075 0.024626 -0.033642 0.171596 0.023118 -0.033926 0.171254 0.021435 -0.034211 0.171044 0.019619 -0.034490 0.170982 0.017734 -0.034749 0.171080 0.018266 -0.033251 0.178920 0.019969 -0.032581 0.178599 0.021597 -0.031965 0.178140 0.023104 -0.031418 0.177567 0.024456 -0.030953 0.176901 0.025569 -0.030602 0.176149 0.026340 -0.030407 0.175338 0.026767 -0.030359 0.174518 0.026938 -0.030417 0.173709 0.026863 -0.030578 0.172917 0.026409 -0.030888 0.172190 0.025490 -0.031373 0.171607 0.024199 -0.031984 0.171212 0.022711 -0.032654 0.170979 0.021119 -0.033346 0.170874 0.019448 -0.034050 0.170904 0.017734 -0.034749 0.171080 0.018266 -0.033251 0.178920 0.019681 -0.032186 0.178547 0.021035 -0.031188 0.178037 0.022282 -0.030290 0.177412 0.023390 -0.029514 0.176696 0.024298 -0.028907 0.175906 0.024940 -0.028515 0.175071 0.025329 -0.028324 0.174231 0.025533 -0.028278 0.173396 0.025528 -0.028395 0.172572 0.025172 -0.028779 0.171822 0.024379 -0.029483 0.171251 0.023242 -0.030427 0.170907 0.021937 -0.031478 0.170752 0.020567 -0.032561 0.170734 0.019160 -0.033656 0.170841 0.017734 -0.034749 0.171080 0.018266 -0.033251 0.178920 0.019296 -0.031865 0.178514 0.020279 -0.030557 0.177971 0.021174 -0.029381 0.177309 0.021947 -0.028384 0.176557 0.022548 -0.027632 0.175742 0.022940 -0.027169 0.174906 0.023162 -0.026942 0.174085 0.023285 -0.026850 0.173276 0.023298 -0.026910 0.172465 0.023084 -0.027280 0.171713 0.022553 -0.028071 0.171131 0.021753 -0.029213 0.170784 0.020808 -0.030535 0.170643 0.019805 -0.031922 0.170657 0.018774 -0.033335 0.170804 0.017734 -0.034749 0.171080 0.018266 -0.033251 0.178920 0.018839 -0.031641 0.178500 0.019379 -0.030121 0.177943 0.019863 -0.028759 0.177267 0.020267 -0.027623 0.176501 0.020558 -0.026806 0.175679 0.020715 -0.026364 0.174855 0.020770 -0.026208 0.174071 0.020783 -0.026173 0.173316 0.020760 -0.026237 0.172558 0.020641 -0.026572 0.171833 0.020367 -0.027342 0.171243 0.019950 -0.028515 0.170860 0.019444 -0.029939 0.170676 0.018892 -0.031491 0.170659 0.018316 -0.033111 0.170796 0.017734 -0.034749 0.171080 0.018266 -0.033251 0.178920 0.018342 -0.031531 0.178506 0.018404 -0.029917 0.177952 0.018449 -0.028476 0.177283 0.018475 -0.027275 0.176529 0.018479 -0.026420 0.175720 0.018458 -0.025987 0.174910 0.018420 -0.025890 0.174151 0.018377 -0.025936 0.173434 0.018329 -0.026060 0.172724 0.018270 -0.026413 0.172038 0.018194 -0.027160 0.171458 0.018105 -0.028296 0.171046 0.018009 -0.029706 0.170805 0.017913 -0.031294 0.170727 0.017820 -0.032999 0.170819 0.017734 -0.034749 0.171080 0.018266 -0.033251 0.178920 0.017842 -0.031540 0.178535 0.017428 -0.029950 0.178002 0.017042 -0.028541 0.177359 0.016698 -0.027358 0.176637 0.016418 -0.026490 0.175858 0.016225 -0.026019 0.175065 0.016112 -0.025886 0.174309 0.016042 -0.025929 0.173591 0.016000 -0.026088 0.172888 0.016015 -0.026489 0.172217 0.016126 -0.027266 0.171648 0.016332 -0.028396 0.171228 0.016608 -0.029771 0.170954 0.016940 -0.031321 0.170824 0.017320 -0.033006 0.170862 0.017734 -0.034749 0.171080 0.018266 -0.033251 0.178920 0.017371 -0.031664 0.178588 0.016514 -0.030198 0.178101 0.015731 -0.028910 0.177501 0.015044 -0.027827 0.176823 0.014486 -0.027007 0.176084 0.014094 -0.026513 0.175315 0.013856 -0.026304 0.174556 0.013712 -0.026268 0.173814 0.013652 -0.026390 0.173079 0.013751 -0.026802 0.172380 0.014078 -0.027607 0.171794 0.014608 -0.028745 0.171366 0.015268 -0.030084 0.171081 0.016019 -0.031554 0.170924 0.016849 -0.033128 0.170917 0.017734 -0.034749 0.171080 0.018266 -0.033251 0.178920 0.016959 -0.031892 0.178665 0.015707 -0.030634 0.178254 0.014565 -0.029531 0.177718 0.013568 -0.028608 0.177090 0.012758 -0.027911 0.176390 0.012179 -0.027475 0.175646 0.011798 -0.027259 0.174893 0.011539 -0.027177 0.174136 0.011415 -0.027247 0.173364 0.011567 -0.027611 0.172616 0.012103 -0.028364 0.171980 0.012969 -0.029433 0.171514 0.014027 -0.030670 0.171207 0.015191 -0.031987 0.171028 0.016435 -0.033358 0.170980 0.017734 -0.034749 0.171080 0.018266 -0.033251 0.178920 0.016633 -0.032213 0.178759 0.015052 -0.031244 0.178449 0.013592 -0.030386 0.178001 0.012311 -0.029675 0.177437 0.011286 -0.029155 0.176775 0.010572 -0.028856 0.176048 0.010114 -0.028730 0.175302 0.009797 -0.028699 0.174545 0.009631 -0.028775 0.173760 0.009810 -0.029078 0.172977 0.010492 -0.029691 0.172282 0.011621 -0.030561 0.171750 0.013010 -0.031563 0.171384 0.014523 -0.032614 0.171155 0.016107 -0.033683 0.171053 0.017734 -0.034749 0.171080 0.018266 -0.033251 0.178920 0.016418 -0.032608 0.178857 0.014611 -0.032009 0.178654 0.012910 -0.031478 0.178310 0.011397 -0.031044 0.177827 0.010193 -0.030748 0.177212 0.009393 -0.030617 0.176501 0.008938 -0.030616 0.175754 0.008666 -0.030681 0.175000 0.008550 -0.030808 0.174222 0.008782 -0.031061 0.173430 0.009547 -0.031491 0.172693 0.010805 -0.032068 0.172089 0.012370 -0.032722 0.171637 0.014090 -0.033401 0.171323 0.015892 -0.034081 0.171139 0.017734 -0.034749 0.171080 0.038008 -0.009056 0.176677 0.038777 -0.010417 0.176627 0.039592 -0.011696 0.176483 0.040430 -0.012845 0.176244 0.041250 -0.013783 0.175905 0.042006 -0.014451 0.175484 0.042683 -0.014889 0.175018 0.043298 -0.015162 0.174524 0.043833 -0.015227 0.174000 0.044204 -0.014956 0.173460 0.044350 -0.014306 0.172945 0.044293 -0.013377 0.172488 0.044092 -0.012285 0.172092 0.043762 -0.011067 0.171760 0.043291 -0.009737 0.171515 0.042689 -0.008343 0.171370 0.041992 -0.006944 0.171323 0.038008 -0.009056 0.176677 0.039011 -0.010228 0.176864 0.040047 -0.011302 0.176934 0.041072 -0.012239 0.176890 0.042040 -0.012987 0.176725 0.042906 -0.013517 0.176452 0.043673 -0.013874 0.176110 0.044368 -0.014106 0.175717 0.044953 -0.014157 0.175256 0.045312 -0.013903 0.174716 0.045372 -0.013313 0.174132 0.045183 -0.012490 0.173555 0.044836 -0.011544 0.173004 0.044354 -0.010503 0.172484 0.043712 -0.009365 0.172014 0.042913 -0.008160 0.171621 0.041992 -0.006944 0.171323 0.038008 -0.009056 0.176677 0.039177 -0.009960 0.177085 0.040366 -0.010764 0.177350 0.041510 -0.011431 0.177466 0.042551 -0.011929 0.177430 0.043458 -0.012262 0.177268 0.044264 -0.012487 0.177033 0.045021 -0.012651 0.176750 0.045680 -0.012695 0.176374 0.046087 -0.012501 0.175856 0.046135 -0.012030 0.175214 0.045873 -0.011363 0.174518 0.045416 -0.010593 0.173818 0.044805 -0.009753 0.173128 0.044024 -0.008846 0.172462 0.043075 -0.007896 0.171850 0.041992 -0.006944 0.171323 0.038008 -0.009056 0.176677 0.039265 -0.009635 0.177280 0.040537 -0.010131 0.177727 0.041749 -0.010516 0.177992 0.042829 -0.010770 0.178064 0.043742 -0.010903 0.177973 0.044545 -0.010970 0.177803 0.045320 -0.011014 0.177599 0.046028 -0.010995 0.177304 0.046495 -0.010828 0.176825 0.046582 -0.010480 0.176152 0.046314 -0.009996 0.175359 0.045801 -0.009439 0.174522 0.045100 -0.008839 0.173674 0.044216 -0.008209 0.172837 0.043166 -0.007569 0.172043 0.041992 -0.006944 0.171323 0.038008 -0.009056 0.176677 0.039269 -0.009270 0.177438 0.040553 -0.009429 0.178051 0.041793 -0.009523 0.178475 0.042907 -0.009540 0.178671 0.043845 -0.009491 0.178656 0.044648 -0.009405 0.178524 0.045405 -0.009305 0.178345 0.046097 -0.009174 0.178074 0.046566 -0.008982 0.177601 0.046670 -0.008723 0.176894 0.046420 -0.008423 0.176025 0.045906 -0.008107 0.175078 0.045179 -0.007790 0.174100 0.044258 -0.007483 0.173124 0.043179 -0.007198 0.172189 0.041992 -0.006944 0.171323 0.038008 -0.009056 0.176677 0.039190 -0.008888 0.177540 0.040406 -0.008686 0.178279 0.041612 -0.008455 0.178848 0.042735 -0.008205 0.179187 0.043708 -0.007950 0.179280 0.044538 -0.007704 0.179200 0.045282 -0.007462 0.179022 0.045924 -0.007226 0.178714 0.046334 -0.007012 0.178182 0.046405 -0.006847 0.177406 0.046158 -0.006740 0.176463 0.045676 -0.006683 0.175438 0.044995 -0.006674 0.174373 0.044125 -0.006718 0.173306 0.043107 -0.006811 0.172280 0.041992 -0.006944 0.171323 0.038008 -0.009056 0.176677 0.039033 -0.008513 0.177576 0.040100 -0.007947 0.178363 0.041182 -0.007373 0.179006 0.042229 -0.006818 0.179441 0.043180 -0.006314 0.179633 0.044016 -0.005870 0.179623 0.044758 -0.005477 0.179463 0.045366 -0.005154 0.179116 0.045730 -0.004961 0.178509 0.045774 -0.004938 0.177648 0.045542 -0.005061 0.176636 0.045123 -0.005283 0.175564 0.044550 -0.005587 0.174467 0.043818 -0.005975 0.173369 0.042951 -0.006435 0.172312 0.041992 -0.006944 0.171323 0.038008 -0.009056 0.176677 0.038811 -0.008173 0.177539 0.039660 -0.007278 0.178284 0.040532 -0.006398 0.178887 0.041396 -0.005568 0.179303 0.042212 -0.004828 0.179506 0.042968 -0.004183 0.179529 0.043664 -0.003623 0.179399 0.044255 -0.003202 0.179060 0.044634 -0.003029 0.178434 0.044732 -0.003156 0.177544 0.044591 -0.003518 0.176514 0.044300 -0.004017 0.175446 0.043894 -0.004613 0.174373 0.043368 -0.005310 0.173308 0.042725 -0.006097 0.172281 0.041992 -0.006944 0.171323 0.038008 -0.009056 0.176677 0.038538 -0.007893 0.177438 0.039125 -0.006737 0.178062 0.039742 -0.005634 0.178528 0.040366 -0.004633 0.178807 0.040972 -0.003766 0.178906 0.041556 -0.003005 0.178875 0.042129 -0.002321 0.178740 0.042664 -0.001790 0.178433 0.043079 -0.001577 0.177863 0.043304 -0.001769 0.177042 0.043346 -0.002287 0.176084 0.043263 -0.002992 0.175091 0.043087 -0.003820 0.174100 0.042815 -0.004767 0.173124 0.042446 -0.005819 0.172189 0.041992 -0.006944 0.171323 0.038008 -0.009056 0.176677 0.038233 -0.007691 0.177284 0.038532 -0.006353 0.177743 0.038888 -0.005114 0.178029 0.039283 -0.004046 0.178125 0.039690 -0.003172 0.178058 0.040093 -0.002426 0.177904 0.040504 -0.001726 0.177704 0.040929 -0.001134 0.177401 0.041338 -0.000846 0.176903 0.041679 -0.000996 0.176203 0.041927 -0.001529 0.175385 0.042092 -0.002311 0.174529 0.042185 -0.003266 0.173671 0.042201 -0.004378 0.172832 0.042136 -0.005618 0.172041 0.041992 -0.006944 0.171323 0.038008 -0.009056 0.176677 0.037913 -0.007581 0.177089 0.037911 -0.006140 0.177360 0.038005 -0.004823 0.177468 0.038194 -0.003720 0.177401 0.038450 -0.002873 0.177190 0.038730 -0.002196 0.176911 0.039017 -0.001566 0.176615 0.039333 -0.001005 0.176264 0.039699 -0.000697 0.175792 0.040103 -0.000790 0.175192 0.040510 -0.001263 0.174517 0.040899 -0.002013 0.173817 0.041257 -0.002988 0.173119 0.041567 -0.004169 0.172452 0.041814 -0.005508 0.171846 0.041992 -0.006944 0.171323 0.038008 -0.009056 0.176677 0.037600 -0.007569 0.176864 0.037295 -0.006111 0.176931 0.037116 -0.004760 0.176866 0.037084 -0.003616 0.176663 0.037190 -0.002738 0.176346 0.037376 -0.002068 0.175976 0.037591 -0.001489 0.175588 0.037853 -0.001004 0.175163 0.038210 -0.000761 0.174672 0.038673 -0.000882 0.174127 0.039208 -0.001337 0.173564 0.039780 -0.002046 0.173010 0.040370 -0.002985 0.172482 0.040955 -0.004153 0.172009 0.041503 -0.005497 0.171619 0.041992 -0.006944 0.171323 0.038008 -0.009056 0.176677 0.037317 -0.007658 0.176623 0.036731 -0.006274 0.176469 0.036277 -0.004964 0.176217 0.035996 -0.003807 0.175867 0.035902 -0.002867 0.175443 0.035947 -0.002124 0.174983 0.036079 -0.001512 0.174504 0.036318 -0.001057 0.174000 0.036727 -0.000894 0.173480 0.037313 -0.001100 0.172981 0.038013 -0.001610 0.172530 0.038773 -0.002325 0.172130 0.039577 -0.003225 0.171788 0.040406 -0.004323 0.171529 0.041223 -0.005585 0.171374 0.041992 -0.006944 0.171323 0.038008 -0.009056 0.176677 0.037084 -0.007840 0.176381 0.036266 -0.006627 0.175998 0.035580 -0.005459 0.175539 0.035070 -0.004387 0.175016 0.034761 -0.003461 0.174450 0.034618 -0.002677 0.173868 0.034610 -0.002010 0.173274 0.034793 -0.001527 0.172680 0.035258 -0.001370 0.172136 0.036001 -0.001604 0.171703 0.036913 -0.002139 0.171395 0.037893 -0.002849 0.171186 0.038909 -0.003689 0.171061 0.039953 -0.004666 0.171038 0.040992 -0.005766 0.171128 0.041992 -0.006944 0.171323 0.038008 -0.009056 0.176677 0.036918 -0.008104 0.176155 0.035938 -0.007146 0.175552 0.035102 -0.006213 0.174889 0.034454 -0.005345 0.174186 0.034011 -0.004571 0.173472 0.033727 -0.003879 0.172759 0.033581 -0.003254 0.172043 0.033666 -0.002765 0.171353 0.034120 -0.002553 0.170780 0.034956 -0.002692 0.170412 0.036036 -0.003115 0.170254 0.037209 -0.003702 0.170248 0.038411 -0.004390 0.170353 0.039625 -0.005169 0.170569 0.040828 -0.006028 0.170896 0.041992 -0.006944 0.171323 0.038008 -0.009056 0.176677 0.036828 -0.008432 0.175960 0.035767 -0.007790 0.175168 0.034872 -0.007156 0.174328 0.034199 -0.006561 0.173478 0.033754 -0.006026 0.172656 0.033465 -0.005538 0.171864 0.033280 -0.005074 0.171077 0.033296 -0.004669 0.170326 0.033684 -0.004422 0.169728 0.034495 -0.004402 0.169394 0.035603 -0.004589 0.169331 0.036846 -0.004912 0.169469 0.038139 -0.005324 0.169754 0.039447 -0.005810 0.170169 0.040740 -0.006355 0.170698 0.041992 -0.006944 0.171323 0.038008 -0.009056 0.176677 0.036823 -0.008801 0.175810 0.035763 -0.008514 0.174872 0.034886 -0.008207 0.173902 0.034263 -0.007896 0.172952 0.033905 -0.007598 0.172077 0.033717 -0.007319 0.171274 0.033613 -0.007044 0.170497 0.033651 -0.006777 0.169758 0.033993 -0.006550 0.169170 0.034710 -0.006401 0.168851 0.035716 -0.006339 0.168812 0.036884 -0.006349 0.168993 0.038139 -0.006419 0.169354 0.039438 -0.006547 0.169882 0.040734 -0.006725 0.170549 0.041992 -0.006944 0.171323 0.038008 -0.009056 0.176677 0.036904 -0.009185 0.175714 0.035927 -0.009266 0.174685 0.035133 -0.009292 0.173637 0.034594 -0.009254 0.172631 0.034328 -0.009161 0.171731 0.034248 -0.009035 0.170941 0.034257 -0.008896 0.170208 0.034378 -0.008735 0.169527 0.034734 -0.008536 0.168993 0.035380 -0.008302 0.168705 0.036254 -0.008050 0.168667 0.037273 -0.007796 0.168829 0.038397 -0.007547 0.169180 0.039595 -0.007316 0.169731 0.040810 -0.007113 0.170461 0.041992 -0.006944 0.171323 0.038008 -0.009056 0.176677 0.037064 -0.009557 0.175679 0.036247 -0.009990 0.174620 0.035597 -0.010335 0.173549 0.035166 -0.010563 0.172525 0.034971 -0.010667 0.171609 0.034947 -0.010680 0.170808 0.035018 -0.010642 0.170080 0.035207 -0.010542 0.169430 0.035599 -0.010334 0.168947 0.036221 -0.010004 0.168709 0.037006 -0.009588 0.168696 0.037891 -0.009119 0.168851 0.038861 -0.008604 0.169175 0.039902 -0.008052 0.169705 0.040964 -0.007489 0.170436 0.041992 -0.006944 0.171323 0.038008 -0.009056 0.176677 0.037289 -0.009893 0.175710 0.036691 -0.010642 0.174680 0.036237 -0.011272 0.173640 0.035954 -0.011748 0.172639 0.035845 -0.012057 0.171724 0.035859 -0.012240 0.170898 0.035955 -0.012339 0.170130 0.036170 -0.012318 0.169446 0.036577 -0.012089 0.168956 0.037177 -0.011632 0.168740 0.037896 -0.011017 0.168763 0.038669 -0.010319 0.168945 0.039485 -0.009551 0.169270 0.040336 -0.008712 0.169776 0.041186 -0.007828 0.170471 0.041992 -0.006944 0.171323 0.038008 -0.009056 0.176677 0.037562 -0.010174 0.175805 0.037222 -0.011191 0.174864 0.037000 -0.012063 0.173903 0.036906 -0.012749 0.172965 0.036930 -0.013242 0.172088 0.037030 -0.013601 0.171265 0.037185 -0.013871 0.170469 0.037437 -0.013974 0.169735 0.037839 -0.013764 0.169189 0.038382 -0.013193 0.168932 0.038997 -0.012366 0.168941 0.039629 -0.011410 0.169130 0.040259 -0.010374 0.169456 0.040877 -0.009265 0.169932 0.041462 -0.008107 0.170561 0.041992 -0.006944 0.171323 0.038008 -0.009056 0.176677 0.037865 -0.010381 0.175958 0.037808 -0.011607 0.175163 0.037841 -0.012677 0.174325 0.037967 -0.013529 0.173486 0.038168 -0.014154 0.172683 0.038412 -0.014627 0.171915 0.038688 -0.015014 0.171154 0.039023 -0.015222 0.170423 0.039434 -0.015056 0.169834 0.039892 -0.014431 0.169495 0.040350 -0.013453 0.169416 0.040777 -0.012285 0.169531 0.041162 -0.011016 0.169790 0.041497 -0.009679 0.170184 0.041775 -0.008310 0.170701 0.041992 -0.006944 0.171323 0.038008 -0.009056 0.176677 0.038182 -0.010497 0.176158 0.038424 -0.011853 0.175557 0.038731 -0.013060 0.174890 0.039094 -0.014031 0.174185 0.039490 -0.014729 0.173483 0.039897 -0.015232 0.172804 0.040314 -0.015625 0.172129 0.040748 -0.015839 0.171463 0.041173 -0.015677 0.170880 0.041540 -0.015038 0.170470 0.041817 -0.014012 0.170260 0.042008 -0.012758 0.170218 0.042118 -0.011374 0.170317 0.042147 -0.009911 0.170548 0.042101 -0.008422 0.170891 0.041992 -0.006944 0.171323 0.038008 -0.009056 0.176677 0.038493 -0.010510 0.176387 0.039035 -0.011889 0.176012 0.039621 -0.013133 0.175554 0.040227 -0.014145 0.175022 0.040816 -0.014864 0.174449 0.041369 -0.015345 0.173869 0.041899 -0.015676 0.173287 0.042398 -0.015812 0.172701 0.042809 -0.015593 0.172149 0.043070 -0.014941 0.171688 0.043174 -0.013945 0.171350 0.043150 -0.012736 0.171124 0.043012 -0.011383 0.171006 0.042762 -0.009929 0.171007 0.042414 -0.008433 0.171119 0.041992 -0.006944 0.171323 0.038008 -0.009056 0.176677 0.038777 -0.010417 0.176627 0.039592 -0.011696 0.176483 0.040430 -0.012845 0.176244 0.041250 -0.013783 0.175905 0.042006 -0.014451 0.175484 0.042683 -0.014889 0.175018 0.043298 -0.015162 0.174524 0.043833 -0.015227 0.174000 0.044204 -0.014956 0.173460 0.044350 -0.014306 0.172945 0.044293 -0.013377 0.172488 0.044092 -0.012285 0.172092 0.043762 -0.011067 0.171760 0.043291 -0.009737 0.171515 0.042689 -0.008343 0.171370 0.041992 -0.006944 0.171323</float_array>
          <technique_common>
            <accessor source="#Core-pos-array" count="2034" stride="3">
              <param name="X" type="float"/><param name="Y" type="float"/><param name="Z" type="float"/>
            </accessor>
          </technique_common>
        </source>
        <source id="Core-norm">
          <float_array id="Core-norm-array" count="6102">0.057473 -0.020544 0.998136 0.148725 -0.024917 0.988565 0.276916 -0.036691 0.960193 0.411915 -0.046353 0.910043 0.538388 -0.051996 0.841092 0.648816 -0.051880 0.759174 0.746485 -0.044364 0.663922 0.836756 -0.029151 0.546799 0.915555 -0.008129 0.402111 0.970305 0.015100 0.241414 0.995078 0.036790 0.092010 0.998161 0.054379 -0.026780 0.990014 0.066121 -0.124502 0.970059 0.070346 -0.232459 0.925112 0.065786 -0.373953 0.839524 0.052523 -0.540778 0.714020 0.033284 -0.699333 0.571271 0.013190 -0.820656 0.436331 -0.002752 -0.899782 0.318257 -0.011643 -0.947933 0.211580 -0.013130 -0.977273 0.113853 -0.010550 -0.993442 0.000000 0.000000 -0.000000 0.052707 0.004957 0.998598 0.129020 0.010355 0.991588 0.244729 0.014681 0.969480 0.375006 0.018927 0.926829 0.503234 0.023935 0.863818 0.619591 0.031119 0.784308 0.724019 0.043098 0.688433 0.819885 0.061698 0.569194 0.902972 0.085805 0.421046 0.960638 0.111694 0.254361 0.985960 0.135936 0.096978 0.987156 0.157363 -0.027584 0.976754 0.175055 -0.123724 0.957171 0.185814 -0.222031 0.917668 0.185007 -0.351650 0.841906 0.169276 -0.512386 0.725415 0.139766 -0.673973 0.586172 0.103153 -0.803593 0.449962 0.067487 -0.890494 0.330011 0.037695 -0.943224 0.224201 0.015111 -0.974426 0.128136 -0.001004 -0.991756 0.057825 -0.016297 -0.998194 0.041686 0.033128 0.998581 0.111145 0.057354 0.992148 0.213764 0.093880 0.972364 0.331634 0.131332 0.934222 0.451655 0.165882 0.876636 0.565582 0.197036 0.800809 0.672480 0.227746 0.704203 0.772858 0.260932 0.578451 0.858910 0.295087 0.418566 0.915372 0.324814 0.237887 0.935256 0.347217 0.068824 0.928838 0.365370 -0.061360 0.910779 0.382580 -0.155286 0.885214 0.395885 -0.244275 0.843825 0.396937 -0.361110 0.772746 0.377136 -0.510522 0.666937 0.334006 -0.666059 0.540277 0.274847 -0.795336 0.414841 0.211208 -0.885041 0.303137 0.150599 -0.940972 0.204496 0.095173 -0.974230 0.115910 0.046698 -0.992161 0.052577 0.011745 -0.998548 0.027590 0.055416 0.998082 0.088448 0.100675 0.990980 0.172323 0.169909 0.970276 0.268230 0.241805 0.932514 0.367393 0.308070 0.877562 0.464966 0.366413 0.805946 0.561572 0.419841 0.713001 0.657363 0.471478 0.587863 0.743154 0.517864 0.423721 0.801746 0.549970 0.233958 0.823957 0.564108 0.053629 0.818599 0.567882 -0.086059 0.800231 0.570745 -0.184066 0.774024 0.572951 -0.269470 0.734013 0.565470 -0.376123 0.669758 0.536906 -0.512988 0.577619 0.482214 -0.658654 0.468557 0.407939 -0.783607 0.360245 0.326264 -0.873942 0.262997 0.244849 -0.933210 0.176509 0.165132 -0.970348 0.098590 0.090250 -0.991027 0.041907 0.038992 -0.998360 0.016320 0.067307 0.997599 0.066745 0.133174 0.988843 0.130118 0.230508 0.964332 0.199350 0.331669 0.922093 0.269064 0.424459 0.864545 0.337941 0.505342 0.793994 0.409490 0.578181 0.705709 0.486085 0.647235 0.587204 0.560977 0.707936 0.429106 0.618797 0.747408 0.241809 0.648717 0.758758 0.058765 0.654803 0.750727 -0.087419 0.647870 0.737103 -0.192207 0.632173 0.722111 -0.280915 0.602910 0.698511 -0.385464 0.552084 0.654905 -0.516045 0.477590 0.585958 -0.654646 0.388734 0.498414 -0.774899 0.299829 0.404463 -0.864009 0.219176 0.310502 -0.924960 0.146568 0.215721 -0.965392 0.080388 0.122599 -0.989195 0.029789 0.058141 -0.997864 0.012104 0.070278 0.997454 0.050856 0.153130 0.986897 0.096444 0.271269 0.957659 0.141530 0.393584 0.908329 0.182213 0.504393 0.844030 0.219218 0.598874 0.770256 0.258246 0.682078 0.684162 0.304445 0.760597 0.573415 0.355556 0.831255 0.427312 0.401632 0.880202 0.252857 0.433751 0.897583 0.078768 0.452065 0.889612 -0.065013 0.461921 0.869860 -0.173126 0.464594 0.844003 -0.267976 0.454773 0.806372 -0.378082 0.425211 0.746674 -0.511540 0.374076 0.661113 -0.650382 0.308913 0.558727 -0.769673 0.241285 0.453244 -0.858109 0.178063 0.350346 -0.919539 0.119530 0.246627 -0.961711 0.065076 0.142323 -0.987679 0.021279 0.067121 -0.997518 0.014114 0.069399 0.997489 0.040947 0.163244 0.985736 0.073612 0.294807 0.952717 0.102066 0.430883 0.896617 0.122214 0.552854 0.824267 0.134648 0.654131 0.744300 0.145003 0.740088 0.656692 0.159787 0.819326 0.550612 0.180831 0.891345 0.415697 0.204386 0.944445 0.257391 0.226077 0.968960 0.100032 0.245616 0.968854 -0.031535 0.264906 0.954781 -0.134977 0.282560 0.930544 -0.232909 0.292331 0.889457 -0.351295 0.286748 0.820602 -0.494355 0.262811 0.721202 -0.640936 0.225055 0.603731 -0.764761 0.181648 0.485614 -0.855092 0.137880 0.373831 -0.917191 0.094670 0.263557 -0.959987 0.052853 0.152569 -0.986878 0.018508 0.069075 -0.997440 0.016815 0.068830 0.997487 0.032095 0.166986 0.985437 0.054998 0.305628 0.950561 0.073829 0.449938 0.890003 0.084156 0.579260 0.810787 0.085088 0.685093 0.723469 0.079556 0.771906 0.630740 0.072508 0.848595 0.524050 0.067671 0.916335 0.394654 0.066185 0.966344 0.248594 0.068365 0.991764 0.108309 0.075611 0.997120 -0.005884 0.089332 0.991275 -0.096919 0.108002 0.975618 -0.191064 0.126387 0.940871 -0.314305 0.138032 0.873039 -0.467708 0.138801 0.767654 -0.625653 0.129100 0.639214 -0.758115 0.112290 0.509471 -0.853130 0.091052 0.388605 -0.916894 0.066330 0.272411 -0.959892 0.040048 0.157385 -0.986725 0.018969 0.068873 -0.997445 0.013874 0.068833 0.997532 0.017678 0.165448 0.986060 0.029585 0.305408 0.951762 0.040087 0.453326 0.890443 0.045827 0.587761 0.807736 0.044973 0.698624 0.714074 0.036974 0.788692 0.613676 0.022933 0.865453 0.500464 0.005358 0.929677 0.368337 -0.012686 0.974132 0.225624 -0.028288 0.995031 0.095460 -0.038862 0.999237 -0.003888 -0.042216 0.995907 -0.079923 -0.037512 0.985735 -0.164071 -0.026067 0.958171 -0.285006 -0.010595 0.896366 -0.443188 0.005623 0.792425 -0.609944 0.019368 0.659948 -0.751062 0.028365 0.523138 -0.851776 0.031527 0.395520 -0.917916 0.028792 0.275013 -0.961009 0.021982 0.158495 -0.987115 0.017429 0.069198 -0.997451 0.002550 0.066465 0.997785 -0.005966 0.157129 0.987560 -0.010185 0.292090 0.956337 -0.013275 0.438005 0.898875 -0.015857 0.574514 0.818341 -0.019275 0.690762 0.722825 -0.026237 0.787408 0.615873 -0.038872 0.869272 0.492803 -0.056712 0.934922 0.350292 -0.077126 0.976775 0.199906 -0.097862 0.992917 0.067372 -0.118271 0.992586 -0.028035 -0.137194 0.985989 -0.094884 -0.151061 0.974127 -0.168101 -0.155333 0.947192 -0.280534 -0.146731 0.888380 -0.435029 -0.125327 0.787912 -0.602900 -0.095956 0.657026 -0.747736 -0.065652 0.519421 -0.851993 -0.039372 0.390129 -0.919918 -0.018761 0.269202 -0.962901 -0.003341 0.154846 -0.987933 0.009854 0.069205 -0.997554 -0.014782 0.058888 0.998155 -0.037198 0.140394 0.989397 -0.063481 0.263034 0.962696 -0.088215 0.398850 0.912763 -0.108352 0.530924 0.840464 -0.123685 0.649442 0.750285 -0.137456 0.753553 0.642856 -0.153018 0.844897 0.512576 -0.170124 0.918385 0.357249 -0.185794 0.963798 0.191242 -0.199273 0.978963 0.043841 -0.214220 0.974788 -0.062441 -0.233972 0.963056 -0.133339 -0.255501 0.945304 -0.202781 -0.269823 0.912875 -0.306358 -0.267449 0.851417 -0.451177 -0.244212 0.752477 -0.611668 -0.204702 0.625921 -0.752542 -0.158602 0.493104 -0.855391 -0.113251 0.368221 -0.922815 -0.071216 0.252300 -0.965025 -0.033665 0.144687 -0.988905 -0.003866 0.066332 -0.997790 -0.032755 0.046189 0.998396 -0.070470 0.116104 0.990734 -0.122224 0.219291 0.967974 -0.174390 0.335112 0.925898 -0.220326 0.451696 0.864539 -0.258092 0.562531 0.785460 -0.290696 0.667494 0.685527 -0.321279 0.766648 0.555905 -0.347566 0.851585 0.392430 -0.363473 0.907634 0.209972 -0.367754 0.929000 0.041421 -0.368002 0.925836 -0.086036 -0.373251 0.911353 -0.173548 -0.384216 0.888553 -0.250704 -0.391602 0.850160 -0.351960 -0.382735 0.784823 -0.487409 -0.350725 0.687322 -0.636066 -0.299777 0.567655 -0.766747 -0.240461 0.444461 -0.862921 -0.180251 0.329707 -0.926716 -0.120861 0.224257 -0.967006 -0.064068 0.127869 -0.989719 -0.020315 0.059134 -0.998043 -0.046724 0.031400 0.998414 -0.099921 0.087938 0.991102 -0.176457 0.167014 0.970036 -0.256472 0.254667 0.932398 -0.330283 0.343666 0.879094 -0.394796 0.431633 0.811066 -0.453386 0.521333 0.722947 -0.509425 0.614477 0.602415 -0.558022 0.703051 0.440829 -0.587221 0.769979 0.249607 -0.591303 0.804001 0.062796 -0.579208 0.810483 -0.087377 -0.564868 0.801373 -0.196789 -0.553372 0.780821 -0.289996 -0.537789 0.743418 -0.397634 -0.506189 0.680756 -0.529476 -0.452589 0.590871 -0.667858 -0.382844 0.484192 -0.786758 -0.308278 0.376651 -0.873555 -0.235002 0.277680 -0.931487 -0.162086 0.187620 -0.968776 -0.090119 0.106206 -0.990252 -0.035314 0.048534 -0.998197 -0.055173 0.018001 0.998315 -0.122307 0.060142 0.990668 -0.219629 0.114369 0.968856 -0.323073 0.171158 0.930768 -0.420112 0.225998 0.878881 -0.506656 0.279238 0.815675 -0.587221 0.336231 0.736288 -0.667203 0.401725 0.627261 -0.741660 0.472110 0.476501 -0.794054 0.534242 0.289939 -0.811741 0.575742 0.097973 -0.800288 0.596001 -0.065750 -0.774981 0.601796 -0.192992 -0.743581 0.595670 -0.303751 -0.701501 0.572878 -0.423919 -0.639390 0.526864 -0.559994 -0.555221 0.457495 -0.694570 -0.459338 0.374619 -0.805400 -0.365311 0.291293 -0.884136 -0.278133 0.214694 -0.936242 -0.193684 0.144937 -0.970299 -0.110025 0.081839 -0.990554 -0.046533 0.036659 -0.998244 -0.059337 0.007340 0.998211 -0.137379 0.034770 0.989908 -0.250113 0.066497 0.965930 -0.370713 0.095664 0.923807 -0.483711 0.118697 0.867142 -0.583250 0.136395 0.800760 -0.674248 0.154449 0.722174 -0.764409 0.179115 0.619352 -0.851344 0.211331 0.480160 -0.919223 0.245477 0.307848 -0.953006 0.274799 0.127534 -0.954128 0.297732 -0.031540 -0.934615 0.316457 -0.162325 -0.900361 0.330259 -0.283336 -0.845816 0.333142 -0.416668 -0.762229 0.318071 -0.563771 -0.651353 0.283789 -0.703707 -0.529544 0.237227 -0.814436 -0.414757 0.187850 -0.890331 -0.312737 0.140911 -0.939329 -0.217406 0.096742 -0.971275 -0.124380 0.055508 -0.990681 -0.054032 0.024774 -0.998232 -0.061050 -0.001804 0.998133 -0.146141 0.010855 0.989204 -0.268855 0.022991 0.962906 -0.400776 0.030465 0.915669 -0.523915 0.030214 0.851234 -0.629969 0.021975 0.776309 -0.722579 0.009341 0.691225 -0.809876 -0.002408 0.586597 -0.891610 -0.009850 0.452698 -0.955668 -0.012404 0.294186 -0.990924 -0.010229 0.134032 -0.999988 -0.002116 -0.004412 -0.992630 0.013632 -0.120413 -0.970951 0.035799 -0.236586 -0.924992 0.058724 -0.375421 -0.841675 0.075176 -0.534726 -0.721549 0.081015 -0.687607 -0.584725 0.077401 -0.807531 -0.454482 0.068306 -0.888133 -0.339690 0.056496 -0.938839 -0.234729 0.042458 -0.971133 -0.134281 0.026573 -0.990587 -0.058843 0.012470 -0.998189 -0.061046 -0.011395 0.998070 -0.149034 -0.013847 0.988735 -0.276297 -0.020105 0.960862 -0.414198 -0.030026 0.909692 -0.543576 -0.045077 0.838149 -0.654081 -0.066427 0.753502 -0.747085 -0.093834 0.658073 -0.828936 -0.125305 0.545128 -0.899183 -0.157556 0.408223 -0.948520 -0.186709 0.255833 -0.971383 -0.209130 0.112602 -0.975103 -0.221750 -0.001201 -0.970755 -0.221878 -0.091678 -0.959535 -0.208729 -0.189010 -0.929035 -0.184649 -0.320623 -0.861009 -0.153404 -0.484903 -0.749863 -0.119099 -0.650785 -0.613588 -0.086018 -0.784927 -0.478218 -0.057233 -0.876374 -0.356432 -0.033985 -0.933703 -0.245089 -0.016568 -0.969359 -0.139865 -0.005167 -0.990157 -0.061398 -0.001156 -0.998113 -0.059059 -0.021955 0.998013 -0.145725 -0.040216 0.988507 -0.271604 -0.065756 0.960160 -0.409423 -0.092596 0.907634 -0.540856 -0.119113 0.832639 -0.654979 -0.145916 0.741425 -0.751200 -0.175261 0.636382 -0.833091 -0.208886 0.512178 -0.897931 -0.245570 0.365260 -0.936656 -0.281379 0.208572 -0.947140 -0.312873 0.070961 -0.940638 -0.338390 -0.026319 -0.930101 -0.355332 -0.093014 -0.917939 -0.359972 -0.166759 -0.893388 -0.349771 -0.281991 -0.837584 -0.322858 -0.440699 -0.740157 -0.279652 -0.611524 -0.613558 -0.226191 -0.756560 -0.482070 -0.171128 -0.859258 -0.360048 -0.120109 -0.925170 -0.246972 -0.075088 -0.966109 -0.140528 -0.037731 -0.989358 -0.061391 -0.015657 -0.997991 -0.055085 -0.032104 0.997965 -0.136269 -0.066615 0.988430 -0.254410 -0.112864 0.960488 -0.384751 -0.158787 0.909260 -0.511754 -0.199030 0.835760 -0.625955 -0.232487 0.744399 -0.726124 -0.262178 0.635615 -0.813423 -0.291746 0.503217 -0.882151 -0.320975 0.344652 -0.921411 -0.346424 0.176047 -0.929547 -0.367429 0.030635 -0.919241 -0.388030 -0.066552 -0.903597 -0.410181 -0.123549 -0.885099 -0.428866 -0.180758 -0.855937 -0.435457 -0.278836 -0.801136 -0.421434 -0.424941 -0.710626 -0.382578 -0.590462 -0.593017 -0.324090 -0.737087 -0.468658 -0.257110 -0.845135 -0.350814 -0.189903 -0.916988 -0.240196 -0.125532 -0.962574 -0.136226 -0.067171 -0.988398 -0.058919 -0.028765 -0.997848 -0.050054 -0.040073 0.997942 -0.122024 -0.090112 0.988428 -0.226709 -0.157119 0.961206 -0.341907 -0.223946 0.912660 -0.455827 -0.281968 0.844225 -0.562185 -0.328435 0.758998 -0.661062 -0.366452 0.654760 -0.752958 -0.399925 0.522603 -0.830167 -0.427195 0.358228 -0.878940 -0.442506 0.177914 -0.894930 -0.445869 0.017353 -0.889503 -0.447018 -0.094657 -0.875350 -0.455749 -0.161416 -0.854389 -0.471180 -0.219110 -0.819941 -0.481952 -0.308900 -0.761331 -0.473879 -0.442508 -0.672179 -0.438782 -0.596360 -0.560481 -0.380556 -0.735553 -0.443276 -0.310561 -0.840867 -0.331649 -0.237065 -0.913132 -0.226428 -0.162371 -0.960399 -0.128085 -0.089855 -0.987684 -0.055307 -0.037981 -0.997747 -0.044935 -0.045495 0.997953 -0.104958 -0.108720 0.988516 -0.192362 -0.194423 0.961871 -0.286665 -0.281617 0.915705 -0.379316 -0.359174 0.852709 -0.467500 -0.423418 0.775990 -0.553871 -0.478074 0.681669 -0.640597 -0.527452 0.558059 -0.721002 -0.567707 0.397323 -0.780332 -0.588212 0.212340 -0.809906 -0.585325 0.038040 -0.816097 -0.570197 -0.094132 -0.809490 -0.558033 -0.182554 -0.792327 -0.553587 -0.256436 -0.758979 -0.548068 -0.351528 -0.701499 -0.526896 -0.479875 -0.616899 -0.481449 -0.622610 -0.513602 -0.416004 -0.750435 -0.406166 -0.341717 -0.847501 -0.303664 -0.265092 -0.915158 -0.206939 -0.185640 -0.960580 -0.117306 -0.104891 -0.987541 -0.052272 -0.042786 -0.997716 -0.039150 -0.049591 0.998002 -0.085835 -0.122466 0.988754 -0.154255 -0.223368 0.962451 -0.225227 -0.328203 0.917363 -0.292090 -0.423658 0.857437 -0.354212 -0.505369 0.786852 -0.416197 -0.578150 0.701800 -0.482601 -0.647788 0.589463 -0.550519 -0.709964 0.439180 -0.608631 -0.750025 0.258902 -0.647011 -0.758359 0.079177 -0.666193 -0.742606 -0.068731 -0.671938 -0.718549 -0.179406 -0.665451 -0.693734 -0.275514 -0.642104 -0.662565 -0.385631 -0.595870 -0.613575 -0.518135 -0.525716 -0.541925 -0.655698 -0.439666 -0.455801 -0.773911 -0.349628 -0.368212 -0.861499 -0.262712 -0.284409 -0.922006 -0.179870 -0.200447 -0.963051 -0.103296 -0.114474 -0.988041 -0.049916 -0.045281 -0.997726 -0.030206 -0.053521 0.998110 -0.063167 -0.132361 0.989187 -0.111831 -0.244568 0.963162 -0.159602 -0.363402 0.917860 -0.200722 -0.473283 0.857738 -0.234963 -0.568609 0.788337 -0.266918 -0.654644 0.707245 -0.302108 -0.738783 0.602437 -0.341401 -0.818111 0.462753 -0.379528 -0.877545 0.293043 -0.410323 -0.904204 0.118531 -0.432460 -0.901037 -0.033327 -0.447578 -0.880368 -0.156929 -0.454737 -0.848355 -0.271125 -0.449134 -0.799671 -0.398503 -0.425216 -0.724800 -0.542085 -0.381819 -0.623341 -0.682392 -0.324867 -0.509534 -0.796766 -0.262966 -0.400937 -0.877553 -0.201141 -0.303906 -0.931227 -0.140308 -0.212515 -0.967032 -0.083128 -0.121709 -0.989079 -0.045558 -0.048370 -0.997790 -0.015453 -0.056638 0.998275 -0.034353 -0.138500 0.989766 -0.061792 -0.258002 0.964166 -0.086775 -0.386883 0.918037 -0.104658 -0.507467 0.855292 -0.114581 -0.612209 0.782350 -0.119234 -0.705422 0.698687 -0.122936 -0.794777 0.594320 -0.128451 -0.878745 0.459682 -0.135763 -0.944332 0.299677 -0.144037 -0.980089 0.136669 -0.153780 -0.988083 -0.006593 -0.165972 -0.977768 -0.128151 -0.179446 -0.952056 -0.247768 -0.190041 -0.902727 -0.385963 -0.192472 -0.818272 -0.541650 -0.183788 -0.699090 -0.691010 -0.165501 -0.563878 -0.809105 -0.141442 -0.435599 -0.888959 -0.114082 -0.323932 -0.939177 -0.084018 -0.223475 -0.971082 -0.053476 -0.127794 -0.990358 -0.035050 -0.052991 -0.997980 0.005182 -0.056644 0.998381 0.001537 -0.139385 0.990237 -0.001910 -0.261489 0.965205 -0.003018 -0.395506 0.918458 0.000470 -0.522711 0.852510 0.009799 -0.633598 0.773600 0.024893 -0.730371 0.682597 0.044172 -0.819163 0.571857 0.065026 -0.898279 0.434587 0.084520 -0.956772 0.278287 0.099955 -0.986992 0.125917 0.109064 -0.994032 -0.002405 0.109960 -0.987897 -0.109401 0.101925 -0.970279 -0.219477 0.086254 -0.930562 -0.355830 0.065625 -0.853404 -0.517103 0.043312 -0.735453 -0.676190 0.022582 -0.594896 -0.803485 0.005763 -0.457657 -0.889110 -0.006000 -0.337058 -0.941465 -0.012333 -0.230108 -0.973087 -0.013896 -0.131152 -0.991265 -0.016066 -0.057005 -0.998245 0.027925 -0.051847 0.998265 0.041630 -0.133421 0.990185 0.065101 -0.252318 0.965452 0.090156 -0.384685 0.918634 0.115269 -0.512746 0.850767 0.140952 -0.626189 0.766825 0.169051 -0.725034 0.667643 0.200782 -0.812720 0.546967 0.234703 -0.885626 0.400726 0.267075 -0.933233 0.240307 0.294664 -0.951156 0.092067 0.316043 -0.948459 -0.023303 0.329471 -0.937557 -0.111517 0.332047 -0.921233 -0.202671 0.321246 -0.889244 -0.325647 0.295343 -0.824695 -0.482338 0.255026 -0.719971 -0.645448 0.205674 -0.588821 -0.781657 0.154813 -0.455794 -0.876518 0.107509 -0.335734 -0.935802 0.065699 -0.228154 -0.971406 0.031177 -0.129347 -0.991109 0.009198 -0.057010 -0.998331 0.046828 -0.043537 0.997954 0.079787 -0.121265 0.989408 0.131138 -0.230835 0.964115 0.183690 -0.353366 0.917274 0.231588 -0.474161 0.849434 0.273659 -0.584233 0.764057 0.312419 -0.682794 0.660445 0.350661 -0.770905 0.531736 0.387414 -0.842223 0.374928 0.418619 -0.884780 0.204748 0.442667 -0.895169 0.052140 0.462250 -0.884795 -0.058847 0.478655 -0.867779 -0.133602 0.488031 -0.848151 -0.206070 0.484075 -0.817738 -0.311411 0.460439 -0.761354 -0.456438 0.414093 -0.670121 -0.616007 0.349937 -0.553547 -0.755731 0.278013 -0.432261 -0.857822 0.205831 -0.319893 -0.924825 0.136372 -0.217129 -0.966570 0.073684 -0.122006 -0.989790 0.034346 -0.051699 -0.998072 0.057474 -0.035986 0.997698 0.109776 -0.106590 0.988225 0.186599 -0.202363 0.961369 0.264913 -0.308005 0.913758 0.335076 -0.412801 0.846947 0.394160 -0.510989 0.763890 0.444798 -0.603241 0.662008 0.490298 -0.690282 0.532089 0.528615 -0.764185 0.369576 0.553713 -0.810738 0.190014 0.564876 -0.824704 0.027893 0.570098 -0.816795 -0.088518 0.576688 -0.800830 -0.161561 0.582932 -0.780738 -0.225032 0.580135 -0.750015 -0.317680 0.557869 -0.696808 -0.450821 0.509877 -0.614064 -0.602454 0.439990 -0.509520 -0.739458 0.358782 -0.400165 -0.843293 0.274033 -0.297258 -0.914628 0.188175 -0.201475 -0.961248 0.105983 -0.111939 -0.988047 0.052379 -0.043763 -0.997668 0.059859 -0.033455 0.997646 0.128737 -0.093909 0.987222 0.225703 -0.174658 0.958412 0.324920 -0.260492 0.909160 0.413894 -0.343735 0.842934 0.488461 -0.422079 0.763711 0.551845 -0.499036 0.668154 0.608191 -0.577486 0.544621 0.654075 -0.651000 0.385207 0.679615 -0.704940 0.202934 0.681744 -0.730854 0.032829 0.671127 -0.735386 -0.093786 0.660889 -0.729606 -0.175783 0.653857 -0.716257 -0.243819 0.641974 -0.689495 -0.335360 0.612891 -0.640281 -0.463039 0.558964 -0.564359 -0.607502 0.484089 -0.469452 -0.738426 0.398936 -0.370121 -0.838964 0.310031 -0.275617 -0.909899 0.217543 -0.186552 -0.958057 0.124881 -0.103054 -0.986805 0.060051 -0.038318 -0.997460 0.058054 -0.036317 0.997653 0.138226 -0.084804 0.986763 0.248956 -0.152038 0.956507 0.363057 -0.219918 0.905442 0.465886 -0.281876 0.838746 0.552307 -0.337452 0.762288 0.626564 -0.392117 0.673544 0.694684 -0.451538 0.559935 0.753463 -0.513459 0.410674 0.789812 -0.566777 0.234437 0.795932 -0.602088 0.063108 0.780641 -0.620842 -0.071801 0.759118 -0.629203 -0.166864 0.737458 -0.627844 -0.248932 0.709547 -0.611143 -0.350781 0.663753 -0.571793 -0.482168 0.594118 -0.507436 -0.624125 0.507337 -0.425586 -0.749324 0.415531 -0.338557 -0.844223 0.323930 -0.253945 -0.911362 0.229544 -0.172730 -0.957849 0.132732 -0.096551 -0.986438 0.059669 -0.038724 -0.997467 0.056751 -0.039638 0.997601 0.142034 -0.075696 0.986963 0.260903 -0.130911 0.956448 0.384867 -0.184481 0.904347 0.497534 -0.229668 0.836488 0.592593 -0.265777 0.760393 0.674810 -0.297707 0.675279 0.752058 -0.331985 0.569381 0.822796 -0.370397 0.431060 0.873504 -0.407915 0.265701 0.893109 -0.438485 0.100436 0.886480 -0.461337 -0.036362 0.866690 -0.478342 -0.141558 0.839420 -0.487924 -0.239384 0.798568 -0.484370 -0.357316 0.733274 -0.461156 -0.499644 0.641042 -0.416314 -0.644784 0.534105 -0.355792 -0.766905 0.428568 -0.288797 -0.856111 0.330071 -0.220822 -0.917764 0.233197 -0.153059 -0.960308 0.134850 -0.088702 -0.986888 0.056898 -0.043111 -0.997449 0.057448 -0.035962 0.997701 0.142612 -0.059570 0.987985 0.265200 -0.101159 0.958872 0.395581 -0.141201 0.907512 0.516018 -0.173182 0.838888 0.618701 -0.195253 0.760976 0.707717 -0.209581 0.674694 0.791285 -0.220679 0.570236 0.868989 -0.231862 0.437149 0.928589 -0.243328 0.280204 0.959230 -0.254225 0.123483 0.964143 -0.265238 -0.008765 0.953720 -0.277263 -0.116381 0.930886 -0.288638 -0.223920 0.886837 -0.294786 -0.355840 0.809028 -0.290055 -0.511216 0.696968 -0.271453 -0.663739 0.568666 -0.241225 -0.786403 0.445742 -0.203990 -0.871609 0.336328 -0.162442 -0.927629 0.234595 -0.117398 -0.964978 0.135217 -0.072626 -0.988151 0.056245 -0.044775 -0.997412 0.000000 0.000000 0.000000 0.120003 -0.042613 0.991859 0.238896 -0.076151 0.968055 0.372165 -0.110830 0.921526 0.499443 -0.139027 0.855119 0.609887 -0.158113 0.776555 0.704734 -0.168129 0.689263 0.791844 -0.171278 0.586214 0.872930 -0.170347 0.457138 0.937794 -0.167365 0.304191 0.975127 -0.164130 0.148958 0.986477 -0.163067 0.016486 0.982000 -0.166028 -0.090060 0.965663 -0.172492 -0.194270 0.928973 -0.179395 -0.323769 0.856949 -0.182345 -0.482067 0.744629 -0.177896 -0.643335 0.608592 -0.165663 -0.775997 0.474382 -0.147246 -0.867917 0.355482 -0.123408 -0.926500 0.248412 -0.093797 -0.964102 0.143896 -0.059506 -0.987802 0.057794 -0.036613 -0.997657 0.260865 -0.313472 0.913064 0.314013 -0.278028 0.907797 0.396693 -0.222904 0.890477 0.487385 -0.151360 0.859969 0.575635 -0.065531 0.815077 0.667398 0.051302 0.742932 0.773224 0.238733 0.587479 0.829853 0.484772 0.276296 0.758637 0.647647 -0.070876 0.642412 0.699418 -0.313244 0.487661 0.689367 -0.535686 0.282905 0.615685 -0.735457 0.104231 0.518160 -0.848909 -0.015409 0.440850 -0.897449 -0.094380 0.389773 -0.916062 -0.152784 0.354942 -0.922320 0.000000 0.000000 0.000000 0.244422 -0.299365 0.922300 0.283567 -0.265562 0.921448 0.348962 -0.208199 0.913717 0.428430 -0.131722 0.893922 0.512561 -0.037359 0.857838 0.601843 0.090618 0.793457 0.700466 0.292451 0.651015 0.750432 0.561814 0.348162 0.669744 0.742479 -0.012997 0.549097 0.797179 -0.250994 0.415465 0.789007 -0.452610 0.240549 0.708909 -0.663011 0.078050 0.588585 -0.804659 -0.032890 0.486120 -0.873273 -0.103023 0.414862 -0.904033 -0.151518 0.365990 -0.918201 -0.180634 0.331346 -0.926057 0.219478 -0.287320 0.932350 0.243577 -0.245463 0.938306 0.279763 -0.175354 0.943919 0.327789 -0.084632 0.940953 0.383809 0.027184 0.923012 0.448143 0.183303 0.874967 0.516323 0.435118 0.737619 0.522301 0.753494 0.399309 0.410507 0.911857 -0.000961 0.294021 0.928652 -0.226181 0.189099 0.901574 -0.389109 0.066502 0.810203 -0.582364 -0.043792 0.672438 -0.738857 -0.116910 0.548779 -0.827752 -0.159715 0.457545 -0.874725 -0.185621 0.391034 -0.901464 -0.199861 0.347925 -0.915971 0.199814 -0.283481 0.937930 0.204400 -0.232090 0.950976 0.205006 -0.152205 0.966854 0.209900 -0.053693 0.976247 0.220143 0.063302 0.973412 0.233896 0.226215 0.945579 0.239777 0.495245 0.835009 0.197441 0.841776 0.502425 0.101696 0.993101 0.058374 0.026833 0.979942 -0.197467 -0.033317 0.933720 -0.356451 -0.100578 0.839126 -0.534557 -0.158837 0.703619 -0.692597 -0.194963 0.578153 -0.792294 -0.212471 0.481567 -0.850264 -0.218642 0.407070 -0.886843 -0.222299 0.358684 -0.906603 0.194826 -0.283818 0.938877 0.179413 -0.225663 0.957542 0.148573 -0.139446 0.979020 0.111383 -0.038526 0.993030 0.073307 0.072067 0.994702 0.031239 0.217223 0.975622 -0.033669 0.455893 0.889398 -0.133992 0.780474 0.610660 -0.211370 0.960019 0.183539 -0.233519 0.966372 -0.107677 -0.240182 0.923080 -0.300394 -0.249259 0.831077 -0.497172 -0.254914 0.701534 -0.665483 -0.254781 0.581523 -0.772605 -0.249980 0.487883 -0.836349 -0.240894 0.412871 -0.878355 -0.236058 0.361204 -0.902113 0.199699 -0.282129 0.938362 0.169547 -0.222819 0.960003 0.119270 -0.131922 0.984059 0.053481 -0.026953 0.998205 -0.020892 0.079288 0.996633 -0.106047 0.202012 0.973625 -0.223004 0.391944 0.892552 -0.369890 0.651714 0.662157 -0.459919 0.832524 0.308834 -0.465884 0.884365 0.029163 -0.438592 0.876105 -0.200193 -0.395239 0.803583 -0.445017 -0.345504 0.683802 -0.642683 -0.305114 0.571223 -0.761978 -0.276376 0.483670 -0.830469 -0.253113 0.412595 -0.875042 -0.238216 0.361028 -0.901616 0.202193 -0.280414 0.938342 0.164329 -0.225655 0.960248 0.104881 -0.133665 0.985461 0.026478 -0.021797 0.999412 -0.065422 0.094361 0.993386 -0.175280 0.217702 0.960147 -0.324195 0.383084 0.864954 -0.496656 0.583523 0.642521 -0.601804 0.716370 0.353052 -0.625483 0.769127 0.131209 -0.606054 0.789411 -0.097615 -0.537982 0.748999 -0.386751 -0.440740 0.648430 -0.620715 -0.359410 0.548224 -0.755166 -0.303695 0.470291 -0.828611 -0.263908 0.407343 -0.874313 -0.236652 0.361580 -0.901807 0.197013 -0.286540 0.937593 0.155447 -0.241488 0.957872 0.089662 -0.159546 0.983110 0.004835 -0.052151 0.998628 -0.094879 0.071859 0.992892 -0.218637 0.214959 0.951835 -0.389169 0.398326 0.830592 -0.573452 0.587861 0.570590 -0.675642 0.678917 0.287366 -0.711620 0.693509 0.112438 -0.714278 0.695442 -0.078532 -0.649141 0.666684 -0.366262 -0.526193 0.588583 -0.613752 -0.414518 0.507311 -0.755520 -0.335056 0.444112 -0.830965 -0.278486 0.394096 -0.875862 -0.239649 0.359543 -0.901830 0.189321 -0.302863 0.934041 0.144580 -0.272256 0.951301 0.072579 -0.215285 0.973850 -0.018311 -0.135222 0.990646 -0.125963 -0.032658 0.991497 -0.266534 0.103478 0.958254 -0.469128 0.300822 0.830317 -0.678233 0.520443 0.518786 -0.762350 0.622840 0.175766 -0.778718 0.627204 -0.014588 -0.775903 0.605686 -0.176407 -0.708611 0.568963 -0.417315 -0.578564 0.509412 -0.636995 -0.454332 0.450682 -0.768419 -0.361687 0.405869 -0.839317 -0.293426 0.372082 -0.880600 -0.247154 0.350864 -0.903222 0.185727 -0.322433 0.928193 0.137397 -0.309766 0.940833 0.061296 -0.287120 0.955931 -0.032150 -0.250641 0.967546 -0.142383 -0.196774 0.970055 -0.293381 -0.112871 0.949309 -0.532443 0.036780 0.845666 -0.810109 0.265167 0.522887 -0.899322 0.426632 0.095947 -0.868675 0.470018 -0.156482 -0.822330 0.467401 -0.324514 -0.729357 0.448128 -0.516933 -0.594223 0.417524 -0.687440 -0.469632 0.386381 -0.793824 -0.374896 0.362319 -0.853333 -0.302664 0.345793 -0.888156 -0.253755 0.337169 -0.906601 0.186864 -0.337020 0.922767 0.135830 -0.343065 0.929439 0.058682 -0.354407 0.933248 -0.032318 -0.363258 0.931128 -0.134829 -0.364511 0.921387 -0.274720 -0.352092 0.894740 -0.511310 -0.305820 0.803141 -0.844001 -0.169477 0.508861 -0.998583 0.036525 0.038691 -0.947333 0.168395 -0.272404 -0.856121 0.237311 -0.459065 -0.730140 0.281843 -0.622463 -0.586387 0.306686 -0.749730 -0.464675 0.315665 -0.827304 -0.374112 0.317832 -0.871219 -0.304209 0.320075 -0.897223 -0.256327 0.323416 -0.910878 0.189745 -0.345194 0.919151 0.138482 -0.367576 0.919625 0.061970 -0.405565 0.911963 -0.025860 -0.450583 0.892360 -0.117128 -0.496715 0.859974 -0.231232 -0.543204 0.807131 -0.420780 -0.588478 0.690389 -0.703759 -0.584098 0.404417 -0.897072 -0.440666 -0.032796 -0.901313 -0.250404 -0.353458 -0.826832 -0.085359 -0.555934 -0.700296 0.061269 -0.711219 -0.559104 0.168840 -0.811724 -0.444847 0.233270 -0.864694 -0.362483 0.270287 -0.891937 -0.299319 0.295185 -0.907345 -0.255400 0.311558 -0.915261 0.193561 -0.350768 0.916240 0.145596 -0.385765 0.911036 0.071418 -0.441934 0.894200 -0.016441 -0.510365 0.859800 -0.105682 -0.584925 0.804173 -0.203664 -0.666978 0.716702 -0.346033 -0.758893 0.551673 -0.533379 -0.811044 0.240238 -0.660195 -0.739625 -0.130755 -0.698084 -0.600047 -0.390668 -0.690073 -0.416231 -0.592073 -0.616741 -0.183973 -0.765366 -0.505299 0.014468 -0.862823 -0.409708 0.141651 -0.901152 -0.341046 0.218602 -0.914276 -0.288613 0.269408 -0.918761 -0.251333 0.300051 -0.920218 0.199611 -0.355961 0.912933 0.159517 -0.400486 0.902311 0.093408 -0.469141 0.878170 0.008168 -0.551296 0.834269 -0.087604 -0.640175 0.763218 -0.195687 -0.738014 0.645787 -0.334157 -0.841522 0.424476 -0.472257 -0.879216 0.062875 -0.523321 -0.811530 -0.259913 -0.522985 -0.735204 -0.431233 -0.525724 -0.612771 -0.590022 -0.500946 -0.373623 -0.780678 -0.431868 -0.118058 -0.894177 -0.362857 0.059339 -0.929954 -0.311825 0.170537 -0.934710 -0.272734 0.244875 -0.930404 -0.243722 0.288932 -0.925807 0.207043 -0.359535 0.909872 0.179769 -0.410882 0.893789 0.131059 -0.487908 0.863000 0.062130 -0.577847 0.813777 -0.026296 -0.673835 0.738413 -0.142215 -0.779808 0.609651 -0.304454 -0.885470 0.351071 -0.463030 -0.883792 -0.067186 -0.506911 -0.768517 -0.390413 -0.483130 -0.705160 -0.518975 -0.453305 -0.634457 -0.626082 -0.421080 -0.437293 -0.794648 -0.369718 -0.182929 -0.910959 -0.319509 0.011119 -0.947518 -0.282747 0.138915 -0.949082 -0.255627 0.227382 -0.939656 -0.234947 0.281377 -0.930391 0.213052 -0.360675 0.908032 0.201658 -0.415311 0.887046 0.177308 -0.495997 0.850029 0.138827 -0.587704 0.797077 0.082752 -0.684726 0.724087 -0.002027 -0.797163 0.603761 -0.143433 -0.924828 0.352307 -0.327243 -0.940320 -0.093326 -0.424709 -0.777385 -0.463998 -0.434416 -0.656848 -0.616307 -0.410788 -0.569285 -0.712157 -0.373212 -0.397511 -0.838271 -0.328530 -0.175130 -0.928115 -0.289274 0.004709 -0.957235 -0.261221 0.129596 -0.956540 -0.242434 0.220280 -0.944830 -0.229983 0.278974 -0.932353 0.217946 -0.360319 0.907012 0.221815 -0.414232 0.882729 0.222692 -0.494087 0.840408 0.219000 -0.581967 0.783169 0.206519 -0.671808 0.711354 0.178599 -0.778073 0.602249 0.114756 -0.917874 0.379918 -0.017215 -0.998653 -0.048947 -0.161855 -0.860013 -0.483923 -0.236848 -0.679312 -0.694578 -0.265181 -0.528805 -0.806254 -0.272566 -0.339131 -0.900388 -0.266862 -0.135454 -0.954168 -0.254381 0.024595 -0.966791 -0.241296 0.137368 -0.960680 -0.232234 0.221729 -0.947050 -0.229789 0.278937 -0.932412 0.226141 -0.357481 0.906128 0.242280 -0.407600 0.880433 0.265513 -0.483244 0.834253 0.292759 -0.564786 0.771563 0.319879 -0.643175 0.695704 0.346104 -0.730296 0.588965 0.366416 -0.846596 0.386023 0.342770 -0.939416 -0.002494 0.231906 -0.859278 -0.455918 0.105290 -0.679727 -0.725868 0.002019 -0.493745 -0.869605 -0.087236 -0.283140 -0.955103 -0.152677 -0.086333 -0.984498 -0.189973 0.058193 -0.980063 -0.207472 0.156814 -0.965590 -0.216866 0.229800 -0.948768 -0.227639 0.279103 -0.932889 0.239735 -0.348239 0.906232 0.266220 -0.392365 0.880441 0.309361 -0.459459 0.832582 0.362283 -0.532967 0.764655 0.420435 -0.601029 0.679705 0.487365 -0.667408 0.563065 0.567981 -0.741834 0.356483 0.625069 -0.780529 -0.007941 0.579499 -0.698872 -0.419236 0.463985 -0.555299 -0.690189 0.318073 -0.391966 -0.863245 0.147308 -0.195385 -0.969600 0.000677 -0.016658 -0.999861 -0.096276 0.108318 -0.989443 -0.154263 0.189233 -0.969739 -0.190548 0.246401 -0.950252 -0.216166 0.283183 -0.934387 0.253809 -0.331768 0.908577 0.291212 -0.366669 0.883601 0.352603 -0.417813 0.837319 0.427307 -0.477028 0.768019 0.510029 -0.533637 0.674612 0.606784 -0.583831 0.539402 0.724079 -0.619551 0.303094 0.806055 -0.586820 -0.076920 0.772708 -0.461930 -0.435365 0.688271 -0.339014 -0.641367 0.561287 -0.219460 -0.797994 0.358089 -0.065866 -0.931361 0.150560 0.077946 -0.985523 0.001822 0.175232 -0.984525 -0.094034 0.234020 -0.967674 -0.158027 0.272309 -0.949144 -0.197180 0.296242 -0.934538 0.261506 -0.315446 0.912200 0.310410 -0.336187 0.889170 0.386460 -0.363329 0.847727 0.477222 -0.397634 0.783675 0.577514 -0.433553 0.691743 0.696158 -0.465205 0.546761 0.837287 -0.471973 0.276029 0.907428 -0.391389 -0.152938 0.833255 -0.243725 -0.496271 0.754636 -0.137330 -0.641611 0.663867 -0.049530 -0.746208 0.477442 0.065351 -0.876230 0.250283 0.173374 -0.952523 0.073340 0.242498 -0.967376 -0.046622 0.279963 -0.958878 -0.130758 0.300844 -0.944667 -0.180779 0.315317 -0.931608 0.262608 -0.309340 0.913973 0.320270 -0.312316 0.894363 0.405050 -0.312696 0.859160 0.502936 -0.314937 0.804904 0.608736 -0.319484 0.726203 0.735777 -0.322028 0.595760 0.894979 -0.300516 0.329701 0.969706 -0.205049 -0.132761 0.855349 -0.074629 -0.512649 0.750618 0.003713 -0.660726 0.666235 0.066891 -0.742736 0.499482 0.155247 -0.852300 0.281632 0.237365 -0.929700 0.102650 0.286865 -0.952456 -0.023581 0.310783 -0.950188 -0.116232 0.320731 -0.940012 -0.174139 0.329053 -0.928116 0.262997 -0.314237 0.912188 0.323426 -0.301105 0.897068 0.411687 -0.280108 0.867210 0.509783 -0.253293 0.822170 0.609979 -0.224878 0.759839 0.727587 -0.191725 0.658680 0.887193 -0.131998 0.442114 0.999740 -0.018533 0.013288 0.904354 0.090688 -0.417037 0.770261 0.138591 -0.622487 0.654133 0.174631 -0.735944 0.476921 0.229811 -0.848371 0.267742 0.279601 -0.922029 0.098964 0.308916 -0.945926 -0.021466 0.323224 -0.946079 -0.112756 0.327410 -0.938131 -0.174091 0.329310 -0.928034 0.264697 -0.319085 0.910011 0.321854 -0.295810 0.899392 0.410054 -0.261463 0.873781 0.507135 -0.215100 0.834593 0.601031 -0.161104 0.782820 0.702761 -0.094679 0.705098 0.840917 0.009592 0.541080 0.966646 0.167950 0.193360 0.926333 0.296076 -0.232910 0.796877 0.336702 -0.501615 0.648434 0.348144 -0.676999 0.444238 0.354528 -0.822777 0.234652 0.349904 -0.906921 0.076993 0.341495 -0.936725 -0.032664 0.335813 -0.941362 -0.115932 0.330043 -0.936820 -0.173482 0.321607 -0.930845 0.000000 0.000000 0.000000 0.303955 -0.298351 0.904764 0.387626 -0.263103 0.883472 0.485726 -0.212419 0.847908 0.581853 -0.150180 0.799307 0.676864 -0.073847 0.732395 0.795428 0.041571 0.604620 0.919142 0.219851 0.326870 0.919847 0.385471 -0.072757 0.811702 0.448448 -0.374211 0.670312 0.457599 -0.584197 0.464618 0.443807 -0.766267 0.244612 0.409493 -0.878909 0.079486 0.374288 -0.923899 -0.031386 0.350529 -0.936026 -0.114344 0.335553 -0.935056 -0.172940 0.320078 -0.931473 0.032725 0.190941 0.981056 -0.021627 0.203194 0.978900 -0.097294 0.222460 0.970075 -0.189980 0.247395 0.950107 -0.322668 0.277579 0.904895 -0.521744 0.307411 0.795790 -0.751884 0.311372 0.581135 -0.899204 0.270138 0.344178 -0.969309 0.201754 0.140481 -0.975751 0.093367 -0.197971 -0.795263 -0.040505 -0.604910 -0.554009 -0.124336 -0.823173 -0.388338 -0.160731 -0.907392 -0.280640 -0.174613 -0.943796 -0.198866 -0.179693 -0.963412 -0.132731 -0.183098 -0.974093 0.000000 0.000000 0.000000 0.030003 0.163949 0.986012 -0.019705 0.166605 0.985827 -0.090773 0.165857 0.981963 -0.178504 0.169110 0.969298 -0.302329 0.174615 0.937074 -0.493210 0.175924 0.851936 -0.738855 0.158361 0.654993 -0.918065 0.113001 0.379984 -0.988574 0.052597 0.141261 -0.985762 -0.032775 -0.164922 -0.826540 -0.129213 -0.547846 -0.590712 -0.184814 -0.785432 -0.417941 -0.205401 -0.884950 -0.304997 -0.209110 -0.929113 -0.219714 -0.203677 -0.954066 -0.148047 -0.195052 -0.969555 -0.100219 -0.189852 -0.976684 0.031919 0.150785 0.988051 -0.021711 0.130043 0.991271 -0.092690 0.094403 0.991210 -0.174999 0.056080 0.982970 -0.287549 0.011476 0.957697 -0.460811 -0.052870 0.885922 -0.687959 -0.141822 0.711758 -0.867153 -0.221734 0.445960 -0.945197 -0.270811 0.182382 -0.937808 -0.314553 -0.146875 -0.782832 -0.333776 -0.525136 -0.568394 -0.317155 -0.759171 -0.411980 -0.295557 -0.861928 -0.308386 -0.276034 -0.910332 -0.226511 -0.253185 -0.940526 -0.153406 -0.226986 -0.961740 -0.102335 -0.211178 -0.972076 0.031259 0.152348 0.987832 -0.022060 0.111990 0.993464 -0.092135 0.050879 0.994446 -0.167317 -0.020696 0.985686 -0.261068 -0.107594 0.959305 -0.397059 -0.224648 0.889875 -0.566220 -0.364145 0.739455 -0.705232 -0.469936 0.530856 -0.794331 -0.523834 0.307630 -0.831933 -0.553795 -0.034604 -0.720353 -0.514311 -0.465376 -0.530104 -0.425636 -0.733365 -0.389394 -0.358595 -0.848400 -0.297003 -0.315818 -0.901137 -0.222614 -0.279958 -0.933845 -0.153178 -0.242859 -0.957891 -0.101353 -0.217719 -0.970735 0.027551 0.157052 0.987206 -0.021221 0.105910 0.994149 -0.091828 0.031937 0.995263 -0.167185 -0.058105 0.984212 -0.252983 -0.172366 0.951993 -0.362363 -0.324526 0.873714 -0.477638 -0.490137 0.729128 -0.556552 -0.601513 0.573089 -0.616724 -0.663950 0.422874 -0.680323 -0.723320 0.118192 -0.632903 -0.682730 -0.365122 -0.478424 -0.537225 -0.694622 -0.355656 -0.421669 -0.834089 -0.275381 -0.349950 -0.895377 -0.210875 -0.297659 -0.931091 -0.149544 -0.250114 -0.956598 -0.102660 -0.214660 -0.971279 0.029577 0.155594 0.987378 -0.011009 0.101371 0.994788 -0.077690 0.022250 0.996729 -0.154746 -0.075473 0.985067 -0.245048 -0.204454 0.947708 -0.354264 -0.380385 0.854286 -0.452206 -0.565654 0.689598 -0.492124 -0.678755 0.545074 -0.503915 -0.740961 0.443900 -0.535607 -0.821780 0.194429 -0.512658 -0.809800 -0.285317 -0.397951 -0.640963 -0.656354 -0.300089 -0.489092 -0.818985 -0.236273 -0.390152 -0.889919 -0.186082 -0.318769 -0.929387 -0.138639 -0.258572 -0.955992 -0.103737 -0.213294 -0.971465 0.044222 0.150430 0.987631 0.015873 0.096426 0.995214 -0.034210 0.015563 0.999293 -0.097758 -0.085164 0.991560 -0.179057 -0.222767 0.958287 -0.285752 -0.418715 0.861988 -0.391063 -0.632475 0.668614 -0.435819 -0.762658 0.477927 -0.429878 -0.828227 0.359508 -0.418229 -0.898792 0.131364 -0.375994 -0.876617 -0.300286 -0.289835 -0.702445 -0.650052 -0.220737 -0.538056 -0.813493 -0.177149 -0.425014 -0.887683 -0.145180 -0.340190 -0.929082 -0.116490 -0.269211 -0.956010 -0.097540 -0.217793 -0.971109 0.067074 0.149142 0.986538 0.055394 0.095784 0.993860 0.034413 0.017167 0.999260 0.003285 -0.080343 0.996762 -0.041668 -0.217276 0.975220 -0.109272 -0.423688 0.899193 -0.195194 -0.675115 0.711420 -0.256020 -0.849199 0.461859 -0.270090 -0.927532 0.258333 -0.256744 -0.966419 -0.010843 -0.218498 -0.891581 -0.396664 -0.168018 -0.708911 -0.684993 -0.130855 -0.549823 -0.824967 -0.108502 -0.438271 -0.892270 -0.095214 -0.351051 -0.931503 -0.086287 -0.275994 -0.957278 -0.082507 -0.223182 -0.971279 0.086959 0.153577 0.984303 0.094994 0.101358 0.990304 0.107797 0.029392 0.993738 0.117720 -0.056619 0.991431 0.124164 -0.177627 0.976234 0.125661 -0.367594 0.921458 0.112921 -0.626967 0.770818 0.079722 -0.853562 0.514856 0.043351 -0.971659 0.232378 0.012318 -0.993222 -0.115582 -0.015537 -0.868710 -0.495077 -0.032669 -0.676785 -0.735455 -0.039233 -0.528296 -0.848154 -0.041912 -0.426970 -0.903294 -0.047068 -0.346623 -0.936823 -0.056199 -0.274959 -0.959812 -0.064853 -0.224224 -0.972377 0.097527 0.159155 0.982425 0.124648 0.109840 0.986103 0.167136 0.045935 0.984863 0.215067 -0.024964 0.976280 0.270968 -0.119638 0.955125 0.342037 -0.267537 0.900796 0.419680 -0.475837 0.772947 0.465507 -0.687248 0.557668 0.457416 -0.845427 0.275723 0.384604 -0.913866 -0.130107 0.245124 -0.799622 -0.548196 0.126436 -0.617289 -0.776510 0.059236 -0.484550 -0.872755 0.022427 -0.397760 -0.917215 -0.004613 -0.329765 -0.944052 -0.031260 -0.267191 -0.963136 -0.051120 -0.221158 -0.973897 0.101509 0.162800 0.981423 0.143365 0.118823 0.982511 0.206583 0.060860 0.976534 0.282412 -0.000407 0.959293 0.376853 -0.073816 0.923327 0.500711 -0.178420 0.847027 0.637517 -0.310859 0.704939 0.733953 -0.432542 0.523660 0.776391 -0.546558 0.313832 0.742812 -0.666459 -0.063746 0.534890 -0.649928 -0.539894 0.305056 -0.522075 -0.796479 0.167389 -0.420206 -0.891857 0.089264 -0.354480 -0.930793 0.035396 -0.303364 -0.952217 -0.010368 -0.254463 -0.967027 -0.042000 -0.216331 -0.975416 0.104307 0.167045 0.980416 0.155449 0.131427 0.979062 0.230861 0.079152 0.969762 0.323091 0.019732 0.946162 0.442952 -0.050701 0.895110 0.603488 -0.141239 0.784764 0.768505 -0.230985 0.596696 0.864293 -0.272860 0.422547 0.908460 -0.299096 0.291963 0.925334 -0.379117 0.005251 0.757080 -0.439268 -0.483605 0.465672 -0.394475 -0.792174 0.269545 -0.337757 -0.901812 0.153845 -0.299134 -0.941727 0.073517 -0.268357 -0.960510 0.008566 -0.236679 -0.971550 -0.034801 -0.209731 -0.977140 0.107166 0.175084 0.978704 0.163072 0.151873 0.974855 0.244395 0.111906 0.963197 0.343624 0.059029 0.937250 0.476089 -0.012606 0.879307 0.659015 -0.114386 0.743381 0.838891 -0.221920 0.497004 0.921928 -0.259550 0.287546 0.951372 -0.239695 0.193487 0.967929 -0.250284 -0.021725 0.837949 -0.289646 -0.462544 0.551809 -0.282931 -0.784511 0.335203 -0.259236 -0.905779 0.200238 -0.242432 -0.949279 0.102891 -0.229561 -0.967840 0.023757 -0.215154 -0.976291 -0.028942 -0.200837 -0.979197 0.108224 0.185577 0.976652 0.165106 0.178583 0.969973 0.246624 0.160448 0.955737 0.344321 0.129990 0.929809 0.476453 0.080937 0.875467 0.667081 -0.002476 0.744981 0.867581 -0.122070 0.482081 0.955215 -0.210060 0.208420 0.972014 -0.228322 0.055296 0.959361 -0.228860 -0.165077 0.808263 -0.235980 -0.539466 0.546467 -0.225394 -0.806580 0.346352 -0.209836 -0.914336 0.215585 -0.200250 -0.955732 0.115907 -0.196427 -0.973644 0.031671 -0.194788 -0.980334 -0.025901 -0.192282 -0.980998 0.106807 0.195238 0.974923 0.161151 0.205597 0.965277 0.237584 0.214085 0.947482 0.325741 0.216901 0.920243 0.443653 0.211929 0.870780 0.619461 0.190673 0.761519 0.833685 0.132613 0.536081 0.970087 0.043443 0.238839 0.999452 -0.029441 -0.015157 0.945207 -0.086869 -0.314703 0.743330 -0.138352 -0.654461 0.493802 -0.164667 -0.853841 0.317875 -0.170793 -0.932623 0.202781 -0.170122 -0.964333 0.111914 -0.172047 -0.978711 0.031517 -0.179204 -0.983307 -0.025406 -0.187358 -0.981963 0.103063 0.204075 0.973515 0.152173 0.229545 0.961329 0.220358 0.262940 0.939311 0.294865 0.298753 0.907635 0.389492 0.339396 0.856216 0.528024 0.386573 0.756143 0.706155 0.423147 0.567707 0.858202 0.415150 0.301894 0.933698 0.358056 0.001688 0.890396 0.244130 -0.384182 0.668029 0.083098 -0.739481 0.427059 -0.037141 -0.903461 0.269852 -0.099170 -0.957781 0.171023 -0.128167 -0.976895 0.094111 -0.146187 -0.984770 0.024337 -0.165097 -0.985977 -0.025867 -0.184222 -0.982544 0.095032 0.214264 0.972142 0.137209 0.251421 0.958103 0.195490 0.305110 0.932036 0.256955 0.367824 0.893689 0.328646 0.445193 0.832943 0.424449 0.544116 0.723727 0.536382 0.647199 0.541689 0.629082 0.711410 0.313291 0.692626 0.719762 0.047033 0.691984 0.627632 -0.356703 0.528210 0.378425 -0.760124 0.328312 0.146215 -0.933184 0.198885 0.011983 -0.979949 0.120493 -0.061211 -0.990825 0.062090 -0.107810 -0.992231 0.008937 -0.145910 -0.989257 -0.028993 -0.176870 -0.983807 0.080571 0.224698 0.971092 0.113648 0.271459 0.955717 0.158662 0.340899 0.926615 0.207432 0.423884 0.881643 0.261580 0.528870 0.807386 0.324177 0.664222 0.673586 0.377539 0.800313 0.465793 0.397488 0.882192 0.252468 0.402873 0.913814 0.051350 0.396540 0.871802 -0.287606 0.309963 0.630065 -0.711998 0.184272 0.327942 -0.926552 0.099128 0.132505 -0.986213 0.049456 0.017570 -0.998622 0.014849 -0.060060 -0.998084 -0.016670 -0.121098 -0.992501 -0.039611 -0.163434 -0.985759 0.062984 0.230909 0.970935 0.082958 0.286125 0.954594 0.108675 0.366249 0.924149 0.139802 0.462192 0.875691 0.176471 0.585925 0.790917 0.216060 0.747372 0.628294 0.236533 0.898495 0.369808 0.217593 0.966404 0.136808 0.183887 0.982855 -0.013509 0.149636 0.952387 -0.265646 0.093143 0.752145 -0.652383 0.029546 0.445145 -0.894971 -0.010227 0.222108 -0.974968 -0.029631 0.082348 -0.996163 -0.039713 -0.017682 -0.999055 -0.048829 -0.097959 -0.993992 -0.058189 -0.149999 -0.986972 0.050896 0.231574 0.971485 0.053493 0.292474 0.954776 0.055201 0.376781 0.924656 0.061437 0.475801 0.877405 0.072637 0.605027 0.792885 0.085992 0.779032 0.621059 0.090558 0.941068 0.325869 0.075886 0.996015 0.046864 0.048550 0.992939 -0.108237 0.009463 0.948279 -0.317296 -0.039004 0.759968 -0.648789 -0.073687 0.474750 -0.877030 -0.088096 0.257593 -0.962229 -0.089686 0.114979 -0.989311 -0.084028 0.006778 -0.996440 -0.076786 -0.083877 -0.993513 -0.076216 -0.143544 -0.986705 0.049404 0.231239 0.971642 0.034022 0.292610 0.955627 0.012961 0.375391 0.926776 -0.007687 0.468250 0.883563 -0.028237 0.587385 0.808815 -0.052128 0.752666 0.656336 -0.074280 0.921942 0.380138 -0.080012 0.993498 0.080987 -0.078453 0.989030 -0.125162 -0.090977 0.924645 -0.369805 -0.110379 0.718384 -0.686834 -0.117627 0.446910 -0.886812 -0.117716 0.248313 -0.961501 -0.114412 0.116744 -0.986550 -0.105241 0.012389 -0.994370 -0.091145 -0.079303 -0.992675 -0.083135 -0.143128 -0.986206 0.053043 0.233156 0.970992 0.024359 0.289678 0.956814 -0.013109 0.368406 0.929573 -0.055534 0.452257 0.890157 -0.105969 0.553390 0.826154 -0.170819 0.691479 0.701910 -0.238315 0.844052 0.480398 -0.271998 0.937476 0.217155 -0.272855 0.961775 -0.023232 -0.264633 0.900254 -0.345705 -0.228721 0.669495 -0.706728 -0.177400 0.397843 -0.900139 -0.143476 0.214796 -0.966063 -0.126040 0.097638 -0.987209 -0.112285 0.004085 -0.993668 -0.094472 -0.080808 -0.992242 -0.078440 -0.142082 -0.986742 0.051542 0.231789 0.971400 0.015873 0.280130 0.959831 -0.032621 0.352599 0.935206 -0.090837 0.429121 0.898668 -0.165901 0.515403 0.840736 -0.268491 0.624344 0.733558 -0.384945 0.739091 0.552777 -0.468604 0.814301 0.342527 -0.514089 0.849364 0.119558 -0.528769 0.810263 -0.252738 -0.437009 0.580427 -0.687115 -0.300502 0.317690 -0.899317 -0.210214 0.154256 -0.965409 -0.159958 0.055641 -0.985554 -0.127811 -0.020439 -0.991588 -0.099494 -0.090073 -0.990953 -0.073391 -0.139404 -0.987512 0.042280 0.217796 0.975078 0.002764 0.255502 0.966805 -0.055381 0.314475 0.947649 -0.127542 0.379788 0.916239 -0.225115 0.453166 0.862533 -0.364355 0.539655 0.758959 -0.528717 0.617341 0.582537 -0.655042 0.647892 0.388789 -0.738523 0.644627 0.197585 -0.790183 0.591506 -0.160408 -0.667683 0.392156 -0.632783 -0.452139 0.177792 -0.874048 -0.305394 0.052872 -0.950757 -0.218263 -0.017515 -0.975733 -0.160081 -0.068133 -0.984750 -0.114221 -0.113736 -0.986923 -0.078167 -0.143792 -0.986516 0.000000 0.000000 0.000000 0.009072 0.235086 0.971932 -0.051289 0.281980 0.958048 -0.127068 0.338047 0.932512 -0.228180 0.402014 0.886746 -0.376861 0.477437 0.793744 -0.568186 0.545617 0.616009 -0.726330 0.561454 0.396503 -0.819445 0.531583 0.214312 -0.882836 0.464105 -0.072163 -0.795897 0.295532 -0.528402 -0.560203 0.104995 -0.821674 -0.379230 -0.006486 -0.925280 -0.268614 -0.065090 -0.961046 -0.193958 -0.102982 -0.975589 -0.134180 -0.136872 -0.981459 -0.090495 -0.162503 -0.982549 -0.527631 -0.326679 0.784147 -0.480778 -0.373802 0.793174 -0.410071 -0.433836 0.802264 -0.318750 -0.509900 0.799000 -0.196882 -0.603388 0.772762 -0.058744 -0.695042 0.716565 0.071587 -0.767641 0.636870 0.245826 -0.828234 0.503585 0.548906 -0.811502 0.200418 0.797096 -0.558730 -0.229037 0.833134 -0.278190 -0.478015 0.808512 -0.111712 -0.577779 0.776155 -0.003511 -0.630532 0.733047 0.090561 -0.674122 0.680510 0.175075 -0.711516 0.629308 0.241923 -0.738543 0.000000 0.000000 0.000000 -0.524806 -0.323768 0.787244 -0.475951 -0.363652 0.800767 -0.400321 -0.413114 0.817973 -0.302382 -0.471778 0.828245 -0.176292 -0.542463 0.821374 -0.036130 -0.613871 0.788579 0.091591 -0.674624 0.732457 0.250699 -0.733484 0.631784 0.542620 -0.751829 0.374589 0.826212 -0.556156 -0.089796 0.866460 -0.277279 -0.415167 0.829184 -0.107388 -0.548563 0.792163 -0.004392 -0.610294 0.750204 0.082116 -0.656087 0.698326 0.163511 -0.696854 0.643972 0.231715 -0.729114 0.607061 0.277411 -0.744661 -0.527329 -0.328721 0.783496 -0.468270 -0.360059 0.806896 -0.377872 -0.400808 0.834605 -0.259461 -0.441572 0.858891 -0.111436 -0.480138 0.870086 0.036208 -0.508380 0.860372 0.146635 -0.529021 0.835844 0.283009 -0.558589 0.779669 0.574095 -0.572195 0.585668 0.898185 -0.424983 0.112484 0.934357 -0.188760 -0.302237 0.870802 -0.046035 -0.489474 0.815754 0.037325 -0.577194 0.764168 0.107402 -0.636012 0.707278 0.175812 -0.684724 0.649173 0.235448 -0.723283 0.606373 0.276686 -0.745491 -0.527898 -0.331649 0.781877 -0.467383 -0.354538 0.809850 -0.370965 -0.390484 0.842560 -0.240532 -0.424573 0.872859 -0.074574 -0.449135 0.890346 0.084679 -0.453679 0.887133 0.182802 -0.443239 0.877567 0.291013 -0.433764 0.852737 0.557999 -0.407821 0.722716 0.912845 -0.271662 0.304816 0.983159 -0.075282 -0.166526 0.910860 0.038898 -0.410878 0.840115 0.101057 -0.532912 0.775748 0.150554 -0.612820 0.711326 0.199087 -0.674077 0.650127 0.243013 -0.719917 0.603993 0.271953 -0.749155 -0.528512 -0.321112 0.785851 -0.472387 -0.334564 0.815425 -0.378469 -0.359648 0.852886 -0.246619 -0.384310 0.889654 -0.070495 -0.400738 0.913476 0.111014 -0.399058 0.910181 0.230217 -0.378505 0.896512 0.339633 -0.341168 0.876501 0.585943 -0.263715 0.766241 0.914930 -0.096917 0.391803 0.994830 0.072897 -0.070701 0.927882 0.157211 -0.338112 0.853212 0.195997 -0.483337 0.782104 0.220904 -0.582679 0.712443 0.242876 -0.658359 0.649628 0.263138 -0.713261 0.604365 0.273755 -0.748198 -0.535226 -0.297787 0.790479 -0.486250 -0.298151 0.821381 -0.404216 -0.300559 0.863871 -0.285738 -0.300686 0.909913 -0.119205 -0.292970 0.948661 0.073423 -0.274386 0.958812 0.234865 -0.245108 0.940617 0.389895 -0.191703 0.900684 0.648508 -0.075615 0.757443 0.923936 0.108079 0.366963 0.969362 0.238100 -0.060380 0.906097 0.288626 -0.309328 0.837691 0.304991 -0.453050 0.770522 0.306737 -0.558756 0.703675 0.301873 -0.643206 0.644191 0.295902 -0.705309 0.603818 0.288219 -0.743192 -0.547917 -0.273811 0.790452 -0.507545 -0.256362 0.822603 -0.444717 -0.228142 0.866128 -0.352842 -0.192243 0.915721 -0.218799 -0.144448 0.965019 -0.049556 -0.088243 0.994866 0.125362 -0.030530 0.991641 0.327745 0.049912 0.943447 0.629068 0.196206 0.752182 0.884529 0.352495 0.305541 0.907334 0.407120 -0.104875 0.850887 0.411001 -0.327214 0.794140 0.403341 -0.454596 0.738578 0.385888 -0.552804 0.682312 0.359530 -0.636544 0.631731 0.331235 -0.700856 0.597968 0.309548 -0.739334 -0.559553 -0.259867 0.787000 -0.528996 -0.222617 0.818904 -0.486886 -0.163887 0.857953 -0.426333 -0.090615 0.900016 -0.336388 -0.000477 0.941723 -0.219210 0.096851 0.970859 -0.084308 0.189396 0.978275 0.105752 0.308120 0.945451 0.431077 0.497494 0.752777 0.738329 0.620073 0.265290 0.798759 0.581531 -0.154290 0.769106 0.524860 -0.364689 0.732189 0.485052 -0.478146 0.693982 0.447417 -0.564098 0.653416 0.403813 -0.640299 0.615471 0.358964 -0.701670 0.588590 0.327138 -0.739286 -0.564745 -0.255919 0.784582 -0.544387 -0.202204 0.814099 -0.518090 -0.119573 0.846927 -0.482601 -0.014623 0.875718 -0.431344 0.111824 0.895230 -0.368437 0.238028 0.898664 -0.298531 0.343054 0.890614 -0.179493 0.474674 0.861665 0.087970 0.704757 0.703974 0.462066 0.854127 0.238667 0.628726 0.752870 -0.194658 0.656982 0.636522 -0.403998 0.653996 0.559001 -0.509712 0.641170 0.496455 -0.585178 0.621415 0.435191 -0.651500 0.599182 0.376946 -0.706323 0.580617 0.336444 -0.741411 -0.566079 -0.255353 0.783805 -0.555288 -0.192224 0.809139 -0.537988 -0.094739 0.837612 -0.514081 0.033452 0.857089 -0.480777 0.190962 0.855796 -0.448033 0.339471 0.827059 -0.428548 0.436243 0.791226 -0.383064 0.542018 0.747983 -0.218425 0.764360 0.606666 0.132405 0.971281 0.197694 0.408881 0.882539 -0.232251 0.515358 0.733576 -0.443027 0.558427 0.625946 -0.544381 0.578868 0.538923 -0.611943 0.585316 0.459338 -0.668142 0.582376 0.388851 -0.713886 0.575214 0.340455 -0.743787 -0.570172 -0.254835 0.781001 -0.568927 -0.189535 0.800249 -0.559690 -0.086431 0.824183 -0.540487 0.054021 0.839616 -0.505612 0.235344 0.830042 -0.464350 0.412015 0.783979 -0.450458 0.513924 0.730048 -0.443172 0.593930 0.671451 -0.350201 0.780491 0.517874 -0.074433 0.988129 0.134388 0.224095 0.934954 -0.275031 0.379371 0.789556 -0.482368 0.459765 0.671501 -0.581121 0.511487 0.569761 -0.643236 0.544817 0.476587 -0.689956 0.562926 0.396818 -0.725017 0.569463 0.342871 -0.747095 -0.579189 -0.256403 0.773820 -0.588874 -0.194685 0.784427 -0.593814 -0.095920 0.798865 -0.588612 0.041131 0.807369 -0.562665 0.226283 0.795113 -0.509664 0.424391 0.748422 -0.460808 0.560883 0.687798 -0.429170 0.663372 0.612986 -0.337123 0.839278 0.426569 -0.093511 0.995056 0.033463 0.164058 0.926917 -0.337505 0.307108 0.793706 -0.525087 0.390520 0.682012 -0.618347 0.455209 0.579363 -0.676108 0.506627 0.482274 -0.714661 0.542414 0.399364 -0.739118 0.561924 0.343849 -0.752336 -0.589438 -0.261832 0.764203 -0.611157 -0.207884 0.763722 -0.635537 -0.122814 0.762239 -0.655922 -0.005738 0.754807 -0.663399 0.155647 0.731899 -0.641640 0.344059 0.685508 -0.593338 0.510420 0.622432 -0.527689 0.669524 0.522763 -0.381608 0.879646 0.283897 -0.089042 0.987862 -0.127279 0.164765 0.884020 -0.437449 0.292174 0.757798 -0.583419 0.362564 0.658403 -0.659586 0.422687 0.565177 -0.708457 0.479381 0.474100 -0.738527 0.525512 0.395245 -0.753405 0.554786 0.342629 -0.758167 -0.597251 -0.269937 0.755265 -0.630035 -0.226232 0.742883 -0.673132 -0.160091 0.721986 -0.719403 -0.072615 0.690787 -0.763677 0.046151 0.643947 -0.790853 0.189182 0.582033 -0.791065 0.338235 0.509719 -0.758728 0.523629 0.387486 -0.607189 0.788882 0.094797 -0.222477 0.913756 -0.339933 0.105301 0.804714 -0.584249 0.263634 0.690112 -0.673976 0.343746 0.606244 -0.717151 0.404602 0.529489 -0.745613 0.462927 0.452915 -0.761950 0.514193 0.385029 -0.766393 0.549821 0.339998 -0.762954 -0.602332 -0.279997 0.747528 -0.643385 -0.247243 0.724518 -0.700558 -0.200167 0.684946 -0.765519 -0.141975 0.627553 -0.833283 -0.067790 0.548675 -0.888966 0.016396 0.457680 -0.924569 0.105522 0.366111 -0.944550 0.239565 0.224573 -0.867975 0.485772 -0.103177 -0.456665 0.686708 -0.565587 -0.024192 0.650291 -0.759300 0.194523 0.576740 -0.793431 0.306288 0.520969 -0.796730 0.383037 0.469929 -0.795267 0.449279 0.417050 -0.790075 0.505850 0.367866 -0.780250 0.545520 0.335509 -0.768011 -0.605026 -0.293637 0.740082 -0.651219 -0.272093 0.708435 -0.717149 -0.242571 0.653343 -0.793547 -0.207645 0.571985 -0.872506 -0.167193 0.459108 -0.933708 -0.129992 0.333604 -0.969324 -0.100839 0.224148 -0.995829 -0.045989 0.078797 -0.964921 0.097207 -0.243884 -0.629205 0.309757 -0.712848 -0.158474 0.398352 -0.903439 0.111228 0.404055 -0.907947 0.256157 0.395934 -0.881827 0.354748 0.382676 -0.853061 0.434308 0.363221 -0.824286 0.498192 0.340875 -0.797251 0.540422 0.325331 -0.775953 -0.604126 -0.310666 0.733838 -0.652457 -0.302155 0.694984 -0.721393 -0.291275 0.628293 -0.802821 -0.276117 0.528430 -0.886486 -0.256995 0.384832 -0.944524 -0.242420 0.221601 -0.965360 -0.243780 0.093014 -0.969599 -0.240743 -0.043821 -0.924752 -0.183212 -0.333568 -0.647790 -0.028666 -0.761280 -0.222900 0.124645 -0.966840 0.054346 0.203778 -0.977507 0.215404 0.247511 -0.944637 0.330049 0.277152 -0.902360 0.421858 0.295908 -0.857015 0.492772 0.304852 -0.815010 0.536778 0.307063 -0.785864 -0.599798 -0.325668 0.730878 -0.646466 -0.333390 0.686245 -0.711389 -0.344309 0.612680 -0.789321 -0.351609 0.503332 -0.871269 -0.352055 0.341976 -0.926902 -0.344563 0.148758 -0.939985 -0.341125 -0.007829 -0.926760 -0.343686 -0.151646 -0.849990 -0.314673 -0.422489 -0.574396 -0.196460 -0.794653 -0.202118 -0.044396 -0.978354 0.046383 0.056107 -0.997347 0.200547 0.124601 -0.971728 0.319075 0.183141 -0.929866 0.417048 0.232507 -0.878642 0.491945 0.268753 -0.828107 0.537627 0.286110 -0.793157 -0.596045 -0.332622 0.730817 -0.636477 -0.357926 0.683217 -0.690933 -0.391260 0.607888 -0.755370 -0.424106 0.499550 -0.824883 -0.450656 0.341289 -0.876505 -0.458411 0.146965 -0.894320 -0.446633 -0.026672 -0.881164 -0.427897 -0.201135 -0.781779 -0.377335 -0.496426 -0.482446 -0.237798 -0.843029 -0.139079 -0.082105 -0.986872 0.075538 0.011025 -0.997082 0.210904 0.072223 -0.974835 0.322697 0.132671 -0.937158 0.419665 0.193355 -0.886845 0.494506 0.244652 -0.834032 0.541124 0.273031 -0.795386 -0.596158 -0.332489 0.730785 -0.627145 -0.372051 0.684300 -0.668623 -0.423750 0.611048 -0.713503 -0.479974 0.510429 -0.759679 -0.534660 0.370170 -0.795884 -0.570253 0.203423 -0.815620 -0.576763 0.045925 -0.812013 -0.565309 -0.145121 -0.711734 -0.506395 -0.486825 -0.395402 -0.315120 -0.862761 -0.064683 -0.107482 -0.992101 0.125132 0.006862 -0.992116 0.240767 0.068638 -0.968153 0.338650 0.123021 -0.932835 0.427336 0.181557 -0.885676 0.497447 0.236270 -0.834700 0.541454 0.272398 -0.795379 -0.596216 -0.332444 0.730758 -0.617446 -0.379708 0.688899 -0.646924 -0.443992 0.619969 -0.672761 -0.518346 0.527930 -0.691662 -0.596997 0.406446 -0.700049 -0.660007 0.272620 -0.701937 -0.695943 0.151481 -0.690457 -0.723153 -0.017856 -0.591471 -0.714359 -0.373970 -0.273641 -0.504918 -0.818644 0.045400 -0.213509 -0.975886 0.210623 -0.042365 -0.976649 0.302355 0.049554 -0.951907 0.376744 0.116404 -0.918974 0.446044 0.178615 -0.877007 0.503182 0.235114 -0.831583 0.537498 0.277044 -0.796456 -0.587540 -0.336241 0.736029 -0.599841 -0.385879 0.700920 -0.616721 -0.458533 0.639846 -0.625340 -0.547051 0.556494 -0.618931 -0.645877 0.446954 -0.595921 -0.731377 0.331611 -0.566337 -0.788717 0.239138 -0.521594 -0.846091 0.109864 -0.389159 -0.897828 -0.206057 -0.064423 -0.723008 -0.687829 0.223699 -0.363548 -0.904318 0.350008 -0.131457 -0.927477 0.408467 -0.000101 -0.912773 0.449642 0.092121 -0.888446 0.487492 0.168519 -0.856710 0.520441 0.231431 -0.821937 0.537652 0.276932 -0.796391 -0.567102 -0.339034 0.750634 -0.569191 -0.389091 0.724313 -0.568390 -0.466014 0.678059 -0.556603 -0.564366 0.609659 -0.524370 -0.680174 0.512250 -0.469877 -0.786365 0.401055 -0.406364 -0.858688 0.312287 -0.319669 -0.924706 0.206713 -0.128301 -0.990117 -0.056630 0.214859 -0.835064 -0.506462 0.448720 -0.461295 -0.765413 0.523625 -0.202248 -0.827594 0.544121 -0.047748 -0.837647 0.549484 0.063945 -0.833053 0.551394 0.154546 -0.819805 0.553373 0.225248 -0.801899 0.551055 0.271478 -0.789074 -0.543038 -0.334871 0.770046 -0.530531 -0.384527 0.755431 -0.505411 -0.458602 0.730920 -0.466469 -0.556478 0.687560 -0.403109 -0.677975 0.614697 -0.314430 -0.797788 0.514459 -0.217069 -0.883290 0.415547 -0.091280 -0.949086 0.301503 0.151851 -0.986902 0.054460 0.485972 -0.799678 -0.352628 0.649174 -0.449989 -0.613255 0.678405 -0.210536 -0.703876 0.669989 -0.061617 -0.739809 0.647923 0.052510 -0.759893 0.620045 0.148223 -0.770438 0.593583 0.222817 -0.773312 0.575243 0.268465 -0.772672 0.000000 0.000000 0.000000 -0.526291 -0.371973 0.764627 -0.487978 -0.438762 0.754563 -0.435391 -0.526649 0.730120 -0.358159 -0.639836 0.679950 -0.252183 -0.761691 0.596850 -0.136090 -0.857130 0.496798 -0.001841 -0.924481 0.381223 0.237000 -0.958652 0.157534 0.565648 -0.790748 -0.234008 0.723567 -0.451538 -0.522077 0.744246 -0.214363 -0.632572 0.730800 -0.071239 -0.678865 0.703199 0.039330 -0.709905 0.665456 0.137481 -0.733667 0.625040 0.218623 -0.749353 0.597272 0.272205 -0.754434</float_array>
          <technique_common>
            <accessor source="#Core-norm-array" count="2034" stride="3">
              <param name="X" type="float"/><param name="Y" type="float"/><param name="Z" type="float"/>
            </accessor>
          </technique_common>
        </source>
        <source id="Core-uv">
          <float_array id="Core-uv-array" count="4068">0.000000 1.000000 0.000000 0.954545 0.000000 0.909091 0.000000 0.863636 0.000000 0.818182 0.000000 0.772727 0.000000 0.727273 0.000000 0.681818 0.000000 0.636364 0.000000 0.590909 0.000000 0.545455 0.000000 0.500000 0.000000 0.454545 0.000000 0.409091 0.000000 0.363636 0.000000 0.318182 0.000000 0.272727 0.000000 0.227273 0.000000 0.181818 0.000000 0.136364 0.000000 0.090909 0.000000 0.045455 0.000000 0.000000 0.031250 1.000000 0.031250 0.954545 0.031250 0.909091 0.031250 0.863636 0.031250 0.818182 0.031250 0.772727 0.031250 0.727273 0.031250 0.681818 0.031250 0.636364 0.031250 0.590909 0.031250 0.545455 0.031250 0.500000 0.031250 0.454545 0.031250 0.409091 0.031250 0.363636 0.031250 0.318182 0.031250 0.272727 0.031250 0.227273 0.031250 0.181818 0.031250 0.136364 0.031250 0.090909 0.031250 0.045455 0.031250 0.000000 0.062500 1.000000 0.062500 0.954545 0.062500 0.909091 0.062500 0.863636 0.062500 0.818182 0.062500 0.772727 0.062500 0.727273 0.062500 0.681818 0.062500 0.636364 0.062500 0.590909 0.062500 0.545455 0.062500 0.500000 0.062500 0.454545 0.062500 0.409091 0.062500 0.363636 0.062500 0.318182 0.062500 0.272727 0.062500 0.227273 0.062500 0.181818 0.062500 0.136364 0.062500 0.090909 0.062500 0.045455 0.062500 0.000000 0.093750 1.000000 0.093750 0.954545 0.093750 0.909091 0.093750 0.863636 0.093750 0.818182 0.093750 0.772727 0.093750 0.727273 0.093750 0.681818 0.093750 0.636364 0.093750 0.590909 0.093750 0.545455 0.093750 0.500000 0.093750 0.454545 0.093750 0.409091 0.093750 0.363636 0.093750 0.318182 0.093750 0.272727 0.093750 0.227273 0.093750 0.181818 0.093750 0.136364 0.093750 0.090909 0.093750 0.045455 0.093750 0.000000 0.125000 1.000000 0.125000 0.954545 0.125000 0.909091 0.125000 0.863636 0.125000 0.818182 0.125000 0.772727 0.125000 0.727273 0.125000 0.681818 0.125000 0.636364 0.125000 0.590909 0.125000 0.545455 0.125000 0.500000 0.125000 0.454545 0.125000 0.409091 0.125000 0.363636 0.125000 0.318182 0.125000 0.272727 0.125000 0.227273 0.125000 0.181818 0.125000 0.136364 0.125000 0.090909 0.125000 0.045455 0.125000 0.000000 0.156250 1.000000 0.156250 0.954545 0.156250 0.909091 0.156250 0.863636 0.156250 0.818182 0.156250 0.772727 0.156250 0.727273 0.156250 0.681818 0.156250 0.636364 0.156250 0.590909 0.156250 0.545455 0.156250 0.500000 0.156250 0.454545 0.156250 0.409091 0.156250 0.363636 0.156250 0.318182 0.156250 0.272727 0.156250 0.227273 0.156250 0.181818 0.156250 0.136364 0.156250 0.090909 0.156250 0.045455 0.156250 0.000000 0.187500 1.000000 0.187500 0.954545 0.187500 0.909091 0.187500 0.863636 0.187500 0.818182 0.187500 0.772727 0.187500 0.727273 0.187500 0.681818 0.187500 0.636364 0.187500 0.590909 0.187500 0.545455 0.187500 0.500000 0.187500 0.454545 0.187500 0.409091 0.187500 0.363636 0.187500 0.318182 0.187500 0.272727 0.187500 0.227273 0.187500 0.181818 0.187500 0.136364 0.187500 0.090909 0.187500 0.045455 0.187500 0.000000 0.218750 1.000000 0.218750 0.954545 0.218750 0.909091 0.218750 0.863636 0.218750 0.818182 0.218750 0.772727 0.218750 0.727273 0.218750 0.681818 0.218750 0.636364 0.218750 0.590909 0.218750 0.545455 0.218750 0.500000 0.218750 0.454545 0.218750 0.409091 0.218750 0.363636 0.218750 0.318182 0.218750 0.272727 0.218750 0.227273 0.218750 0.181818 0.218750 0.136364 0.218750 0.090909 0.218750 0.045455 0.218750 0.000000 0.250000 1.000000 0.250000 0.954545 0.250000 0.909091 0.250000 0.863636 0.250000 0.818182 0.250000 0.772727 0.250000 0.727273 0.250000 0.681818 0.250000 0.636364 0.250000 0.590909 0.250000 0.545455 0.250000 0.500000 0.250000 0.454545 0.250000 0.409091 0.250000 0.363636 0.250000 0.318182 0.250000 0.272727 0.250000 0.227273 0.250000 0.181818 0.250000 0.136364 0.250000 0.090909 0.250000 0.045455 0.250000 0.000000 0.281250 1.000000 0.281250 0.954545 0.281250 0.909091 0.281250 0.863636 0.281250 0.818182 0.281250 0.772727 0.281250 0.727273 0.281250 0.681818 0.281250 0.636364 0.281250 0.590909 0.281250 0.545455 0.281250 0.500000 0.281250 0.454545 0.281250 0.409091 0.281250 0.363636 0.281250 0.318182 0.281250 0.272727 0.281250 0.227273 0.281250 0.181818 0.281250 0.136364 0.281250 0.090909 0.281250 0.045455 0.281250 0.000000 0.312500 1.000000 0.312500 0.954545 0.312500 0.909091 0.312500 0.863636 0.312500 0.818182 0.312500 0.772727 0.312500 0.727273 0.312500 0.681818 0.312500 0.636364 0.312500 0.590909 0.312500 0.545455 0.312500 0.500000 0.312500 0.454545 0.312500 0.409091 0.312500 0.363636 0.312500 0.318182 0.312500 0.272727 0.312500 0.227273 0.312500 0.181818 0.312500 0.136364 0.312500 0.090909 0.312500 0.045455 0.312500 0.000000 0.343750 1.000000 0.343750 0.954545 0.343750 0.909091 0.343750 0.863636 0.343750 0.818182 0.343750 0.772727 0.343750 0.727273 0.343750 0.681818 0.343750 0.636364 0.343750 0.590909 0.343750 0.545455 0.343750 0.500000 0.343750 0.454545 0.343750 0.409091 0.343750 0.363636 0.343750 0.318182 0.343750 0.272727 0.343750 0.227273 0.343750 0.181818 0.343750 0.136364 0.343750 0.090909 0.343750 0.045455 0.343750 0.000000 0.375000 1.000000 0.375000 0.954545 0.375000 0.909091 0.375000 0.863636 0.375000 0.818182 0.375000 0.772727 0.375000 0.727273 0.375000 0.681818 0.375000 0.636364 0.375000 0.590909 0.375000 0.545455 0.375000 0.500000 0.375000 0.454545 0.375000 0.409091 0.375000 0.363636 0.375000 0.318182 0.375000 0.272727 0.375000 0.227273 0.375000 0.181818 0.375000 0.136364 0.375000 0.090909 0.375000 0.045455 0.375000 0.000000 0.406250 1.000000 0.406250 0.954545 0.406250 0.909091 0.406250 0.863636 0.406250 0.818182 0.406250 0.772727 0.406250 0.727273 0.406250 0.681818 0.406250 0.636364 0.406250 0.590909 0.406250 0.545455 0.406250 0.500000 0.406250 0.454545 0.406250 0.409091 0.406250 0.363636 0.406250 0.318182 0.406250 0.272727 0.406250 0.227273 0.406250 0.181818 0.406250 0.136364 0.406250 0.090909 0.406250 0.045455 0.406250 0.000000 0.437500 1.000000 0.437500 0.954545 0.437500 0.909091 0.437500 0.863636 0.437500 0.818182 0.437500 0.772727 0.437500 0.727273 0.437500 0.681818 0.437500 0.636364 0.437500 0.590909 0.437500 0.545455 0.437500 0.500000 0.437500 0.454545 0.437500 0.409091 0.437500 0.363636 0.437500 0.318182 0.437500 0.272727 0.437500 0.227273 0.437500 0.181818 0.437500 0.136364 0.437500 0.090909 0.437500 0.045455 0.437500 0.000000 0.468750 1.000000 0.468750 0.954545 0.468750 0.909091 0.468750 0.863636 0.468750 0.818182 0.468750 0.772727 0.468750 0.727273 0.468750 0.681818 0.468750 0.636364 0.468750 0.590909 0.468750 0.545455 0.468750 0.500000 0.468750 0.454545 0.468750 0.409091 0.468750 0.363636 0.468750 0.318182 0.468750 0.272727 0.468750 0.227273 0.468750 0.181818 0.468750 0.136364 0.468750 0.090909 0.468750 0.045455 0.468750 0.000000 0.500000 1.000000 0.500000 0.954545 0.500000 0.909091 0.500000 0.863636 0.500000 0.818182 0.500000 0.772727 0.500000 0.727273 0.500000 0.681818 0.500000 0.636364 0.500000 0.590909 0.500000 0.545455 0.500000 0.500000 0.500000 0.454545 0.500000 0.409091 0.500000 0.363636 0.500000 0.318182 0.500000 0.272727 0.500000 0.227273 0.500000 0.181818 0.500000 0.136364 0.500000 0.090909 0.500000 0.045455 0.500000 0.000000 0.531250 1.000000 0.531250 0.954545 0.531250 0.909091 0.531250 0.863636 0.531250 0.818182 0.531250 0.772727 0.531250 0.727273 0.531250 0.681818 0.531250 0.636364 0.531250 0.590909 0.531250 0.545455 0.531250 0.500000 0.531250 0.454545 0.531250 0.409091 0.531250 0.363636 0.531250 0.318182 0.531250 0.272727 0.531250 0.227273 0.531250 0.181818 0.531250 0.136364 0.531250 0.090909 0.531250 0.045455 0.531250 0.000000 0.562500 1.000000 0.562500 0.954545 0.562500 0.909091 0.562500 0.863636 0.562500 0.818182 0.562500 0.772727 0.562500 0.727273 0.562500 0.681818 0.562500 0.636364 0.562500 0.590909 0.562500 0.545455 0.562500 0.500000 0.562500 0.454545 0.562500 0.409091 0.562500 0.363636 0.562500 0.318182 0.562500 0.272727 0.562500 0.227273 0.562500 0.181818 0.562500 0.136364 0.562500 0.090909 0.562500 0.045455 0.562500 0.000000 0.593750 1.000000 0.593750 0.954545 0.593750 0.909091 0.593750 0.863636 0.593750 0.818182 0.593750 0.772727 0.593750 0.727273 0.593750 0.681818 0.593750 0.636364 0.593750 0.590909 0.593750 0.545455 0.593750 0.500000 0.593750 0.454545 0.593750 0.409091 0.593750 0.363636 0.593750 0.318182 0.593750 0.272727 0.593750 0.227273 0.593750 0.181818 0.593750 0.136364 0.593750 0.090909 0.593750 0.045455 0.593750 0.000000 0.625000 1.000000 0.625000 0.954545 0.625000 0.909091 0.625000 0.863636 0.625000 0.818182 0.625000 0.772727 0.625000 0.727273 0.625000 0.681818 0.625000 0.636364 0.625000 0.590909 0.625000 0.545455 0.625000 0.500000 0.625000 0.454545 0.625000 0.409091 0.625000 0.363636 0.625000 0.318182 0.625000 0.272727 0.625000 0.227273 0.625000 0.181818 0.625000 0.136364 0.625000 0.090909 0.625000 0.045455 0.625000 0.000000 0.656250 1.000000 0.656250 0.954545 0.656250 0.909091 0.656250 0.863636 0.656250 0.818182 0.656250 0.772727 0.656250 0.727273 0.656250 0.681818 0.656250 0.636364 0.656250 0.590909 0.656250 0.545455 0.656250 0.500000 0.656250 0.454545 0.656250 0.409091 0.656250 0.363636 0.656250 0.318182 0.656250 0.272727 0.656250 0.227273 0.656250 0.181818 0.656250 0.136364 0.656250 0.090909 0.656250 0.045455 0.656250 0.000000 0.687500 1.000000 0.687500 0.954545 0.687500 0.909091 0.687500 0.863636 0.687500 0.818182 0.687500 0.772727 0.687500 0.727273 0.687500 0.681818 0.687500 0.636364 0.687500 0.590909 0.687500 0.545455 0.687500 0.500000 0.687500 0.454545 0.687500 0.409091 0.687500 0.363636 0.687500 0.318182 0.687500 0.272727 0.687500 0.227273 0.687500 0.181818 0.687500 0.136364 0.687500 0.090909 0.687500 0.045455 0.687500 0.000000 0.718750 1.000000 0.718750 0.954545 0.718750 0.909091 0.718750 0.863636 0.718750 0.818182 0.718750 0.772727 0.718750 0.727273 0.718750 0.681818 0.718750 0.636364 0.718750 0.590909 0.718750 0.545455 0.718750 0.500000 0.718750 0.454545 0.718750 0.409091 0.718750 0.363636 0.718750 0.318182 0.718750 0.272727 0.718750 0.227273 0.718750 0.181818 0.718750 0.136364 0.718750 0.090909 0.718750 0.045455 0.718750 0.000000 0.750000 1.000000 0.750000 0.954545 0.750000 0.909091 0.750000 0.863636 0.750000 0.818182 0.750000 0.772727 0.750000 0.727273 0.750000 0.681818 0.750000 0.636364 0.750000 0.590909 0.750000 0.545455 0.750000 0.500000 0.750000 0.454545 0.750000 0.409091 0.750000 0.363636 0.750000 0.318182 0.750000 0.272727 0.750000 0.227273 0.750000 0.181818 0.750000 0.136364 0.750000 0.090909 0.750000 0.045455 0.750000 0.000000 0.781250 1.000000 0.781250 0.954545 0.781250 0.909091 0.781250 0.863636 0.781250 0.818182 0.781250 0.772727 0.781250 0.727273 0.781250 0.681818 0.781250 0.636364 0.781250 0.590909 0.781250 0.545455 0.781250 0.500000 0.781250 0.454545 0.781250 0.409091 0.781250 0.363636 0.781250 0.318182 0.781250 0.272727 0.781250 0.227273 0.781250 0.181818 0.781250 0.136364 0.781250 0.090909 0.781250 0.045455 0.781250 0.000000 0.812500 1.000000 0.812500 0.954545 0.812500 0.909091 0.812500 0.863636 0.812500 0.818182 0.812500 0.772727 0.812500 0.727273 0.812500 0.681818 0.812500 0.636364 0.812500 0.590909 0.812500 0.545455 0.812500 0.500000 0.812500 0.454545 0.812500 0.409091 0.812500 0.363636 0.812500 0.318182 0.812500 0.272727 0.812500 0.227273 0.812500 0.181818 0.812500 0.136364 0.812500 0.090909 0.812500 0.045455 0.812500 0.000000 0.843750 1.000000 0.843750 0.954545 0.843750 0.909091 0.843750 0.863636 0.843750 0.818182 0.843750 0.772727 0.843750 0.727273 0.843750 0.681818 0.843750 0.636364 0.843750 0.590909 0.843750 0.545455 0.843750 0.500000 0.843750 0.454545 0.843750 0.409091 0.843750 0.363636 0.843750 0.318182 0.843750 0.272727 0.843750 0.227273 0.843750 0.181818 0.843750 0.136364 0.843750 0.090909 0.843750 0.045455 0.843750 0.000000 0.875000 1.000000 0.875000 0.954545 0.875000 0.909091 0.875000 0.863636 0.875000 0.818182 0.875000 0.772727 0.875000 0.727273 0.875000 0.681818 0.875000 0.636364 0.875000 0.590909 0.875000 0.545455 0.875000 0.500000 0.875000 0.454545 0.875000 0.409091 0.875000 0.363636 0.875000 0.318182 0.875000 0.272727 0.875000 0.227273 0.875000 0.181818 0.875000 0.136364 0.875000 0.090909 0.875000 0.045455 0.875000 0.000000 0.906250 1.000000 0.906250 0.954545 0.906250 0.909091 0.906250 0.863636 0.906250 0.818182 0.906250 0.772727 0.906250 0.727273 0.906250 0.681818 0.906250 0.636364 0.906250 0.590909 0.906250 0.545455 0.906250 0.500000 0.906250 0.454545 0.906250 0.409091 0.906250 0.363636 0.906250 0.318182 0.906250 0.272727 0.906250 0.227273 0.906250 0.181818 0.906250 0.136364 0.906250 0.090909 0.906250 0.045455 0.906250 0.000000 0.937500 1.000000 0.937500 0.954545 0.937500 0.909091 0.937500 0.863636 0.937500 0.818182 0.937500 0.772727 0.937500 0.727273 0.937500 0.681818 0.937500 0.636364 0.937500 0.590909 0.937500 0.545455 0.937500 0.500000 0.937500 0.454545 0.937500 0.409091 0.937500 0.363636 0.937500 0.318182 0.937500 0.272727 0.937500 0.227273 0.937500 0.181818 0.937500 0.136364 0.937500 0.090909 0.937500 0.045455 0.937500 0.000000 0.968750 1.000000 0.968750 0.954545 0.968750 0.909091 0.968750 0.863636 0.968750 0.818182 0.968750 0.772727 0.968750 0.727273 0.968750 0.681818 0.968750 0.636364 0.968750 0.590909 0.968750 0.545455 0.968750 0.500000 0.968750 0.454545 0.968750 0.409091 0.968750 0.363636 0.968750 0.318182 0.968750 0.272727 0.968750 0.227273 0.968750 0.181818 0.968750 0.136364 0.968750 0.090909 0.968750 0.045455 0.968750 0.000000 1.000000 1.000000 1.000000 0.954545 1.000000 0.909091 1.000000 0.863636 1.000000 0.818182 1.000000 0.772727 1.000000 0.727273 1.000000 0.681818 1.000000 0.636364 1.000000 0.590909 1.000000 0.545455 1.000000 0.500000 1.000000 0.454545 1.000000 0.409091 1.000000 0.363636 1.000000 0.318182 1.000000 0.272727 1.000000 0.227273 1.000000 0.181818 1.000000 0.136364 1.000000 0.090909 1.000000 0.045455 1.000000 0.000000 0.000000 1.000000 0.000000 0.937500 0.000000 0.875000 0.000000 0.812500 0.000000 0.750000 0.000000 0.687500 0.000000 0.625000 0.000000 0.562500 0.000000 0.500000 0.000000 0.437500 0.000000 0.375000 0.000000 0.312500 0.000000 0.250000 0.000000 0.187500 0.000000 0.125000 0.000000 0.062500 0.000000 0.000000 0.041667 1.000000 0.041667 0.937500 0.041667 0.875000 0.041667 0.812500 0.041667 0.750000 0.041667 0.687500 0.041667 0.625000 0.041667 0.562500 0.041667 0.500000 0.041667 0.437500 0.041667 0.375000 0.041667 0.312500 0.041667 0.250000 0.041667 0.187500 0.041667 0.125000 0.041667 0.062500 0.041667 0.000000 0.083333 1.000000 0.083333 0.937500 0.083333 0.875000 0.083333 0.812500 0.083333 0.750000 0.083333 0.687500 0.083333 0.625000 0.083333 0.562500 0.083333 0.500000 0.083333 0.437500 0.083333 0.375000 0.083333 0.312500 0.083333 0.250000 0.083333 0.187500 0.083333 0.125000 0.083333 0.062500 0.083333 0.000000 0.125000 1.000000 0.125000 0.937500 0.125000 0.875000 0.125000 0.812500 0.125000 0.750000 0.125000 0.687500 0.125000 0.625000 0.125000 0.562500 0.125000 0.500000 0.125000 0.437500 0.125000 0.375000 0.125000 0.312500 0.125000 0.250000 0.125000 0.187500 0.125000 0.125000 0.125000 0.062500 0.125000 0.000000 0.166667 1.000000 0.166667 0.937500 0.166667 0.875000 0.166667 0.812500 0.166667 0.750000 0.166667 0.687500 0.166667 0.625000 0.166667 0.562500 0.166667 0.500000 0.166667 0.437500 0.166667 0.375000 0.166667 0.312500 0.166667 0.250000 0.166667 0.187500 0.166667 0.125000 0.166667 0.062500 0.166667 0.000000 0.208333 1.000000 0.208333 0.937500 0.208333 0.875000 0.208333 0.812500 0.208333 0.750000 0.208333 0.687500 0.208333 0.625000 0.208333 0.562500 0.208333 0.500000 0.208333 0.437500 0.208333 0.375000 0.208333 0.312500 0.208333 0.250000 0.208333 0.187500 0.208333 0.125000 0.208333 0.062500 0.208333 0.000000 0.250000 1.000000 0.250000 0.937500 0.250000 0.875000 0.250000 0.812500 0.250000 0.750000 0.250000 0.687500 0.250000 0.625000 0.250000 0.562500 0.250000 0.500000 0.250000 0.437500 0.250000 0.375000 0.250000 0.312500 0.250000 0.250000 0.250000 0.187500 0.250000 0.125000 0.250000 0.062500 0.250000 0.000000 0.291667 1.000000 0.291667 0.937500 0.291667 0.875000 0.291667 0.812500 0.291667 0.750000 0.291667 0.687500 0.291667 0.625000 0.291667 0.562500 0.291667 0.500000 0.291667 0.437500 0.291667 0.375000 0.291667 0.312500 0.291667 0.250000 0.291667 0.187500 0.291667 0.125000 0.291667 0.062500 0.291667 0.000000 0.333333 1.000000 0.333333 0.937500 0.333333 0.875000 0.333333 0.812500 0.333333 0.750000 0.333333 0.687500 0.333333 0.625000 0.333333 0.562500 0.333333 0.500000 0.333333 0.437500 0.333333 0.375000 0.333333 0.312500 0.333333 0.250000 0.333333 0.187500 0.333333 0.125000 0.333333 0.062500 0.333333 0.000000 0.375000 1.000000 0.375000 0.937500 0.375000 0.875000 0.375000 0.812500 0.375000 0.750000 0.375000 0.687500 0.375000 0.625000 0.375000 0.562500 0.375000 0.500000 0.375000 0.437500 0.375000 0.375000 0.375000 0.312500 0.375000 0.250000 0.375000 0.187500 0.375000 0.125000 0.375000 0.062500 0.375000 0.000000 0.416667 1.000000 0.416667 0.937500 0.416667 0.875000 0.416667 0.812500 0.416667 0.750000 0.416667 0.687500 0.416667 0.625000 0.416667 0.562500 0.416667 0.500000 0.416667 0.437500 0.416667 0.375000 0.416667 0.312500 0.416667 0.250000 0.416667 0.187500 0.416667 0.125000 0.416667 0.062500 0.416667 0.000000 0.458333 1.000000 0.458333 0.937500 0.458333 0.875000 0.458333 0.812500 0.458333 0.750000 0.458333 0.687500 0.458333 0.625000 0.458333 0.562500 0.458333 0.500000 0.458333 0.437500 0.458333 0.375000 0.458333 0.312500 0.458333 0.250000 0.458333 0.187500 0.458333 0.125000 0.458333 0.062500 0.458333 0.000000 0.500000 1.000000 0.500000 0.937500 0.500000 0.875000 0.500000 0.812500 0.500000 0.750000 0.500000 0.687500 0.500000 0.625000 0.500000 0.562500 0.500000 0.500000 0.500000 0.437500 0.500000 0.375000 0.500000 0.312500 0.500000 0.250000 0.500000 0.187500 0.500000 0.125000 0.500000 0.062500 0.500000 0.000000 0.541667 1.000000 0.541667 0.937500 0.541667 0.875000 0.541667 0.812500 0.541667 0.750000 0.541667 0.687500 0.541667 0.625000 0.541667 0.562500 0.541667 0.500000 0.541667 0.437500 0.541667 0.375000 0.541667 0.312500 0.541667 0.250000 0.541667 0.187500 0.541667 0.125000 0.541667 0.062500 0.541667 0.000000 0.583333 1.000000 0.583333 0.937500 0.583333 0.875000 0.583333 0.812500 0.583333 0.750000 0.583333 0.687500 0.583333 0.625000 0.583333 0.562500 0.583333 0.500000 0.583333 0.437500 0.583333 0.375000 0.583333 0.312500 0.583333 0.250000 0.583333 0.187500 0.583333 0.125000 0.583333 0.062500 0.583333 0.000000 0.625000 1.000000 0.625000 0.937500 0.625000 0.875000 0.625000 0.812500 0.625000 0.750000 0.625000 0.687500 0.625000 0.625000 0.625000 0.562500 0.625000 0.500000 0.625000 0.437500 0.625000 0.375000 0.625000 0.312500 0.625000 0.250000 0.625000 0.187500 0.625000 0.125000 0.625000 0.062500 0.625000 0.000000 0.666667 1.000000 0.666667 0.937500 0.666667 0.875000 0.666667 0.812500 0.666667 0.750000 0.666667 0.687500 0.666667 0.625000 0.666667 0.562500 0.666667 0.500000 0.666667 0.437500 0.666667 0.375000 0.666667 0.312500 0.666667 0.250000 0.666667 0.187500 0.666667 0.125000 0.666667 0.062500 0.666667 0.000000 0.708333 1.000000 0.708333 0.937500 0.708333 0.875000 0.708333 0.812500 0.708333 0.750000 0.708333 0.687500 0.708333 0.625000 0.708333 0.562500 0.708333 0.500000 0.708333 0.437500 0.708333 0.375000 0.708333 0.312500 0.708333 0.250000 0.708333 0.187500 0.708333 0.125000 0.708333 0.062500 0.708333 0.000000 0.750000 1.000000 0.750000 0.937500 0.750000 0.875000 0.750000 0.812500 0.750000 0.750000 0.750000 0.687500 0.750000 0.625000 0.750000 0.562500 0.750000 0.500000 0.750000 0.437500 0.750000 0.375000 0.750000 0.312500 0.750000 0.250000 0.750000 0.187500 0.750000 0.125000 0.750000 0.062500 0.750000 0.000000 0.791667 1.000000 0.791667 0.937500 0.791667 0.875000 0.791667 0.812500 0.791667 0.750000 0.791667 0.687500 0.791667 0.625000 0.791667 0.562500 0.791667 0.500000 0.791667 0.437500 0.791667 0.375000 0.791667 0.312500 0.791667 0.250000 0.791667 0.187500 0.791667 0.125000 0.791667 0.062500 0.791667 0.000000 0.833333 1.000000 0.833333 0.937500 0.833333 0.875000 0.833333 0.812500 0.833333 0.750000 0.833333 0.687500 0.833333 0.625000 0.833333 0.562500 0.833333 0.500000 0.833333 0.437500 0.833333 0.375000 0.833333 0.312500 0.833333 0.250000 0.833333 0.187500 0.833333 0.125000 0.833333 0.062500 0.833333 0.000000 0.875000 1.000000 0.875000 0.937500 0.875000 0.875000 0.875000 0.812500 0.875000 0.750000 0.875000 0.687500 0.875000 0.625000 0.875000 0.562500 0.875000 0.500000 0.875000 0.437500 0.875000 0.375000 0.875000 0.312500 0.875000 0.250000 0.875000 0.187500 0.875000 0.125000 0.875000 0.062500 0.875000 0.000000 0.916667 1.000000 0.916667 0.937500 0.916667 0.875000 0.916667 0.812500 0.916667 0.750000 0.916667 0.687500 0.916667 0.625000 0.916667 0.562500 0.916667 0.500000 0.916667 0.437500 0.916667 0.375000 0.916667 0.312500 0.916667 0.250000 0.916667 0.187500 0.916667 0.125000 0.916667 0.062500 0.916667 0.000000 0.958333 1.000000 0.958333 0.937500 0.958333 0.875000 0.958333 0.812500 0.958333 0.750000 0.958333 0.687500 0.958333 0.625000 0.958333 0.562500 0.958333 0.500000 0.958333 0.437500 0.958333 0.375000 0.958333 0.312500 0.958333 0.250000 0.958333 0.187500 0.958333 0.125000 0.958333 0.062500 0.958333 0.000000 1.000000 1.000000 1.000000 0.937500 1.000000 0.875000 1.000000 0.812500 1.000000 0.750000 1.000000 0.687500 1.000000 0.625000 1.000000 0.562500 1.000000 0.500000 1.000000 0.437500 1.000000 0.375000 1.000000 0.312500 1.000000 0.250000 1.000000 0.187500 1.000000 0.125000 1.000000 0.062500 1.000000 0.000000 0.000000 1.000000 0.000000 0.937500 0.000000 0.875000 0.000000 0.812500 0.000000 0.750000 0.000000 0.687500 0.000000 0.625000 0.000000 0.562500 0.000000 0.500000 0.000000 0.437500 0.000000 0.375000 0.000000 0.312500 0.000000 0.250000 0.000000 0.187500 0.000000 0.125000 0.000000 0.062500 0.000000 0.000000 0.041667 1.000000 0.041667 0.937500 0.041667 0.875000 0.041667 0.812500 0.041667 0.750000 0.041667 0.687500 0.041667 0.625000 0.041667 0.562500 0.041667 0.500000 0.041667 0.437500 0.041667 0.375000 0.041667 0.312500 0.041667 0.250000 0.041667 0.187500 0.041667 0.125000 0.041667 0.062500 0.041667 0.000000 0.083333 1.000000 0.083333 0.937500 0.083333 0.875000 0.083333 0.812500 0.083333 0.750000 0.083333 0.687500 0.083333 0.625000 0.083333 0.562500 0.083333 0.500000 0.083333 0.437500 0.083333 0.375000 0.083333 0.312500 0.083333 0.250000 0.083333 0.187500 0.083333 0.125000 0.083333 0.062500 0.083333 0.000000 0.125000 1.000000 0.125000 0.937500 0.125000 0.875000 0.125000 0.812500 0.125000 0.750000 0.125000 0.687500 0.125000 0.625000 0.125000 0.562500 0.125000 0.500000 0.125000 0.437500 0.125000 0.375000 0.125000 0.312500 0.125000 0.250000 0.125000 0.187500 0.125000 0.125000 0.125000 0.062500 0.125000 0.000000 0.166667 1.000000 0.166667 0.937500 0.166667 0.875000 0.166667 0.812500 0.166667 0.750000 0.166667 0.687500 0.166667 0.625000 0.166667 0.562500 0.166667 0.500000 0.166667 0.437500 0.166667 0.375000 0.166667 0.312500 0.166667 0.250000 0.166667 0.187500 0.166667 0.125000 0.166667 0.062500 0.166667 0.000000 0.208333 1.000000 0.208333 0.937500 0.208333 0.875000 0.208333 0.812500 0.208333 0.750000 0.208333 0.687500 0.208333 0.625000 0.208333 0.562500 0.208333 0.500000 0.208333 0.437500 0.208333 0.375000 0.208333 0.312500 0.208333 0.250000 0.208333 0.187500 0.208333 0.125000 0.208333 0.062500 0.208333 0.000000 0.250000 1.000000 0.250000 0.937500 0.250000 0.875000 0.250000 0.812500 0.250000 0.750000 0.250000 0.687500 0.250000 0.625000 0.250000 0.562500 0.250000 0.500000 0.250000 0.437500 0.250000 0.375000 0.250000 0.312500 0.250000 0.250000 0.250000 0.187500 0.250000 0.125000 0.250000 0.062500 0.250000 0.000000 0.291667 1.000000 0.291667 0.937500 0.291667 0.875000 0.291667 0.812500 0.291667 0.750000 0.291667 0.687500 0.291667 0.625000 0.291667 0.562500 0.291667 0.500000 0.291667 0.437500 0.291667 0.375000 0.291667 0.312500 0.291667 0.250000 0.291667 0.187500 0.291667 0.125000 0.291667 0.062500 0.291667 0.000000 0.333333 1.000000 0.333333 0.937500 0.333333 0.875000 0.333333 0.812500 0.333333 0.750000 0.333333 0.687500 0.333333 0.625000 0.333333 0.562500 0.333333 0.500000 0.333333 0.437500 0.333333 0.375000 0.333333 0.312500 0.333333 0.250000 0.333333 0.187500 0.333333 0.125000 0.333333 0.062500 0.333333 0.000000 0.375000 1.000000 0.375000 0.937500 0.375000 0.875000 0.375000 0.812500 0.375000 0.750000 0.375000 0.687500 0.375000 0.625000 0.375000 0.562500 0.375000 0.500000 0.375000 0.437500 0.375000 0.375000 0.375000 0.312500 0.375000 0.250000 0.375000 0.187500 0.375000 0.125000 0.375000 0.062500 0.375000 0.000000 0.416667 1.000000 0.416667 0.937500 0.416667 0.875000 0.416667 0.812500 0.416667 0.750000 0.416667 0.687500 0.416667 0.625000 0.416667 0.562500 0.416667 0.500000 0.416667 0.437500 0.416667 0.375000 0.416667 0.312500 0.416667 0.250000 0.416667 0.187500 0.416667 0.125000 0.416667 0.062500 0.416667 0.000000 0.458333 1.000000 0.458333 0.937500 0.458333 0.875000 0.458333 0.812500 0.458333 0.750000 0.458333 0.687500 0.458333 0.625000 0.458333 0.562500 0.458333 0.500000 0.458333 0.437500 0.458333 0.375000 0.458333 0.312500 0.458333 0.250000 0.458333 0.187500 0.458333 0.125000 0.458333 0.062500 0.458333 0.000000 0.500000 1.000000 0.500000 0.937500 0.500000 0.875000 0.500000 0.812500 0.500000 0.750000 0.500000 0.687500 0.500000 0.625000 0.500000 0.562500 0.500000 0.500000 0.500000 0.437500 0.500000 0.375000 0.500000 0.312500 0.500000 0.250000 0.500000 0.187500 0.500000 0.125000 0.500000 0.062500 0.500000 0.000000 0.541667 1.000000 0.541667 0.937500 0.541667 0.875000 0.541667 0.812500 0.541667 0.750000 0.541667 0.687500 0.541667 0.625000 0.541667 0.562500 0.541667 0.500000 0.541667 0.437500 0.541667 0.375000 0.541667 0.312500 0.541667 0.250000 0.541667 0.187500 0.541667 0.125000 0.541667 0.062500 0.541667 0.000000 0.583333 1.000000 0.583333 0.937500 0.583333 0.875000 0.583333 0.812500 0.583333 0.750000 0.583333 0.687500 0.583333 0.625000 0.583333 0.562500 0.583333 0.500000 0.583333 0.437500 0.583333 0.375000 0.583333 0.312500 0.583333 0.250000 0.583333 0.187500 0.583333 0.125000 0.583333 0.062500 0.583333 0.000000 0.625000 1.000000 0.625000 0.937500 0.625000 0.875000 0.625000 0.812500 0.625000 0.750000 0.625000 0.687500 0.625000 0.625000 0.625000 0.562500 0.625000 0.500000 0.625000 0.437500 0.625000 0.375000 0.625000 0.312500 0.625000 0.250000 0.625000 0.187500 0.625000 0.125000 0.625000 0.062500 0.625000 0.000000 0.666667 1.000000 0.666667 0.937500 0.666667 0.875000 0.666667 0.812500 0.666667 0.750000 0.666667 0.687500 0.666667 0.625000 0.666667 0.562500 0.666667 0.500000 0.666667 0.437500 0.666667 0.375000 0.666667 0.312500 0.666667 0.250000 0.666667 0.187500 0.666667 0.125000 0.666667 0.062500 0.666667 0.000000 0.708333 1.000000 0.708333 0.937500 0.708333 0.875000 0.708333 0.812500 0.708333 0.750000 0.708333 0.687500 0.708333 0.625000 0.708333 0.562500 0.708333 0.500000 0.708333 0.437500 0.708333 0.375000 0.708333 0.312500 0.708333 0.250000 0.708333 0.187500 0.708333 0.125000 0.708333 0.062500 0.708333 0.000000 0.750000 1.000000 0.750000 0.937500 0.750000 0.875000 0.750000 0.812500 0.750000 0.750000 0.750000 0.687500 0.750000 0.625000 0.750000 0.562500 0.750000 0.500000 0.750000 0.437500 0.750000 0.375000 0.750000 0.312500 0.750000 0.250000 0.750000 0.187500 0.750000 0.125000 0.750000 0.062500 0.750000 0.000000 0.791667 1.000000 0.791667 0.937500 0.791667 0.875000 0.791667 0.812500 0.791667 0.750000 0.791667 0.687500 0.791667 0.625000 0.791667 0.562500 0.791667 0.500000 0.791667 0.437500 0.791667 0.375000 0.791667 0.312500 0.791667 0.250000 0.791667 0.187500 0.791667 0.125000 0.791667 0.062500 0.791667 0.000000 0.833333 1.000000 0.833333 0.937500 0.833333 0.875000 0.833333 0.812500 0.833333 0.750000 0.833333 0.687500 0.833333 0.625000 0.833333 0.562500 0.833333 0.500000 0.833333 0.437500 0.833333 0.375000 0.833333 0.312500 0.833333 0.250000 0.833333 0.187500 0.833333 0.125000 0.833333 0.062500 0.833333 0.000000 0.875000 1.000000 0.875000 0.937500 0.875000 0.875000 0.875000 0.812500 0.875000 0.750000 0.875000 0.687500 0.875000 0.625000 0.875000 0.562500 0.875000 0.500000 0.875000 0.437500 0.875000 0.375000 0.875000 0.312500 0.875000 0.250000 0.875000 0.187500 0.875000 0.125000 0.875000 0.062500 0.875000 0.000000 0.916667 1.000000 0.916667 0.937500 0.916667 0.875000 0.916667 0.812500 0.916667 0.750000 0.916667 0.687500 0.916667 0.625000 0.916667 0.562500 0.916667 0.500000 0.916667 0.437500 0.916667 0.375000 0.916667 0.312500 0.916667 0.250000 0.916667 0.187500 0.916667 0.125000 0.916667 0.062500 0.916667 0.000000 0.958333 1.000000 0.958333 0.937500 0.958333 0.875000 0.958333 0.812500 0.958333 0.750000 0.958333 0.687500 0.958333 0.625000 0.958333 0.562500 0.958333 0.500000 0.958333 0.437500 0.958333 0.375000 0.958333 0.312500 0.958333 0.250000 0.958333 0.187500 0.958333 0.125000 0.958333 0.062500 0.958333 0.000000 1.000000 1.000000 1.000000 0.937500 1.000000 0.875000 1.000000 0.812500 1.000000 0.750000 1.000000 0.687500 1.000000 0.625000 1.000000 0.562500 1.000000 0.500000 1.000000 0.437500 1.000000 0.375000 1.000000 0.312500 1.000000 0.250000 1.000000 0.187500 1.000000 0.125000 1.000000 0.062500 1.000000 0.000000 0.000000 1.000000 0.000000 0.937500 0.000000 0.875000 0.000000 0.812500 0.000000 0.750000 0.000000 0.687500 0.000000 0.625000 0.000000 0.562500 0.000000 0.500000 0.000000 0.437500 0.000000 0.375000 0.000000 0.312500 0.000000 0.250000 0.000000 0.187500 0.000000 0.125000 0.000000 0.062500 0.000000 0.000000 0.041667 1.000000 0.041667 0.937500 0.041667 0.875000 0.041667 0.812500 0.041667 0.750000 0.041667 0.687500 0.041667 0.625000 0.041667 0.562500 0.041667 0.500000 0.041667 0.437500 0.041667 0.375000 0.041667 0.312500 0.041667 0.250000 0.041667 0.187500 0.041667 0.125000 0.041667 0.062500 0.041667 0.000000 0.083333 1.000000 0.083333 0.937500 0.083333 0.875000 0.083333 0.812500 0.083333 0.750000 0.083333 0.687500 0.083333 0.625000 0.083333 0.562500 0.083333 0.500000 0.083333 0.437500 0.083333 0.375000 0.083333 0.312500 0.083333 0.250000 0.083333 0.187500 0.083333 0.125000 0.083333 0.062500 0.083333 0.000000 0.125000 1.000000 0.125000 0.937500 0.125000 0.875000 0.125000 0.812500 0.125000 0.750000 0.125000 0.687500 0.125000 0.625000 0.125000 0.562500 0.125000 0.500000 0.125000 0.437500 0.125000 0.375000 0.125000 0.312500 0.125000 0.250000 0.125000 0.187500 0.125000 0.125000 0.125000 0.062500 0.125000 0.000000 0.166667 1.000000 0.166667 0.937500 0.166667 0.875000 0.166667 0.812500 0.166667 0.750000 0.166667 0.687500 0.166667 0.625000 0.166667 0.562500 0.166667 0.500000 0.166667 0.437500 0.166667 0.375000 0.166667 0.312500 0.166667 0.250000 0.166667 0.187500 0.166667 0.125000 0.166667 0.062500 0.166667 0.000000 0.208333 1.000000 0.208333 0.937500 0.208333 0.875000 0.208333 0.812500 0.208333 0.750000 0.208333 0.687500 0.208333 0.625000 0.208333 0.562500 0.208333 0.500000 0.208333 0.437500 0.208333 0.375000 0.208333 0.312500 0.208333 0.250000 0.208333 0.187500 0.208333 0.125000 0.208333 0.062500 0.208333 0.000000 0.250000 1.000000 0.250000 0.937500 0.250000 0.875000 0.250000 0.812500 0.250000 0.750000 0.250000 0.687500 0.250000 0.625000 0.250000 0.562500 0.250000 0.500000 0.250000 0.437500 0.250000 0.375000 0.250000 0.312500 0.250000 0.250000 0.250000 0.187500 0.250000 0.125000 0.250000 0.062500 0.250000 0.000000 0.291667 1.000000 0.291667 0.937500 0.291667 0.875000 0.291667 0.812500 0.291667 0.750000 0.291667 0.687500 0.291667 0.625000 0.291667 0.562500 0.291667 0.500000 0.291667 0.437500 0.291667 0.375000 0.291667 0.312500 0.291667 0.250000 0.291667 0.187500 0.291667 0.125000 0.291667 0.062500 0.291667 0.000000 0.333333 1.000000 0.333333 0.937500 0.333333 0.875000 0.333333 0.812500 0.333333 0.750000 0.333333 0.687500 0.333333 0.625000 0.333333 0.562500 0.333333 0.500000 0.333333 0.437500 0.333333 0.375000 0.333333 0.312500 0.333333 0.250000 0.333333 0.187500 0.333333 0.125000 0.333333 0.062500 0.333333 0.000000 0.375000 1.000000 0.375000 0.937500 0.375000 0.875000 0.375000 0.812500 0.375000 0.750000 0.375000 0.687500 0.375000 0.625000 0.375000 0.562500 0.375000 0.500000 0.375000 0.437500 0.375000 0.375000 0.375000 0.312500 0.375000 0.250000 0.375000 0.187500 0.375000 0.125000 0.375000 0.062500 0.375000 0.000000 0.416667 1.000000 0.416667 0.937500 0.416667 0.875000 0.416667 0.812500 0.416667 0.750000 0.416667 0.687500 0.416667 0.625000 0.416667 0.562500 0.416667 0.500000 0.416667 0.437500 0.416667 0.375000 0.416667 0.312500 0.416667 0.250000 0.416667 0.187500 0.416667 0.125000 0.416667 0.062500 0.416667 0.000000 0.458333 1.000000 0.458333 0.937500 0.458333 0.875000 0.458333 0.812500 0.458333 0.750000 0.458333 0.687500 0.458333 0.625000 0.458333 0.562500 0.458333 0.500000 0.458333 0.437500 0.458333 0.375000 0.458333 0.312500 0.458333 0.250000 0.458333 0.187500 0.458333 0.125000 0.458333 0.062500 0.458333 0.000000 0.500000 1.000000 0.500000 0.937500 0.500000 0.875000 0.500000 0.812500 0.500000 0.750000 0.500000 0.687500 0.500000 0.625000 0.500000 0.562500 0.500000 0.500000 0.500000 0.437500 0.500000 0.375000 0.500000 0.312500 0.500000 0.250000 0.500000 0.187500 0.500000 0.125000 0.500000 0.062500 0.500000 0.000000 0.541667 1.000000 0.541667 0.937500 0.541667 0.875000 0.541667 0.812500 0.541667 0.750000 0.541667 0.687500 0.541667 0.625000 0.541667 0.562500 0.541667 0.500000 0.541667 0.437500 0.541667 0.375000 0.541667 0.312500 0.541667 0.250000 0.541667 0.187500 0.541667 0.125000 0.541667 0.062500 0.541667 0.000000 0.583333 1.000000 0.583333 0.937500 0.583333 0.875000 0.583333 0.812500 0.583333 0.750000 0.583333 0.687500 0.583333 0.625000 0.583333 0.562500 0.583333 0.500000 0.583333 0.437500 0.583333 0.375000 0.583333 0.312500 0.583333 0.250000 0.583333 0.187500 0.583333 0.125000 0.583333 0.062500 0.583333 0.000000 0.625000 1.000000 0.625000 0.937500 0.625000 0.875000 0.625000 0.812500 0.625000 0.750000 0.625000 0.687500 0.625000 0.625000 0.625000 0.562500 0.625000 0.500000 0.625000 0.437500 0.625000 0.375000 0.625000 0.312500 0.625000 0.250000 0.625000 0.187500 0.625000 0.125000 0.625000 0.062500 0.625000 0.000000 0.666667 1.000000 0.666667 0.937500 0.666667 0.875000 0.666667 0.812500 0.666667 0.750000 0.666667 0.687500 0.666667 0.625000 0.666667 0.562500 0.666667 0.500000 0.666667 0.437500 0.666667 0.375000 0.666667 0.312500 0.666667 0.250000 0.666667 0.187500 0.666667 0.125000 0.666667 0.062500 0.666667 0.000000 0.708333 1.000000 0.708333 0.937500 0.708333 0.875000 0.708333 0.812500 0.708333 0.750000 0.708333 0.687500 0.708333 0.625000 0.708333 0.562500 0.708333 0.500000 0.708333 0.437500 0.708333 0.375000 0.708333 0.312500 0.708333 0.250000 0.708333 0.187500 0.708333 0.125000 0.708333 0.062500 0.708333 0.000000 0.750000 1.000000 0.750000 0.937500 0.750000 0.875000 0.750000 0.812500 0.750000 0.750000 0.750000 0.687500 0.750000 0.625000 0.750000 0.562500 0.750000 0.500000 0.750000 0.437500 0.750000 0.375000 0.750000 0.312500 0.750000 0.250000 0.750000 0.187500 0.750000 0.125000 0.750000 0.062500 0.750000 0.000000 0.791667 1.000000 0.791667 0.937500 0.791667 0.875000 0.791667 0.812500 0.791667 0.750000 0.791667 0.687500 0.791667 0.625000 0.791667 0.562500 0.791667 0.500000 0.791667 0.437500 0.791667 0.375000 0.791667 0.312500 0.791667 0.250000 0.791667 0.187500 0.791667 0.125000 0.791667 0.062500 0.791667 0.000000 0.833333 1.000000 0.833333 0.937500 0.833333 0.875000 0.833333 0.812500 0.833333 0.750000 0.833333 0.687500 0.833333 0.625000 0.833333 0.562500 0.833333 0.500000 0.833333 0.437500 0.833333 0.375000 0.833333 0.312500 0.833333 0.250000 0.833333 0.187500 0.833333 0.125000 0.833333 0.062500 0.833333 0.000000 0.875000 1.000000 0.875000 0.937500 0.875000 0.875000 0.875000 0.812500 0.875000 0.750000 0.875000 0.687500 0.875000 0.625000 0.875000 0.562500 0.875000 0.500000 0.875000 0.437500 0.875000 0.375000 0.875000 0.312500 0.875000 0.250000 0.875000 0.187500 0.875000 0.125000 0.875000 0.062500 0.875000 0.000000 0.916667 1.000000 0.916667 0.937500 0.916667 0.875000 0.916667 0.812500 0.916667 0.750000 0.916667 0.687500 0.916667 0.625000 0.916667 0.562500 0.916667 0.500000 0.916667 0.437500 0.916667 0.375000 0.916667 0.312500 0.916667 0.250000 0.916667 0.187500 0.916667 0.125000 0.916667 0.062500 0.916667 0.000000 0.958333 1.000000 0.958333 0.937500 0.958333 0.875000 0.958333 0.812500 0.958333 0.750000 0.958333 0.687500 0.958333 0.625000 0.958333 0.562500 0.958333 0.500000 0.958333 0.437500 0.958333 0.375000 0.958333 0.312500 0.958333 0.250000 0.958333 0.187500 0.958333 0.125000 0.958333 0.062500 0.958333 0.000000 1.000000 1.000000 1.000000 0.937500 1.000000 0.875000 1.000000 0.812500 1.000000 0.750000 1.000000 0.687500 1.000000 0.625000 1.000000 0.562500 1.000000 0.500000 1.000000 0.437500 1.000000 0.375000 1.000000 0.312500 1.000000 0.250000 1.000000 0.187500 1.000000 0.125000 1.000000 0.062500 1.000000 0.000000</float_array>
          <technique_common>
            <accessor source="#Core-uv-array" count="2034" stride="2">
              <param name="S" type="float"/><param name="T" type="float"/>
            </accessor>
          </technique_common>
        </source>
        <vertices id="Core-vtx"><input semantic="POSITION" source="#Core-pos"/></vertices>
        <triangles material="Core" count="3712">
          <input semantic="VERTEX" source="#Core-vtx" offset="0"/>
          <input semantic="NORMAL" source="#Core-norm" offset="1"/>
          <input semantic="TEXCOORD" source="#Core-uv" offset="2" set="0"/>
          <p>0 0 0 1 1 1 24 24 24 0 0 0 24 24 24 23 23 23 1 1 1 2 2 2 25 25 25 1 1 1 25 25 25 24 24 24 2 2 2 3 3 3 26 26 26 2 2 2 26 26 26 25 25 25 3 3 3 4 4 4 27 27 27 3 3 3 27 27 27 26 26 26 4 4 4 5 5 5 28 28 28 4 4 4 28 28 28 27 27 27 5 5 5 6 6 6 29 29 29 5 5 5 29 29 29 28 28 28 6 6 6 7 7 7 30 30 30 6 6 6 30 30 30 29 29 29 7 7 7 8 8 8 31 31 31 7 7 7 31 31 31 30 30 30 8 8 8 9 9 9 32 32 32 8 8 8 32 32 32 31 31 31 9 9 9 10 10 10 33 33 33 9 9 9 33 33 33 32 32 32 10 10 10 11 11 11 34 34 34 10 10 10 34 34 34 33 33 33 11 11 11 12 12 12 35 35 35 11 11 11 35 35 35 34 34 34 12 12 12 13 13 13 36 36 36 12 12 12 36 36 36 35 35 35 13 13 13 14 14 14 37 37 37 13 13 13 37 37 37 36 36 36 14 14 14 15 15 15 38 38 38 14 14 14 38 38 38 37 37 37 15 15 15 16 16 16 39 39 39 15 15 15 39 39 39 38 38 38 16 16 16 17 17 17 40 40 40 16 16 16 40 40 40 39 39 39 17 17 17 18 18 18 41 41 41 17 17 17 41 41 41 40 40 40 18 18 18 19 19 19 42 42 42 18 18 18 42 42 42 41 41 41 19 19 19 20 20 20 43 43 43 19 19 19 43 43 43 42 42 42 20 20 20 21 21 21 44 44 44 20 20 20 44 44 44 43 43 43 21 21 21 22 22 22 45 45 45 21 21 21 45 45 45 44 44 44 23 23 23 24 24 24 47 47 47 23 23 23 47 47 47 46 46 46 24 24 24 25 25 25 48 48 48 24 24 24 48 48 48 47 47 47 25 25 25 26 26 26 49 49 49 25 25 25 49 49 49 48 48 48 26 26 26 27 27 27 50 50 50 26 26 26 50 50 50 49 49 49 27 27 27 28 28 28 51 51 51 27 27 27 51 51 51 50 50 50 28 28 28 29 29 29 52 52 52 28 28 28 52 52 52 51 51 51 29 29 29 30 30 30 53 53 53 29 29 29 53 53 53 52 52 52 30 30 30 31 31 31 54 54 54 30 30 30 54 54 54 53 53 53 31 31 31 32 32 32 55 55 55 31 31 31 55 55 55 54 54 54 32 32 32 33 33 33 56 56 56 32 32 32 56 56 56 55 55 55 33 33 33 34 34 34 57 57 57 33 33 33 57 57 57 56 56 56 34 34 34 35 35 35 58 58 58 34 34 34 58 58 58 57 57 57 35 35 35 36 36 36 59 59 59 35 35 35 59 59 59 58 58 58 36 36 36 37 37 37 60 60 60 36 36 36 60 60 60 59 59 59 37 37 37 38 38 38 61 61 61 37 37 37 61 61 61 60 60 60 38 38 38 39 39 39 62 62 62 38 38 38 62 62 62 61 61 61 39 39 39 40 40 40 63 63 63 39 39 39 63 63 63 62 62 62 40 40 40 41 41 41 64 64 64 40 40 40 64 64 64 63 63 63 41 41 41 42 42 42 65 65 65 41 41 41 65 65 65 64 64 64 42 42 42 43 43 43 66 66 66 42 42 42 66 66 66 65 65 65 43 43 43 44 44 44 67 67 67 43 43 43 67 67 67 66 66 66 44 44 44 45 45 45 68 68 68 44 44 44 68 68 68 67 67 67 46 46 46 47 47 47 70 70 70 46 46 46 70 70 70 69 69 69 47 47 47 48 48 48 71 71 71 47 47 47 71 71 71 70 70 70 48 48 48 49 49 49 72 72 72 48 48 48 72 72 72 71 71 71 49 49 49 50 50 50 73 73 73 49 49 49 73 73 73 72 72 72 50 50 50 51 51 51 74 74 74 50 50 50 74 74 74 73 73 73 51 51 51 52 52 52 75 75 75 51 51 51 75 75 75 74 74 74 52 52 52 53 53 53 76 76 76 52 52 52 76 76 76 75 75 75 53 53 53 54 54 54 77 77 77 53 53 53 77 77 77 76 76 76 54 54 54 55 55 55 78 78 78 54 54 54 78 78 78 77 77 77 55 55 55 56 56 56 79 79 79 55 55 55 79 79 79 78 78 78 56 56 56 57 57 57 80 80 80 56 56 56 80 80 80 79 79 79 57 57 57 58 58 58 81 81 81 57 57 57 81 81 81 80 80 80 58 58 58 59 59 59 82 82 82 58 58 58 82 82 82 81 81 81 59 59 59 60 60 60 83 83 83 59 59 59 83 83 83 82 82 82 60 60 60 61 61 61 84 84 84 60 60 60 84 84 84 83 83 83 61 61 61 62 62 62 85 85 85 61 61 61 85 85 85 84 84 84 62 62 62 63 63 63 86 86 86 62 62 62 86 86 86 85 85 85 63 63 63 64 64 64 87 87 87 63 63 63 87 87 87 86 86 86 64 64 64 65 65 65 88 88 88 64 64 64 88 88 88 87 87 87 65 65 65 66 66 66 89 89 89 65 65 65 89 89 89 88 88 88 66 66 66 67 67 67 90 90 90 66 66 66 90 90 90 89 89 89 67 67 67 68 68 68 91 91 91 67 67 67 91 91 91 90 90 90 69 69 69 70 70 70 93 93 93 69 69 69 93 93 93 92 92 92 70 70 70 71 71 71 94 94 94 70 70 70 94 94 94 93 93 93 71 71 71 72 72 72 95 95 95 71 71 71 95 95 95 94 94 94 72 72 72 73 73 73 96 96 96 72 72 72 96 96 96 95 95 95 73 73 73 74 74 74 97 97 97 73 73 73 97 97 97 96 96 96 74 74 74 75 75 75 98 98 98 74 74 74 98 98 98 97 97 97 75 75 75 76 76 76 99 99 99 75 75 75 99 99 99 98 98 98 76 76 76 77 77 77 100 100 100 76 76 76 100 100 100 99 99 99 77 77 77 78 78 78 101 101 101 77 77 77 101 101 101 100 100 100 78 78 78 79 79 79 102 102 102 78 78 78 102 102 102 101 101 101 79 79 79 80 80 80 103 103 103 79 79 79 103 103 103 102 102 102 80 80 80 81 81 81 104 104 104 80 80 80 104 104 104 103 103 103 81 81 81 82 82 82 105 105 105 81 81 81 105 105 105 104 104 104 82 82 82 83 83 83 106 106 106 82 82 82 106 106 106 105 105 105 83 83 83 84 84 84 107 107 107 83 83 83 107 107 107 106 106 106 84 84 84 85 85 85 108 108 108 84 84 84 108 108 108 107 107 107 85 85 85 86 86 86 109 109 109 85 85 85 109 109 109 108 108 108 86 86 86 87 87 87 110 110 110 86 86 86 110 110 110 109 109 109 87 87 87 88 88 88 111 111 111 87 87 87 111 111 111 110 110 110 88 88 88 89 89 89 112 112 112 88 88 88 112 112 112 111 111 111 89 89 89 90 90 90 113 113 113 89 89 89 113 113 113 112 112 112 90 90 90 91 91 91 114 114 114 90 90 90 114 114 114 113 113 113 92 92 92 93 93 93 116 116 116 92 92 92 116 116 116 115 115 115 93 93 93 94 94 94 117 117 117 93 93 93 117 117 117 116 116 116 94 94 94 95 95 95 118 118 118 94 94 94 118 118 118 117 117 117 95 95 95 96 96 96 119 119 119 95 95 95 119 119 119 118 118 118 96 96 96 97 97 97 120 120 120 96 96 96 120 120 120 119 119 119 97 97 97 98 98 98 121 121 121 97 97 97 121 121 121 120 120 120 98 98 98 99 99 99 122 122 122 98 98 98 122 122 122 121 121 121 99 99 99 100 100 100 123 123 123 99 99 99 123 123 123 122 122 122 100 100 100 101 101 101 124 124 124 100 100 100 124 124 124 123 123 123 101 101 101 102 102 102 125 125 125 101 101 101 125 125 125 124 124 124 102 102 102 103 103 103 126 126 126 102 102 102 126 126 126 125 125 125 103 103 103 104 104 104 127 127 127 103 103 103 127 127 127 126 126 126 104 104 104 105 105 105 128 128 128 104 104 104 128 128 128 127 127 127 105 105 105 106 106 106 129 129 129 105 105 105 129 129 129 128 128 128 106 106 106 107 107 107 130 130 130 106 106 106 130 130 130 129 129 129 107 107 107 108 108 108 131 131 131 107 107 107 131 131 131 130 130 130 108 108 108 109 109 109 132 132 132 108 108 108 132 132 132 131 131 131 109 109 109 110 110 110 133 133 133 109 109 109 133 133 133 132 132 132 110 110 110 111 111 111 134 134 134 110 110 110 134 134 134 133 133 133 111 111 111 112 112 112 135 135 135 111 111 111 135 135 135 134 134 134 112 112 112 113 113 113 136 136 136 112 112 112 136 136 136 135 135 135 113 113 113 114 114 114 137 137 137 113 113 113 137 137 137 136 136 136 115 115 115 116 116 116 139 139 139 115 115 115 139 139 139 138 138 138 116 116 116 117 117 117 140 140 140 116 116 116 140 140 140 139 139 139 117 117 117 118 118 118 141 141 141 117 117 117 141 141 141 140 140 140 118 118 118 119 119 119 142 142 142 118 118 118 142 142 142 141 141 141 119 119 119 120 120 120 143 143 143 119 119 119 143 143 143 142 142 142 120 120 120 121 121 121 144 144 144 120 120 120 144 144 144 143 143 143 121 121 121 122 122 122 145 145 145 121 121 121 145 145 145 144 144 144 122 122 122 123 123 123 146 146 146 122 122 122 146 146 146 145 145 145 123 123 123 124 124 124 147 147 147 123 123 123 147 147 147 146 146 146 124 124 124 125 125 125 148 148 148 124 124 124 148 148 148 147 147 147 125 125 125 126 126 126 149 149 149 125 125 125 149 149 149 148 148 148 126 126 126 127 127 127 150 150 150 126 126 126 150 150 150 149 149 149 127 127 127 128 128 128 151 151 151 127 127 127 151 151 151 150 150 150 128 128 128 129 129 129 152 152 152 128 128 128 152 152 152 151 151 151 129 129 129 130 130 130 153 153 153 129 129 129 153 153 153 152 152 152 130 130 130 131 131 131 154 154 154 130 130 130 154 154 154 153 153 153 131 131 131 132 132 132 155 155 155 131 131 131 155 155 155 154 154 154 132 132 132 133 133 133 156 156 156 132 132 132 156 156 156 155 155 155 133 133 133 134 134 134 157 157 157 133 133 133 157 157 157 156 156 156 134 134 134 135 135 135 158 158 158 134 134 134 158 158 158 157 157 157 135 135 135 136 136 136 159 159 159 135 135 135 159 159 159 158 158 158 136 136 136 137 137 137 160 160 160 136 136 136 160 160 160 159 159 159 138 138 138 139 139 139 162 162 162 138 138 138 162 162 162 161 161 161 139 139 139 140 140 140 163 163 163 139 139 139 163 163 163 162 162 162 140 140 140 141 141 141 164 164 164 140 140 140 164 164 164 163 163 163 141 141 141 142 142 142 165 165 165 141 141 141 165 165 165 164 164 164 142 142 142 143 143 143 166 166 166 142 142 142 166 166 166 165 165 165 143 143 143 144 144 144 167 167 167 143 143 143 167 167 167 166 166 166 144 144 144 145 145 145 168 168 168 144 144 144 168 168 168 167 167 167 145 145 145 146 146 146 169 169 169 145 145 145 169 169 169 168 168 168 146 146 146 147 147 147 170 170 170 146 146 146 170 170 170 169 169 169 147 147 147 148 148 148 171 171 171 147 147 147 171 171 171 170 170 170 148 148 148 149 149 149 172 172 172 148 148 148 172 172 172 171 171 171 149 149 149 150 150 150 173 173 173 149 149 149 173 173 173 172 172 172 150 150 150 151 151 151 174 174 174 150 150 150 174 174 174 173 173 173 151 151 151 152 152 152 175 175 175 151 151 151 175 175 175 174 174 174 152 152 152 153 153 153 176 176 176 152 152 152 176 176 176 175 175 175 153 153 153 154 154 154 177 177 177 153 153 153 177 177 177 176 176 176 154 154 154 155 155 155 178 178 178 154 154 154 178 178 178 177 177 177 155 155 155 156 156 156 179 179 179 155 155 155 179 179 179 178 178 178 156 156 156 157 157 157 180 180 180 156 156 156 180 180 180 179 179 179 157 157 157 158 158 158 181 181 181 157 157 157 181 181 181 180 180 180 158 158 158 159 159 159 182 182 182 158 158 158 182 182 182 181 181 181 159 159 159 160 160 160 183 183 183 159 159 159 183 183 183 182 182 182 161 161 161 162 162 162 185 185 185 161 161 161 185 185 185 184 184 184 162 162 162 163 163 163 186 186 186 162 162 162 186 186 186 185 185 185 163 163 163 164 164 164 187 187 187 163 163 163 187 187 187 186 186 186 164 164 164 165 165 165 188 188 188 164 164 164 188 188 188 187 187 187 165 165 165 166 166 166 189 189 189 165 165 165 189 189 189 188 188 188 166 166 166 167 167 167 190 190 190 166 166 166 190 190 190 189 189 189 167 167 167 168 168 168 191 191 191 167 167 167 191 191 191 190 190 190 168 168 168 169 169 169 192 192 192 168 168 168 192 192 192 191 191 191 169 169 169 170 170 170 193 193 193 169 169 169 193 193 193 192 192 192 170 170 170 171 171 171 194 194 194 170 170 170 194 194 194 193 193 193 171 171 171 172 172 172 195 195 195 171 171 171 195 195 195 194 194 194 172 172 172 173 173 173 196 196 196 172 172 172 196 196 196 195 195 195 173 173 173 174 174 174 197 197 197 173 173 173 197 197 197 196 196 196 174 174 174 175 175 175 198 198 198 174 174 174 198 198 198 197 197 197 175 175 175 176 176 176 199 199 199 175 175 175 199 199 199 198 198 198 176 176 176 177 177 177 200 200 200 176 176 176 200 200 200 199 199 199 177 177 177 178 178 178 201 201 201 177 177 177 201 201 201 200 200 200 178 178 178 179 179 179 202 202 202 178 178 178 202 202 202 201 201 201 179 179 179 180 180 180 203 203 203 179 179 179 203 203 203 202 202 202 180 180 180 181 181 181 204 204 204 180 180 180 204 204 204 203 203 203 181 181 181 182 182 182 205 205 205 181 181 181 205 205 205 204 204 204 182 182 182 183 183 183 206 206 206 182 182 182 206 206 206 205 205 205 184 184 184 185 185 185 208 208 208 184 184 184 208 208 208 207 207 207 185 185 185 186 186 186 209 209 209 185 185 185 209 209 209 208 208 208 186 186 186 187 187 187 210 210 210 186 186 186 210 210 210 209 209 209 187 187 187 188 188 188 211 211 211 187 187 187 211 211 211 210 210 210 188 188 188 189 189 189 212 212 212 188 188 188 212 212 212 211 211 211 189 189 189 190 190 190 213 213 213 189 189 189 213 213 213 212 212 212 190 190 190 191 191 191 214 214 214 190 190 190 214 214 214 213 213 213 191 191 191 192 192 192 215 215 215 191 191 191 215 215 215 214 214 214 192 192 192 193 193 193 216 216 216 192 192 192 216 216 216 215 215 215 193 193 193 194 194 194 217 217 217 193 193 193 217 217 217 216 216 216 194 194 194 195 195 195 218 218 218 194 194 194 218 218 218 217 217 217 195 195 195 196 196 196 219 219 219 195 195 195 219 219 219 218 218 218 196 196 196 197 197 197 220 220 220 196 196 196 220 220 220 219 219 219 197 197 197 198 198 198 221 221 221 197 197 197 221 221 221 220 220 220 198 198 198 199 199 199 222 222 222 198 198 198 222 222 222 221 221 221 199 199 199 200 200 200 223 223 223 199 199 199 223 223 223 222 222 222 200 200 200 201 201 201 224 224 224 200 200 200 224 224 224 223 223 223 201 201 201 202 202 202 225 225 225 201 201 201 225 225 225 224 224 224 202 202 202 203 203 203 226 226 226 202 202 202 226 226 226 225 225 225 203 203 203 204 204 204 227 227 227 203 203 203 227 227 227 226 226 226 204 204 204 205 205 205 228 228 228 204 204 204 228 228 228 227 227 227 205 205 205 206 206 206 229 229 229 205 205 205 229 229 229 228 228 228 207 207 207 208 208 208 231 231 231 207 207 207 231 231 231 230 230 230 208 208 208 209 209 209 232 232 232 208 208 208 232 232 232 231 231 231 209 209 209 210 210 210 233 233 233 209 209 209 233 233 233 232 232 232 210 210 210 211 211 211 234 234 234 210 210 210 234 234 234 233 233 233 211 211 211 212 212 212 235 235 235 211 211 211 235 235 235 234 234 234 212 212 212 213 213 213 236 236 236 212 212 212 236 236 236 235 235 235 213 213 213 214 214 214 237 237 237 213 213 213 237 237 237 236 236 236 214 214 214 215 215 215 238 238 238 214 214 214 238 238 238 237 237 237 215 215 215 216 216 216 239 239 239 215 215 215 239 239 239 238 238 238 216 216 216 217 217 217 240 240 240 216 216 216 240 240 240 239 239 239 217 217 217 218 218 218 241 241 241 217 217 217 241 241 241 240 240 240 218 218 218 219 219 219 242 242 242 218 218 218 242 242 242 241 241 241 219 219 219 220 220 220 243 243 243 219 219 219 243 243 243 242 242 242 220 220 220 221 221 221 244 244 244 220 220 220 244 244 244 243 243 243 221 221 221 222 222 222 245 245 245 221 221 221 245 245 245 244 244 244 222 222 222 223 223 223 246 246 246 222 222 222 246 246 246 245 245 245 223 223 223 224 224 224 247 247 247 223 223 223 247 247 247 246 246 246 224 224 224 225 225 225 248 248 248 224 224 224 248 248 248 247 247 247 225 225 225 226 226 226 249 249 249 225 225 225 249 249 249 248 248 248 226 226 226 227 227 227 250 250 250 226 226 226 250 250 250 249 249 249 227 227 227 228 228 228 251 251 251 227 227 227 251 251 251 250 250 250 228 228 228 229 229 229 252 252 252 228 228 228 252 252 252 251 251 251 230 230 230 231 231 231 254 254 254 230 230 230 254 254 254 253 253 253 231 231 231 232 232 232 255 255 255 231 231 231 255 255 255 254 254 254 232 232 232 233 233 233 256 256 256 232 232 232 256 256 256 255 255 255 233 233 233 234 234 234 257 257 257 233 233 233 257 257 257 256 256 256 234 234 234 235 235 235 258 258 258 234 234 234 258 258 258 257 257 257 235 235 235 236 236 236 259 259 259 235 235 235 259 259 259 258 258 258 236 236 236 237 237 237 260 260 260 236 236 236 260 260 260 259 259 259 237 237 237 238 238 238 261 261 261 237 237 237 261 261 261 260 260 260 238 238 238 239 239 239 262 262 262 238 238 238 262 262 262 261 261 261 239 239 239 240 240 240 263 263 263 239 239 239 263 263 263 262 262 262 240 240 240 241 241 241 264 264 264 240 240 240 264 264 264 263 263 263 241 241 241 242 242 242 265 265 265 241 241 241 265 265 265 264 264 264 242 242 242 243 243 243 266 266 266 242 242 242 266 266 266 265 265 265 243 243 243 244 244 244 267 267 267 243 243 243 267 267 267 266 266 266 244 244 244 245 245 245 268 268 268 244 244 244 268 268 268 267 267 267 245 245 245 246 246 246 269 269 269 245 245 245 269 269 269 268 268 268 246 246 246 247 247 247 270 270 270 246 246 246 270 270 270 269 269 269 247 247 247 248 248 248 271 271 271 247 247 247 271 271 271 270 270 270 248 248 248 249 249 249 272 272 272 248 248 248 272 272 272 271 271 271 249 249 249 250 250 250 273 273 273 249 249 249 273 273 273 272 272 272 250 250 250 251 251 251 274 274 274 250 250 250 274 274 274 273 273 273 251 251 251 252 252 252 275 275 275 251 251 251 275 275 275 274 274 274 253 253 253 254 254 254 277 277 277 253 253 253 277 277 277 276 276 276 254 254 254 255 255 255 278 278 278 254 254 254 278 278 278 277 277 277 255 255 255 256 256 256 279 279 279 255 255 255 279 279 279 278 278 278 256 256 256 257 257 257 280 280 280 256 256 256 280 280 280 279 279 279 257 257 257 258 258 258 281 281 281 257 257 257 281 281 281 280 280 280 258 258 258 259 259 259 282 282 282 258 258 258 282 282 282 281 281 281 259 259 259 260 260 260 283 283 283 259 259 259 283 283 283 282 282 282 260 260 260 261 261 261 284 284 284 260 260 260 284 284 284 283 283 283 261 261 261 262 262 262 285 285 285 261 261 261 285 285 285 284 284 284 262 262 262 263 263 263 286 286 286 262 262 262 286 286 286 285 285 285 263 263 263 264 264 264 287 287 287 263 263 263 287 287 287 286 286 286 264 264 264 265 265 265 288 288 288 264 264 264 288 288 288 287 287 287 265 265 265 266 266 266 289 289 289 265 265 265 289 289 289 288 288 288 266 266 266 267 267 267 290 290 290 266 266 266 290 290 290 289 289 289 267 267 267 268 268 268 291 291 291 267 267 267 291 291 291 290 290 290 268 268 268 269 269 269 292 292 292 268 268 268 292 292 292 291 291 291 269 269 269 270 270 270 293 293 293 269 269 269 293 293 293 292 292 292 270 270 270 271 271 271 294 294 294 270 270 270 294 294 294 293 293 293 271 271 271 272 272 272 295 295 295 271 271 271 295 295 295 294 294 294 272 272 272 273 273 273 296 296 296 272 272 272 296 296 296 295 295 295 273 273 273 274 274 274 297 297 297 273 273 273 297 297 297 296 296 296 274 274 274 275 275 275 298 298 298 274 274 274 298 298 298 297 297 297 276 276 276 277 277 277 300 300 300 276 276 276 300 300 300 299 299 299 277 277 277 278 278 278 301 301 301 277 277 277 301 301 301 300 300 300 278 278 278 279 279 279 302 302 302 278 278 278 302 302 302 301 301 301 279 279 279 280 280 280 303 303 303 279 279 279 303 303 303 302 302 302 280 280 280 281 281 281 304 304 304 280 280 280 304 304 304 303 303 303 281 281 281 282 282 282 305 305 305 281 281 281 305 305 305 304 304 304 282 282 282 283 283 283 306 306 306 282 282 282 306 306 306 305 305 305 283 283 283 284 284 284 307 307 307 283 283 283 307 307 307 306 306 306 284 284 284 285 285 285 308 308 308 284 284 284 308 308 308 307 307 307 285 285 285 286 286 286 309 309 309 285 285 285 309 309 309 308 308 308 286 286 286 287 287 287 310 310 310 286 286 286 310 310 310 309 309 309 287 287 287 288 288 288 311 311 311 287 287 287 311 311 311 310 310 310 288 288 288 289 289 289 312 312 312 288 288 288 312 312 312 311 311 311 289 289 289 290 290 290 313 313 313 289 289 289 313 313 313 312 312 312 290 290 290 291 291 291 314 314 314 290 290 290 314 314 314 313 313 313 291 291 291 292 292 292 315 315 315 291 291 291 315 315 315 314 314 314 292 292 292 293 293 293 316 316 316 292 292 292 316 316 316 315 315 315 293 293 293 294 294 294 317 317 317 293 293 293 317 317 317 316 316 316 294 294 294 295 295 295 318 318 318 294 294 294 318 318 318 317 317 317 295 295 295 296 296 296 319 319 319 295 295 295 319 319 319 318 318 318 296 296 296 297 297 297 320 320 320 296 296 296 320 320 320 319 319 319 297 297 297 298 298 298 321 321 321 297 297 297 321 321 321 320 320 320 299 299 299 300 300 300 323 323 323 299 299 299 323 323 323 322 322 322 300 300 300 301 301 301 324 324 324 300 300 300 324 324 324 323 323 323 301 301 301 302 302 302 325 325 325 301 301 301 325 325 325 324 324 324 302 302 302 303 303 303 326 326 326 302 302 302 326 326 326 325 325 325 303 303 303 304 304 304 327 327 327 303 303 303 327 327 327 326 326 326 304 304 304 305 305 305 328 328 328 304 304 304 328 328 328 327 327 327 305 305 305 306 306 306 329 329 329 305 305 305 329 329 329 328 328 328 306 306 306 307 307 307 330 330 330 306 306 306 330 330 330 329 329 329 307 307 307 308 308 308 331 331 331 307 307 307 331 331 331 330 330 330 308 308 308 309 309 309 332 332 332 308 308 308 332 332 332 331 331 331 309 309 309 310 310 310 333 333 333 309 309 309 333 333 333 332 332 332 310 310 310 311 311 311 334 334 334 310 310 310 334 334 334 333 333 333 311 311 311 312 312 312 335 335 335 311 311 311 335 335 335 334 334 334 312 312 312 313 313 313 336 336 336 312 312 312 336 336 336 335 335 335 313 313 313 314 314 314 337 337 337 313 313 313 337 337 337 336 336 336 314 314 314 315 315 315 338 338 338 314 314 314 338 338 338 337 337 337 315 315 315 316 316 316 339 339 339 315 315 315 339 339 339 338 338 338 316 316 316 317 317 317 340 340 340 316 316 316 340 340 340 339 339 339 317 317 317 318 318 318 341 341 341 317 317 317 341 341 341 340 340 340 318 318 318 319 319 319 342 342 342 318 318 318 342 342 342 341 341 341 319 319 319 320 320 320 343 343 343 319 319 319 343 343 343 342 342 342 320 320 320 321 321 321 344 344 344 320 320 320 344 344 344 343 343 343 322 322 322 323 323 323 346 346 346 322 322 322 346 346 346 345 345 345 323 323 323 324 324 324 347 347 347 323 323 323 347 347 347 346 346 346 324 324 324 325 325 325 348 348 348 324 324 324 348 348 348 347 347 347 325 325 325 326 326 326 349 349 349 325 325 325 349 349 349 348 348 348 326 326 326 327 327 327 350 350 350 326 326 326 350 350 350 349 349 349 327 327 327 328 328 328 351 351 351 327 327 327 351 351 351 350 350 350 328 328 328 329 329 329 352 352 352 328 328 328 352 352 352 351 351 351 329 329 329 330 330 330 353 353 353 329 329 329 353 353 353 352 352 352 330 330 330 331 331 331 354 354 354 330 330 330 354 354 354 353 353 353 331 331 331 332 332 332 355 355 355 331 331 331 355 355 355 354 354 354 332 332 332 333 333 333 356 356 356 332 332 332 356 356 356 355 355 355 333 333 333 334 334 334 357 357 357 333 333 333 357 357 357 356 356 356 334 334 334 335 335 335 358 358 358 334 334 334 358 358 358 357 357 357 335 335 335 336 336 336 359 359 359 335 335 335 359 359 359 358 358 358 336 336 336 337 337 337 360 360 360 336 336 336 360 360 360 359 359 359 337 337 337 338 338 338 361 361 361 337 337 337 361 361 361 360 360 360 338 338 338 339 339 339 362 362 362 338 338 338 362 362 362 361 361 361 339 339 339 340 340 340 363 363 363 339 339 339 363 363 363 362 362 362 340 340 340 341 341 341 364 364 364 340 340 340 364 364 364 363 363 363 341 341 341 342 342 342 365 365 365 341 341 341 365 365 365 364 364 364 342 342 342 343 343 343 366 366 366 342 342 342 366 366 366 365 365 365 343 343 343 344 344 344 367 367 367 343 343 343 367 367 367 366 366 366 345 345 345 346 346 346 369 369 369 345 345 345 369 369 369 368 368 368 346 346 346 347 347 347 370 370 370 346 346 346 370 370 370 369 369 369 347 347 347 348 348 348 371 371 371 347 347 347 371 371 371 370 370 370 348 348 348 349 349 349 372 372 372 348 348 348 372 372 372 371 371 371 349 349 349 350 350 350 373 373 373 349 349 349 373 373 373 372 372 372 350 350 350 351 351 351 374 374 374 350 350 350 374 374 374 373 373 373 351 351 351 352 352 352 375 375 375 351 351 351 375 375 375 374 374 374 352 352 352 353 353 353 376 376 376 352 352 352 376 376 376 375 375 375 353 353 353 354 354 354 377 377 377 353 353 353 377 377 377 376 376 376 354 354 354 355 355 355 378 378 378 354 354 354 378 378 378 377 377 377 355 355 355 356 356 356 379 379 379 355 355 355 379 379 379 378 378 378 356 356 356 357 357 357 380 380 380 356 356 356 380 380 380 379 379 379 357 357 357 358 358 358 381 381 381 357 357 357 381 381 381 380 380 380 358 358 358 359 359 359 382 382 382 358 358 358 382 382 382 381 381 381 359 359 359 360 360 360 383 383 383 359 359 359 383 383 383 382 382 382 360 360 360 361 361 361 384 384 384 360 360 360 384 384 384 383 383 383 361 361 361 362 362 362 385 385 385 361 361 361 385 385 385 384 384 384 362 362 362 363 363 363 386 386 386 362 362 362 386 386 386 385 385 385 363 363 363 364 364 364 387 387 387 363 363 363 387 387 387 386 386 386 364 364 364 365 365 365 388 388 388 364 364 364 388 388 388 387 387 387 365 365 365 366 366 366 389 389 389 365 365 365 389 389 389 388 388 388 366 366 366 367 367 367 390 390 390 366 366 366 390 390 390 389 389 389 368 368 368 369 369 369 392 392 392 368 368 368 392 392 392 391 391 391 369 369 369 370 370 370 393 393 393 369 369 369 393 393 393 392 392 392 370 370 370 371 371 371 394 394 394 370 370 370 394 394 394 393 393 393 371 371 371 372 372 372 395 395 395 371 371 371 395 395 395 394 394 394 372 372 372 373 373 373 396 396 396 372 372 372 396 396 396 395 395 395 373 373 373 374 374 374 397 397 397 373 373 373 397 397 397 396 396 396 374 374 374 375 375 375 398 398 398 374 374 374 398 398 398 397 397 397 375 375 375 376 376 376 399 399 399 375 375 375 399 399 399 398 398 398 376 376 376 377 377 377 400 400 400 376 376 376 400 400 400 399 399 399 377 377 377 378 378 378 401 401 401 377 377 377 401 401 401 400 400 400 378 378 378 379 379 379 402 402 402 378 378 378 402 402 402 401 401 401 379 379 379 380 380 380 403 403 403 379 379 379 403 403 403 402 402 402 380 380 380 381 381 381 404 404 404 380 380 380 404 404 404 403 403 403 381 381 381 382 382 382 405 405 405 381 381 381 405 405 405 404 404 404 382 382 382 383 383 383 406 406 406 382 382 382 406 406 406 405 405 405 383 383 383 384 384 384 407 407 407 383 383 383 407 407 407 406 406 406 384 384 384 385 385 385 408 408 408 384 384 384 408 408 408 407 407 407 385 385 385 386 386 386 409 409 409 385 385 385 409 409 409 408 408 408 386 386 386 387 387 387 410 410 410 386 386 386 410 410 410 409 409 409 387 387 387 388 388 388 411 411 411 387 387 387 411 411 411 410 410 410 388 388 388 389 389 389 412 412 412 388 388 388 412 412 412 411 411 411 389 389 389 390 390 390 413 413 413 389 389 389 413 413 413 412 412 412 391 391 391 392 392 392 415 415 415 391 391 391 415 415 415 414 414 414 392 392 392 393 393 393 416 416 416 392 392 392 416 416 416 415 415 415 393 393 393 394 394 394 417 417 417 393 393 393 417 417 417 416 416 416 394 394 394 395 395 395 418 418 418 394 394 394 418 418 418 417 417 417 395 395 395 396 396 396 419 419 419 395 395 395 419 419 419 418 418 418 396 396 396 397 397 397 420 420 420 396 396 396 420 420 420 419 419 419 397 397 397 398 398 398 421 421 421 397 397 397 421 421 421 420 420 420 398 398 398 399 399 399 422 422 422 398 398 398 422 422 422 421 421 421 399 399 399 400 400 400 423 423 423 399 399 399 423 423 423 422 422 422 400 400 400 401 401 401 424 424 424 400 400 400 424 424 424 423 423 423 401 401 401 402 402 402 425 425 425 401 401 401 425 425 425 424 424 424 402 402 402 403 403 403 426 426 426 402 402 402 426 426 426 425 425 425 403 403 403 404 404 404 427 427 427 403 403 403 427 427 427 426 426 426 404 404 404 405 405 405 428 428 428 404 404 404 428 428 428 427 427 427 405 405 405 406 406 406 429 429 429 405 405 405 429 429 429 428 428 428 406 406 406 407 407 407 430 430 430 406 406 406 430 430 430 429 429 429 407 407 407 408 408 408 431 431 431 407 407 407 431 431 431 430 430 430 408 408 408 409 409 409 432 432 432 408 408 408 432 432 432 431 431 431 409 409 409 410 410 410 433 433 433 409 409 409 433 433 433 432 432 432 410 410 410 411 411 411 434 434 434 410 410 410 434 434 434 433 433 433 411 411 411 412 412 412 435 435 435 411 411 411 435 435 435 434 434 434 412 412 412 413 413 413 436 436 436 412 412 412 436 436 436 435 435 435 414 414 414 415 415 415 438 438 438 414 414 414 438 438 438 437 437 437 415 415 415 416 416 416 439 439 439 415 415 415 439 439 439 438 438 438 416 416 416 417 417 417 440 440 440 416 416 416 440 440 440 439 439 439 417 417 417 418 418 418 441 441 441 417 417 417 441 441 441 440 440 440 418 418 418 419 419 419 442 442 442 418 418 418 442 442 442 441 441 441 419 419 419 420 420 420 443 443 443 419 419 419 443 443 443 442 442 442 420 420 420 421 421 421 444 444 444 420 420 420 444 444 444 443 443 443 421 421 421 422 422 422 445 445 445 421 421 421 445 445 445 444 444 444 422 422 422 423 423 423 446 446 446 422 422 422 446 446 446 445 445 445 423 423 423 424 424 424 447 447 447 423 423 423 447 447 447 446 446 446 424 424 424 425 425 425 448 448 448 424 424 424 448 448 448 447 447 447 425 425 425 426 426 426 449 449 449 425 425 425 449 449 449 448 448 448 426 426 426 427 427 427 450 450 450 426 426 426 450 450 450 449 449 449 427 427 427 428 428 428 451 451 451 427 427 427 451 451 451 450 450 450 428 428 428 429 429 429 452 452 452 428 428 428 452 452 452 451 451 451 429 429 429 430 430 430 453 453 453 429 429 429 453 453 453 452 452 452 430 430 430 431 431 431 454 454 454 430 430 430 454 454 454 453 453 453 431 431 431 432 432 432 455 455 455 431 431 431 455 455 455 454 454 454 432 432 432 433 433 433 456 456 456 432 432 432 456 456 456 455 455 455 433 433 433 434 434 434 457 457 457 433 433 433 457 457 457 456 456 456 434 434 434 435 435 435 458 458 458 434 434 434 458 458 458 457 457 457 435 435 435 436 436 436 459 459 459 435 435 435 459 459 459 458 458 458 437 437 437 438 438 438 461 461 461 437 437 437 461 461 461 460 460 460 438 438 438 439 439 439 462 462 462 438 438 438 462 462 462 461 461 461 439 439 439 440 440 440 463 463 463 439 439 439 463 463 463 462 462 462 440 440 440 441 441 441 464 464 464 440 440 440 464 464 464 463 463 463 441 441 441 442 442 442 465 465 465 441 441 441 465 465 465 464 464 464 442 442 442 443 443 443 466 466 466 442 442 442 466 466 466 465 465 465 443 443 443 444 444 444 467 467 467 443 443 443 467 467 467 466 466 466 444 444 444 445 445 445 468 468 468 444 444 444 468 468 468 467 467 467 445 445 445 446 446 446 469 469 469 445 445 445 469 469 469 468 468 468 446 446 446 447 447 447 470 470 470 446 446 446 470 470 470 469 469 469 447 447 447 448 448 448 471 471 471 447 447 447 471 471 471 470 470 470 448 448 448 449 449 449 472 472 472 448 448 448 472 472 472 471 471 471 449 449 449 450 450 450 473 473 473 449 449 449 473 473 473 472 472 472 450 450 450 451 451 451 474 474 474 450 450 450 474 474 474 473 473 473 451 451 451 452 452 452 475 475 475 451 451 451 475 475 475 474 474 474 452 452 452 453 453 453 476 476 476 452 452 452 476 476 476 475 475 475 453 453 453 454 454 454 477 477 477 453 453 453 477 477 477 476 476 476 454 454 454 455 455 455 478 478 478 454 454 454 478 478 478 477 477 477 455 455 455 456 456 456 479 479 479 455 455 455 479 479 479 478 478 478 456 456 456 457 457 457 480 480 480 456 456 456 480 480 480 479 479 479 457 457 457 458 458 458 481 481 481 457 457 457 481 481 481 480 480 480 458 458 458 459 459 459 482 482 482 458 458 458 482 482 482 481 481 481 460 460 460 461 461 461 484 484 484 460 460 460 484 484 484 483 483 483 461 461 461 462 462 462 485 485 485 461 461 461 485 485 485 484 484 484 462 462 462 463 463 463 486 486 486 462 462 462 486 486 486 485 485 485 463 463 463 464 464 464 487 487 487 463 463 463 487 487 487 486 486 486 464 464 464 465 465 465 488 488 488 464 464 464 488 488 488 487 487 487 465 465 465 466 466 466 489 489 489 465 465 465 489 489 489 488 488 488 466 466 466 467 467 467 490 490 490 466 466 466 490 490 490 489 489 489 467 467 467 468 468 468 491 491 491 467 467 467 491 491 491 490 490 490 468 468 468 469 469 469 492 492 492 468 468 468 492 492 492 491 491 491 469 469 469 470 470 470 493 493 493 469 469 469 493 493 493 492 492 492 470 470 470 471 471 471 494 494 494 470 470 470 494 494 494 493 493 493 471 471 471 472 472 472 495 495 495 471 471 471 495 495 495 494 494 494 472 472 472 473 473 473 496 496 496 472 472 472 496 496 496 495 495 495 473 473 473 474 474 474 497 497 497 473 473 473 497 497 497 496 496 496 474 474 474 475 475 475 498 498 498 474 474 474 498 498 498 497 497 497 475 475 475 476 476 476 499 499 499 475 475 475 499 499 499 498 498 498 476 476 476 477 477 477 500 500 500 476 476 476 500 500 500 499 499 499 477 477 477 478 478 478 501 501 501 477 477 477 501 501 501 500 500 500 478 478 478 479 479 479 502 502 502 478 478 478 502 502 502 501 501 501 479 479 479 480 480 480 503 503 503 479 479 479 503 503 503 502 502 502 480 480 480 481 481 481 504 504 504 480 480 480 504 504 504 503 503 503 481 481 481 482 482 482 505 505 505 481 481 481 505 505 505 504 504 504 483 483 483 484 484 484 507 507 507 483 483 483 507 507 507 506 506 506 484 484 484 485 485 485 508 508 508 484 484 484 508 508 508 507 507 507 485 485 485 486 486 486 509 509 509 485 485 485 509 509 509 508 508 508 486 486 486 487 487 487 510 510 510 486 486 486 510 510 510 509 509 509 487 487 487 488 488 488 511 511 511 487 487 487 511 511 511 510 510 510 488 488 488 489 489 489 512 512 512 488 488 488 512 512 512 511 511 511 489 489 489 490 490 490 513 513 513 489 489 489 513 513 513 512 512 512 490 490 490 491 491 491 514 514 514 490 490 490 514 514 514 513 513 513 491 491 491 492 492 492 515 515 515 491 491 491 515 515 515 514 514 514 492 492 492 493 493 493 516 516 516 492 492 492 516 516 516 515 515 515 493 493 493 494 494 494 517 517 517 493 493 493 517 517 517 516 516 516 494 494 494 495 495 495 518 518 518 494 494 494 518 518 518 517 517 517 495 495 495 496 496 496 519 519 519 495 495 495 519 519 519 518 518 518 496 496 496 497 497 497 520 520 520 496 496 496 520 520 520 519 519 519 497 497 497 498 498 498 521 521 521 497 497 497 521 521 521 520 520 520 498 498 498 499 499 499 522 522 522 498 498 498 522 522 522 521 521 521 499 499 499 500 500 500 523 523 523 499 499 499 523 523 523 522 522 522 500 500 500 501 501 501 524 524 524 500 500 500 524 524 524 523 523 523 501 501 501 502 502 502 525 525 525 501 501 501 525 525 525 524 524 524 502 502 502 503 503 503 526 526 526 502 502 502 526 526 526 525 525 525 503 503 503 504 504 504 527 527 527 503 503 503 527 527 527 526 526 526 504 504 504 505 505 505 528 528 528 504 504 504 528 528 528 527 527 527 506 506 506 507 507 507 530 530 530 506 506 506 530 530 530 529 529 529 507 507 507 508 508 508 531 531 531 507 507 507 531 531 531 530 530 530 508 508 508 509 509 509 532 532 532 508 508 508 532 532 532 531 531 531 509 509 509 510 510 510 533 533 533 509 509 509 533 533 533 532 532 532 510 510 510 511 511 511 534 534 534 510 510 510 534 534 534 533 533 533 511 511 511 512 512 512 535 535 535 511 511 511 535 535 535 534 534 534 512 512 512 513 513 513 536 536 536 512 512 512 536 536 536 535 535 535 513 513 513 514 514 514 537 537 537 513 513 513 537 537 537 536 536 536 514 514 514 515 515 515 538 538 538 514 514 514 538 538 538 537 537 537 515 515 515 516 516 516 539 539 539 515 515 515 539 539 539 538 538 538 516 516 516 517 517 517 540 540 540 516 516 516 540 540 540 539 539 539 517 517 517 518 518 518 541 541 541 517 517 517 541 541 541 540 540 540 518 518 518 519 519 519 542 542 542 518 518 518 542 542 542 541 541 541 519 519 519 520 520 520 543 543 543 519 519 519 543 543 543 542 542 542 520 520 520 521 521 521 544 544 544 520 520 520 544 544 544 543 543 543 521 521 521 522 522 522 545 545 545 521 521 521 545 545 545 544 544 544 522 522 522 523 523 523 546 546 546 522 522 522 546 546 546 545 545 545 523 523 523 524 524 524 547 547 547 523 523 523 547 547 547 546 546 546 524 524 524 525 525 525 548 548 548 524 524 524 548 548 548 547 547 547 525 525 525 526 526 526 549 549 549 525 525 525 549 549 549 548 548 548 526 526 526 527 527 527 550 550 550 526 526 526 550 550 550 549 549 549 527 527 527 528 528 528 551 551 551 527 527 527 551 551 551 550 550 550 529 529 529 530 530 530 553 553 553 529 529 529 553 553 553 552 552 552 530 530 530 531 531 531 554 554 554 530 530 530 554 554 554 553 553 553 531 531 531 532 532 532 555 555 555 531 531 531 555 555 555 554 554 554 532 532 532 533 533 533 556 556 556 532 532 532 556 556 556 555 555 555 533 533 533 534 534 534 557 557 557 533 533 533 557 557 557 556 556 556 534 534 534 535 535 535 558 558 558 534 534 534 558 558 558 557 557 557 535 535 535 536 536 536 559 559 559 535 535 535 559 559 559 558 558 558 536 536 536 537 537 537 560 560 560 536 536 536 560 560 560 559 559 559 537 537 537 538 538 538 561 561 561 537 537 537 561 561 561 560 560 560 538 538 538 539 539 539 562 562 562 538 538 538 562 562 562 561 561 561 539 539 539 540 540 540 563 563 563 539 539 539 563 563 563 562 562 562 540 540 540 541 541 541 564 564 564 540 540 540 564 564 564 563 563 563 541 541 541 542 542 542 565 565 565 541 541 541 565 565 565 564 564 564 542 542 542 543 543 543 566 566 566 542 542 542 566 566 566 565 565 565 543 543 543 544 544 544 567 567 567 543 543 543 567 567 567 566 566 566 544 544 544 545 545 545 568 568 568 544 544 544 568 568 568 567 567 567 545 545 545 546 546 546 569 569 569 545 545 545 569 569 569 568 568 568 546 546 546 547 547 547 570 570 570 546 546 546 570 570 570 569 569 569 547 547 547 548 548 548 571 571 571 547 547 547 571 571 571 570 570 570 548 548 548 549 549 549 572 572 572 548 548 548 572 572 572 571 571 571 549 549 549 550 550 550 573 573 573 549 549 549 573 573 573 572 572 572 550 550 550 551 551 551 574 574 574 550 550 550 574 574 574 573 573 573 552 552 552 553 553 553 576 576 576 552 552 552 576 576 576 575 575 575 553 553 553 554 554 554 577 577 577 553 553 553 577 577 577 576 576 576 554 554 554 555 555 555 578 578 578 554 554 554 578 578 578 577 577 577 555 555 555 556 556 556 579 579 579 555 555 555 579 579 579 578 578 578 556 556 556 557 557 557 580 580 580 556 556 556 580 580 580 579 579 579 557 557 557 558 558 558 581 581 581 557 557 557 581 581 581 580 580 580 558 558 558 559 559 559 582 582 582 558 558 558 582 582 582 581 581 581 559 559 559 560 560 560 583 583 583 559 559 559 583 583 583 582 582 582 560 560 560 561 561 561 584 584 584 560 560 560 584 584 584 583 583 583 561 561 561 562 562 562 585 585 585 561 561 561 585 585 585 584 584 584 562 562 562 563 563 563 586 586 586 562 562 562 586 586 586 585 585 585 563 563 563 564 564 564 587 587 587 563 563 563 587 587 587 586 586 586 564 564 564 565 565 565 588 588 588 564 564 564 588 588 588 587 587 587 565 565 565 566 566 566 589 589 589 565 565 565 589 589 589 588 588 588 566 566 566 567 567 567 590 590 590 566 566 566 590 590 590 589 589 589 567 567 567 568 568 568 591 591 591 567 567 567 591 591 591 590 590 590 568 568 568 569 569 569 592 592 592 568 568 568 592 592 592 591 591 591 569 569 569 570 570 570 593 593 593 569 569 569 593 593 593 592 592 592 570 570 570 571 571 571 594 594 594 570 570 570 594 594 594 593 593 593 571 571 571 572 572 572 595 595 595 571 571 571 595 595 595 594 594 594 572 572 572 573 573 573 596 596 596 572 572 572 596 596 596 595 595 595 573 573 573 574 574 574 597 597 597 573 573 573 597 597 597 596 596 596 575 575 575 576 576 576 599 599 599 575 575 575 599 599 599 598 598 598 576 576 576 577 577 577 600 600 600 576 576 576 600 600 600 599 599 599 577 577 577 578 578 578 601 601 601 577 577 577 601 601 601 600 600 600 578 578 578 579 579 579 602 602 602 578 578 578 602 602 602 601 601 601 579 579 579 580 580 580 603 603 603 579 579 579 603 603 603 602 602 602 580 580 580 581 581 581 604 604 604 580 580 580 604 604 604 603 603 603 581 581 581 582 582 582 605 605 605 581 581 581 605 605 605 604 604 604 582 582 582 583 583 583 606 606 606 582 582 582 606 606 606 605 605 605 583 583 583 584 584 584 607 607 607 583 583 583 607 607 607 606 606 606 584 584 584 585 585 585 608 608 608 584 584 584 608 608 608 607 607 607 585 585 585 586 586 586 609 609 609 585 585 585 609 609 609 608 608 608 586 586 586 587 587 587 610 610 610 586 586 586 610 610 610 609 609 609 587 587 587 588 588 588 611 611 611 587 587 587 611 611 611 610 610 610 588 588 588 589 589 589 612 612 612 588 588 588 612 612 612 611 611 611 589 589 589 590 590 590 613 613 613 589 589 589 613 613 613 612 612 612 590 590 590 591 591 591 614 614 614 590 590 590 614 614 614 613 613 613 591 591 591 592 592 592 615 615 615 591 591 591 615 615 615 614 614 614 592 592 592 593 593 593 616 616 616 592 592 592 616 616 616 615 615 615 593 593 593 594 594 594 617 617 617 593 593 593 617 617 617 616 616 616 594 594 594 595 595 595 618 618 618 594 594 594 618 618 618 617 617 617 595 595 595 596 596 596 619 619 619 595 595 595 619 619 619 618 618 618 596 596 596 597 597 597 620 620 620 596 596 596 620 620 620 619 619 619 598 598 598 599 599 599 622 622 622 598 598 598 622 622 622 621 621 621 599 599 599 600 600 600 623 623 623 599 599 599 623 623 623 622 622 622 600 600 600 601 601 601 624 624 624 600 600 600 624 624 624 623 623 623 601 601 601 602 602 602 625 625 625 601 601 601 625 625 625 624 624 624 602 602 602 603 603 603 626 626 626 602 602 602 626 626 626 625 625 625 603 603 603 604 604 604 627 627 627 603 603 603 627 627 627 626 626 626 604 604 604 605 605 605 628 628 628 604 604 604 628 628 628 627 627 627 605 605 605 606 606 606 629 629 629 605 605 605 629 629 629 628 628 628 606 606 606 607 607 607 630 630 630 606 606 606 630 630 630 629 629 629 607 607 607 608 608 608 631 631 631 607 607 607 631 631 631 630 630 630 608 608 608 609 609 609 632 632 632 608 608 608 632 632 632 631 631 631 609 609 609 610 610 610 633 633 633 609 609 609 633 633 633 632 632 632 610 610 610 611 611 611 634 634 634 610 610 610 634 634 634 633 633 633 611 611 611 612 612 612 635 635 635 611 611 611 635 635 635 634 634 634 612 612 612 613 613 613 636 636 636 612 612 612 636 636 636 635 635 635 613 613 613 614 614 614 637 637 637 613 613 613 637 637 637 636 636 636 614 614 614 615 615 615 638 638 638 614 614 614 638 638 638 637 637 637 615 615 615 616 616 616 639 639 639 615 615 615 639 639 639 638 638 638 616 616 616 617 617 617 640 640 640 616 616 616 640 640 640 639 639 639 617 617 617 618 618 618 641 641 641 617 617 617 641 641 641 640 640 640 618 618 618 619 619 619 642 642 642 618 618 618 642 642 642 641 641 641 619 619 619 620 620 620 643 643 643 619 619 619 643 643 643 642 642 642 621 621 621 622 622 622 645 645 645 621 621 621 645 645 645 644 644 644 622 622 622 623 623 623 646 646 646 622 622 622 646 646 646 645 645 645 623 623 623 624 624 624 647 647 647 623 623 623 647 647 647 646 646 646 624 624 624 625 625 625 648 648 648 624 624 624 648 648 648 647 647 647 625 625 625 626 626 626 649 649 649 625 625 625 649 649 649 648 648 648 626 626 626 627 627 627 650 650 650 626 626 626 650 650 650 649 649 649 627 627 627 628 628 628 651 651 651 627 627 627 651 651 651 650 650 650 628 628 628 629 629 629 652 652 652 628 628 628 652 652 652 651 651 651 629 629 629 630 630 630 653 653 653 629 629 629 653 653 653 652 652 652 630 630 630 631 631 631 654 654 654 630 630 630 654 654 654 653 653 653 631 631 631 632 632 632 655 655 655 631 631 631 655 655 655 654 654 654 632 632 632 633 633 633 656 656 656 632 632 632 656 656 656 655 655 655 633 633 633 634 634 634 657 657 657 633 633 633 657 657 657 656 656 656 634 634 634 635 635 635 658 658 658 634 634 634 658 658 658 657 657 657 635 635 635 636 636 636 659 659 659 635 635 635 659 659 659 658 658 658 636 636 636 637 637 637 660 660 660 636 636 636 660 660 660 659 659 659 637 637 637 638 638 638 661 661 661 637 637 637 661 661 661 660 660 660 638 638 638 639 639 639 662 662 662 638 638 638 662 662 662 661 661 661 639 639 639 640 640 640 663 663 663 639 639 639 663 663 663 662 662 662 640 640 640 641 641 641 664 664 664 640 640 640 664 664 664 663 663 663 641 641 641 642 642 642 665 665 665 641 641 641 665 665 665 664 664 664 642 642 642 643 643 643 666 666 666 642 642 642 666 666 666 665 665 665 644 644 644 645 645 645 668 668 668 644 644 644 668 668 668 667 667 667 645 645 645 646 646 646 669 669 669 645 645 645 669 669 669 668 668 668 646 646 646 647 647 647 670 670 670 646 646 646 670 670 670 669 669 669 647 647 647 648 648 648 671 671 671 647 647 647 671 671 671 670 670 670 648 648 648 649 649 649 672 672 672 648 648 648 672 672 672 671 671 671 649 649 649 650 650 650 673 673 673 649 649 649 673 673 673 672 672 672 650 650 650 651 651 651 674 674 674 650 650 650 674 674 674 673 673 673 651 651 651 652 652 652 675 675 675 651 651 651 675 675 675 674 674 674 652 652 652 653 653 653 676 676 676 652 652 652 676 676 676 675 675 675 653 653 653 654 654 654 677 677 677 653 653 653 677 677 677 676 676 676 654 654 654 655 655 655 678 678 678 654 654 654 678 678 678 677 677 677 655 655 655 656 656 656 679 679 679 655 655 655 679 679 679 678 678 678 656 656 656 657 657 657 680 680 680 656 656 656 680 680 680 679 679 679 657 657 657 658 658 658 681 681 681 657 657 657 681 681 681 680 680 680 658 658 658 659 659 659 682 682 682 658 658 658 682 682 682 681 681 681 659 659 659 660 660 660 683 683 683 659 659 659 683 683 683 682 682 682 660 660 660 661 661 661 684 684 684 660 660 660 684 684 684 683 683 683 661 661 661 662 662 662 685 685 685 661 661 661 685 685 685 684 684 684 662 662 662 663 663 663 686 686 686 662 662 662 686 686 686 685 685 685 663 663 663 664 664 664 687 687 687 663 663 663 687 687 687 686 686 686 664 664 664 665 665 665 688 688 688 664 664 664 688 688 688 687 687 687 665 665 665 666 666 666 689 689 689 665 665 665 689 689 689 688 688 688 667 667 667 668 668 668 691 691 691 667 667 667 691 691 691 690 690 690 668 668 668 669 669 669 692 692 692 668 668 668 692 692 692 691 691 691 669 669 669 670 670 670 693 693 693 669 669 669 693 693 693 692 692 692 670 670 670 671 671 671 694 694 694 670 670 670 694 694 694 693 693 693 671 671 671 672 672 672 695 695 695 671 671 671 695 695 695 694 694 694 672 672 672 673 673 673 696 696 696 672 672 672 696 696 696 695 695 695 673 673 673 674 674 674 697 697 697 673 673 673 697 697 697 696 696 696 674 674 674 675 675 675 698 698 698 674 674 674 698 698 698 697 697 697 675 675 675 676 676 676 699 699 699 675 675 675 699 699 699 698 698 698 676 676 676 677 677 677 700 700 700 676 676 676 700 700 700 699 699 699 677 677 677 678 678 678 701 701 701 677 677 677 701 701 701 700 700 700 678 678 678 679 679 679 702 702 702 678 678 678 702 702 702 701 701 701 679 679 679 680 680 680 703 703 703 679 679 679 703 703 703 702 702 702 680 680 680 681 681 681 704 704 704 680 680 680 704 704 704 703 703 703 681 681 681 682 682 682 705 705 705 681 681 681 705 705 705 704 704 704 682 682 682 683 683 683 706 706 706 682 682 682 706 706 706 705 705 705 683 683 683 684 684 684 707 707 707 683 683 683 707 707 707 706 706 706 684 684 684 685 685 685 708 708 708 684 684 684 708 708 708 707 707 707 685 685 685 686 686 686 709 709 709 685 685 685 709 709 709 708 708 708 686 686 686 687 687 687 710 710 710 686 686 686 710 710 710 709 709 709 687 687 687 688 688 688 711 711 711 687 687 687 711 711 711 710 710 710 688 688 688 689 689 689 712 712 712 688 688 688 712 712 712 711 711 711 690 690 690 691 691 691 714 714 714 690 690 690 714 714 714 713 713 713 691 691 691 692 692 692 715 715 715 691 691 691 715 715 715 714 714 714 692 692 692 693 693 693 716 716 716 692 692 692 716 716 716 715 715 715 693 693 693 694 694 694 717 717 717 693 693 693 717 717 717 716 716 716 694 694 694 695 695 695 718 718 718 694 694 694 718 718 718 717 717 717 695 695 695 696 696 696 719 719 719 695 695 695 719 719 719 718 718 718 696 696 696 697 697 697 720 720 720 696 696 696 720 720 720 719 719 719 697 697 697 698 698 698 721 721 721 697 697 697 721 721 721 720 720 720 698 698 698 699 699 699 722 722 722 698 698 698 722 722 722 721 721 721 699 699 699 700 700 700 723 723 723 699 699 699 723 723 723 722 722 722 700 700 700 701 701 701 724 724 724 700 700 700 724 724 724 723 723 723 701 701 701 702 702 702 725 725 725 701 701 701 725 725 725 724 724 724 702 702 702 703 703 703 726 726 726 702 702 702 726 726 726 725 725 725 703 703 703 704 704 704 727 727 727 703 703 703 727 727 727 726 726 726 704 704 704 705 705 705 728 728 728 704 704 704 728 728 728 727 727 727 705 705 705 706 706 706 729 729 729 705 705 705 729 729 729 728 728 728 706 706 706 707 707 707 730 730 730 706 706 706 730 730 730 729 729 729 707 707 707 708 708 708 731 731 731 707 707 707 731 731 731 730 730 730 708 708 708 709 709 709 732 732 732 708 708 708 732 732 732 731 731 731 709 709 709 710 710 710 733 733 733 709 709 709 733 733 733 732 732 732 710 710 710 711 711 711 734 734 734 710 710 710 734 734 734 733 733 733 711 711 711 712 712 712 735 735 735 711 711 711 735 735 735 734 734 734 713 713 713 714 714 714 737 737 737 713 713 713 737 737 737 736 736 736 714 714 714 715 715 715 738 738 738 714 714 714 738 738 738 737 737 737 715 715 715 716 716 716 739 739 739 715 715 715 739 739 739 738 738 738 716 716 716 717 717 717 740 740 740 716 716 716 740 740 740 739 739 739 717 717 717 718 718 718 741 741 741 717 717 717 741 741 741 740 740 740 718 718 718 719 719 719 742 742 742 718 718 718 742 742 742 741 741 741 719 719 719 720 720 720 743 743 743 719 719 719 743 743 743 742 742 742 720 720 720 721 721 721 744 744 744 720 720 720 744 744 744 743 743 743 721 721 721 722 722 722 745 745 745 721 721 721 745 745 745 744 744 744 722 722 722 723 723 723 746 746 746 722 722 722 746 746 746 745 745 745 723 723 723 724 724 724 747 747 747 723 723 723 747 747 747 746 746 746 724 724 724 725 725 725 748 748 748 724 724 724 748 748 748 747 747 747 725 725 725 726 726 726 749 749 749 725 725 725 749 749 749 748 748 748 726 726 726 727 727 727 750 750 750 726 726 726 750 750 750 749 749 749 727 727 727 728 728 728 751 751 751 727 727 727 751 751 751 750 750 750 728 728 728 729 729 729 752 752 752 728 728 728 752 752 752 751 751 751 729 729 729 730 730 730 753 753 753 729 729 729 753 753 753 752 752 752 730 730 730 731 731 731 754 754 754 730 730 730 754 754 754 753 753 753 731 731 731 732 732 732 755 755 755 731 731 731 755 755 755 754 754 754 732 732 732 733 733 733 756 756 756 732 732 732 756 756 756 755 755 755 733 733 733 734 734 734 757 757 757 733 733 733 757 757 757 756 756 756 734 734 734 735 735 735 758 758 758 734 734 734 758 758 758 757 757 757 759 759 759 760 760 760 777 777 777 759 759 759 777 777 777 776 776 776 760 760 760 761 761 761 778 778 778 760 760 760 778 778 778 777 777 777 761 761 761 762 762 762 779 779 779 761 761 761 779 779 779 778 778 778 762 762 762 763 763 763 780 780 780 762 762 762 780 780 780 779 779 779 763 763 763 764 764 764 781 781 781 763 763 763 781 781 781 780 780 780 764 764 764 765 765 765 782 782 782 764 764 764 782 782 782 781 781 781 765 765 765 766 766 766 783 783 783 765 765 765 783 783 783 782 782 782 766 766 766 767 767 767 784 784 784 766 766 766 784 784 784 783 783 783 767 767 767 768 768 768 785 785 785 767 767 767 785 785 785 784 784 784 768 768 768 769 769 769 786 786 786 768 768 768 786 786 786 785 785 785 769 769 769 770 770 770 787 787 787 769 769 769 787 787 787 786 786 786 770 770 770 771 771 771 788 788 788 770 770 770 788 788 788 787 787 787 771 771 771 772 772 772 789 789 789 771 771 771 789 789 789 788 788 788 772 772 772 773 773 773 790 790 790 772 772 772 790 790 790 789 789 789 773 773 773 774 774 774 791 791 791 773 773 773 791 791 791 790 790 790 774 774 774 775 775 775 792 792 792 774 774 774 792 792 792 791 791 791 776 776 776 777 777 777 794 794 794 776 776 776 794 794 794 793 793 793 777 777 777 778 778 778 795 795 795 777 777 777 795 795 795 794 794 794 778 778 778 779 779 779 796 796 796 778 778 778 796 796 796 795 795 795 779 779 779 780 780 780 797 797 797 779 779 779 797 797 797 796 796 796 780 780 780 781 781 781 798 798 798 780 780 780 798 798 798 797 797 797 781 781 781 782 782 782 799 799 799 781 781 781 799 799 799 798 798 798 782 782 782 783 783 783 800 800 800 782 782 782 800 800 800 799 799 799 783 783 783 784 784 784 801 801 801 783 783 783 801 801 801 800 800 800 784 784 784 785 785 785 802 802 802 784 784 784 802 802 802 801 801 801 785 785 785 786 786 786 803 803 803 785 785 785 803 803 803 802 802 802 786 786 786 787 787 787 804 804 804 786 786 786 804 804 804 803 803 803 787 787 787 788 788 788 805 805 805 787 787 787 805 805 805 804 804 804 788 788 788 789 789 789 806 806 806 788 788 788 806 806 806 805 805 805 789 789 789 790 790 790 807 807 807 789 789 789 807 807 807 806 806 806 790 790 790 791 791 791 808 808 808 790 790 790 808 808 808 807 807 807 791 791 791 792 792 792 809 809 809 791 791 791 809 809 809 808 808 808 793 793 793 794 794 794 811 811 811 793 793 793 811 811 811 810 810 810 794 794 794 795 795 795 812 812 812 794 794 794 812 812 812 811 811 811 795 795 795 796 796 796 813 813 813 795 795 795 813 813 813 812 812 812 796 796 796 797 797 797 814 814 814 796 796 796 814 814 814 813 813 813 797 797 797 798 798 798 815 815 815 797 797 797 815 815 815 814 814 814 798 798 798 799 799 799 816 816 816 798 798 798 816 816 816 815 815 815 799 799 799 800 800 800 817 817 817 799 799 799 817 817 817 816 816 816 800 800 800 801 801 801 818 818 818 800 800 800 818 818 818 817 817 817 801 801 801 802 802 802 819 819 819 801 801 801 819 819 819 818 818 818 802 802 802 803 803 803 820 820 820 802 802 802 820 820 820 819 819 819 803 803 803 804 804 804 821 821 821 803 803 803 821 821 821 820 820 820 804 804 804 805 805 805 822 822 822 804 804 804 822 822 822 821 821 821 805 805 805 806 806 806 823 823 823 805 805 805 823 823 823 822 822 822 806 806 806 807 807 807 824 824 824 806 806 806 824 824 824 823 823 823 807 807 807 808 808 808 825 825 825 807 807 807 825 825 825 824 824 824 808 808 808 809 809 809 826 826 826 808 808 808 826 826 826 825 825 825 810 810 810 811 811 811 828 828 828 810 810 810 828 828 828 827 827 827 811 811 811 812 812 812 829 829 829 811 811 811 829 829 829 828 828 828 812 812 812 813 813 813 830 830 830 812 812 812 830 830 830 829 829 829 813 813 813 814 814 814 831 831 831 813 813 813 831 831 831 830 830 830 814 814 814 815 815 815 832 832 832 814 814 814 832 832 832 831 831 831 815 815 815 816 816 816 833 833 833 815 815 815 833 833 833 832 832 832 816 816 816 817 817 817 834 834 834 816 816 816 834 834 834 833 833 833 817 817 817 818 818 818 835 835 835 817 817 817 835 835 835 834 834 834 818 818 818 819 819 819 836 836 836 818 818 818 836 836 836 835 835 835 819 819 819 820 820 820 837 837 837 819 819 819 837 837 837 836 836 836 820 820 820 821 821 821 838 838 838 820 820 820 838 838 838 837 837 837 821 821 821 822 822 822 839 839 839 821 821 821 839 839 839 838 838 838 822 822 822 823 823 823 840 840 840 822 822 822 840 840 840 839 839 839 823 823 823 824 824 824 841 841 841 823 823 823 841 841 841 840 840 840 824 824 824 825 825 825 842 842 842 824 824 824 842 842 842 841 841 841 825 825 825 826 826 826 843 843 843 825 825 825 843 843 843 842 842 842 827 827 827 828 828 828 845 845 845 827 827 827 845 845 845 844 844 844 828 828 828 829 829 829 846 846 846 828 828 828 846 846 846 845 845 845 829 829 829 830 830 830 847 847 847 829 829 829 847 847 847 846 846 846 830 830 830 831 831 831 848 848 848 830 830 830 848 848 848 847 847 847 831 831 831 832 832 832 849 849 849 831 831 831 849 849 849 848 848 848 832 832 832 833 833 833 850 850 850 832 832 832 850 850 850 849 849 849 833 833 833 834 834 834 851 851 851 833 833 833 851 851 851 850 850 850 834 834 834 835 835 835 852 852 852 834 834 834 852 852 852 851 851 851 835 835 835 836 836 836 853 853 853 835 835 835 853 853 853 852 852 852 836 836 836 837 837 837 854 854 854 836 836 836 854 854 854 853 853 853 837 837 837 838 838 838 855 855 855 837 837 837 855 855 855 854 854 854 838 838 838 839 839 839 856 856 856 838 838 838 856 856 856 855 855 855 839 839 839 840 840 840 857 857 857 839 839 839 857 857 857 856 856 856 840 840 840 841 841 841 858 858 858 840 840 840 858 858 858 857 857 857 841 841 841 842 842 842 859 859 859 841 841 841 859 859 859 858 858 858 842 842 842 843 843 843 860 860 860 842 842 842 860 860 860 859 859 859 844 844 844 845 845 845 862 862 862 844 844 844 862 862 862 861 861 861 845 845 845 846 846 846 863 863 863 845 845 845 863 863 863 862 862 862 846 846 846 847 847 847 864 864 864 846 846 846 864 864 864 863 863 863 847 847 847 848 848 848 865 865 865 847 847 847 865 865 865 864 864 864 848 848 848 849 849 849 866 866 866 848 848 848 866 866 866 865 865 865 849 849 849 850 850 850 867 867 867 849 849 849 867 867 867 866 866 866 850 850 850 851 851 851 868 868 868 850 850 850 868 868 868 867 867 867 851 851 851 852 852 852 869 869 869 851 851 851 869 869 869 868 868 868 852 852 852 853 853 853 870 870 870 852 852 852 870 870 870 869 869 869 853 853 853 854 854 854 871 871 871 853 853 853 871 871 871 870 870 870 854 854 854 855 855 855 872 872 872 854 854 854 872 872 872 871 871 871 855 855 855 856 856 856 873 873 873 855 855 855 873 873 873 872 872 872 856 856 856 857 857 857 874 874 874 856 856 856 874 874 874 873 873 873 857 857 857 858 858 858 875 875 875 857 857 857 875 875 875 874 874 874 858 858 858 859 859 859 876 876 876 858 858 858 876 876 876 875 875 875 859 859 859 860 860 860 877 877 877 859 859 859 877 877 877 876 876 876 861 861 861 862 862 862 879 879 879 861 861 861 879 879 879 878 878 878 862 862 862 863 863 863 880 880 880 862 862 862 880 880 880 879 879 879 863 863 863 864 864 864 881 881 881 863 863 863 881 881 881 880 880 880 864 864 864 865 865 865 882 882 882 864 864 864 882 882 882 881 881 881 865 865 865 866 866 866 883 883 883 865 865 865 883 883 883 882 882 882 866 866 866 867 867 867 884 884 884 866 866 866 884 884 884 883 883 883 867 867 867 868 868 868 885 885 885 867 867 867 885 885 885 884 884 884 868 868 868 869 869 869 886 886 886 868 868 868 886 886 886 885 885 885 869 869 869 870 870 870 887 887 887 869 869 869 887 887 887 886 886 886 870 870 870 871 871 871 888 888 888 870 870 870 888 888 888 887 887 887 871 871 871 872 872 872 889 889 889 871 871 871 889 889 889 888 888 888 872 872 872 873 873 873 890 890 890 872 872 872 890 890 890 889 889 889 873 873 873 874 874 874 891 891 891 873 873 873 891 891 891 890 890 890 874 874 874 875 875 875 892 892 892 874 874 874 892 892 892 891 891 891 875 875 875 876 876 876 893 893 893 875 875 875 893 893 893 892 892 892 876 876 876 877 877 877 894 894 894 876 876 876 894 894 894 893 893 893 878 878 878 879 879 879 896 896 896 878 878 878 896 896 896 895 895 895 879 879 879 880 880 880 897 897 897 879 879 879 897 897 897 896 896 896 880 880 880 881 881 881 898 898 898 880 880 880 898 898 898 897 897 897 881 881 881 882 882 882 899 899 899 881 881 881 899 899 899 898 898 898 882 882 882 883 883 883 900 900 900 882 882 882 900 900 900 899 899 899 883 883 883 884 884 884 901 901 901 883 883 883 901 901 901 900 900 900 884 884 884 885 885 885 902 902 902 884 884 884 902 902 902 901 901 901 885 885 885 886 886 886 903 903 903 885 885 885 903 903 903 902 902 902 886 886 886 887 887 887 904 904 904 886 886 886 904 904 904 903 903 903 887 887 887 888 888 888 905 905 905 887 887 887 905 905 905 904 904 904 888 888 888 889 889 889 906 906 906 888 888 888 906 906 906 905 905 905 889 889 889 890 890 890 907 907 907 889 889 889 907 907 907 906 906 906 890 890 890 891 891 891 908 908 908 890 890 890 908 908 908 907 907 907 891 891 891 892 892 892 909 909 909 891 891 891 909 909 909 908 908 908 892 892 892 893 893 893 910 910 910 892 892 892 910 910 910 909 909 909 893 893 893 894 894 894 911 911 911 893 893 893 911 911 911 910 910 910 895 895 895 896 896 896 913 913 913 895 895 895 913 913 913 912 912 912 896 896 896 897 897 897 914 914 914 896 896 896 914 914 914 913 913 913 897 897 897 898 898 898 915 915 915 897 897 897 915 915 915 914 914 914 898 898 898 899 899 899 916 916 916 898 898 898 916 916 916 915 915 915 899 899 899 900 900 900 917 917 917 899 899 899 917 917 917 916 916 916 900 900 900 901 901 901 918 918 918 900 900 900 918 918 918 917 917 917 901 901 901 902 902 902 919 919 919 901 901 901 919 919 919 918 918 918 902 902 902 903 903 903 920 920 920 902 902 902 920 920 920 919 919 919 903 903 903 904 904 904 921 921 921 903 903 903 921 921 921 920 920 920 904 904 904 905 905 905 922 922 922 904 904 904 922 922 922 921 921 921 905 905 905 906 906 906 923 923 923 905 905 905 923 923 923 922 922 922 906 906 906 907 907 907 924 924 924 906 906 906 924 924 924 923 923 923 907 907 907 908 908 908 925 925 925 907 907 907 925 925 925 924 924 924 908 908 908 909 909 909 926 926 926 908 908 908 926 926 926 925 925 925 909 909 909 910 910 910 927 927 927 909 909 909 927 927 927 926 926 926 910 910 910 911 911 911 928 928 928 910 910 910 928 928 928 927 927 927 912 912 912 913 913 913 930 930 930 912 912 912 930 930 930 929 929 929 913 913 913 914 914 914 931 931 931 913 913 913 931 931 931 930 930 930 914 914 914 915 915 915 932 932 932 914 914 914 932 932 932 931 931 931 915 915 915 916 916 916 933 933 933 915 915 915 933 933 933 932 932 932 916 916 916 917 917 917 934 934 934 916 916 916 934 934 934 933 933 933 917 917 917 918 918 918 935 935 935 917 917 917 935 935 935 934 934 934 918 918 918 919 919 919 936 936 936 918 918 918 936 936 936 935 935 935 919 919 919 920 920 920 937 937 937 919 919 919 937 937 937 936 936 936 920 920 920 921 921 921 938 938 938 920 920 920 938 938 938 937 937 937 921 921 921 922 922 922 939 939 939 921 921 921 939 939 939 938 938 938 922 922 922 923 923 923 940 940 940 922 922 922 940 940 940 939 939 939 923 923 923 924 924 924 941 941 941 923 923 923 941 941 941 940 940 940 924 924 924 925 925 925 942 942 942 924 924 924 942 942 942 941 941 941 925 925 925 926 926 926 943 943 943 925 925 925 943 943 943 942 942 942 926 926 926 927 927 927 944 944 944 926 926 926 944 944 944 943 943 943 927 927 927 928 928 928 945 945 945 927 927 927 945 945 945 944 944 944 929 929 929 930 930 930 947 947 947 929 929 929 947 947 947 946 946 946 930 930 930 931 931 931 948 948 948 930 930 930 948 948 948 947 947 947 931 931 931 932 932 932 949 949 949 931 931 931 949 949 949 948 948 948 932 932 932 933 933 933 950 950 950 932 932 932 950 950 950 949 949 949 933 933 933 934 934 934 951 951 951 933 933 933 951 951 951 950 950 950 934 934 934 935 935 935 952 952 952 934 934 934 952 952 952 951 951 951 935 935 935 936 936 936 953 953 953 935 935 935 953 953 953 952 952 952 936 936 936 937 937 937 954 954 954 936 936 936 954 954 954 953 953 953 937 937 937 938 938 938 955 955 955 937 937 937 955 955 955 954 954 954 938 938 938 939 939 939 956 956 956 938 938 938 956 956 956 955 955 955 939 939 939 940 940 940 957 957 957 939 939 939 957 957 957 956 956 956 940 940 940 941 941 941 958 958 958 940 940 940 958 958 958 957 957 957 941 941 941 942 942 942 959 959 959 941 941 941 959 959 959 958 958 958 942 942 942 943 943 943 960 960 960 942 942 942 960 960 960 959 959 959 943 943 943 944 944 944 961 961 961 943 943 943 961 961 961 960 960 960 944 944 944 945 945 945 962 962 962 944 944 944 962 962 962 961 961 961 946 946 946 947 947 947 964 964 964 946 946 946 964 964 964 963 963 963 947 947 947 948 948 948 965 965 965 947 947 947 965 965 965 964 964 964 948 948 948 949 949 949 966 966 966 948 948 948 966 966 966 965 965 965 949 949 949 950 950 950 967 967 967 949 949 949 967 967 967 966 966 966 950 950 950 951 951 951 968 968 968 950 950 950 968 968 968 967 967 967 951 951 951 952 952 952 969 969 969 951 951 951 969 969 969 968 968 968 952 952 952 953 953 953 970 970 970 952 952 952 970 970 970 969 969 969 953 953 953 954 954 954 971 971 971 953 953 953 971 971 971 970 970 970 954 954 954 955 955 955 972 972 972 954 954 954 972 972 972 971 971 971 955 955 955 956 956 956 973 973 973 955 955 955 973 973 973 972 972 972 956 956 956 957 957 957 974 974 974 956 956 956 974 974 974 973 973 973 957 957 957 958 958 958 975 975 975 957 957 957 975 975 975 974 974 974 958 958 958 959 959 959 976 976 976 958 958 958 976 976 976 975 975 975 959 959 959 960 960 960 977 977 977 959 959 959 977 977 977 976 976 976 960 960 960 961 961 961 978 978 978 960 960 960 978 978 978 977 977 977 961 961 961 962 962 962 979 979 979 961 961 961 979 979 979 978 978 978 963 963 963 964 964 964 981 981 981 963 963 963 981 981 981 980 980 980 964 964 964 965 965 965 982 982 982 964 964 964 982 982 982 981 981 981 965 965 965 966 966 966 983 983 983 965 965 965 983 983 983 982 982 982 966 966 966 967 967 967 984 984 984 966 966 966 984 984 984 983 983 983 967 967 967 968 968 968 985 985 985 967 967 967 985 985 985 984 984 984 968 968 968 969 969 969 986 986 986 968 968 968 986 986 986 985 985 985 969 969 969 970 970 970 987 987 987 969 969 969 987 987 987 986 986 986 970 970 970 971 971 971 988 988 988 970 970 970 988 988 988 987 987 987 971 971 971 972 972 972 989 989 989 971 971 971 989 989 989 988 988 988 972 972 972 973 973 973 990 990 990 972 972 972 990 990 990 989 989 989 973 973 973 974 974 974 991 991 991 973 973 973 991 991 991 990 990 990 974 974 974 975 975 975 992 992 992 974 974 974 992 992 992 991 991 991 975 975 975 976 976 976 993 993 993 975 975 975 993 993 993 992 992 992 976 976 976 977 977 977 994 994 994 976 976 976 994 994 994 993 993 993 977 977 977 978 978 978 995 995 995 977 977 977 995 995 995 994 994 994 978 978 978 979 979 979 996 996 996 978 978 978 996 996 996 995 995 995 980 980 980 981 981 981 998 998 998 980 980 980 998 998 998 997 997 997 981 981 981 982 982 982 999 999 999 981 981 981 999 999 999 998 998 998 982 982 982 983 983 983 1000 1000 1000 982 982 982 1000 1000 1000 999 999 999 983 983 983 984 984 984 1001 1001 1001 983 983 983 1001 1001 1001 1000 1000 1000 984 984 984 985 985 985 1002 1002 1002 984 984 984 1002 1002 1002 1001 1001 1001 985 985 985 986 986 986 1003 1003 1003 985 985 985 1003 1003 1003 1002 1002 1002 986 986 986 987 987 987 1004 1004 1004 986 986 986 1004 1004 1004 1003 1003 1003 987 987 987 988 988 988 1005 1005 1005 987 987 987 1005 1005 1005 1004 1004 1004 988 988 988 989 989 989 1006 1006 1006 988 988 988 1006 1006 1006 1005 1005 1005 989 989 989 990 990 990 1007 1007 1007 989 989 989 1007 1007 1007 1006 1006 1006 990 990 990 991 991 991 1008 1008 1008 990 990 990 1008 1008 1008 1007 1007 1007 991 991 991 992 992 992 1009 1009 1009 991 991 991 1009 1009 1009 1008 1008 1008 992 992 992 993 993 993 1010 1010 1010 992 992 992 1010 1010 1010 1009 1009 1009 993 993 993 994 994 994 1011 1011 1011 993 993 993 1011 1011 1011 1010 1010 1010 994 994 994 995 995 995 1012 1012 1012 994 994 994 1012 1012 1012 1011 1011 1011 995 995 995 996 996 996 1013 1013 1013 995 995 995 1013 1013 1013 1012 1012 1012 997 997 997 998 998 998 1015 1015 1015 997 997 997 1015 1015 1015 1014 1014 1014 998 998 998 999 999 999 1016 1016 1016 998 998 998 1016 1016 1016 1015 1015 1015 999 999 999 1000 1000 1000 1017 1017 1017 999 999 999 1017 1017 1017 1016 1016 1016 1000 1000 1000 1001 1001 1001 1018 1018 1018 1000 1000 1000 1018 1018 1018 1017 1017 1017 1001 1001 1001 1002 1002 1002 1019 1019 1019 1001 1001 1001 1019 1019 1019 1018 1018 1018 1002 1002 1002 1003 1003 1003 1020 1020 1020 1002 1002 1002 1020 1020 1020 1019 1019 1019 1003 1003 1003 1004 1004 1004 1021 1021 1021 1003 1003 1003 1021 1021 1021 1020 1020 1020 1004 1004 1004 1005 1005 1005 1022 1022 1022 1004 1004 1004 1022 1022 1022 1021 1021 1021 1005 1005 1005 1006 1006 1006 1023 1023 1023 1005 1005 1005 1023 1023 1023 1022 1022 1022 1006 1006 1006 1007 1007 1007 1024 1024 1024 1006 1006 1006 1024 1024 1024 1023 1023 1023 1007 1007 1007 1008 1008 1008 1025 1025 1025 1007 1007 1007 1025 1025 1025 1024 1024 1024 1008 1008 1008 1009 1009 1009 1026 1026 1026 1008 1008 1008 1026 1026 1026 1025 1025 1025 1009 1009 1009 1010 1010 1010 1027 1027 1027 1009 1009 1009 1027 1027 1027 1026 1026 1026 1010 1010 1010 1011 1011 1011 1028 1028 1028 1010 1010 1010 1028 1028 1028 1027 1027 1027 1011 1011 1011 1012 1012 1012 1029 1029 1029 1011 1011 1011 1029 1029 1029 1028 1028 1028 1012 1012 1012 1013 1013 1013 1030 1030 1030 1012 1012 1012 1030 1030 1030 1029 1029 1029 1014 1014 1014 1015 1015 1015 1032 1032 1032 1014 1014 1014 1032 1032 1032 1031 1031 1031 1015 1015 1015 1016 1016 1016 1033 1033 1033 1015 1015 1015 1033 1033 1033 1032 1032 1032 1016 1016 1016 1017 1017 1017 1034 1034 1034 1016 1016 1016 1034 1034 1034 1033 1033 1033 1017 1017 1017 1018 1018 1018 1035 1035 1035 1017 1017 1017 1035 1035 1035 1034 1034 1034 1018 1018 1018 1019 1019 1019 1036 1036 1036 1018 1018 1018 1036 1036 1036 1035 1035 1035 1019 1019 1019 1020 1020 1020 1037 1037 1037 1019 1019 1019 1037 1037 1037 1036 1036 1036 1020 1020 1020 1021 1021 1021 1038 1038 1038 1020 1020 1020 1038 1038 1038 1037 1037 1037 1021 1021 1021 1022 1022 1022 1039 1039 1039 1021 1021 1021 1039 1039 1039 1038 1038 1038 1022 1022 1022 1023 1023 1023 1040 1040 1040 1022 1022 1022 1040 1040 1040 1039 1039 1039 1023 1023 1023 1024 1024 1024 1041 1041 1041 1023 1023 1023 1041 1041 1041 1040 1040 1040 1024 1024 1024 1025 1025 1025 1042 1042 1042 1024 1024 1024 1042 1042 1042 1041 1041 1041 1025 1025 1025 1026 1026 1026 1043 1043 1043 1025 1025 1025 1043 1043 1043 1042 1042 1042 1026 1026 1026 1027 1027 1027 1044 1044 1044 1026 1026 1026 1044 1044 1044 1043 1043 1043 1027 1027 1027 1028 1028 1028 1045 1045 1045 1027 1027 1027 1045 1045 1045 1044 1044 1044 1028 1028 1028 1029 1029 1029 1046 1046 1046 1028 1028 1028 1046 1046 1046 1045 1045 1045 1029 1029 1029 1030 1030 1030 1047 1047 1047 1029 1029 1029 1047 1047 1047 1046 1046 1046 1031 1031 1031 1032 1032 1032 1049 1049 1049 1031 1031 1031 1049 1049 1049 1048 1048 1048 1032 1032 1032 1033 1033 1033 1050 1050 1050 1032 1032 1032 1050 1050 1050 1049 1049 1049 1033 1033 1033 1034 1034 1034 1051 1051 1051 1033 1033 1033 1051 1051 1051 1050 1050 1050 1034 1034 1034 1035 1035 1035 1052 1052 1052 1034 1034 1034 1052 1052 1052 1051 1051 1051 1035 1035 1035 1036 1036 1036 1053 1053 1053 1035 1035 1035 1053 1053 1053 1052 1052 1052 1036 1036 1036 1037 1037 1037 1054 1054 1054 1036 1036 1036 1054 1054 1054 1053 1053 1053 1037 1037 1037 1038 1038 1038 1055 1055 1055 1037 1037 1037 1055 1055 1055 1054 1054 1054 1038 1038 1038 1039 1039 1039 1056 1056 1056 1038 1038 1038 1056 1056 1056 1055 1055 1055 1039 1039 1039 1040 1040 1040 1057 1057 1057 1039 1039 1039 1057 1057 1057 1056 1056 1056 1040 1040 1040 1041 1041 1041 1058 1058 1058 1040 1040 1040 1058 1058 1058 1057 1057 1057 1041 1041 1041 1042 1042 1042 1059 1059 1059 1041 1041 1041 1059 1059 1059 1058 1058 1058 1042 1042 1042 1043 1043 1043 1060 1060 1060 1042 1042 1042 1060 1060 1060 1059 1059 1059 1043 1043 1043 1044 1044 1044 1061 1061 1061 1043 1043 1043 1061 1061 1061 1060 1060 1060 1044 1044 1044 1045 1045 1045 1062 1062 1062 1044 1044 1044 1062 1062 1062 1061 1061 1061 1045 1045 1045 1046 1046 1046 1063 1063 1063 1045 1045 1045 1063 1063 1063 1062 1062 1062 1046 1046 1046 1047 1047 1047 1064 1064 1064 1046 1046 1046 1064 1064 1064 1063 1063 1063 1048 1048 1048 1049 1049 1049 1066 1066 1066 1048 1048 1048 1066 1066 1066 1065 1065 1065 1049 1049 1049 1050 1050 1050 1067 1067 1067 1049 1049 1049 1067 1067 1067 1066 1066 1066 1050 1050 1050 1051 1051 1051 1068 1068 1068 1050 1050 1050 1068 1068 1068 1067 1067 1067 1051 1051 1051 1052 1052 1052 1069 1069 1069 1051 1051 1051 1069 1069 1069 1068 1068 1068 1052 1052 1052 1053 1053 1053 1070 1070 1070 1052 1052 1052 1070 1070 1070 1069 1069 1069 1053 1053 1053 1054 1054 1054 1071 1071 1071 1053 1053 1053 1071 1071 1071 1070 1070 1070 1054 1054 1054 1055 1055 1055 1072 1072 1072 1054 1054 1054 1072 1072 1072 1071 1071 1071 1055 1055 1055 1056 1056 1056 1073 1073 1073 1055 1055 1055 1073 1073 1073 1072 1072 1072 1056 1056 1056 1057 1057 1057 1074 1074 1074 1056 1056 1056 1074 1074 1074 1073 1073 1073 1057 1057 1057 1058 1058 1058 1075 1075 1075 1057 1057 1057 1075 1075 1075 1074 1074 1074 1058 1058 1058 1059 1059 1059 1076 1076 1076 1058 1058 1058 1076 1076 1076 1075 1075 1075 1059 1059 1059 1060 1060 1060 1077 1077 1077 1059 1059 1059 1077 1077 1077 1076 1076 1076 1060 1060 1060 1061 1061 1061 1078 1078 1078 1060 1060 1060 1078 1078 1078 1077 1077 1077 1061 1061 1061 1062 1062 1062 1079 1079 1079 1061 1061 1061 1079 1079 1079 1078 1078 1078 1062 1062 1062 1063 1063 1063 1080 1080 1080 1062 1062 1062 1080 1080 1080 1079 1079 1079 1063 1063 1063 1064 1064 1064 1081 1081 1081 1063 1063 1063 1081 1081 1081 1080 1080 1080 1065 1065 1065 1066 1066 1066 1083 1083 1083 1065 1065 1065 1083 1083 1083 1082 1082 1082 1066 1066 1066 1067 1067 1067 1084 1084 1084 1066 1066 1066 1084 1084 1084 1083 1083 1083 1067 1067 1067 1068 1068 1068 1085 1085 1085 1067 1067 1067 1085 1085 1085 1084 1084 1084 1068 1068 1068 1069 1069 1069 1086 1086 1086 1068 1068 1068 1086 1086 1086 1085 1085 1085 1069 1069 1069 1070 1070 1070 1087 1087 1087 1069 1069 1069 1087 1087 1087 1086 1086 1086 1070 1070 1070 1071 1071 1071 1088 1088 1088 1070 1070 1070 1088 1088 1088 1087 1087 1087 1071 1071 1071 1072 1072 1072 1089 1089 1089 1071 1071 1071 1089 1089 1089 1088 1088 1088 1072 1072 1072 1073 1073 1073 1090 1090 1090 1072 1072 1072 1090 1090 1090 1089 1089 1089 1073 1073 1073 1074 1074 1074 1091 1091 1091 1073 1073 1073 1091 1091 1091 1090 1090 1090 1074 1074 1074 1075 1075 1075 1092 1092 1092 1074 1074 1074 1092 1092 1092 1091 1091 1091 1075 1075 1075 1076 1076 1076 1093 1093 1093 1075 1075 1075 1093 1093 1093 1092 1092 1092 1076 1076 1076 1077 1077 1077 1094 1094 1094 1076 1076 1076 1094 1094 1094 1093 1093 1093 1077 1077 1077 1078 1078 1078 1095 1095 1095 1077 1077 1077 1095 1095 1095 1094 1094 1094 1078 1078 1078 1079 1079 1079 1096 1096 1096 1078 1078 1078 1096 1096 1096 1095 1095 1095 1079 1079 1079 1080 1080 1080 1097 1097 1097 1079 1079 1079 1097 1097 1097 1096 1096 1096 1080 1080 1080 1081 1081 1081 1098 1098 1098 1080 1080 1080 1098 1098 1098 1097 1097 1097 1082 1082 1082 1083 1083 1083 1100 1100 1100 1082 1082 1082 1100 1100 1100 1099 1099 1099 1083 1083 1083 1084 1084 1084 1101 1101 1101 1083 1083 1083 1101 1101 1101 1100 1100 1100 1084 1084 1084 1085 1085 1085 1102 1102 1102 1084 1084 1084 1102 1102 1102 1101 1101 1101 1085 1085 1085 1086 1086 1086 1103 1103 1103 1085 1085 1085 1103 1103 1103 1102 1102 1102 1086 1086 1086 1087 1087 1087 1104 1104 1104 1086 1086 1086 1104 1104 1104 1103 1103 1103 1087 1087 1087 1088 1088 1088 1105 1105 1105 1087 1087 1087 1105 1105 1105 1104 1104 1104 1088 1088 1088 1089 1089 1089 1106 1106 1106 1088 1088 1088 1106 1106 1106 1105 1105 1105 1089 1089 1089 1090 1090 1090 1107 1107 1107 1089 1089 1089 1107 1107 1107 1106 1106 1106 1090 1090 1090 1091 1091 1091 1108 1108 1108 1090 1090 1090 1108 1108 1108 1107 1107 1107 1091 1091 1091 1092 1092 1092 1109 1109 1109 1091 1091 1091 1109 1109 1109 1108 1108 1108 1092 1092 1092 1093 1093 1093 1110 1110 1110 1092 1092 1092 1110 1110 1110 1109 1109 1109 1093 1093 1093 1094 1094 1094 1111 1111 1111 1093 1093 1093 1111 1111 1111 1110 1110 1110 1094 1094 1094 1095 1095 1095 1112 1112 1112 1094 1094 1094 1112 1112 1112 1111 1111 1111 1095 1095 1095 1096 1096 1096 1113 1113 1113 1095 1095 1095 1113 1113 1113 1112 1112 1112 1096 1096 1096 1097 1097 1097 1114 1114 1114 1096 1096 1096 1114 1114 1114 1113 1113 1113 1097 1097 1097 1098 1098 1098 1115 1115 1115 1097 1097 1097 1115 1115 1115 1114 1114 1114 1099 1099 1099 1100 1100 1100 1117 1117 1117 1099 1099 1099 1117 1117 1117 1116 1116 1116 1100 1100 1100 1101 1101 1101 1118 1118 1118 1100 1100 1100 1118 1118 1118 1117 1117 1117 1101 1101 1101 1102 1102 1102 1119 1119 1119 1101 1101 1101 1119 1119 1119 1118 1118 1118 1102 1102 1102 1103 1103 1103 1120 1120 1120 1102 1102 1102 1120 1120 1120 1119 1119 1119 1103 1103 1103 1104 1104 1104 1121 1121 1121 1103 1103 1103 1121 1121 1121 1120 1120 1120 1104 1104 1104 1105 1105 1105 1122 1122 1122 1104 1104 1104 1122 1122 1122 1121 1121 1121 1105 1105 1105 1106 1106 1106 1123 1123 1123 1105 1105 1105 1123 1123 1123 1122 1122 1122 1106 1106 1106 1107 1107 1107 1124 1124 1124 1106 1106 1106 1124 1124 1124 1123 1123 1123 1107 1107 1107 1108 1108 1108 1125 1125 1125 1107 1107 1107 1125 1125 1125 1124 1124 1124 1108 1108 1108 1109 1109 1109 1126 1126 1126 1108 1108 1108 1126 1126 1126 1125 1125 1125 1109 1109 1109 1110 1110 1110 1127 1127 1127 1109 1109 1109 1127 1127 1127 1126 1126 1126 1110 1110 1110 1111 1111 1111 1128 1128 1128 1110 1110 1110 1128 1128 1128 1127 1127 1127 1111 1111 1111 1112 1112 1112 1129 1129 1129 1111 1111 1111 1129 1129 1129 1128 1128 1128 1112 1112 1112 1113 1113 1113 1130 1130 1130 1112 1112 1112 1130 1130 1130 1129 1129 1129 1113 1113 1113 1114 1114 1114 1131 1131 1131 1113 1113 1113 1131 1131 1131 1130 1130 1130 1114 1114 1114 1115 1115 1115 1132 1132 1132 1114 1114 1114 1132 1132 1132 1131 1131 1131 1116 1116 1116 1117 1117 1117 1134 1134 1134 1116 1116 1116 1134 1134 1134 1133 1133 1133 1117 1117 1117 1118 1118 1118 1135 1135 1135 1117 1117 1117 1135 1135 1135 1134 1134 1134 1118 1118 1118 1119 1119 1119 1136 1136 1136 1118 1118 1118 1136 1136 1136 1135 1135 1135 1119 1119 1119 1120 1120 1120 1137 1137 1137 1119 1119 1119 1137 1137 1137 1136 1136 1136 1120 1120 1120 1121 1121 1121 1138 1138 1138 1120 1120 1120 1138 1138 1138 1137 1137 1137 1121 1121 1121 1122 1122 1122 1139 1139 1139 1121 1121 1121 1139 1139 1139 1138 1138 1138 1122 1122 1122 1123 1123 1123 1140 1140 1140 1122 1122 1122 1140 1140 1140 1139 1139 1139 1123 1123 1123 1124 1124 1124 1141 1141 1141 1123 1123 1123 1141 1141 1141 1140 1140 1140 1124 1124 1124 1125 1125 1125 1142 1142 1142 1124 1124 1124 1142 1142 1142 1141 1141 1141 1125 1125 1125 1126 1126 1126 1143 1143 1143 1125 1125 1125 1143 1143 1143 1142 1142 1142 1126 1126 1126 1127 1127 1127 1144 1144 1144 1126 1126 1126 1144 1144 1144 1143 1143 1143 1127 1127 1127 1128 1128 1128 1145 1145 1145 1127 1127 1127 1145 1145 1145 1144 1144 1144 1128 1128 1128 1129 1129 1129 1146 1146 1146 1128 1128 1128 1146 1146 1146 1145 1145 1145 1129 1129 1129 1130 1130 1130 1147 1147 1147 1129 1129 1129 1147 1147 1147 1146 1146 1146 1130 1130 1130 1131 1131 1131 1148 1148 1148 1130 1130 1130 1148 1148 1148 1147 1147 1147 1131 1131 1131 1132 1132 1132 1149 1149 1149 1131 1131 1131 1149 1149 1149 1148 1148 1148 1133 1133 1133 1134 1134 1134 1151 1151 1151 1133 1133 1133 1151 1151 1151 1150 1150 1150 1134 1134 1134 1135 1135 1135 1152 1152 1152 1134 1134 1134 1152 1152 1152 1151 1151 1151 1135 1135 1135 1136 1136 1136 1153 1153 1153 1135 1135 1135 1153 1153 1153 1152 1152 1152 1136 1136 1136 1137 1137 1137 1154 1154 1154 1136 1136 1136 1154 1154 1154 1153 1153 1153 1137 1137 1137 1138 1138 1138 1155 1155 1155 1137 1137 1137 1155 1155 1155 1154 1154 1154 1138 1138 1138 1139 1139 1139 1156 1156 1156 1138 1138 1138 1156 1156 1156 1155 1155 1155 1139 1139 1139 1140 1140 1140 1157 1157 1157 1139 1139 1139 1157 1157 1157 1156 1156 1156 1140 1140 1140 1141 1141 1141 1158 1158 1158 1140 1140 1140 1158 1158 1158 1157 1157 1157 1141 1141 1141 1142 1142 1142 1159 1159 1159 1141 1141 1141 1159 1159 1159 1158 1158 1158 1142 1142 1142 1143 1143 1143 1160 1160 1160 1142 1142 1142 1160 1160 1160 1159 1159 1159 1143 1143 1143 1144 1144 1144 1161 1161 1161 1143 1143 1143 1161 1161 1161 1160 1160 1160 1144 1144 1144 1145 1145 1145 1162 1162 1162 1144 1144 1144 1162 1162 1162 1161 1161 1161 1145 1145 1145 1146 1146 1146 1163 1163 1163 1145 1145 1145 1163 1163 1163 1162 1162 1162 1146 1146 1146 1147 1147 1147 1164 1164 1164 1146 1146 1146 1164 1164 1164 1163 1163 1163 1147 1147 1147 1148 1148 1148 1165 1165 1165 1147 1147 1147 1165 1165 1165 1164 1164 1164 1148 1148 1148 1149 1149 1149 1166 1166 1166 1148 1148 1148 1166 1166 1166 1165 1165 1165 1150 1150 1150 1151 1151 1151 1168 1168 1168 1150 1150 1150 1168 1168 1168 1167 1167 1167 1151 1151 1151 1152 1152 1152 1169 1169 1169 1151 1151 1151 1169 1169 1169 1168 1168 1168 1152 1152 1152 1153 1153 1153 1170 1170 1170 1152 1152 1152 1170 1170 1170 1169 1169 1169 1153 1153 1153 1154 1154 1154 1171 1171 1171 1153 1153 1153 1171 1171 1171 1170 1170 1170 1154 1154 1154 1155 1155 1155 1172 1172 1172 1154 1154 1154 1172 1172 1172 1171 1171 1171 1155 1155 1155 1156 1156 1156 1173 1173 1173 1155 1155 1155 1173 1173 1173 1172 1172 1172 1156 1156 1156 1157 1157 1157 1174 1174 1174 1156 1156 1156 1174 1174 1174 1173 1173 1173 1157 1157 1157 1158 1158 1158 1175 1175 1175 1157 1157 1157 1175 1175 1175 1174 1174 1174 1158 1158 1158 1159 1159 1159 1176 1176 1176 1158 1158 1158 1176 1176 1176 1175 1175 1175 1159 1159 1159 1160 1160 1160 1177 1177 1177 1159 1159 1159 1177 1177 1177 1176 1176 1176 1160 1160 1160 1161 1161 1161 1178 1178 1178 1160 1160 1160 1178 1178 1178 1177 1177 1177 1161 1161 1161 1162 1162 1162 1179 1179 1179 1161 1161 1161 1179 1179 1179 1178 1178 1178 1162 1162 1162 1163 1163 1163 1180 1180 1180 1162 1162 1162 1180 1180 1180 1179 1179 1179 1163 1163 1163 1164 1164 1164 1181 1181 1181 1163 1163 1163 1181 1181 1181 1180 1180 1180 1164 1164 1164 1165 1165 1165 1182 1182 1182 1164 1164 1164 1182 1182 1182 1181 1181 1181 1165 1165 1165 1166 1166 1166 1183 1183 1183 1165 1165 1165 1183 1183 1183 1182 1182 1182 1184 1184 1184 1185 1185 1185 1202 1202 1202 1184 1184 1184 1202 1202 1202 1201 1201 1201 1185 1185 1185 1186 1186 1186 1203 1203 1203 1185 1185 1185 1203 1203 1203 1202 1202 1202 1186 1186 1186 1187 1187 1187 1204 1204 1204 1186 1186 1186 1204 1204 1204 1203 1203 1203 1187 1187 1187 1188 1188 1188 1205 1205 1205 1187 1187 1187 1205 1205 1205 1204 1204 1204 1188 1188 1188 1189 1189 1189 1206 1206 1206 1188 1188 1188 1206 1206 1206 1205 1205 1205 1189 1189 1189 1190 1190 1190 1207 1207 1207 1189 1189 1189 1207 1207 1207 1206 1206 1206 1190 1190 1190 1191 1191 1191 1208 1208 1208 1190 1190 1190 1208 1208 1208 1207 1207 1207 1191 1191 1191 1192 1192 1192 1209 1209 1209 1191 1191 1191 1209 1209 1209 1208 1208 1208 1192 1192 1192 1193 1193 1193 1210 1210 1210 1192 1192 1192 1210 1210 1210 1209 1209 1209 1193 1193 1193 1194 1194 1194 1211 1211 1211 1193 1193 1193 1211 1211 1211 1210 1210 1210 1194 1194 1194 1195 1195 1195 1212 1212 1212 1194 1194 1194 1212 1212 1212 1211 1211 1211 1195 1195 1195 1196 1196 1196 1213 1213 1213 1195 1195 1195 1213 1213 1213 1212 1212 1212 1196 1196 1196 1197 1197 1197 1214 1214 1214 1196 1196 1196 1214 1214 1214 1213 1213 1213 1197 1197 1197 1198 1198 1198 1215 1215 1215 1197 1197 1197 1215 1215 1215 1214 1214 1214 1198 1198 1198 1199 1199 1199 1216 1216 1216 1198 1198 1198 1216 1216 1216 1215 1215 1215 1199 1199 1199 1200 1200 1200 1217 1217 1217 1199 1199 1199 1217 1217 1217 1216 1216 1216 1201 1201 1201 1202 1202 1202 1219 1219 1219 1201 1201 1201 1219 1219 1219 1218 1218 1218 1202 1202 1202 1203 1203 1203 1220 1220 1220 1202 1202 1202 1220 1220 1220 1219 1219 1219 1203 1203 1203 1204 1204 1204 1221 1221 1221 1203 1203 1203 1221 1221 1221 1220 1220 1220 1204 1204 1204 1205 1205 1205 1222 1222 1222 1204 1204 1204 1222 1222 1222 1221 1221 1221 1205 1205 1205 1206 1206 1206 1223 1223 1223 1205 1205 1205 1223 1223 1223 1222 1222 1222 1206 1206 1206 1207 1207 1207 1224 1224 1224 1206 1206 1206 1224 1224 1224 1223 1223 1223 1207 1207 1207 1208 1208 1208 1225 1225 1225 1207 1207 1207 1225 1225 1225 1224 1224 1224 1208 1208 1208 1209 1209 1209 1226 1226 1226 1208 1208 1208 1226 1226 1226 1225 1225 1225 1209 1209 1209 1210 1210 1210 1227 1227 1227 1209 1209 1209 1227 1227 1227 1226 1226 1226 1210 1210 1210 1211 1211 1211 1228 1228 1228 1210 1210 1210 1228 1228 1228 1227 1227 1227 1211 1211 1211 1212 1212 1212 1229 1229 1229 1211 1211 1211 1229 1229 1229 1228 1228 1228 1212 1212 1212 1213 1213 1213 1230 1230 1230 1212 1212 1212 1230 1230 1230 1229 1229 1229 1213 1213 1213 1214 1214 1214 1231 1231 1231 1213 1213 1213 1231 1231 1231 1230 1230 1230 1214 1214 1214 1215 1215 1215 1232 1232 1232 1214 1214 1214 1232 1232 1232 1231 1231 1231 1215 1215 1215 1216 1216 1216 1233 1233 1233 1215 1215 1215 1233 1233 1233 1232 1232 1232 1216 1216 1216 1217 1217 1217 1234 1234 1234 1216 1216 1216 1234 1234 1234 1233 1233 1233 1218 1218 1218 1219 1219 1219 1236 1236 1236 1218 1218 1218 1236 1236 1236 1235 1235 1235 1219 1219 1219 1220 1220 1220 1237 1237 1237 1219 1219 1219 1237 1237 1237 1236 1236 1236 1220 1220 1220 1221 1221 1221 1238 1238 1238 1220 1220 1220 1238 1238 1238 1237 1237 1237 1221 1221 1221 1222 1222 1222 1239 1239 1239 1221 1221 1221 1239 1239 1239 1238 1238 1238 1222 1222 1222 1223 1223 1223 1240 1240 1240 1222 1222 1222 1240 1240 1240 1239 1239 1239 1223 1223 1223 1224 1224 1224 1241 1241 1241 1223 1223 1223 1241 1241 1241 1240 1240 1240 1224 1224 1224 1225 1225 1225 1242 1242 1242 1224 1224 1224 1242 1242 1242 1241 1241 1241 1225 1225 1225 1226 1226 1226 1243 1243 1243 1225 1225 1225 1243 1243 1243 1242 1242 1242 1226 1226 1226 1227 1227 1227 1244 1244 1244 1226 1226 1226 1244 1244 1244 1243 1243 1243 1227 1227 1227 1228 1228 1228 1245 1245 1245 1227 1227 1227 1245 1245 1245 1244 1244 1244 1228 1228 1228 1229 1229 1229 1246 1246 1246 1228 1228 1228 1246 1246 1246 1245 1245 1245 1229 1229 1229 1230 1230 1230 1247 1247 1247 1229 1229 1229 1247 1247 1247 1246 1246 1246 1230 1230 1230 1231 1231 1231 1248 1248 1248 1230 1230 1230 1248 1248 1248 1247 1247 1247 1231 1231 1231 1232 1232 1232 1249 1249 1249 1231 1231 1231 1249 1249 1249 1248 1248 1248 1232 1232 1232 1233 1233 1233 1250 1250 1250 1232 1232 1232 1250 1250 1250 1249 1249 1249 1233 1233 1233 1234 1234 1234 1251 1251 1251 1233 1233 1233 1251 1251 1251 1250 1250 1250 1235 1235 1235 1236 1236 1236 1253 1253 1253 1235 1235 1235 1253 1253 1253 1252 1252 1252 1236 1236 1236 1237 1237 1237 1254 1254 1254 1236 1236 1236 1254 1254 1254 1253 1253 1253 1237 1237 1237 1238 1238 1238 1255 1255 1255 1237 1237 1237 1255 1255 1255 1254 1254 1254 1238 1238 1238 1239 1239 1239 1256 1256 1256 1238 1238 1238 1256 1256 1256 1255 1255 1255 1239 1239 1239 1240 1240 1240 1257 1257 1257 1239 1239 1239 1257 1257 1257 1256 1256 1256 1240 1240 1240 1241 1241 1241 1258 1258 1258 1240 1240 1240 1258 1258 1258 1257 1257 1257 1241 1241 1241 1242 1242 1242 1259 1259 1259 1241 1241 1241 1259 1259 1259 1258 1258 1258 1242 1242 1242 1243 1243 1243 1260 1260 1260 1242 1242 1242 1260 1260 1260 1259 1259 1259 1243 1243 1243 1244 1244 1244 1261 1261 1261 1243 1243 1243 1261 1261 1261 1260 1260 1260 1244 1244 1244 1245 1245 1245 1262 1262 1262 1244 1244 1244 1262 1262 1262 1261 1261 1261 1245 1245 1245 1246 1246 1246 1263 1263 1263 1245 1245 1245 1263 1263 1263 1262 1262 1262 1246 1246 1246 1247 1247 1247 1264 1264 1264 1246 1246 1246 1264 1264 1264 1263 1263 1263 1247 1247 1247 1248 1248 1248 1265 1265 1265 1247 1247 1247 1265 1265 1265 1264 1264 1264 1248 1248 1248 1249 1249 1249 1266 1266 1266 1248 1248 1248 1266 1266 1266 1265 1265 1265 1249 1249 1249 1250 1250 1250 1267 1267 1267 1249 1249 1249 1267 1267 1267 1266 1266 1266 1250 1250 1250 1251 1251 1251 1268 1268 1268 1250 1250 1250 1268 1268 1268 1267 1267 1267 1252 1252 1252 1253 1253 1253 1270 1270 1270 1252 1252 1252 1270 1270 1270 1269 1269 1269 1253 1253 1253 1254 1254 1254 1271 1271 1271 1253 1253 1253 1271 1271 1271 1270 1270 1270 1254 1254 1254 1255 1255 1255 1272 1272 1272 1254 1254 1254 1272 1272 1272 1271 1271 1271 1255 1255 1255 1256 1256 1256 1273 1273 1273 1255 1255 1255 1273 1273 1273 1272 1272 1272 1256 1256 1256 1257 1257 1257 1274 1274 1274 1256 1256 1256 1274 1274 1274 1273 1273 1273 1257 1257 1257 1258 1258 1258 1275 1275 1275 1257 1257 1257 1275 1275 1275 1274 1274 1274 1258 1258 1258 1259 1259 1259 1276 1276 1276 1258 1258 1258 1276 1276 1276 1275 1275 1275 1259 1259 1259 1260 1260 1260 1277 1277 1277 1259 1259 1259 1277 1277 1277 1276 1276 1276 1260 1260 1260 1261 1261 1261 1278 1278 1278 1260 1260 1260 1278 1278 1278 1277 1277 1277 1261 1261 1261 1262 1262 1262 1279 1279 1279 1261 1261 1261 1279 1279 1279 1278 1278 1278 1262 1262 1262 1263 1263 1263 1280 1280 1280 1262 1262 1262 1280 1280 1280 1279 1279 1279 1263 1263 1263 1264 1264 1264 1281 1281 1281 1263 1263 1263 1281 1281 1281 1280 1280 1280 1264 1264 1264 1265 1265 1265 1282 1282 1282 1264 1264 1264 1282 1282 1282 1281 1281 1281 1265 1265 1265 1266 1266 1266 1283 1283 1283 1265 1265 1265 1283 1283 1283 1282 1282 1282 1266 1266 1266 1267 1267 1267 1284 1284 1284 1266 1266 1266 1284 1284 1284 1283 1283 1283 1267 1267 1267 1268 1268 1268 1285 1285 1285 1267 1267 1267 1285 1285 1285 1284 1284 1284 1269 1269 1269 1270 1270 1270 1287 1287 1287 1269 1269 1269 1287 1287 1287 1286 1286 1286 1270 1270 1270 1271 1271 1271 1288 1288 1288 1270 1270 1270 1288 1288 1288 1287 1287 1287 1271 1271 1271 1272 1272 1272 1289 1289 1289 1271 1271 1271 1289 1289 1289 1288 1288 1288 1272 1272 1272 1273 1273 1273 1290 1290 1290 1272 1272 1272 1290 1290 1290 1289 1289 1289 1273 1273 1273 1274 1274 1274 1291 1291 1291 1273 1273 1273 1291 1291 1291 1290 1290 1290 1274 1274 1274 1275 1275 1275 1292 1292 1292 1274 1274 1274 1292 1292 1292 1291 1291 1291 1275 1275 1275 1276 1276 1276 1293 1293 1293 1275 1275 1275 1293 1293 1293 1292 1292 1292 1276 1276 1276 1277 1277 1277 1294 1294 1294 1276 1276 1276 1294 1294 1294 1293 1293 1293 1277 1277 1277 1278 1278 1278 1295 1295 1295 1277 1277 1277 1295 1295 1295 1294 1294 1294 1278 1278 1278 1279 1279 1279 1296 1296 1296 1278 1278 1278 1296 1296 1296 1295 1295 1295 1279 1279 1279 1280 1280 1280 1297 1297 1297 1279 1279 1279 1297 1297 1297 1296 1296 1296 1280 1280 1280 1281 1281 1281 1298 1298 1298 1280 1280 1280 1298 1298 1298 1297 1297 1297 1281 1281 1281 1282 1282 1282 1299 1299 1299 1281 1281 1281 1299 1299 1299 1298 1298 1298 1282 1282 1282 1283 1283 1283 1300 1300 1300 1282 1282 1282 1300 1300 1300 1299 1299 1299 1283 1283 1283 1284 1284 1284 1301 1301 1301 1283 1283 1283 1301 1301 1301 1300 1300 1300 1284 1284 1284 1285 1285 1285 1302 1302 1302 1284 1284 1284 1302 1302 1302 1301 1301 1301 1286 1286 1286 1287 1287 1287 1304 1304 1304 1286 1286 1286 1304 1304 1304 1303 1303 1303 1287 1287 1287 1288 1288 1288 1305 1305 1305 1287 1287 1287 1305 1305 1305 1304 1304 1304 1288 1288 1288 1289 1289 1289 1306 1306 1306 1288 1288 1288 1306 1306 1306 1305 1305 1305 1289 1289 1289 1290 1290 1290 1307 1307 1307 1289 1289 1289 1307 1307 1307 1306 1306 1306 1290 1290 1290 1291 1291 1291 1308 1308 1308 1290 1290 1290 1308 1308 1308 1307 1307 1307 1291 1291 1291 1292 1292 1292 1309 1309 1309 1291 1291 1291 1309 1309 1309 1308 1308 1308 1292 1292 1292 1293 1293 1293 1310 1310 1310 1292 1292 1292 1310 1310 1310 1309 1309 1309 1293 1293 1293 1294 1294 1294 1311 1311 1311 1293 1293 1293 1311 1311 1311 1310 1310 1310 1294 1294 1294 1295 1295 1295 1312 1312 1312 1294 1294 1294 1312 1312 1312 1311 1311 1311 1295 1295 1295 1296 1296 1296 1313 1313 1313 1295 1295 1295 1313 1313 1313 1312 1312 1312 1296 1296 1296 1297 1297 1297 1314 1314 1314 1296 1296 1296 1314 1314 1314 1313 1313 1313 1297 1297 1297 1298 1298 1298 1315 1315 1315 1297 1297 1297 1315 1315 1315 1314 1314 1314 1298 1298 1298 1299 1299 1299 1316 1316 1316 1298 1298 1298 1316 1316 1316 1315 1315 1315 1299 1299 1299 1300 1300 1300 1317 1317 1317 1299 1299 1299 1317 1317 1317 1316 1316 1316 1300 1300 1300 1301 1301 1301 1318 1318 1318 1300 1300 1300 1318 1318 1318 1317 1317 1317 1301 1301 1301 1302 1302 1302 1319 1319 1319 1301 1301 1301 1319 1319 1319 1318 1318 1318 1303 1303 1303 1304 1304 1304 1321 1321 1321 1303 1303 1303 1321 1321 1321 1320 1320 1320 1304 1304 1304 1305 1305 1305 1322 1322 1322 1304 1304 1304 1322 1322 1322 1321 1321 1321 1305 1305 1305 1306 1306 1306 1323 1323 1323 1305 1305 1305 1323 1323 1323 1322 1322 1322 1306 1306 1306 1307 1307 1307 1324 1324 1324 1306 1306 1306 1324 1324 1324 1323 1323 1323 1307 1307 1307 1308 1308 1308 1325 1325 1325 1307 1307 1307 1325 1325 1325 1324 1324 1324 1308 1308 1308 1309 1309 1309 1326 1326 1326 1308 1308 1308 1326 1326 1326 1325 1325 1325 1309 1309 1309 1310 1310 1310 1327 1327 1327 1309 1309 1309 1327 1327 1327 1326 1326 1326 1310 1310 1310 1311 1311 1311 1328 1328 1328 1310 1310 1310 1328 1328 1328 1327 1327 1327 1311 1311 1311 1312 1312 1312 1329 1329 1329 1311 1311 1311 1329 1329 1329 1328 1328 1328 1312 1312 1312 1313 1313 1313 1330 1330 1330 1312 1312 1312 1330 1330 1330 1329 1329 1329 1313 1313 1313 1314 1314 1314 1331 1331 1331 1313 1313 1313 1331 1331 1331 1330 1330 1330 1314 1314 1314 1315 1315 1315 1332 1332 1332 1314 1314 1314 1332 1332 1332 1331 1331 1331 1315 1315 1315 1316 1316 1316 1333 1333 1333 1315 1315 1315 1333 1333 1333 1332 1332 1332 1316 1316 1316 1317 1317 1317 1334 1334 1334 1316 1316 1316 1334 1334 1334 1333 1333 1333 1317 1317 1317 1318 1318 1318 1335 1335 1335 1317 1317 1317 1335 1335 1335 1334 1334 1334 1318 1318 1318 1319 1319 1319 1336 1336 1336 1318 1318 1318 1336 1336 1336 1335 1335 1335 1320 1320 1320 1321 1321 1321 1338 1338 1338 1320 1320 1320 1338 1338 1338 1337 1337 1337 1321 1321 1321 1322 1322 1322 1339 1339 1339 1321 1321 1321 1339 1339 1339 1338 1338 1338 1322 1322 1322 1323 1323 1323 1340 1340 1340 1322 1322 1322 1340 1340 1340 1339 1339 1339 1323 1323 1323 1324 1324 1324 1341 1341 1341 1323 1323 1323 1341 1341 1341 1340 1340 1340 1324 1324 1324 1325 1325 1325 1342 1342 1342 1324 1324 1324 1342 1342 1342 1341 1341 1341 1325 1325 1325 1326 1326 1326 1343 1343 1343 1325 1325 1325 1343 1343 1343 1342 1342 1342 1326 1326 1326 1327 1327 1327 1344 1344 1344 1326 1326 1326 1344 1344 1344 1343 1343 1343 1327 1327 1327 1328 1328 1328 1345 1345 1345 1327 1327 1327 1345 1345 1345 1344 1344 1344 1328 1328 1328 1329 1329 1329 1346 1346 1346 1328 1328 1328 1346 1346 1346 1345 1345 1345 1329 1329 1329 1330 1330 1330 1347 1347 1347 1329 1329 1329 1347 1347 1347 1346 1346 1346 1330 1330 1330 1331 1331 1331 1348 1348 1348 1330 1330 1330 1348 1348 1348 1347 1347 1347 1331 1331 1331 1332 1332 1332 1349 1349 1349 1331 1331 1331 1349 1349 1349 1348 1348 1348 1332 1332 1332 1333 1333 1333 1350 1350 1350 1332 1332 1332 1350 1350 1350 1349 1349 1349 1333 1333 1333 1334 1334 1334 1351 1351 1351 1333 1333 1333 1351 1351 1351 1350 1350 1350 1334 1334 1334 1335 1335 1335 1352 1352 1352 1334 1334 1334 1352 1352 1352 1351 1351 1351 1335 1335 1335 1336 1336 1336 1353 1353 1353 1335 1335 1335 1353 1353 1353 1352 1352 1352 1337 1337 1337 1338 1338 1338 1355 1355 1355 1337 1337 1337 1355 1355 1355 1354 1354 1354 1338 1338 1338 1339 1339 1339 1356 1356 1356 1338 1338 1338 1356 1356 1356 1355 1355 1355 1339 1339 1339 1340 1340 1340 1357 1357 1357 1339 1339 1339 1357 1357 1357 1356 1356 1356 1340 1340 1340 1341 1341 1341 1358 1358 1358 1340 1340 1340 1358 1358 1358 1357 1357 1357 1341 1341 1341 1342 1342 1342 1359 1359 1359 1341 1341 1341 1359 1359 1359 1358 1358 1358 1342 1342 1342 1343 1343 1343 1360 1360 1360 1342 1342 1342 1360 1360 1360 1359 1359 1359 1343 1343 1343 1344 1344 1344 1361 1361 1361 1343 1343 1343 1361 1361 1361 1360 1360 1360 1344 1344 1344 1345 1345 1345 1362 1362 1362 1344 1344 1344 1362 1362 1362 1361 1361 1361 1345 1345 1345 1346 1346 1346 1363 1363 1363 1345 1345 1345 1363 1363 1363 1362 1362 1362 1346 1346 1346 1347 1347 1347 1364 1364 1364 1346 1346 1346 1364 1364 1364 1363 1363 1363 1347 1347 1347 1348 1348 1348 1365 1365 1365 1347 1347 1347 1365 1365 1365 1364 1364 1364 1348 1348 1348 1349 1349 1349 1366 1366 1366 1348 1348 1348 1366 1366 1366 1365 1365 1365 1349 1349 1349 1350 1350 1350 1367 1367 1367 1349 1349 1349 1367 1367 1367 1366 1366 1366 1350 1350 1350 1351 1351 1351 1368 1368 1368 1350 1350 1350 1368 1368 1368 1367 1367 1367 1351 1351 1351 1352 1352 1352 1369 1369 1369 1351 1351 1351 1369 1369 1369 1368 1368 1368 1352 1352 1352 1353 1353 1353 1370 1370 1370 1352 1352 1352 1370 1370 1370 1369 1369 1369 1354 1354 1354 1355 1355 1355 1372 1372 1372 1354 1354 1354 1372 1372 1372 1371 1371 1371 1355 1355 1355 1356 1356 1356 1373 1373 1373 1355 1355 1355 1373 1373 1373 1372 1372 1372 1356 1356 1356 1357 1357 1357 1374 1374 1374 1356 1356 1356 1374 1374 1374 1373 1373 1373 1357 1357 1357 1358 1358 1358 1375 1375 1375 1357 1357 1357 1375 1375 1375 1374 1374 1374 1358 1358 1358 1359 1359 1359 1376 1376 1376 1358 1358 1358 1376 1376 1376 1375 1375 1375 1359 1359 1359 1360 1360 1360 1377 1377 1377 1359 1359 1359 1377 1377 1377 1376 1376 1376 1360 1360 1360 1361 1361 1361 1378 1378 1378 1360 1360 1360 1378 1378 1378 1377 1377 1377 1361 1361 1361 1362 1362 1362 1379 1379 1379 1361 1361 1361 1379 1379 1379 1378 1378 1378 1362 1362 1362 1363 1363 1363 1380 1380 1380 1362 1362 1362 1380 1380 1380 1379 1379 1379 1363 1363 1363 1364 1364 1364 1381 1381 1381 1363 1363 1363 1381 1381 1381 1380 1380 1380 1364 1364 1364 1365 1365 1365 1382 1382 1382 1364 1364 1364 1382 1382 1382 1381 1381 1381 1365 1365 1365 1366 1366 1366 1383 1383 1383 1365 1365 1365 1383 1383 1383 1382 1382 1382 1366 1366 1366 1367 1367 1367 1384 1384 1384 1366 1366 1366 1384 1384 1384 1383 1383 1383 1367 1367 1367 1368 1368 1368 1385 1385 1385 1367 1367 1367 1385 1385 1385 1384 1384 1384 1368 1368 1368 1369 1369 1369 1386 1386 1386 1368 1368 1368 1386 1386 1386 1385 1385 1385 1369 1369 1369 1370 1370 1370 1387 1387 1387 1369 1369 1369 1387 1387 1387 1386 1386 1386 1371 1371 1371 1372 1372 1372 1389 1389 1389 1371 1371 1371 1389 1389 1389 1388 1388 1388 1372 1372 1372 1373 1373 1373 1390 1390 1390 1372 1372 1372 1390 1390 1390 1389 1389 1389 1373 1373 1373 1374 1374 1374 1391 1391 1391 1373 1373 1373 1391 1391 1391 1390 1390 1390 1374 1374 1374 1375 1375 1375 1392 1392 1392 1374 1374 1374 1392 1392 1392 1391 1391 1391 1375 1375 1375 1376 1376 1376 1393 1393 1393 1375 1375 1375 1393 1393 1393 1392 1392 1392 1376 1376 1376 1377 1377 1377 1394 1394 1394 1376 1376 1376 1394 1394 1394 1393 1393 1393 1377 1377 1377 1378 1378 1378 1395 1395 1395 1377 1377 1377 1395 1395 1395 1394 1394 1394 1378 1378 1378 1379 1379 1379 1396 1396 1396 1378 1378 1378 1396 1396 1396 1395 1395 1395 1379 1379 1379 1380 1380 1380 1397 1397 1397 1379 1379 1379 1397 1397 1397 1396 1396 1396 1380 1380 1380 1381 1381 1381 1398 1398 1398 1380 1380 1380 1398 1398 1398 1397 1397 1397 1381 1381 1381 1382 1382 1382 1399 1399 1399 1381 1381 1381 1399 1399 1399 1398 1398 1398 1382 1382 1382 1383 1383 1383 1400 1400 1400 1382 1382 1382 1400 1400 1400 1399 1399 1399 1383 1383 1383 1384 1384 1384 1401 1401 1401 1383 1383 1383 1401 1401 1401 1400 1400 1400 1384 1384 1384 1385 1385 1385 1402 1402 1402 1384 1384 1384 1402 1402 1402 1401 1401 1401 1385 1385 1385 1386 1386 1386 1403 1403 1403 1385 1385 1385 1403 1403 1403 1402 1402 1402 1386 1386 1386 1387 1387 1387 1404 1404 1404 1386 1386 1386 1404 1404 1404 1403 1403 1403 1388 1388 1388 1389 1389 1389 1406 1406 1406 1388 1388 1388 1406 1406 1406 1405 1405 1405 1389 1389 1389 1390 1390 1390 1407 1407 1407 1389 1389 1389 1407 1407 1407 1406 1406 1406 1390 1390 1390 1391 1391 1391 1408 1408 1408 1390 1390 1390 1408 1408 1408 1407 1407 1407 1391 1391 1391 1392 1392 1392 1409 1409 1409 1391 1391 1391 1409 1409 1409 1408 1408 1408 1392 1392 1392 1393 1393 1393 1410 1410 1410 1392 1392 1392 1410 1410 1410 1409 1409 1409 1393 1393 1393 1394 1394 1394 1411 1411 1411 1393 1393 1393 1411 1411 1411 1410 1410 1410 1394 1394 1394 1395 1395 1395 1412 1412 1412 1394 1394 1394 1412 1412 1412 1411 1411 1411 1395 1395 1395 1396 1396 1396 1413 1413 1413 1395 1395 1395 1413 1413 1413 1412 1412 1412 1396 1396 1396 1397 1397 1397 1414 1414 1414 1396 1396 1396 1414 1414 1414 1413 1413 1413 1397 1397 1397 1398 1398 1398 1415 1415 1415 1397 1397 1397 1415 1415 1415 1414 1414 1414 1398 1398 1398 1399 1399 1399 1416 1416 1416 1398 1398 1398 1416 1416 1416 1415 1415 1415 1399 1399 1399 1400 1400 1400 1417 1417 1417 1399 1399 1399 1417 1417 1417 1416 1416 1416 1400 1400 1400 1401 1401 1401 1418 1418 1418 1400 1400 1400 1418 1418 1418 1417 1417 1417 1401 1401 1401 1402 1402 1402 1419 1419 1419 1401 1401 1401 1419 1419 1419 1418 1418 1418 1402 1402 1402 1403 1403 1403 1420 1420 1420 1402 1402 1402 1420 1420 1420 1419 1419 1419 1403 1403 1403 1404 1404 1404 1421 1421 1421 1403 1403 1403 1421 1421 1421 1420 1420 1420 1405 1405 1405 1406 1406 1406 1423 1423 1423 1405 1405 1405 1423 1423 1423 1422 1422 1422 1406 1406 1406 1407 1407 1407 1424 1424 1424 1406 1406 1406 1424 1424 1424 1423 1423 1423 1407 1407 1407 1408 1408 1408 1425 1425 1425 1407 1407 1407 1425 1425 1425 1424 1424 1424 1408 1408 1408 1409 1409 1409 1426 1426 1426 1408 1408 1408 1426 1426 1426 1425 1425 1425 1409 1409 1409 1410 1410 1410 1427 1427 1427 1409 1409 1409 1427 1427 1427 1426 1426 1426 1410 1410 1410 1411 1411 1411 1428 1428 1428 1410 1410 1410 1428 1428 1428 1427 1427 1427 1411 1411 1411 1412 1412 1412 1429 1429 1429 1411 1411 1411 1429 1429 1429 1428 1428 1428 1412 1412 1412 1413 1413 1413 1430 1430 1430 1412 1412 1412 1430 1430 1430 1429 1429 1429 1413 1413 1413 1414 1414 1414 1431 1431 1431 1413 1413 1413 1431 1431 1431 1430 1430 1430 1414 1414 1414 1415 1415 1415 1432 1432 1432 1414 1414 1414 1432 1432 1432 1431 1431 1431 1415 1415 1415 1416 1416 1416 1433 1433 1433 1415 1415 1415 1433 1433 1433 1432 1432 1432 1416 1416 1416 1417 1417 1417 1434 1434 1434 1416 1416 1416 1434 1434 1434 1433 1433 1433 1417 1417 1417 1418 1418 1418 1435 1435 1435 1417 1417 1417 1435 1435 1435 1434 1434 1434 1418 1418 1418 1419 1419 1419 1436 1436 1436 1418 1418 1418 1436 1436 1436 1435 1435 1435 1419 1419 1419 1420 1420 1420 1437 1437 1437 1419 1419 1419 1437 1437 1437 1436 1436 1436 1420 1420 1420 1421 1421 1421 1438 1438 1438 1420 1420 1420 1438 1438 1438 1437 1437 1437 1422 1422 1422 1423 1423 1423 1440 1440 1440 1422 1422 1422 1440 1440 1440 1439 1439 1439 1423 1423 1423 1424 1424 1424 1441 1441 1441 1423 1423 1423 1441 1441 1441 1440 1440 1440 1424 1424 1424 1425 1425 1425 1442 1442 1442 1424 1424 1424 1442 1442 1442 1441 1441 1441 1425 1425 1425 1426 1426 1426 1443 1443 1443 1425 1425 1425 1443 1443 1443 1442 1442 1442 1426 1426 1426 1427 1427 1427 1444 1444 1444 1426 1426 1426 1444 1444 1444 1443 1443 1443 1427 1427 1427 1428 1428 1428 1445 1445 1445 1427 1427 1427 1445 1445 1445 1444 1444 1444 1428 1428 1428 1429 1429 1429 1446 1446 1446 1428 1428 1428 1446 1446 1446 1445 1445 1445 1429 1429 1429 1430 1430 1430 1447 1447 1447 1429 1429 1429 1447 1447 1447 1446 1446 1446 1430 1430 1430 1431 1431 1431 1448 1448 1448 1430 1430 1430 1448 1448 1448 1447 1447 1447 1431 1431 1431 1432 1432 1432 1449 1449 1449 1431 1431 1431 1449 1449 1449 1448 1448 1448 1432 1432 1432 1433 1433 1433 1450 1450 1450 1432 1432 1432 1450 1450 1450 1449 1449 1449 1433 1433 1433 1434 1434 1434 1451 1451 1451 1433 1433 1433 1451 1451 1451 1450 1450 1450 1434 1434 1434 1435 1435 1435 1452 1452 1452 1434 1434 1434 1452 1452 1452 1451 1451 1451 1435 1435 1435 1436 1436 1436 1453 1453 1453 1435 1435 1435 1453 1453 1453 1452 1452 1452 1436 1436 1436 1437 1437 1437 1454 1454 1454 1436 1436 1436 1454 1454 1454 1453 1453 1453 1437 1437 1437 1438 1438 1438 1455 1455 1455 1437 1437 1437 1455 1455 1455 1454 1454 1454 1439 1439 1439 1440 1440 1440 1457 1457 1457 1439 1439 1439 1457 1457 1457 1456 1456 1456 1440 1440 1440 1441 1441 1441 1458 1458 1458 1440 1440 1440 1458 1458 1458 1457 1457 1457 1441 1441 1441 1442 1442 1442 1459 1459 1459 1441 1441 1441 1459 1459 1459 1458 1458 1458 1442 1442 1442 1443 1443 1443 1460 1460 1460 1442 1442 1442 1460 1460 1460 1459 1459 1459 1443 1443 1443 1444 1444 1444 1461 1461 1461 1443 1443 1443 1461 1461 1461 1460 1460 1460 1444 1444 1444 1445 1445 1445 1462 1462 1462 1444 1444 1444 1462 1462 1462 1461 1461 1461 1445 1445 1445 1446 1446 1446 1463 1463 1463 1445 1445 1445 1463 1463 1463 1462 1462 1462 1446 1446 1446 1447 1447 1447 1464 1464 1464 1446 1446 1446 1464 1464 1464 1463 1463 1463 1447 1447 1447 1448 1448 1448 1465 1465 1465 1447 1447 1447 1465 1465 1465 1464 1464 1464 1448 1448 1448 1449 1449 1449 1466 1466 1466 1448 1448 1448 1466 1466 1466 1465 1465 1465 1449 1449 1449 1450 1450 1450 1467 1467 1467 1449 1449 1449 1467 1467 1467 1466 1466 1466 1450 1450 1450 1451 1451 1451 1468 1468 1468 1450 1450 1450 1468 1468 1468 1467 1467 1467 1451 1451 1451 1452 1452 1452 1469 1469 1469 1451 1451 1451 1469 1469 1469 1468 1468 1468 1452 1452 1452 1453 1453 1453 1470 1470 1470 1452 1452 1452 1470 1470 1470 1469 1469 1469 1453 1453 1453 1454 1454 1454 1471 1471 1471 1453 1453 1453 1471 1471 1471 1470 1470 1470 1454 1454 1454 1455 1455 1455 1472 1472 1472 1454 1454 1454 1472 1472 1472 1471 1471 1471 1456 1456 1456 1457 1457 1457 1474 1474 1474 1456 1456 1456 1474 1474 1474 1473 1473 1473 1457 1457 1457 1458 1458 1458 1475 1475 1475 1457 1457 1457 1475 1475 1475 1474 1474 1474 1458 1458 1458 1459 1459 1459 1476 1476 1476 1458 1458 1458 1476 1476 1476 1475 1475 1475 1459 1459 1459 1460 1460 1460 1477 1477 1477 1459 1459 1459 1477 1477 1477 1476 1476 1476 1460 1460 1460 1461 1461 1461 1478 1478 1478 1460 1460 1460 1478 1478 1478 1477 1477 1477 1461 1461 1461 1462 1462 1462 1479 1479 1479 1461 1461 1461 1479 1479 1479 1478 1478 1478 1462 1462 1462 1463 1463 1463 1480 1480 1480 1462 1462 1462 1480 1480 1480 1479 1479 1479 1463 1463 1463 1464 1464 1464 1481 1481 1481 1463 1463 1463 1481 1481 1481 1480 1480 1480 1464 1464 1464 1465 1465 1465 1482 1482 1482 1464 1464 1464 1482 1482 1482 1481 1481 1481 1465 1465 1465 1466 1466 1466 1483 1483 1483 1465 1465 1465 1483 1483 1483 1482 1482 1482 1466 1466 1466 1467 1467 1467 1484 1484 1484 1466 1466 1466 1484 1484 1484 1483 1483 1483 1467 1467 1467 1468 1468 1468 1485 1485 1485 1467 1467 1467 1485 1485 1485 1484 1484 1484 1468 1468 1468 1469 1469 1469 1486 1486 1486 1468 1468 1468 1486 1486 1486 1485 1485 1485 1469 1469 1469 1470 1470 1470 1487 1487 1487 1469 1469 1469 1487 1487 1487 1486 1486 1486 1470 1470 1470 1471 1471 1471 1488 1488 1488 1470 1470 1470 1488 1488 1488 1487 1487 1487 1471 1471 1471 1472 1472 1472 1489 1489 1489 1471 1471 1471 1489 1489 1489 1488 1488 1488 1473 1473 1473 1474 1474 1474 1491 1491 1491 1473 1473 1473 1491 1491 1491 1490 1490 1490 1474 1474 1474 1475 1475 1475 1492 1492 1492 1474 1474 1474 1492 1492 1492 1491 1491 1491 1475 1475 1475 1476 1476 1476 1493 1493 1493 1475 1475 1475 1493 1493 1493 1492 1492 1492 1476 1476 1476 1477 1477 1477 1494 1494 1494 1476 1476 1476 1494 1494 1494 1493 1493 1493 1477 1477 1477 1478 1478 1478 1495 1495 1495 1477 1477 1477 1495 1495 1495 1494 1494 1494 1478 1478 1478 1479 1479 1479 1496 1496 1496 1478 1478 1478 1496 1496 1496 1495 1495 1495 1479 1479 1479 1480 1480 1480 1497 1497 1497 1479 1479 1479 1497 1497 1497 1496 1496 1496 1480 1480 1480 1481 1481 1481 1498 1498 1498 1480 1480 1480 1498 1498 1498 1497 1497 1497 1481 1481 1481 1482 1482 1482 1499 1499 1499 1481 1481 1481 1499 1499 1499 1498 1498 1498 1482 1482 1482 1483 1483 1483 1500 1500 1500 1482 1482 1482 1500 1500 1500 1499 1499 1499 1483 1483 1483 1484 1484 1484 1501 1501 1501 1483 1483 1483 1501 1501 1501 1500 1500 1500 1484 1484 1484 1485 1485 1485 1502 1502 1502 1484 1484 1484 1502 1502 1502 1501 1501 1501 1485 1485 1485 1486 1486 1486 1503 1503 1503 1485 1485 1485 1503 1503 1503 1502 1502 1502 1486 1486 1486 1487 1487 1487 1504 1504 1504 1486 1486 1486 1504 1504 1504 1503 1503 1503 1487 1487 1487 1488 1488 1488 1505 1505 1505 1487 1487 1487 1505 1505 1505 1504 1504 1504 1488 1488 1488 1489 1489 1489 1506 1506 1506 1488 1488 1488 1506 1506 1506 1505 1505 1505 1490 1490 1490 1491 1491 1491 1508 1508 1508 1490 1490 1490 1508 1508 1508 1507 1507 1507 1491 1491 1491 1492 1492 1492 1509 1509 1509 1491 1491 1491 1509 1509 1509 1508 1508 1508 1492 1492 1492 1493 1493 1493 1510 1510 1510 1492 1492 1492 1510 1510 1510 1509 1509 1509 1493 1493 1493 1494 1494 1494 1511 1511 1511 1493 1493 1493 1511 1511 1511 1510 1510 1510 1494 1494 1494 1495 1495 1495 1512 1512 1512 1494 1494 1494 1512 1512 1512 1511 1511 1511 1495 1495 1495 1496 1496 1496 1513 1513 1513 1495 1495 1495 1513 1513 1513 1512 1512 1512 1496 1496 1496 1497 1497 1497 1514 1514 1514 1496 1496 1496 1514 1514 1514 1513 1513 1513 1497 1497 1497 1498 1498 1498 1515 1515 1515 1497 1497 1497 1515 1515 1515 1514 1514 1514 1498 1498 1498 1499 1499 1499 1516 1516 1516 1498 1498 1498 1516 1516 1516 1515 1515 1515 1499 1499 1499 1500 1500 1500 1517 1517 1517 1499 1499 1499 1517 1517 1517 1516 1516 1516 1500 1500 1500 1501 1501 1501 1518 1518 1518 1500 1500 1500 1518 1518 1518 1517 1517 1517 1501 1501 1501 1502 1502 1502 1519 1519 1519 1501 1501 1501 1519 1519 1519 1518 1518 1518 1502 1502 1502 1503 1503 1503 1520 1520 1520 1502 1502 1502 1520 1520 1520 1519 1519 1519 1503 1503 1503 1504 1504 1504 1521 1521 1521 1503 1503 1503 1521 1521 1521 1520 1520 1520 1504 1504 1504 1505 1505 1505 1522 1522 1522 1504 1504 1504 1522 1522 1522 1521 1521 1521 1505 1505 1505 1506 1506 1506 1523 1523 1523 1505 1505 1505 1523 1523 1523 1522 1522 1522 1507 1507 1507 1508 1508 1508 1525 1525 1525 1507 1507 1507 1525 1525 1525 1524 1524 1524 1508 1508 1508 1509 1509 1509 1526 1526 1526 1508 1508 1508 1526 1526 1526 1525 1525 1525 1509 1509 1509 1510 1510 1510 1527 1527 1527 1509 1509 1509 1527 1527 1527 1526 1526 1526 1510 1510 1510 1511 1511 1511 1528 1528 1528 1510 1510 1510 1528 1528 1528 1527 1527 1527 1511 1511 1511 1512 1512 1512 1529 1529 1529 1511 1511 1511 1529 1529 1529 1528 1528 1528 1512 1512 1512 1513 1513 1513 1530 1530 1530 1512 1512 1512 1530 1530 1530 1529 1529 1529 1513 1513 1513 1514 1514 1514 1531 1531 1531 1513 1513 1513 1531 1531 1531 1530 1530 1530 1514 1514 1514 1515 1515 1515 1532 1532 1532 1514 1514 1514 1532 1532 1532 1531 1531 1531 1515 1515 1515 1516 1516 1516 1533 1533 1533 1515 1515 1515 1533 1533 1533 1532 1532 1532 1516 1516 1516 1517 1517 1517 1534 1534 1534 1516 1516 1516 1534 1534 1534 1533 1533 1533 1517 1517 1517 1518 1518 1518 1535 1535 1535 1517 1517 1517 1535 1535 1535 1534 1534 1534 1518 1518 1518 1519 1519 1519 1536 1536 1536 1518 1518 1518 1536 1536 1536 1535 1535 1535 1519 1519 1519 1520 1520 1520 1537 1537 1537 1519 1519 1519 1537 1537 1537 1536 1536 1536 1520 1520 1520 1521 1521 1521 1538 1538 1538 1520 1520 1520 1538 1538 1538 1537 1537 1537 1521 1521 1521 1522 1522 1522 1539 1539 1539 1521 1521 1521 1539 1539 1539 1538 1538 1538 1522 1522 1522 1523 1523 1523 1540 1540 1540 1522 1522 1522 1540 1540 1540 1539 1539 1539 1524 1524 1524 1525 1525 1525 1542 1542 1542 1524 1524 1524 1542 1542 1542 1541 1541 1541 1525 1525 1525 1526 1526 1526 1543 1543 1543 1525 1525 1525 1543 1543 1543 1542 1542 1542 1526 1526 1526 1527 1527 1527 1544 1544 1544 1526 1526 1526 1544 1544 1544 1543 1543 1543 1527 1527 1527 1528 1528 1528 1545 1545 1545 1527 1527 1527 1545 1545 1545 1544 1544 1544 1528 1528 1528 1529 1529 1529 1546 1546 1546 1528 1528 1528 1546 1546 1546 1545 1545 1545 1529 1529 1529 1530 1530 1530 1547 1547 1547 1529 1529 1529 1547 1547 1547 1546 1546 1546 1530 1530 1530 1531 1531 1531 1548 1548 1548 1530 1530 1530 1548 1548 1548 1547 1547 1547 1531 1531 1531 1532 1532 1532 1549 1549 1549 1531 1531 1531 1549 1549 1549 1548 1548 1548 1532 1532 1532 1533 1533 1533 1550 1550 1550 1532 1532 1532 1550 1550 1550 1549 1549 1549 1533 1533 1533 1534 1534 1534 1551 1551 1551 1533 1533 1533 1551 1551 1551 1550 1550 1550 1534 1534 1534 1535 1535 1535 1552 1552 1552 1534 1534 1534 1552 1552 1552 1551 1551 1551 1535 1535 1535 1536 1536 1536 1553 1553 1553 1535 1535 1535 1553 1553 1553 1552 1552 1552 1536 1536 1536 1537 1537 1537 1554 1554 1554 1536 1536 1536 1554 1554 1554 1553 1553 1553 1537 1537 1537 1538 1538 1538 1555 1555 1555 1537 1537 1537 1555 1555 1555 1554 1554 1554 1538 1538 1538 1539 1539 1539 1556 1556 1556 1538 1538 1538 1556 1556 1556 1555 1555 1555 1539 1539 1539 1540 1540 1540 1557 1557 1557 1539 1539 1539 1557 1557 1557 1556 1556 1556 1541 1541 1541 1542 1542 1542 1559 1559 1559 1541 1541 1541 1559 1559 1559 1558 1558 1558 1542 1542 1542 1543 1543 1543 1560 1560 1560 1542 1542 1542 1560 1560 1560 1559 1559 1559 1543 1543 1543 1544 1544 1544 1561 1561 1561 1543 1543 1543 1561 1561 1561 1560 1560 1560 1544 1544 1544 1545 1545 1545 1562 1562 1562 1544 1544 1544 1562 1562 1562 1561 1561 1561 1545 1545 1545 1546 1546 1546 1563 1563 1563 1545 1545 1545 1563 1563 1563 1562 1562 1562 1546 1546 1546 1547 1547 1547 1564 1564 1564 1546 1546 1546 1564 1564 1564 1563 1563 1563 1547 1547 1547 1548 1548 1548 1565 1565 1565 1547 1547 1547 1565 1565 1565 1564 1564 1564 1548 1548 1548 1549 1549 1549 1566 1566 1566 1548 1548 1548 1566 1566 1566 1565 1565 1565 1549 1549 1549 1550 1550 1550 1567 1567 1567 1549 1549 1549 1567 1567 1567 1566 1566 1566 1550 1550 1550 1551 1551 1551 1568 1568 1568 1550 1550 1550 1568 1568 1568 1567 1567 1567 1551 1551 1551 1552 1552 1552 1569 1569 1569 1551 1551 1551 1569 1569 1569 1568 1568 1568 1552 1552 1552 1553 1553 1553 1570 1570 1570 1552 1552 1552 1570 1570 1570 1569 1569 1569 1553 1553 1553 1554 1554 1554 1571 1571 1571 1553 1553 1553 1571 1571 1571 1570 1570 1570 1554 1554 1554 1555 1555 1555 1572 1572 1572 1554 1554 1554 1572 1572 1572 1571 1571 1571 1555 1555 1555 1556 1556 1556 1573 1573 1573 1555 1555 1555 1573 1573 1573 1572 1572 1572 1556 1556 1556 1557 1557 1557 1574 1574 1574 1556 1556 1556 1574 1574 1574 1573 1573 1573 1558 1558 1558 1559 1559 1559 1576 1576 1576 1558 1558 1558 1576 1576 1576 1575 1575 1575 1559 1559 1559 1560 1560 1560 1577 1577 1577 1559 1559 1559 1577 1577 1577 1576 1576 1576 1560 1560 1560 1561 1561 1561 1578 1578 1578 1560 1560 1560 1578 1578 1578 1577 1577 1577 1561 1561 1561 1562 1562 1562 1579 1579 1579 1561 1561 1561 1579 1579 1579 1578 1578 1578 1562 1562 1562 1563 1563 1563 1580 1580 1580 1562 1562 1562 1580 1580 1580 1579 1579 1579 1563 1563 1563 1564 1564 1564 1581 1581 1581 1563 1563 1563 1581 1581 1581 1580 1580 1580 1564 1564 1564 1565 1565 1565 1582 1582 1582 1564 1564 1564 1582 1582 1582 1581 1581 1581 1565 1565 1565 1566 1566 1566 1583 1583 1583 1565 1565 1565 1583 1583 1583 1582 1582 1582 1566 1566 1566 1567 1567 1567 1584 1584 1584 1566 1566 1566 1584 1584 1584 1583 1583 1583 1567 1567 1567 1568 1568 1568 1585 1585 1585 1567 1567 1567 1585 1585 1585 1584 1584 1584 1568 1568 1568 1569 1569 1569 1586 1586 1586 1568 1568 1568 1586 1586 1586 1585 1585 1585 1569 1569 1569 1570 1570 1570 1587 1587 1587 1569 1569 1569 1587 1587 1587 1586 1586 1586 1570 1570 1570 1571 1571 1571 1588 1588 1588 1570 1570 1570 1588 1588 1588 1587 1587 1587 1571 1571 1571 1572 1572 1572 1589 1589 1589 1571 1571 1571 1589 1589 1589 1588 1588 1588 1572 1572 1572 1573 1573 1573 1590 1590 1590 1572 1572 1572 1590 1590 1590 1589 1589 1589 1573 1573 1573 1574 1574 1574 1591 1591 1591 1573 1573 1573 1591 1591 1591 1590 1590 1590 1575 1575 1575 1576 1576 1576 1593 1593 1593 1575 1575 1575 1593 1593 1593 1592 1592 1592 1576 1576 1576 1577 1577 1577 1594 1594 1594 1576 1576 1576 1594 1594 1594 1593 1593 1593 1577 1577 1577 1578 1578 1578 1595 1595 1595 1577 1577 1577 1595 1595 1595 1594 1594 1594 1578 1578 1578 1579 1579 1579 1596 1596 1596 1578 1578 1578 1596 1596 1596 1595 1595 1595 1579 1579 1579 1580 1580 1580 1597 1597 1597 1579 1579 1579 1597 1597 1597 1596 1596 1596 1580 1580 1580 1581 1581 1581 1598 1598 1598 1580 1580 1580 1598 1598 1598 1597 1597 1597 1581 1581 1581 1582 1582 1582 1599 1599 1599 1581 1581 1581 1599 1599 1599 1598 1598 1598 1582 1582 1582 1583 1583 1583 1600 1600 1600 1582 1582 1582 1600 1600 1600 1599 1599 1599 1583 1583 1583 1584 1584 1584 1601 1601 1601 1583 1583 1583 1601 1601 1601 1600 1600 1600 1584 1584 1584 1585 1585 1585 1602 1602 1602 1584 1584 1584 1602 1602 1602 1601 1601 1601 1585 1585 1585 1586 1586 1586 1603 1603 1603 1585 1585 1585 1603 1603 1603 1602 1602 1602 1586 1586 1586 1587 1587 1587 1604 1604 1604 1586 1586 1586 1604 1604 1604 1603 1603 1603 1587 1587 1587 1588 1588 1588 1605 1605 1605 1587 1587 1587 1605 1605 1605 1604 1604 1604 1588 1588 1588 1589 1589 1589 1606 1606 1606 1588 1588 1588 1606 1606 1606 1605 1605 1605 1589 1589 1589 1590 1590 1590 1607 1607 1607 1589 1589 1589 1607 1607 1607 1606 1606 1606 1590 1590 1590 1591 1591 1591 1608 1608 1608 1590 1590 1590 1608 1608 1608 1607 1607 1607 1609 1609 1609 1610 1610 1610 1627 1627 1627 1609 1609 1609 1627 1627 1627 1626 1626 1626 1610 1610 1610 1611 1611 1611 1628 1628 1628 1610 1610 1610 1628 1628 1628 1627 1627 1627 1611 1611 1611 1612 1612 1612 1629 1629 1629 1611 1611 1611 1629 1629 1629 1628 1628 1628 1612 1612 1612 1613 1613 1613 1630 1630 1630 1612 1612 1612 1630 1630 1630 1629 1629 1629 1613 1613 1613 1614 1614 1614 1631 1631 1631 1613 1613 1613 1631 1631 1631 1630 1630 1630 1614 1614 1614 1615 1615 1615 1632 1632 1632 1614 1614 1614 1632 1632 1632 1631 1631 1631 1615 1615 1615 1616 1616 1616 1633 1633 1633 1615 1615 1615 1633 1633 1633 1632 1632 1632 1616 1616 1616 1617 1617 1617 1634 1634 1634 1616 1616 1616 1634 1634 1634 1633 1633 1633 1617 1617 1617 1618 1618 1618 1635 1635 1635 1617 1617 1617 1635 1635 1635 1634 1634 1634 1618 1618 1618 1619 1619 1619 1636 1636 1636 1618 1618 1618 1636 1636 1636 1635 1635 1635 1619 1619 1619 1620 1620 1620 1637 1637 1637 1619 1619 1619 1637 1637 1637 1636 1636 1636 1620 1620 1620 1621 1621 1621 1638 1638 1638 1620 1620 1620 1638 1638 1638 1637 1637 1637 1621 1621 1621 1622 1622 1622 1639 1639 1639 1621 1621 1621 1639 1639 1639 1638 1638 1638 1622 1622 1622 1623 1623 1623 1640 1640 1640 1622 1622 1622 1640 1640 1640 1639 1639 1639 1623 1623 1623 1624 1624 1624 1641 1641 1641 1623 1623 1623 1641 1641 1641 1640 1640 1640 1624 1624 1624 1625 1625 1625 1642 1642 1642 1624 1624 1624 1642 1642 1642 1641 1641 1641 1626 1626 1626 1627 1627 1627 1644 1644 1644 1626 1626 1626 1644 1644 1644 1643 1643 1643 1627 1627 1627 1628 1628 1628 1645 1645 1645 1627 1627 1627 1645 1645 1645 1644 1644 1644 1628 1628 1628 1629 1629 1629 1646 1646 1646 1628 1628 1628 1646 1646 1646 1645 1645 1645 1629 1629 1629 1630 1630 1630 1647 1647 1647 1629 1629 1629 1647 1647 1647 1646 1646 1646 1630 1630 1630 1631 1631 1631 1648 1648 1648 1630 1630 1630 1648 1648 1648 1647 1647 1647 1631 1631 1631 1632 1632 1632 1649 1649 1649 1631 1631 1631 1649 1649 1649 1648 1648 1648 1632 1632 1632 1633 1633 1633 1650 1650 1650 1632 1632 1632 1650 1650 1650 1649 1649 1649 1633 1633 1633 1634 1634 1634 1651 1651 1651 1633 1633 1633 1651 1651 1651 1650 1650 1650 1634 1634 1634 1635 1635 1635 1652 1652 1652 1634 1634 1634 1652 1652 1652 1651 1651 1651 1635 1635 1635 1636 1636 1636 1653 1653 1653 1635 1635 1635 1653 1653 1653 1652 1652 1652 1636 1636 1636 1637 1637 1637 1654 1654 1654 1636 1636 1636 1654 1654 1654 1653 1653 1653 1637 1637 1637 1638 1638 1638 1655 1655 1655 1637 1637 1637 1655 1655 1655 1654 1654 1654 1638 1638 1638 1639 1639 1639 1656 1656 1656 1638 1638 1638 1656 1656 1656 1655 1655 1655 1639 1639 1639 1640 1640 1640 1657 1657 1657 1639 1639 1639 1657 1657 1657 1656 1656 1656 1640 1640 1640 1641 1641 1641 1658 1658 1658 1640 1640 1640 1658 1658 1658 1657 1657 1657 1641 1641 1641 1642 1642 1642 1659 1659 1659 1641 1641 1641 1659 1659 1659 1658 1658 1658 1643 1643 1643 1644 1644 1644 1661 1661 1661 1643 1643 1643 1661 1661 1661 1660 1660 1660 1644 1644 1644 1645 1645 1645 1662 1662 1662 1644 1644 1644 1662 1662 1662 1661 1661 1661 1645 1645 1645 1646 1646 1646 1663 1663 1663 1645 1645 1645 1663 1663 1663 1662 1662 1662 1646 1646 1646 1647 1647 1647 1664 1664 1664 1646 1646 1646 1664 1664 1664 1663 1663 1663 1647 1647 1647 1648 1648 1648 1665 1665 1665 1647 1647 1647 1665 1665 1665 1664 1664 1664 1648 1648 1648 1649 1649 1649 1666 1666 1666 1648 1648 1648 1666 1666 1666 1665 1665 1665 1649 1649 1649 1650 1650 1650 1667 1667 1667 1649 1649 1649 1667 1667 1667 1666 1666 1666 1650 1650 1650 1651 1651 1651 1668 1668 1668 1650 1650 1650 1668 1668 1668 1667 1667 1667 1651 1651 1651 1652 1652 1652 1669 1669 1669 1651 1651 1651 1669 1669 1669 1668 1668 1668 1652 1652 1652 1653 1653 1653 1670 1670 1670 1652 1652 1652 1670 1670 1670 1669 1669 1669 1653 1653 1653 1654 1654 1654 1671 1671 1671 1653 1653 1653 1671 1671 1671 1670 1670 1670 1654 1654 1654 1655 1655 1655 1672 1672 1672 1654 1654 1654 1672 1672 1672 1671 1671 1671 1655 1655 1655 1656 1656 1656 1673 1673 1673 1655 1655 1655 1673 1673 1673 1672 1672 1672 1656 1656 1656 1657 1657 1657 1674 1674 1674 1656 1656 1656 1674 1674 1674 1673 1673 1673 1657 1657 1657 1658 1658 1658 1675 1675 1675 1657 1657 1657 1675 1675 1675 1674 1674 1674 1658 1658 1658 1659 1659 1659 1676 1676 1676 1658 1658 1658 1676 1676 1676 1675 1675 1675 1660 1660 1660 1661 1661 1661 1678 1678 1678 1660 1660 1660 1678 1678 1678 1677 1677 1677 1661 1661 1661 1662 1662 1662 1679 1679 1679 1661 1661 1661 1679 1679 1679 1678 1678 1678 1662 1662 1662 1663 1663 1663 1680 1680 1680 1662 1662 1662 1680 1680 1680 1679 1679 1679 1663 1663 1663 1664 1664 1664 1681 1681 1681 1663 1663 1663 1681 1681 1681 1680 1680 1680 1664 1664 1664 1665 1665 1665 1682 1682 1682 1664 1664 1664 1682 1682 1682 1681 1681 1681 1665 1665 1665 1666 1666 1666 1683 1683 1683 1665 1665 1665 1683 1683 1683 1682 1682 1682 1666 1666 1666 1667 1667 1667 1684 1684 1684 1666 1666 1666 1684 1684 1684 1683 1683 1683 1667 1667 1667 1668 1668 1668 1685 1685 1685 1667 1667 1667 1685 1685 1685 1684 1684 1684 1668 1668 1668 1669 1669 1669 1686 1686 1686 1668 1668 1668 1686 1686 1686 1685 1685 1685 1669 1669 1669 1670 1670 1670 1687 1687 1687 1669 1669 1669 1687 1687 1687 1686 1686 1686 1670 1670 1670 1671 1671 1671 1688 1688 1688 1670 1670 1670 1688 1688 1688 1687 1687 1687 1671 1671 1671 1672 1672 1672 1689 1689 1689 1671 1671 1671 1689 1689 1689 1688 1688 1688 1672 1672 1672 1673 1673 1673 1690 1690 1690 1672 1672 1672 1690 1690 1690 1689 1689 1689 1673 1673 1673 1674 1674 1674 1691 1691 1691 1673 1673 1673 1691 1691 1691 1690 1690 1690 1674 1674 1674 1675 1675 1675 1692 1692 1692 1674 1674 1674 1692 1692 1692 1691 1691 1691 1675 1675 1675 1676 1676 1676 1693 1693 1693 1675 1675 1675 1693 1693 1693 1692 1692 1692 1677 1677 1677 1678 1678 1678 1695 1695 1695 1677 1677 1677 1695 1695 1695 1694 1694 1694 1678 1678 1678 1679 1679 1679 1696 1696 1696 1678 1678 1678 1696 1696 1696 1695 1695 1695 1679 1679 1679 1680 1680 1680 1697 1697 1697 1679 1679 1679 1697 1697 1697 1696 1696 1696 1680 1680 1680 1681 1681 1681 1698 1698 1698 1680 1680 1680 1698 1698 1698 1697 1697 1697 1681 1681 1681 1682 1682 1682 1699 1699 1699 1681 1681 1681 1699 1699 1699 1698 1698 1698 1682 1682 1682 1683 1683 1683 1700 1700 1700 1682 1682 1682 1700 1700 1700 1699 1699 1699 1683 1683 1683 1684 1684 1684 1701 1701 1701 1683 1683 1683 1701 1701 1701 1700 1700 1700 1684 1684 1684 1685 1685 1685 1702 1702 1702 1684 1684 1684 1702 1702 1702 1701 1701 1701 1685 1685 1685 1686 1686 1686 1703 1703 1703 1685 1685 1685 1703 1703 1703 1702 1702 1702 1686 1686 1686 1687 1687 1687 1704 1704 1704 1686 1686 1686 1704 1704 1704 1703 1703 1703 1687 1687 1687 1688 1688 1688 1705 1705 1705 1687 1687 1687 1705 1705 1705 1704 1704 1704 1688 1688 1688 1689 1689 1689 1706 1706 1706 1688 1688 1688 1706 1706 1706 1705 1705 1705 1689 1689 1689 1690 1690 1690 1707 1707 1707 1689 1689 1689 1707 1707 1707 1706 1706 1706 1690 1690 1690 1691 1691 1691 1708 1708 1708 1690 1690 1690 1708 1708 1708 1707 1707 1707 1691 1691 1691 1692 1692 1692 1709 1709 1709 1691 1691 1691 1709 1709 1709 1708 1708 1708 1692 1692 1692 1693 1693 1693 1710 1710 1710 1692 1692 1692 1710 1710 1710 1709 1709 1709 1694 1694 1694 1695 1695 1695 1712 1712 1712 1694 1694 1694 1712 1712 1712 1711 1711 1711 1695 1695 1695 1696 1696 1696 1713 1713 1713 1695 1695 1695 1713 1713 1713 1712 1712 1712 1696 1696 1696 1697 1697 1697 1714 1714 1714 1696 1696 1696 1714 1714 1714 1713 1713 1713 1697 1697 1697 1698 1698 1698 1715 1715 1715 1697 1697 1697 1715 1715 1715 1714 1714 1714 1698 1698 1698 1699 1699 1699 1716 1716 1716 1698 1698 1698 1716 1716 1716 1715 1715 1715 1699 1699 1699 1700 1700 1700 1717 1717 1717 1699 1699 1699 1717 1717 1717 1716 1716 1716 1700 1700 1700 1701 1701 1701 1718 1718 1718 1700 1700 1700 1718 1718 1718 1717 1717 1717 1701 1701 1701 1702 1702 1702 1719 1719 1719 1701 1701 1701 1719 1719 1719 1718 1718 1718 1702 1702 1702 1703 1703 1703 1720 1720 1720 1702 1702 1702 1720 1720 1720 1719 1719 1719 1703 1703 1703 1704 1704 1704 1721 1721 1721 1703 1703 1703 1721 1721 1721 1720 1720 1720 1704 1704 1704 1705 1705 1705 1722 1722 1722 1704 1704 1704 1722 1722 1722 1721 1721 1721 1705 1705 1705 1706 1706 1706 1723 1723 1723 1705 1705 1705 1723 1723 1723 1722 1722 1722 1706 1706 1706 1707 1707 1707 1724 1724 1724 1706 1706 1706 1724 1724 1724 1723 1723 1723 1707 1707 1707 1708 1708 1708 1725 1725 1725 1707 1707 1707 1725 1725 1725 1724 1724 1724 1708 1708 1708 1709 1709 1709 1726 1726 1726 1708 1708 1708 1726 1726 1726 1725 1725 1725 1709 1709 1709 1710 1710 1710 1727 1727 1727 1709 1709 1709 1727 1727 1727 1726 1726 1726 1711 1711 1711 1712 1712 1712 1729 1729 1729 1711 1711 1711 1729 1729 1729 1728 1728 1728 1712 1712 1712 1713 1713 1713 1730 1730 1730 1712 1712 1712 1730 1730 1730 1729 1729 1729 1713 1713 1713 1714 1714 1714 1731 1731 1731 1713 1713 1713 1731 1731 1731 1730 1730 1730 1714 1714 1714 1715 1715 1715 1732 1732 1732 1714 1714 1714 1732 1732 1732 1731 1731 1731 1715 1715 1715 1716 1716 1716 1733 1733 1733 1715 1715 1715 1733 1733 1733 1732 1732 1732 1716 1716 1716 1717 1717 1717 1734 1734 1734 1716 1716 1716 1734 1734 1734 1733 1733 1733 1717 1717 1717 1718 1718 1718 1735 1735 1735 1717 1717 1717 1735 1735 1735 1734 1734 1734 1718 1718 1718 1719 1719 1719 1736 1736 1736 1718 1718 1718 1736 1736 1736 1735 1735 1735 1719 1719 1719 1720 1720 1720 1737 1737 1737 1719 1719 1719 1737 1737 1737 1736 1736 1736 1720 1720 1720 1721 1721 1721 1738 1738 1738 1720 1720 1720 1738 1738 1738 1737 1737 1737 1721 1721 1721 1722 1722 1722 1739 1739 1739 1721 1721 1721 1739 1739 1739 1738 1738 1738 1722 1722 1722 1723 1723 1723 1740 1740 1740 1722 1722 1722 1740 1740 1740 1739 1739 1739 1723 1723 1723 1724 1724 1724 1741 1741 1741 1723 1723 1723 1741 1741 1741 1740 1740 1740 1724 1724 1724 1725 1725 1725 1742 1742 1742 1724 1724 1724 1742 1742 1742 1741 1741 1741 1725 1725 1725 1726 1726 1726 1743 1743 1743 1725 1725 1725 1743 1743 1743 1742 1742 1742 1726 1726 1726 1727 1727 1727 1744 1744 1744 1726 1726 1726 1744 1744 1744 1743 1743 1743 1728 1728 1728 1729 1729 1729 1746 1746 1746 1728 1728 1728 1746 1746 1746 1745 1745 1745 1729 1729 1729 1730 1730 1730 1747 1747 1747 1729 1729 1729 1747 1747 1747 1746 1746 1746 1730 1730 1730 1731 1731 1731 1748 1748 1748 1730 1730 1730 1748 1748 1748 1747 1747 1747 1731 1731 1731 1732 1732 1732 1749 1749 1749 1731 1731 1731 1749 1749 1749 1748 1748 1748 1732 1732 1732 1733 1733 1733 1750 1750 1750 1732 1732 1732 1750 1750 1750 1749 1749 1749 1733 1733 1733 1734 1734 1734 1751 1751 1751 1733 1733 1733 1751 1751 1751 1750 1750 1750 1734 1734 1734 1735 1735 1735 1752 1752 1752 1734 1734 1734 1752 1752 1752 1751 1751 1751 1735 1735 1735 1736 1736 1736 1753 1753 1753 1735 1735 1735 1753 1753 1753 1752 1752 1752 1736 1736 1736 1737 1737 1737 1754 1754 1754 1736 1736 1736 1754 1754 1754 1753 1753 1753 1737 1737 1737 1738 1738 1738 1755 1755 1755 1737 1737 1737 1755 1755 1755 1754 1754 1754 1738 1738 1738 1739 1739 1739 1756 1756 1756 1738 1738 1738 1756 1756 1756 1755 1755 1755 1739 1739 1739 1740 1740 1740 1757 1757 1757 1739 1739 1739 1757 1757 1757 1756 1756 1756 1740 1740 1740 1741 1741 1741 1758 1758 1758 1740 1740 1740 1758 1758 1758 1757 1757 1757 1741 1741 1741 1742 1742 1742 1759 1759 1759 1741 1741 1741 1759 1759 1759 1758 1758 1758 1742 1742 1742 1743 1743 1743 1760 1760 1760 1742 1742 1742 1760 1760 1760 1759 1759 1759 1743 1743 1743 1744 1744 1744 1761 1761 1761 1743 1743 1743 1761 1761 1761 1760 1760 1760 1745 1745 1745 1746 1746 1746 1763 1763 1763 1745 1745 1745 1763 1763 1763 1762 1762 1762 1746 1746 1746 1747 1747 1747 1764 1764 1764 1746 1746 1746 1764 1764 1764 1763 1763 1763 1747 1747 1747 1748 1748 1748 1765 1765 1765 1747 1747 1747 1765 1765 1765 1764 1764 1764 1748 1748 1748 1749 1749 1749 1766 1766 1766 1748 1748 1748 1766 1766 1766 1765 1765 1765 1749 1749 1749 1750 1750 1750 1767 1767 1767 1749 1749 1749 1767 1767 1767 1766 1766 1766 1750 1750 1750 1751 1751 1751 1768 1768 1768 1750 1750 1750 1768 1768 1768 1767 1767 1767 1751 1751 1751 1752 1752 1752 1769 1769 1769 1751 1751 1751 1769 1769 1769 1768 1768 1768 1752 1752 1752 1753 1753 1753 1770 1770 1770 1752 1752 1752 1770 1770 1770 1769 1769 1769 1753 1753 1753 1754 1754 1754 1771 1771 1771 1753 1753 1753 1771 1771 1771 1770 1770 1770 1754 1754 1754 1755 1755 1755 1772 1772 1772 1754 1754 1754 1772 1772 1772 1771 1771 1771 1755 1755 1755 1756 1756 1756 1773 1773 1773 1755 1755 1755 1773 1773 1773 1772 1772 1772 1756 1756 1756 1757 1757 1757 1774 1774 1774 1756 1756 1756 1774 1774 1774 1773 1773 1773 1757 1757 1757 1758 1758 1758 1775 1775 1775 1757 1757 1757 1775 1775 1775 1774 1774 1774 1758 1758 1758 1759 1759 1759 1776 1776 1776 1758 1758 1758 1776 1776 1776 1775 1775 1775 1759 1759 1759 1760 1760 1760 1777 1777 1777 1759 1759 1759 1777 1777 1777 1776 1776 1776 1760 1760 1760 1761 1761 1761 1778 1778 1778 1760 1760 1760 1778 1778 1778 1777 1777 1777 1762 1762 1762 1763 1763 1763 1780 1780 1780 1762 1762 1762 1780 1780 1780 1779 1779 1779 1763 1763 1763 1764 1764 1764 1781 1781 1781 1763 1763 1763 1781 1781 1781 1780 1780 1780 1764 1764 1764 1765 1765 1765 1782 1782 1782 1764 1764 1764 1782 1782 1782 1781 1781 1781 1765 1765 1765 1766 1766 1766 1783 1783 1783 1765 1765 1765 1783 1783 1783 1782 1782 1782 1766 1766 1766 1767 1767 1767 1784 1784 1784 1766 1766 1766 1784 1784 1784 1783 1783 1783 1767 1767 1767 1768 1768 1768 1785 1785 1785 1767 1767 1767 1785 1785 1785 1784 1784 1784 1768 1768 1768 1769 1769 1769 1786 1786 1786 1768 1768 1768 1786 1786 1786 1785 1785 1785 1769 1769 1769 1770 1770 1770 1787 1787 1787 1769 1769 1769 1787 1787 1787 1786 1786 1786 1770 1770 1770 1771 1771 1771 1788 1788 1788 1770 1770 1770 1788 1788 1788 1787 1787 1787 1771 1771 1771 1772 1772 1772 1789 1789 1789 1771 1771 1771 1789 1789 1789 1788 1788 1788 1772 1772 1772 1773 1773 1773 1790 1790 1790 1772 1772 1772 1790 1790 1790 1789 1789 1789 1773 1773 1773 1774 1774 1774 1791 1791 1791 1773 1773 1773 1791 1791 1791 1790 1790 1790 1774 1774 1774 1775 1775 1775 1792 1792 1792 1774 1774 1774 1792 1792 1792 1791 1791 1791 1775 1775 1775 1776 1776 1776 1793 1793 1793 1775 1775 1775 1793 1793 1793 1792 1792 1792 1776 1776 1776 1777 1777 1777 1794 1794 1794 1776 1776 1776 1794 1794 1794 1793 1793 1793 1777 1777 1777 1778 1778 1778 1795 1795 1795 1777 1777 1777 1795 1795 1795 1794 1794 1794 1779 1779 1779 1780 1780 1780 1797 1797 1797 1779 1779 1779 1797 1797 1797 1796 1796 1796 1780 1780 1780 1781 1781 1781 1798 1798 1798 1780 1780 1780 1798 1798 1798 1797 1797 1797 1781 1781 1781 1782 1782 1782 1799 1799 1799 1781 1781 1781 1799 1799 1799 1798 1798 1798 1782 1782 1782 1783 1783 1783 1800 1800 1800 1782 1782 1782 1800 1800 1800 1799 1799 1799 1783 1783 1783 1784 1784 1784 1801 1801 1801 1783 1783 1783 1801 1801 1801 1800 1800 1800 1784 1784 1784 1785 1785 1785 1802 1802 1802 1784 1784 1784 1802 1802 1802 1801 1801 1801 1785 1785 1785 1786 1786 1786 1803 1803 1803 1785 1785 1785 1803 1803 1803 1802 1802 1802 1786 1786 1786 1787 1787 1787 1804 1804 1804 1786 1786 1786 1804 1804 1804 1803 1803 1803 1787 1787 1787 1788 1788 1788 1805 1805 1805 1787 1787 1787 1805 1805 1805 1804 1804 1804 1788 1788 1788 1789 1789 1789 1806 1806 1806 1788 1788 1788 1806 1806 1806 1805 1805 1805 1789 1789 1789 1790 1790 1790 1807 1807 1807 1789 1789 1789 1807 1807 1807 1806 1806 1806 1790 1790 1790 1791 1791 1791 1808 1808 1808 1790 1790 1790 1808 1808 1808 1807 1807 1807 1791 1791 1791 1792 1792 1792 1809 1809 1809 1791 1791 1791 1809 1809 1809 1808 1808 1808 1792 1792 1792 1793 1793 1793 1810 1810 1810 1792 1792 1792 1810 1810 1810 1809 1809 1809 1793 1793 1793 1794 1794 1794 1811 1811 1811 1793 1793 1793 1811 1811 1811 1810 1810 1810 1794 1794 1794 1795 1795 1795 1812 1812 1812 1794 1794 1794 1812 1812 1812 1811 1811 1811 1796 1796 1796 1797 1797 1797 1814 1814 1814 1796 1796 1796 1814 1814 1814 1813 1813 1813 1797 1797 1797 1798 1798 1798 1815 1815 1815 1797 1797 1797 1815 1815 1815 1814 1814 1814 1798 1798 1798 1799 1799 1799 1816 1816 1816 1798 1798 1798 1816 1816 1816 1815 1815 1815 1799 1799 1799 1800 1800 1800 1817 1817 1817 1799 1799 1799 1817 1817 1817 1816 1816 1816 1800 1800 1800 1801 1801 1801 1818 1818 1818 1800 1800 1800 1818 1818 1818 1817 1817 1817 1801 1801 1801 1802 1802 1802 1819 1819 1819 1801 1801 1801 1819 1819 1819 1818 1818 1818 1802 1802 1802 1803 1803 1803 1820 1820 1820 1802 1802 1802 1820 1820 1820 1819 1819 1819 1803 1803 1803 1804 1804 1804 1821 1821 1821 1803 1803 1803 1821 1821 1821 1820 1820 1820 1804 1804 1804 1805 1805 1805 1822 1822 1822 1804 1804 1804 1822 1822 1822 1821 1821 1821 1805 1805 1805 1806 1806 1806 1823 1823 1823 1805 1805 1805 1823 1823 1823 1822 1822 1822 1806 1806 1806 1807 1807 1807 1824 1824 1824 1806 1806 1806 1824 1824 1824 1823 1823 1823 1807 1807 1807 1808 1808 1808 1825 1825 1825 1807 1807 1807 1825 1825 1825 1824 1824 1824 1808 1808 1808 1809 1809 1809 1826 1826 1826 1808 1808 1808 1826 1826 1826 1825 1825 1825 1809 1809 1809 1810 1810 1810 1827 1827 1827 1809 1809 1809 1827 1827 1827 1826 1826 1826 1810 1810 1810 1811 1811 1811 1828 1828 1828 1810 1810 1810 1828 1828 1828 1827 1827 1827 1811 1811 1811 1812 1812 1812 1829 1829 1829 1811 1811 1811 1829 1829 1829 1828 1828 1828 1813 1813 1813 1814 1814 1814 1831 1831 1831 1813 1813 1813 1831 1831 1831 1830 1830 1830 1814 1814 1814 1815 1815 1815 1832 1832 1832 1814 1814 1814 1832 1832 1832 1831 1831 1831 1815 1815 1815 1816 1816 1816 1833 1833 1833 1815 1815 1815 1833 1833 1833 1832 1832 1832 1816 1816 1816 1817 1817 1817 1834 1834 1834 1816 1816 1816 1834 1834 1834 1833 1833 1833 1817 1817 1817 1818 1818 1818 1835 1835 1835 1817 1817 1817 1835 1835 1835 1834 1834 1834 1818 1818 1818 1819 1819 1819 1836 1836 1836 1818 1818 1818 1836 1836 1836 1835 1835 1835 1819 1819 1819 1820 1820 1820 1837 1837 1837 1819 1819 1819 1837 1837 1837 1836 1836 1836 1820 1820 1820 1821 1821 1821 1838 1838 1838 1820 1820 1820 1838 1838 1838 1837 1837 1837 1821 1821 1821 1822 1822 1822 1839 1839 1839 1821 1821 1821 1839 1839 1839 1838 1838 1838 1822 1822 1822 1823 1823 1823 1840 1840 1840 1822 1822 1822 1840 1840 1840 1839 1839 1839 1823 1823 1823 1824 1824 1824 1841 1841 1841 1823 1823 1823 1841 1841 1841 1840 1840 1840 1824 1824 1824 1825 1825 1825 1842 1842 1842 1824 1824 1824 1842 1842 1842 1841 1841 1841 1825 1825 1825 1826 1826 1826 1843 1843 1843 1825 1825 1825 1843 1843 1843 1842 1842 1842 1826 1826 1826 1827 1827 1827 1844 1844 1844 1826 1826 1826 1844 1844 1844 1843 1843 1843 1827 1827 1827 1828 1828 1828 1845 1845 1845 1827 1827 1827 1845 1845 1845 1844 1844 1844 1828 1828 1828 1829 1829 1829 1846 1846 1846 1828 1828 1828 1846 1846 1846 1845 1845 1845 1830 1830 1830 1831 1831 1831 1848 1848 1848 1830 1830 1830 1848 1848 1848 1847 1847 1847 1831 1831 1831 1832 1832 1832 1849 1849 1849 1831 1831 1831 1849 1849 1849 1848 1848 1848 1832 1832 1832 1833 1833 1833 1850 1850 1850 1832 1832 1832 1850 1850 1850 1849 1849 1849 1833 1833 1833 1834 1834 1834 1851 1851 1851 1833 1833 1833 1851 1851 1851 1850 1850 1850 1834 1834 1834 1835 1835 1835 1852 1852 1852 1834 1834 1834 1852 1852 1852 1851 1851 1851 1835 1835 1835 1836 1836 1836 1853 1853 1853 1835 1835 1835 1853 1853 1853 1852 1852 1852 1836 1836 1836 1837 1837 1837 1854 1854 1854 1836 1836 1836 1854 1854 1854 1853 1853 1853 1837 1837 1837 1838 1838 1838 1855 1855 1855 1837 1837 1837 1855 1855 1855 1854 1854 1854 1838 1838 1838 1839 1839 1839 1856 1856 1856 1838 1838 1838 1856 1856 1856 1855 1855 1855 1839 1839 1839 1840 1840 1840 1857 1857 1857 1839 1839 1839 1857 1857 1857 1856 1856 1856 1840 1840 1840 1841 1841 1841 1858 1858 1858 1840 1840 1840 1858 1858 1858 1857 1857 1857 1841 1841 1841 1842 1842 1842 1859 1859 1859 1841 1841 1841 1859 1859 1859 1858 1858 1858 1842 1842 1842 1843 1843 1843 1860 1860 1860 1842 1842 1842 1860 1860 1860 1859 1859 1859 1843 1843 1843 1844 1844 1844 1861 1861 1861 1843 1843 1843 1861 1861 1861 1860 1860 1860 1844 1844 1844 1845 1845 1845 1862 1862 1862 1844 1844 1844 1862 1862 1862 1861 1861 1861 1845 1845 1845 1846 1846 1846 1863 1863 1863 1845 1845 1845 1863 1863 1863 1862 1862 1862 1847 1847 1847 1848 1848 1848 1865 1865 1865 1847 1847 1847 1865 1865 1865 1864 1864 1864 1848 1848 1848 1849 1849 1849 1866 1866 1866 1848 1848 1848 1866 1866 1866 1865 1865 1865 1849 1849 1849 1850 1850 1850 1867 1867 1867 1849 1849 1849 1867 1867 1867 1866 1866 1866 1850 1850 1850 1851 1851 1851 1868 1868 1868 1850 1850 1850 1868 1868 1868 1867 1867 1867 1851 1851 1851 1852 1852 1852 1869 1869 1869 1851 1851 1851 1869 1869 1869 1868 1868 1868 1852 1852 1852 1853 1853 1853 1870 1870 1870 1852 1852 1852 1870 1870 1870 1869 1869 1869 1853 1853 1853 1854 1854 1854 1871 1871 1871 1853 1853 1853 1871 1871 1871 1870 1870 1870 1854 1854 1854 1855 1855 1855 1872 1872 1872 1854 1854 1854 1872 1872 1872 1871 1871 1871 1855 1855 1855 1856 1856 1856 1873 1873 1873 1855 1855 1855 1873 1873 1873 1872 1872 1872 1856 1856 1856 1857 1857 1857 1874 1874 1874 1856 1856 1856 1874 1874 1874 1873 1873 1873 1857 1857 1857 1858 1858 1858 1875 1875 1875 1857 1857 1857 1875 1875 1875 1874 1874 1874 1858 1858 1858 1859 1859 1859 1876 1876 1876 1858 1858 1858 1876 1876 1876 1875 1875 1875 1859 1859 1859 1860 1860 1860 1877 1877 1877 1859 1859 1859 1877 1877 1877 1876 1876 1876 1860 1860 1860 1861 1861 1861 1878 1878 1878 1860 1860 1860 1878 1878 1878 1877 1877 1877 1861 1861 1861 1862 1862 1862 1879 1879 1879 1861 1861 1861 1879 1879 1879 1878 1878 1878 1862 1862 1862 1863 1863 1863 1880 1880 1880 1862 1862 1862 1880 1880 1880 1879 1879 1879 1864 1864 1864 1865 1865 1865 1882 1882 1882 1864 1864 1864 1882 1882 1882 1881 1881 1881 1865 1865 1865 1866 1866 1866 1883 1883 1883 1865 1865 1865 1883 1883 1883 1882 1882 1882 1866 1866 1866 1867 1867 1867 1884 1884 1884 1866 1866 1866 1884 1884 1884 1883 1883 1883 1867 1867 1867 1868 1868 1868 1885 1885 1885 1867 1867 1867 1885 1885 1885 1884 1884 1884 1868 1868 1868 1869 1869 1869 1886 1886 1886 1868 1868 1868 1886 1886 1886 1885 1885 1885 1869 1869 1869 1870 1870 1870 1887 1887 1887 1869 1869 1869 1887 1887 1887 1886 1886 1886 1870 1870 1870 1871 1871 1871 1888 1888 1888 1870 1870 1870 1888 1888 1888 1887 1887 1887 1871 1871 1871 1872 1872 1872 1889 1889 1889 1871 1871 1871 1889 1889 1889 1888 1888 1888 1872 1872 1872 1873 1873 1873 1890 1890 1890 1872 1872 1872 1890 1890 1890 1889 1889 1889 1873 1873 1873 1874 1874 1874 1891 1891 1891 1873 1873 1873 1891 1891 1891 1890 1890 1890 1874 1874 1874 1875 1875 1875 1892 1892 1892 1874 1874 1874 1892 1892 1892 1891 1891 1891 1875 1875 1875 1876 1876 1876 1893 1893 1893 1875 1875 1875 1893 1893 1893 1892 1892 1892 1876 1876 1876 1877 1877 1877 1894 1894 1894 1876 1876 1876 1894 1894 1894 1893 1893 1893 1877 1877 1877 1878 1878 1878 1895 1895 1895 1877 1877 1877 1895 1895 1895 1894 1894 1894 1878 1878 1878 1879 1879 1879 1896 1896 1896 1878 1878 1878 1896 1896 1896 1895 1895 1895 1879 1879 1879 1880 1880 1880 1897 1897 1897 1879 1879 1879 1897 1897 1897 1896 1896 1896 1881 1881 1881 1882 1882 1882 1899 1899 1899 1881 1881 1881 1899 1899 1899 1898 1898 1898 1882 1882 1882 1883 1883 1883 1900 1900 1900 1882 1882 1882 1900 1900 1900 1899 1899 1899 1883 1883 1883 1884 1884 1884 1901 1901 1901 1883 1883 1883 1901 1901 1901 1900 1900 1900 1884 1884 1884 1885 1885 1885 1902 1902 1902 1884 1884 1884 1902 1902 1902 1901 1901 1901 1885 1885 1885 1886 1886 1886 1903 1903 1903 1885 1885 1885 1903 1903 1903 1902 1902 1902 1886 1886 1886 1887 1887 1887 1904 1904 1904 1886 1886 1886 1904 1904 1904 1903 1903 1903 1887 1887 1887 1888 1888 1888 1905 1905 1905 1887 1887 1887 1905 1905 1905 1904 1904 1904 1888 1888 1888 1889 1889 1889 1906 1906 1906 1888 1888 1888 1906 1906 1906 1905 1905 1905 1889 1889 1889 1890 1890 1890 1907 1907 1907 1889 1889 1889 1907 1907 1907 1906 1906 1906 1890 1890 1890 1891 1891 1891 1908 1908 1908 1890 1890 1890 1908 1908 1908 1907 1907 1907 1891 1891 1891 1892 1892 1892 1909 1909 1909 1891 1891 1891 1909 1909 1909 1908 1908 1908 1892 1892 1892 1893 1893 1893 1910 1910 1910 1892 1892 1892 1910 1910 1910 1909 1909 1909 1893 1893 1893 1894 1894 1894 1911 1911 1911 1893 1893 1893 1911 1911 1911 1910 1910 1910 1894 1894 1894 1895 1895 1895 1912 1912 1912 1894 1894 1894 1912 1912 1912 1911 1911 1911 1895 1895 1895 1896 1896 1896 1913 1913 1913 1895 1895 1895 1913 1913 1913 1912 1912 1912 1896 1896 1896 1897 1897 1897 1914 1914 1914 1896 1896 1896 1914 1914 1914 1913 1913 1913 1898 1898 1898 1899 1899 1899 1916 1916 1916 1898 1898 1898 1916 1916 1916 1915 1915 1915 1899 1899 1899 1900 1900 1900 1917 1917 1917 1899 1899 1899 1917 1917 1917 1916 1916 1916 1900 1900 1900 1901 1901 1901 1918 1918 1918 1900 1900 1900 1918 1918 1918 1917 1917 1917 1901 1901 1901 1902 1902 1902 1919 1919 1919 1901 1901 1901 1919 1919 1919 1918 1918 1918 1902 1902 1902 1903 1903 1903 1920 1920 1920 1902 1902 1902 1920 1920 1920 1919 1919 1919 1903 1903 1903 1904 1904 1904 1921 1921 1921 1903 1903 1903 1921 1921 1921 1920 1920 1920 1904 1904 1904 1905 1905 1905 1922 1922 1922 1904 1904 1904 1922 1922 1922 1921 1921 1921 1905 1905 1905 1906 1906 1906 1923 1923 1923 1905 1905 1905 1923 1923 1923 1922 1922 1922 1906 1906 1906 1907 1907 1907 1924 1924 1924 1906 1906 1906 1924 1924 1924 1923 1923 1923 1907 1907 1907 1908 1908 1908 1925 1925 1925 1907 1907 1907 1925 1925 1925 1924 1924 1924 1908 1908 1908 1909 1909 1909 1926 1926 1926 1908 1908 1908 1926 1926 1926 1925 1925 1925 1909 1909 1909 1910 1910 1910 1927 1927 1927 1909 1909 1909 1927 1927 1927 1926 1926 1926 1910 1910 1910 1911 1911 1911 1928 1928 1928 1910 1910 1910 1928 1928 1928 1927 1927 1927 1911 1911 1911 1912 1912 1912 1929 1929 1929 1911 1911 1911 1929 1929 1929 1928 1928 1928 1912 1912 1912 1913 1913 1913 1930 1930 1930 1912 1912 1912 1930 1930 1930 1929 1929 1929 1913 1913 1913 1914 1914 1914 1931 1931 1931 1913 1913 1913 1931 1931 1931 1930 1930 1930 1915 1915 1915 1916 1916 1916 1933 1933 1933 1915 1915 1915 1933 1933 1933 1932 1932 1932 1916 1916 1916 1917 1917 1917 1934 1934 1934 1916 1916 1916 1934 1934 1934 1933 1933 1933 1917 1917 1917 1918 1918 1918 1935 1935 1935 1917 1917 1917 1935 1935 1935 1934 1934 1934 1918 1918 1918 1919 1919 1919 1936 1936 1936 1918 1918 1918 1936 1936 1936 1935 1935 1935 1919 1919 1919 1920 1920 1920 1937 1937 1937 1919 1919 1919 1937 1937 1937 1936 1936 1936 1920 1920 1920 1921 1921 1921 1938 1938 1938 1920 1920 1920 1938 1938 1938 1937 1937 1937 1921 1921 1921 1922 1922 1922 1939 1939 1939 1921 1921 1921 1939 1939 1939 1938 1938 1938 1922 1922 1922 1923 1923 1923 1940 1940 1940 1922 1922 1922 1940 1940 1940 1939 1939 1939 1923 1923 1923 1924 1924 1924 1941 1941 1941 1923 1923 1923 1941 1941 1941 1940 1940 1940 1924 1924 1924 1925 1925 1925 1942 1942 1942 1924 1924 1924 1942 1942 1942 1941 1941 1941 1925 1925 1925 1926 1926 1926 1943 1943 1943 1925 1925 1925 1943 1943 1943 1942 1942 1942 1926 1926 1926 1927 1927 1927 1944 1944 1944 1926 1926 1926 1944 1944 1944 1943 1943 1943 1927 1927 1927 1928 1928 1928 1945 1945 1945 1927 1927 1927 1945 1945 1945 1944 1944 1944 1928 1928 1928 1929 1929 1929 1946 1946 1946 1928 1928 1928 1946 1946 1946 1945 1945 1945 1929 1929 1929 1930 1930 1930 1947 1947 1947 1929 1929 1929 1947 1947 1947 1946 1946 1946 1930 1930 1930 1931 1931 1931 1948 1948 1948 1930 1930 1930 1948 1948 1948 1947 1947 1947 1932 1932 1932 1933 1933 1933 1950 1950 1950 1932 1932 1932 1950 1950 1950 1949 1949 1949 1933 1933 1933 1934 1934 1934 1951 1951 1951 1933 1933 1933 1951 1951 1951 1950 1950 1950 1934 1934 1934 1935 1935 1935 1952 1952 1952 1934 1934 1934 1952 1952 1952 1951 1951 1951 1935 1935 1935 1936 1936 1936 1953 1953 1953 1935 1935 1935 1953 1953 1953 1952 1952 1952 1936 1936 1936 1937 1937 1937 1954 1954 1954 1936 1936 1936 1954 1954 1954 1953 1953 1953 1937 1937 1937 1938 1938 1938 1955 1955 1955 1937 1937 1937 1955 1955 1955 1954 1954 1954 1938 1938 1938 1939 1939 1939 1956 1956 1956 1938 1938 1938 1956 1956 1956 1955 1955 1955 1939 1939 1939 1940 1940 1940 1957 1957 1957 1939 1939 1939 1957 1957 1957 1956 1956 1956 1940 1940 1940 1941 1941 1941 1958 1958 1958 1940 1940 1940 1958 1958 1958 1957 1957 1957 1941 1941 1941 1942 1942 1942 1959 1959 1959 1941 1941 1941 1959 1959 1959 1958 1958 1958 1942 1942 1942 1943 1943 1943 1960 1960 1960 1942 1942 1942 1960 1960 1960 1959 1959 1959 1943 1943 1943 1944 1944 1944 1961 1961 1961 1943 1943 1943 1961 1961 1961 1960 1960 1960 1944 1944 1944 1945 1945 1945 1962 1962 1962 1944 1944 1944 1962 1962 1962 1961 1961 1961 1945 1945 1945 1946 1946 1946 1963 1963 1963 1945 1945 1945 1963 1963 1963 1962 1962 1962 1946 1946 1946 1947 1947 1947 1964 1964 1964 1946 1946 1946 1964 1964 1964 1963 1963 1963 1947 1947 1947 1948 1948 1948 1965 1965 1965 1947 1947 1947 1965 1965 1965 1964 1964 1964 1949 1949 1949 1950 1950 1950 1967 1967 1967 1949 1949 1949 1967 1967 1967 1966 1966 1966 1950 1950 1950 1951 1951 1951 1968 1968 1968 1950 1950 1950 1968 1968 1968 1967 1967 1967 1951 1951 1951 1952 1952 1952 1969 1969 1969 1951 1951 1951 1969 1969 1969 1968 1968 1968 1952 1952 1952 1953 1953 1953 1970 1970 1970 1952 1952 1952 1970 1970 1970 1969 1969 1969 1953 1953 1953 1954 1954 1954 1971 1971 1971 1953 1953 1953 1971 1971 1971 1970 1970 1970 1954 1954 1954 1955 1955 1955 1972 1972 1972 1954 1954 1954 1972 1972 1972 1971 1971 1971 1955 1955 1955 1956 1956 1956 1973 1973 1973 1955 1955 1955 1973 1973 1973 1972 1972 1972 1956 1956 1956 1957 1957 1957 1974 1974 1974 1956 1956 1956 1974 1974 1974 1973 1973 1973 1957 1957 1957 1958 1958 1958 1975 1975 1975 1957 1957 1957 1975 1975 1975 1974 1974 1974 1958 1958 1958 1959 1959 1959 1976 1976 1976 1958 1958 1958 1976 1976 1976 1975 1975 1975 1959 1959 1959 1960 1960 1960 1977 1977 1977 1959 1959 1959 1977 1977 1977 1976 1976 1976 1960 1960 1960 1961 1961 1961 1978 1978 1978 1960 1960 1960 1978 1978 1978 1977 1977 1977 1961 1961 1961 1962 1962 1962 1979 1979 1979 1961 1961 1961 1979 1979 1979 1978 1978 1978 1962 1962 1962 1963 1963 1963 1980 1980 1980 1962 1962 1962 1980 1980 1980 1979 1979 1979 1963 1963 1963 1964 1964 1964 1981 1981 1981 1963 1963 1963 1981 1981 1981 1980 1980 1980 1964 1964 1964 1965 1965 1965 1982 1982 1982 1964 1964 1964 1982 1982 1982 1981 1981 1981 1966 1966 1966 1967 1967 1967 1984 1984 1984 1966 1966 1966 1984 1984 1984 1983 1983 1983 1967 1967 1967 1968 1968 1968 1985 1985 1985 1967 1967 1967 1985 1985 1985 1984 1984 1984 1968 1968 1968 1969 1969 1969 1986 1986 1986 1968 1968 1968 1986 1986 1986 1985 1985 1985 1969 1969 1969 1970 1970 1970 1987 1987 1987 1969 1969 1969 1987 1987 1987 1986 1986 1986 1970 1970 1970 1971 1971 1971 1988 1988 1988 1970 1970 1970 1988 1988 1988 1987 1987 1987 1971 1971 1971 1972 1972 1972 1989 1989 1989 1971 1971 1971 1989 1989 1989 1988 1988 1988 1972 1972 1972 1973 1973 1973 1990 1990 1990 1972 1972 1972 1990 1990 1990 1989 1989 1989 1973 1973 1973 1974 1974 1974 1991 1991 1991 1973 1973 1973 1991 1991 1991 1990 1990 1990 1974 1974 1974 1975 1975 1975 1992 1992 1992 1974 1974 1974 1992 1992 1992 1991 1991 1991 1975 1975 1975 1976 1976 1976 1993 1993 1993 1975 1975 1975 1993 1993 1993 1992 1992 1992 1976 1976 1976 1977 1977 1977 1994 1994 1994 1976 1976 1976 1994 1994 1994 1993 1993 1993 1977 1977 1977 1978 1978 1978 1995 1995 1995 1977 1977 1977 1995 1995 1995 1994 1994 1994 1978 1978 1978 1979 1979 1979 1996 1996 1996 1978 1978 1978 1996 1996 1996 1995 1995 1995 1979 1979 1979 1980 1980 1980 1997 1997 1997 1979 1979 1979 1997 1997 1997 1996 1996 1996 1980 1980 1980 1981 1981 1981 1998 1998 1998 1980 1980 1980 1998 1998 1998 1997 1997 1997 1981 1981 1981 1982 1982 1982 1999 1999 1999 1981 1981 1981 1999 1999 1999 1998 1998 1998 1983 1983 1983 1984 1984 1984 2001 2001 2001 1983 1983 1983 2001 2001 2001 2000 2000 2000 1984 1984 1984 1985 1985 1985 2002 2002 2002 1984 1984 1984 2002 2002 2002 2001 2001 2001 1985 1985 1985 1986 1986 1986 2003 2003 2003 1985 1985 1985 2003 2003 2003 2002 2002 2002 1986 1986 1986 1987 1987 1987 2004 2004 2004 1986 1986 1986 2004 2004 2004 2003 2003 2003 1987 1987 1987 1988 1988 1988 2005 2005 2005 1987 1987 1987 2005 2005 2005 2004 2004 2004 1988 1988 1988 1989 1989 1989 2006 2006 2006 1988 1988 1988 2006 2006 2006 2005 2005 2005 1989 1989 1989 1990 1990 1990 2007 2007 2007 1989 1989 1989 2007 2007 2007 2006 2006 2006 1990 1990 1990 1991 1991 1991 2008 2008 2008 1990 1990 1990 2008 2008 2008 2007 2007 2007 1991 1991 1991 1992 1992 1992 2009 2009 2009 1991 1991 1991 2009 2009 2009 2008 2008 2008 1992 1992 1992 1993 1993 1993 2010 2010 2010 1992 1992 1992 2010 2010 2010 2009 2009 2009 1993 1993 1993 1994 1994 1994 2011 2011 2011 1993 1993 1993 2011 2011 2011 2010 2010 2010 1994 1994 1994 1995 1995 1995 2012 2012 2012 1994 1994 1994 2012 2012 2012 2011 2011 2011 1995 1995 1995 1996 1996 1996 2013 2013 2013 1995 1995 1995 2013 2013 2013 2012 2012 2012 1996 1996 1996 1997 1997 1997 2014 2014 2014 1996 1996 1996 2014 2014 2014 2013 2013 2013 1997 1997 1997 1998 1998 1998 2015 2015 2015 1997 1997 1997 2015 2015 2015 2014 2014 2014 1998 1998 1998 1999 1999 1999 2016 2016 2016 1998 1998 1998 2016 2016 2016 2015 2015 2015 2000 2000 2000 2001 2001 2001 2018 2018 2018 2000 2000 2000 2018 2018 2018 2017 2017 2017 2001 2001 2001 2002 2002 2002 2019 2019 2019 2001 2001 2001 2019 2019 2019 2018 2018 2018 2002 2002 2002 2003 2003 2003 2020 2020 2020 2002 2002 2002 2020 2020 2020 2019 2019 2019 2003 2003 2003 2004 2004 2004 2021 2021 2021 2003 2003 2003 2021 2021 2021 2020 2020 2020 2004 2004 2004 2005 2005 2005 2022 2022 2022 2004 2004 2004 2022 2022 2022 2021 2021 2021 2005 2005 2005 2006 2006 2006 2023 2023 2023 2005 2005 2005 2023 2023 2023 2022 2022 2022 2006 2006 2006 2007 2007 2007 2024 2024 2024 2006 2006 2006 2024 2024 2024 2023 2023 2023 2007 2007 2007 2008 2008 2008 2025 2025 2025 2007 2007 2007 2025 2025 2025 2024 2024 2024 2008 2008 2008 2009 2009 2009 2026 2026 2026 2008 2008 2008 2026 2026 2026 2025 2025 2025 2009 2009 2009 2010 2010 2010 2027 2027 2027 2009 2009 2009 2027 2027 2027 2026 2026 2026 2010 2010 2010 2011 2011 2011 2028 2028 2028 2010 2010 2010 2028 2028 2028 2027 2027 2027 2011 2011 2011 2012 2012 2012 2029 2029 2029 2011 2011 2011 2029 2029 2029 2028 2028 2028 2012 2012 2012 2013 2013 2013 2030 2030 2030 2012 2012 2012 2030 2030 2030 2029 2029 2029 2013 2013 2013 2014 2014 2014 2031 2031 2031 2013 2013 2013 2031 2031 2031 2030 2030 2030 2014 2014 2014 2015 2015 2015 2032 2032 2032 2014 2014 2014 2032 2032 2032 2031 2031 2031 2015 2015 2015 2016 2016 2016 2033 2033 2033 2015 2015 2015 2033 2033 2033 2032 2032 2032</p>
        </triangles>
      </mesh>
    </geometry>
  </library_geometries>
  <library_visual_scenes>
    <visual_scene id="Scene" name="Scene">
      <node id="Core" name="Core" type="NODE">
        <instance_geometry url="#Core-mesh">
          <bind_material><technique_common>
            <instance_material symbol="Core" target="#Core">
              <bind_vertex_input semantic="UVSET0" input_semantic="TEXCOORD" input_set="0"/>
            </instance_material>
          </technique_common></bind_material>
        </instance_geometry>
      </node>
    </visual_scene>
  </library_visual_scenes>
  <scene><instance_visual_scene url="#Scene"/></scene>
</COLLADA>
