<?xml version="1.0" encoding="utf-8"?>
<COLLADA xmlns="http://www.collada.org/2005/11/COLLADASchema" version="1.4.1">
  <asset>
    <contributor><author>Lovense Controller</author><authoring_tool>make_controller_dae.py</authoring_tool></contributor>
    <unit name="meter" meter="1"/>
    <up_axis>Z_UP</up_axis>
  </asset>
  <library_effects>
    <effect id="Core-fx">
      <profile_COMMON><technique sid="common"><lambert>
        <emission><color>0.35 0.16 0.22 1</color></emission>
        <diffuse><color>0.950 0.550 0.700 1</color></diffuse>
      </lambert></technique></profile_COMMON>
    </effect>
  </library_effects>
  <library_materials>
    <material id="Core" name="Core"><instance_effect url="#Core-fx"/></material>
  </library_materials>
  <library_geometries>
    <geometry id="Core-mesh" name="Core">
      <mesh>
        <source id="Core-pos">
          <float_array id="Core-pos-array" count="2277">0.004841 0.000839 0.009943 0.006135 0.000626 0.009380 0.007342 0.000418 0.008657 0.008424 0.000218 0.007774 0.009349 0.000034 0.006751 0.010104 -0.000132 0.005625 0.010692 -0.000277 0.004429 0.011111 -0.000401 0.003184 0.011343 -0.000500 0.001910 0.011366 -0.000569 0.000632 0.011179 -0.000608 -0.000618 0.010813 -0.000618 -0.001818 0.010306 -0.000606 -0.002965 0.009678 -0.000573 -0.004063 0.008909 -0.000518 -0.005096 0.007969 -0.000432 -0.006018 0.006849 -0.000312 -0.006764 0.005579 -0.000159 -0.007291 0.004216 0.000019 -0.007590 0.002815 0.000213 -0.007687 0.001410 0.000417 -0.007609 0.000021 0.000627 -0.007368 -0.001331 0.000839 -0.006966 0.004841 0.000839 0.009943 0.006148 0.000878 0.009382 0.007377 0.000916 0.008670 0.008494 0.000952 0.007802 0.009462 0.000987 0.006791 0.010263 0.001017 0.005665 0.010888 0.001045 0.004457 0.011329 0.001068 0.003192 0.011563 0.001086 0.001894 0.011571 0.001098 0.000596 0.011358 0.001104 -0.000667 0.010963 0.001105 -0.001873 0.010434 0.001103 -0.003021 0.009790 0.001096 -0.004120 0.009013 0.001086 -0.005157 0.008065 0.001071 -0.006085 0.006934 0.001049 -0.006836 0.005649 0.001021 -0.007362 0.004267 0.000989 -0.007653 0.002848 0.000953 -0.007734 0.001428 0.000916 -0.007635 0.000030 0.000878 -0.007377 -0.001331 0.000839 -0.006966 0.004841 0.000839 0.009943 0.006108 0.001128 0.009400 0.007304 0.001413 0.008713 0.008400 0.001690 0.007873 0.009361 0.001950 0.006889 0.010164 0.002188 0.005783 0.010797 0.002399 0.004582 0.011238 0.002577 0.003312 0.011460 0.002716 0.002000 0.011441 0.002806 0.000686 0.011190 0.002849 -0.000589 0.010754 0.002849 -0.001796 0.010188 0.002820 -0.002937 0.009521 0.002767 -0.004024 0.008737 0.002686 -0.005051 0.007802 0.002568 -0.005977 0.006698 0.002406 -0.006738 0.005449 0.002198 -0.007281 0.004106 0.001956 -0.007592 0.002726 0.001691 -0.007692 0.001345 0.001413 -0.007609 -0.000012 0.001128 -0.007364 -0.001331 0.000839 -0.006966 0.004841 0.000839 0.009943 0.006016 0.001367 0.009433 0.007122 0.001888 0.008778 0.008133 0.002394 0.007973 0.009021 0.002873 0.007026 0.009767 0.003314 0.005955 0.010357 0.003708 0.004783 0.010765 0.004044 0.003530 0.010959 0.004304 0.002224 0.010913 0.004472 0.000907 0.010633 0.004545 -0.000373 0.010168 0.004536 -0.001583 0.009578 0.004467 -0.002717 0.008897 0.004355 -0.003791 0.008120 0.004198 -0.004805 0.007216 0.003977 -0.005725 0.006169 0.003681 -0.006496 0.004997 0.003307 -0.007066 0.003743 0.002871 -0.007419 0.002454 0.002392 -0.007567 0.001165 0.001887 -0.007532 -0.000103 0.001367 -0.007328 -0.001331 0.000839 -0.006966 0.004841 0.000839 0.009943 0.005876 0.001585 0.009478 0.006838 0.002320 0.008862 0.007704 0.003030 0.008095 0.008455 0.003700 0.007188 0.009077 0.004318 0.006161 0.009563 0.004873 0.005034 0.009893 0.005351 0.003823 0.010032 0.005725 0.002550 0.009955 0.005971 0.001252 0.009664 0.006078 -0.000020 0.009200 0.006064 -0.001229 0.008618 0.005960 -0.002364 0.007955 0.005791 -0.003435 0.007209 0.005558 -0.004446 0.006360 0.005241 -0.005369 0.005396 0.004822 -0.006155 0.004332 0.004300 -0.006760 0.003204 0.003693 -0.007165 0.002049 0.003025 -0.007378 0.000894 0.002318 -0.007411 -0.000239 0.001585 -0.007273 -0.001331 0.000839 -0.006966 0.004841 0.000839 0.009943 0.005695 0.001775 0.009537 0.006470 0.002692 0.008968 0.007146 0.003570 0.008242 0.007709 0.004391 0.007375 0.008155 0.005141 0.006394 0.008485 0.005815 0.005320 0.008689 0.006398 0.004168 0.008742 0.006863 0.002950 0.008620 0.007176 0.001696 0.008324 0.007324 0.000450 0.007884 0.007322 -0.000749 0.007345 0.007206 -0.001887 0.006733 0.007004 -0.002968 0.006050 0.006715 -0.003993 0.005282 0.006320 -0.004936 0.004425 0.005798 -0.005753 0.003493 0.005150 -0.006402 0.002518 0.004398 -0.006866 0.001528 0.003570 -0.007150 0.000544 0.002690 -0.007262 -0.000416 0.001774 -0.007202 -0.001331 0.000839 -0.006966 0.004841 0.000839 0.009943 0.005481 0.001928 0.009609 0.006039 0.002991 0.009101 0.006497 0.003999 0.008424 0.006847 0.004929 0.007600 0.007091 0.005767 0.006663 0.007238 0.006510 0.005642 0.007288 0.007151 0.004549 0.007226 0.007666 0.003396 0.007040 0.008023 0.002201 0.006730 0.008207 0.000999 0.006318 0.008232 -0.000177 0.005833 0.008132 -0.001313 0.005292 0.007930 -0.002410 0.004692 0.007623 -0.003464 0.004026 0.007182 -0.004446 0.003293 0.006586 -0.005310 0.002513 0.005839 -0.006015 0.001712 0.004970 -0.006545 0.000911 0.004012 -0.006903 0.000127 0.002991 -0.007097 -0.000627 0.001927 -0.007121 -0.001331 0.000839 -0.006966 0.004841 0.000839 0.009943 0.005242 0.002039 0.009694 0.005564 0.003209 0.009263 0.005793 0.004313 0.008652 0.005925 0.005319 0.007882 0.005965 0.006211 0.006992 0.005928 0.006988 0.006016 0.005819 0.007649 0.004975 0.005634 0.008176 0.003877 0.005369 0.008545 0.002739 0.005030 0.008745 0.001584 0.004631 0.008792 0.000439 0.004190 0.008719 -0.000687 0.003714 0.008542 -0.001795 0.003197 0.008248 -0.002880 0.002636 0.007797 -0.003911 0.002038 0.007162 -0.004836 0.001422 0.006349 -0.005611 0.000810 0.005394 -0.006215 0.000218 0.004338 -0.006650 -0.000343 0.003212 -0.006924 -0.000864 0.002039 -0.007033 -0.001331 0.000839 -0.006966 0.004841 0.000839 0.009943 0.004989 0.002105 0.009789 0.005064 0.003341 0.009452 0.005060 0.004506 0.008927 0.004977 0.005566 0.008231 0.004823 0.006498 0.007399 0.004613 0.007298 0.006470 0.004354 0.007964 0.005469 0.004051 0.008484 0.004409 0.003705 0.008840 0.003306 0.003326 0.009029 0.002183 0.002924 0.009077 0.001062 0.002508 0.009016 -0.000052 0.002077 0.008862 -0.001165 0.001628 0.008588 -0.002275 0.001164 0.008147 -0.003352 0.000699 0.007502 -0.004342 0.000252 0.006658 -0.005192 -0.000159 0.005652 -0.005876 -0.000527 0.004535 -0.006392 -0.000848 0.003345 -0.006748 -0.001119 0.002105 -0.006943 -0.001331 0.000839 -0.006966 0.004841 0.000839 0.009943 0.004729 0.002123 0.009889 0.004554 0.003380 0.009658 0.004315 0.004573 0.009238 0.004018 0.005665 0.008638 0.003673 0.006629 0.007886 0.003296 0.007456 0.007016 0.002896 0.008136 0.006053 0.002480 0.008653 0.005015 0.002056 0.008993 0.003922 0.001636 0.009158 0.002802 0.001225 0.009180 0.001682 0.000824 0.009103 0.000566 0.000426 0.008943 -0.000554 0.000033 0.008674 -0.001683 -0.000342 0.008240 -0.002798 -0.000678 0.007599 -0.003845 -0.000954 0.006749 -0.004768 -0.001160 0.005731 -0.005532 -0.001297 0.004594 -0.006131 -0.001370 0.003382 -0.006571 -0.001382 0.002123 -0.006851 -0.001331 0.000839 -0.006966 0.004841 0.000839 0.009943 0.004472 0.002092 0.009988 0.004049 0.003323 0.009865 0.003575 0.004501 0.009560 0.003061 0.005594 0.009073 0.002521 0.006574 0.008420 0.001970 0.007425 0.007628 0.001420 0.008129 0.006715 0.000885 0.008661 0.005698 0.000381 0.008999 0.004601 -0.000081 0.009145 0.003460 -0.000497 0.009136 0.002311 -0.000879 0.009021 0.001168 -0.001236 0.008827 0.000025 -0.001567 0.008534 -0.001127 -0.001849 0.008091 -0.002273 -0.002052 0.007454 -0.003367 -0.002155 0.006620 -0.004352 -0.002154 0.005621 -0.005191 -0.002060 0.004508 -0.005871 -0.001886 0.003322 -0.006394 -0.001641 0.002091 -0.006760 -0.001331 0.000839 -0.006966 0.004841 0.000839 0.009943 0.004228 0.002012 0.010081 0.003566 0.003168 0.010059 0.002863 0.004283 0.009863 0.002133 0.005331 0.009487 0.001392 0.006288 0.008942 0.000656 0.007137 0.008243 -0.000057 0.007853 0.007398 -0.000727 0.008402 0.006415 -0.001325 0.008752 0.005318 -0.001835 0.008898 0.004148 -0.002257 0.008872 0.002953 -0.002609 0.008726 0.001761 -0.002910 0.008493 0.000575 -0.003159 0.008166 -0.000613 -0.003329 0.007706 -0.001793 -0.003387 0.007077 -0.002927 -0.003311 0.006274 -0.003964 -0.003104 0.005327 -0.004867 -0.002786 0.004278 -0.005620 -0.002376 0.003164 -0.006223 -0.001887 0.002011 -0.006673 -0.001331 0.000839 -0.006966 0.004841 0.000839 0.009943 0.004005 0.001887 0.010163 0.003124 0.002920 0.010226 0.002209 0.003921 0.010118 0.001277 0.004868 0.009835 0.000344 0.005746 0.009385 -0.000572 0.006539 0.008776 -0.001451 0.007223 0.008007 -0.002263 0.007762 0.007077 -0.002968 0.008118 0.005999 -0.003538 0.008276 0.004815 -0.003974 0.008259 0.003580 -0.004299 0.008111 0.002335 -0.004537 0.007867 0.001095 -0.004692 0.007528 -0.000140 -0.004736 0.007069 -0.001361 -0.004637 0.006467 -0.002535 -0.004380 0.005721 -0.003617 -0.003974 0.004858 -0.004573 -0.003446 0.003914 -0.005390 -0.002820 0.002917 -0.006064 -0.002111 0.001886 -0.006592 -0.001331 0.000839 -0.006966 0.004841 0.000839 0.009943 0.003813 0.001721 0.010232 0.002742 0.002590 0.010360 0.001645 0.003430 0.010313 0.000541 0.004225 0.010090 -0.000552 0.004964 0.009703 -0.001617 0.005638 0.009159 -0.002635 0.006230 0.008456 -0.003568 0.006708 0.007582 -0.004371 0.007037 0.006543 -0.005007 0.007199 0.005373 -0.005470 0.007206 0.004126 -0.005785 0.007088 0.002849 -0.005979 0.006875 0.001567 -0.006054 0.006570 0.000286 -0.005984 0.006156 -0.000979 -0.005740 0.005622 -0.002194 -0.005314 0.004972 -0.003317 -0.004728 0.004232 -0.004320 -0.004015 0.003430 -0.005190 -0.003201 0.002588 -0.005926 -0.002302 0.001720 -0.006522 -0.001331 0.000839 -0.006966 0.004841 0.000839 0.009943 0.003659 0.001521 0.010286 0.002437 0.002192 0.010459 0.001196 0.002836 0.010447 -0.000037 0.003442 0.010250 -0.001241 0.004001 0.009886 -0.002402 0.004508 0.009369 -0.003502 0.004955 0.008702 -0.004507 0.005321 0.007871 -0.005369 0.005581 0.006876 -0.006050 0.005720 0.005742 -0.006543 0.005744 0.004518 -0.006871 0.005673 0.003246 -0.007055 0.005522 0.001952 -0.007093 0.005294 0.000646 -0.006954 0.004974 -0.000652 -0.006609 0.004555 -0.001904 -0.006057 0.004046 -0.003068 -0.005329 0.003468 -0.004112 -0.004468 0.002844 -0.005028 -0.003504 0.002192 -0.005814 -0.002455 0.001521 -0.006465 -0.001331 0.000839 -0.006966 0.004841 0.000839 0.009943 0.003549 0.001295 0.010323 0.002220 0.001743 0.010524 0.000880 0.002170 0.010528 -0.000436 0.002567 0.010333 -0.001702 0.002927 0.009961 -0.002902 0.003249 0.009436 -0.004023 0.003528 0.008768 -0.005035 0.003756 0.007952 -0.005898 0.003919 0.006988 -0.006582 0.004010 0.005896 -0.007086 0.004033 0.004716 -0.007432 0.004000 0.003482 -0.007638 0.003918 0.002212 -0.007689 0.003783 0.000913 -0.007544 0.003584 -0.000396 -0.007164 0.003315 -0.001674 -0.006551 0.002980 -0.002871 -0.005740 0.002596 -0.003953 -0.004784 0.002180 -0.004906 -0.003718 0.001744 -0.005732 -0.002563 0.001295 -0.006424 -0.001331 0.000839 -0.006966 0.004841 0.000839 0.009943 0.003489 0.001052 0.010343 0.002099 0.001260 0.010558 0.000706 0.001459 0.010566 -0.000651 0.001641 0.010362 -0.001939 0.001803 0.009969 -0.003139 0.001945 0.009417 -0.004236 0.002065 0.008725 -0.005208 0.002160 0.007897 -0.006024 0.002226 0.006939 -0.006667 0.002262 0.005874 -0.007148 0.002272 0.004738 -0.007497 0.002260 0.003556 -0.007731 0.002230 0.002333 -0.007824 0.002178 0.001067 -0.007722 0.002096 -0.000229 -0.007371 0.001979 -0.001514 -0.006765 0.001830 -0.002733 -0.005939 0.001655 -0.003844 -0.004947 0.001464 -0.004828 -0.003834 0.001261 -0.005682 -0.002623 0.001052 -0.006400 -0.001331 0.000839 -0.006966 0.004841 0.000839 0.009943 0.003479 0.000801 0.010345 0.002080 0.000763 0.010561 0.000679 0.000727 0.010565 -0.000681 0.000695 0.010353 -0.001964 0.000666 0.009943 -0.003146 0.000641 0.009367 -0.004208 0.000621 0.008645 -0.005128 0.000605 0.007791 -0.005882 0.000595 0.006819 -0.006463 0.000590 0.005758 -0.006896 0.000589 0.004646 -0.007222 0.000592 0.003503 -0.007463 0.000596 0.002326 -0.007594 0.000604 0.001101 -0.007547 0.000617 -0.000167 -0.007260 0.000637 -0.001442 -0.006709 0.000662 -0.002666 -0.005923 0.000693 -0.003793 -0.004953 0.000727 -0.004796 -0.003846 0.000763 -0.005667 -0.002632 0.000801 -0.006395 -0.001331 0.000839 -0.006966 0.004841 0.000839 0.009943 0.003520 0.000551 0.010329 0.002162 0.000269 0.010530 0.000800 0.000001 0.010524 -0.000527 -0.000245 0.010304 -0.001783 -0.000462 0.009888 -0.002940 -0.000648 0.009301 -0.003976 -0.000799 0.008563 -0.004863 -0.000911 0.007687 -0.005576 -0.000980 0.006693 -0.006110 -0.001008 0.005616 -0.006496 -0.001004 0.004500 -0.006786 -0.000979 0.003369 -0.007010 -0.000941 0.002215 -0.007148 -0.000882 0.001019 -0.007137 -0.000790 -0.000221 -0.006907 -0.000655 -0.001476 -0.006427 -0.000473 -0.002690 -0.005713 -0.000251 -0.003814 -0.004808 -0.000001 -0.004818 -0.003757 0.000269 -0.005687 -0.002589 0.000551 -0.006408 -0.001331 0.000839 -0.006966 0.004841 0.000839 0.009943 0.003611 0.000312 0.010296 0.002342 -0.000203 0.010466 0.001064 -0.000695 0.010437 -0.000191 -0.001149 0.010206 -0.001390 -0.001554 0.009787 -0.002509 -0.001905 0.009201 -0.003524 -0.002194 0.008462 -0.004402 -0.002409 0.007576 -0.005109 -0.002540 0.006563 -0.005635 -0.002588 0.005462 -0.006005 -0.002570 0.004321 -0.006271 -0.002511 0.003172 -0.006470 -0.002423 0.002011 -0.006594 -0.002303 0.000821 -0.006589 -0.002128 -0.000402 -0.006394 -0.001878 -0.001632 -0.005975 -0.001548 -0.002821 -0.005342 -0.001147 -0.003920 -0.004529 -0.000693 -0.004901 -0.003572 -0.000202 -0.005746 -0.002497 0.000313 -0.006439 -0.001331 0.000839 -0.006966 0.004841 0.000839 0.009943 0.003748 0.000094 0.010246 0.002614 -0.000636 0.010370 0.001463 -0.001334 0.010303 0.000322 -0.001983 0.010047 -0.000785 -0.002571 0.009617 -0.001837 -0.003090 0.009029 -0.002814 -0.003527 0.008291 -0.003681 -0.003864 0.007403 -0.004400 -0.004077 0.006377 -0.004950 -0.004164 0.005252 -0.005344 -0.004142 0.004080 -0.005620 -0.004046 0.002895 -0.005816 -0.003898 0.001707 -0.005929 -0.003696 0.000503 -0.005924 -0.003417 -0.000715 -0.005751 -0.003038 -0.001920 -0.005386 -0.002553 -0.003068 -0.004838 -0.001976 -0.004120 -0.004134 -0.001329 -0.005051 -0.003301 -0.000634 -0.005846 -0.002360 0.000094 -0.006490 -0.001331 0.000839 -0.006966 0.004841 0.000839 0.009943 0.003927 -0.000096 0.010183 0.002967 -0.001013 0.010247 0.001982 -0.001892 0.010127 0.000993 -0.002712 0.009827 0.000020 -0.003463 0.009364 -0.000925 -0.004138 0.008757 -0.001823 -0.004721 0.008006 -0.002649 -0.005185 0.007109 -0.003363 -0.005499 0.006071 -0.003940 -0.005647 0.004927 -0.004376 -0.005646 0.003727 -0.004697 -0.005529 0.002508 -0.004925 -0.005327 0.001286 -0.005063 -0.005038 0.000062 -0.005083 -0.004643 -0.001154 -0.004953 -0.004120 -0.002331 -0.004658 -0.003472 -0.003427 -0.004211 -0.002719 -0.004410 -0.003636 -0.001892 -0.005265 -0.002956 -0.001011 -0.005985 -0.002183 -0.000095 -0.006557 -0.001331 0.000839 -0.006966 0.004841 0.000839 0.009943 0.004139 -0.000250 0.010108 0.003389 -0.001320 0.010103 0.002603 -0.002346 0.009916 0.001799 -0.003307 0.009553 0.000992 -0.004189 0.009035 0.000196 -0.004987 0.008380 -0.000581 -0.005686 0.007594 -0.001318 -0.006258 0.006669 -0.001986 -0.006662 0.005613 -0.002560 -0.006877 0.004453 -0.003030 -0.006913 0.003235 -0.003404 -0.006801 0.001996 -0.003695 -0.006569 0.000754 -0.003898 -0.006214 -0.000482 -0.003992 -0.005717 -0.001691 -0.003951 -0.005063 -0.002834 -0.003768 -0.004262 -0.003868 -0.003458 -0.003348 -0.004769 -0.003044 -0.002359 -0.005530 -0.002546 -0.001321 -0.006155 -0.001973 -0.000250 -0.006638 -0.001331 0.000839 -0.006966 0.004841 0.000839 0.009943 0.004378 -0.000363 0.010025 0.003863 -0.001545 0.009941 0.003302 -0.002681 0.009678 0.002706 -0.003744 0.009240 0.002091 -0.004716 0.008647 0.001468 -0.005593 0.007923 0.000844 -0.006361 0.007076 0.000231 -0.006991 0.006106 -0.000351 -0.007445 0.005020 -0.000885 -0.007702 0.003847 -0.001358 -0.007769 0.002625 -0.001773 -0.007676 0.001386 -0.002130 -0.007443 0.000145 -0.002423 -0.007062 -0.001085 -0.002630 -0.006508 -0.002274 -0.002728 -0.005766 -0.003375 -0.002708 -0.004855 -0.004345 -0.002581 -0.003819 -0.005160 -0.002367 -0.002706 -0.005823 -0.002083 -0.001548 -0.006346 -0.001737 -0.000362 -0.006730 -0.001331 0.000839 -0.006966 0.004841 0.000839 0.009943 0.004634 -0.000429 0.009934 0.004371 -0.001678 0.009765 0.004051 -0.002880 0.009419 0.003681 -0.004003 0.008898 0.003269 -0.005025 0.008222 0.002829 -0.005935 0.007416 0.002367 -0.006721 0.006496 0.001889 -0.007356 0.005469 0.001408 -0.007808 0.004349 0.000935 -0.008061 0.003166 0.000482 -0.008131 0.001953 0.000050 -0.008048 0.000735 -0.000359 -0.007830 -0.000481 -0.000738 -0.007461 -0.001683 -0.001070 -0.006905 -0.002838 -0.001333 -0.006140 -0.003895 -0.001511 -0.005185 -0.004804 -0.001604 -0.004089 -0.005542 -0.001624 -0.002909 -0.006116 -0.001582 -0.001683 -0.006541 -0.001484 -0.000429 -0.006825 -0.001331 0.000839 -0.006966 0.004841 0.000839 0.009943 0.004896 -0.000446 0.009839 0.004892 -0.001713 0.009578 0.004821 -0.002933 0.009143 0.004681 -0.004070 0.008536 0.004478 -0.005100 0.007776 0.004220 -0.006007 0.006891 0.003913 -0.006775 0.005899 0.003561 -0.007376 0.004815 0.003169 -0.007786 0.003662 0.002751 -0.007997 0.002474 0.002319 -0.008036 0.001283 0.001881 -0.007942 0.000101 0.001438 -0.007736 -0.001070 0.000991 -0.007397 -0.002228 0.000548 -0.006879 -0.003340 0.000127 -0.006150 -0.004351 -0.000253 -0.005221 -0.005207 -0.000578 -0.004136 -0.005884 -0.000846 -0.002954 -0.006385 -0.001060 -0.001716 -0.006727 -0.001222 -0.000446 -0.006921 -0.001331 0.000839 -0.006966 0.004841 0.000839 0.009943 0.005153 -0.000414 0.009742 0.005402 -0.001647 0.009383 0.005574 -0.002833 0.008855 0.005660 -0.003938 0.008162 0.005662 -0.004935 0.007324 0.005581 -0.005808 0.006367 0.005420 -0.006535 0.005314 0.005178 -0.007089 0.004184 0.004858 -0.007445 0.003006 0.004473 -0.007604 0.001819 0.004046 -0.007598 0.000652 0.003594 -0.007479 -0.000486 0.003121 -0.007273 -0.001606 0.002622 -0.006961 -0.002710 0.002092 -0.006496 -0.003771 0.001537 -0.005837 -0.004735 0.000978 -0.004981 -0.005546 0.000436 -0.003965 -0.006175 -0.000073 -0.002839 -0.006621 -0.000541 -0.001646 -0.006897 -0.000962 -0.000413 -0.007011 -0.001331 0.000839 -0.006966 0.004841 0.000839 0.009943 0.005397 -0.000333 0.009648 0.005881 -0.001483 0.009190 0.006277 -0.002585 0.008568 0.006573 -0.003610 0.007790 0.006765 -0.004535 0.006880 0.006852 -0.005343 0.005865 0.006830 -0.006016 0.004765 0.006692 -0.006523 0.003600 0.006434 -0.006838 0.002405 0.006071 -0.006961 0.001219 0.005633 -0.006927 0.000073 0.005153 -0.006788 -0.001029 0.004643 -0.006579 -0.002101 0.004093 -0.006287 -0.003154 0.003488 -0.005868 -0.004163 0.002823 -0.005283 -0.005077 0.002112 -0.004520 -0.005843 0.001381 -0.003606 -0.006428 0.000655 -0.002580 -0.006827 -0.000049 -0.001480 -0.007049 -0.000715 -0.000332 -0.007094 -0.001331 0.000839 -0.006966 0.004841 0.000839 0.009943 0.005617 -0.000207 0.009562 0.006312 -0.001230 0.009012 0.006905 -0.002205 0.008299 0.007382 -0.003108 0.007442 0.007739 -0.003923 0.006468 0.007977 -0.004638 0.005405 0.008088 -0.005238 0.004269 0.008055 -0.005696 0.003080 0.007866 -0.005985 0.001870 0.007531 -0.006099 0.000681 0.007087 -0.006066 -0.000458 0.006575 -0.005933 -0.001541 0.006020 -0.005733 -0.002584 0.005412 -0.005462 -0.003598 0.004730 -0.005084 -0.004560 0.003962 -0.004566 -0.005423 0.003117 -0.003898 -0.006136 0.002222 -0.003098 -0.006670 0.001307 -0.002198 -0.007020 0.000396 -0.001226 -0.007187 -0.000491 -0.000206 -0.007170 -0.001331 0.000839 -0.006966 0.004841 0.000839 0.009943 0.005807 -0.000041 0.009488 0.006682 -0.000899 0.008860 0.007441 -0.001714 0.008071 0.008068 -0.002464 0.007145 0.008561 -0.003140 0.006115 0.008924 -0.003735 0.005010 0.009151 -0.004242 0.003846 0.009219 -0.004638 0.002638 0.009109 -0.004900 0.001414 0.008821 -0.005017 0.000213 0.008390 -0.005007 -0.000934 0.007863 -0.004906 -0.002020 0.007267 -0.004737 -0.003060 0.006598 -0.004500 -0.004055 0.005833 -0.004168 -0.004984 0.004958 -0.003719 -0.005798 0.003984 -0.003148 -0.006451 0.002942 -0.002471 -0.006922 0.001864 -0.001714 -0.007210 0.000775 -0.000898 -0.007316 -0.000299 -0.000040 -0.007237 -0.001331 0.000839 -0.006966 0.004841 0.000839 0.009943 0.005960 0.000159 0.009432 0.006983 -0.000505 0.008748 0.007880 -0.001134 0.007902 0.008628 -0.001711 0.006923 0.009228 -0.002228 0.005848 0.009688 -0.002685 0.004707 0.010005 -0.003077 0.003516 0.010158 -0.003391 0.002288 0.010120 -0.003607 0.001049 0.009888 -0.003718 -0.000169 0.009489 -0.003732 -0.001335 0.008967 -0.003671 -0.002442 0.008349 -0.003549 -0.003498 0.007629 -0.003364 -0.004498 0.006783 -0.003097 -0.005411 0.005803 -0.002733 -0.006185 0.004706 -0.002274 -0.006780 0.003529 -0.001736 -0.007182 0.002310 -0.001142 -0.007397 0.001077 -0.000506 -0.007435 -0.000146 0.000159 -0.007294 -0.001331 0.000839 -0.006966 0.004841 0.000839 0.009943 0.006071 0.000384 0.009396 0.007207 -0.000062 0.008680 0.008212 -0.000484 0.007803 0.009060 -0.000872 0.006791 0.009746 -0.001220 0.005683 0.010278 -0.001526 0.004510 0.010658 -0.001789 0.003293 0.010866 -0.002000 0.002043 0.010876 -0.002150 0.000786 0.010683 -0.002232 -0.000449 0.010313 -0.002252 -0.001636 0.009806 -0.002222 -0.002768 0.009182 -0.002149 -0.003848 0.008429 -0.002027 -0.004865 0.007523 -0.001845 -0.005779 0.006455 -0.001592 -0.006531 0.005252 -0.001272 -0.007080 0.003962 -0.000901 -0.007419 0.002632 -0.000494 -0.007565 0.001291 -0.000063 -0.007537 -0.000038 0.000384 -0.007339 -0.001331 0.000839 -0.006966 0.004841 0.000839 0.009943 0.006135 0.000626 0.009380 0.007342 0.000418 0.008657 0.008424 0.000218 0.007774 0.009349 0.000034 0.006751 0.010104 -0.000132 0.005625 0.010692 -0.000277 0.004429 0.011111 -0.000401 0.003184 0.011343 -0.000500 0.001910 0.011366 -0.000569 0.000632 0.011179 -0.000608 -0.000618 0.010813 -0.000618 -0.001818 0.010306 -0.000606 -0.002965 0.009678 -0.000573 -0.004063 0.008909 -0.000518 -0.005096 0.007969 -0.000432 -0.006018 0.006849 -0.000312 -0.006764 0.005579 -0.000159 -0.007291 0.004216 0.000019 -0.007590 0.002815 0.000213 -0.007687 0.001410 0.000417 -0.007609 0.000021 0.000627 -0.007368 -0.001331 0.000839 -0.006966</float_array>
          <technique_common>
            <accessor source="#Core-pos-array" count="759" stride="3">
              <param name="X" type="float"/><param name="Y" type="float"/><param name="Z" type="float"/>
            </accessor>
          </technique_common>
        </source>
        <source id="Core-norm">
          <float_array id="Core-norm-array" count="2277">0.394725 -0.028139 0.918368 0.477456 -0.045096 0.877497 0.586296 -0.073909 0.806718 0.693657 -0.101130 0.713171 0.787123 -0.123007 0.604407 0.861498 -0.137086 0.488906 0.919315 -0.142491 0.366818 0.963186 -0.139943 0.229541 0.988773 -0.131041 0.071805 0.988442 -0.117742 -0.095498 0.963185 -0.102663 -0.248466 0.924508 -0.088975 -0.370632 0.879871 -0.079300 -0.468550 0.821608 -0.074687 -0.565138 0.732502 -0.074266 -0.676702 0.601306 -0.075753 -0.795419 0.436850 -0.076636 -0.896264 0.265606 -0.075138 -0.961149 0.111473 -0.070054 -0.991295 -0.018870 -0.060181 -0.998009 -0.132325 -0.044827 -0.990192 -0.232190 -0.027262 -0.972288 -0.000000 0.000000 -0.000000 0.394266 -0.003537 0.918989 0.465378 -0.008284 0.885073 0.567410 -0.019700 0.823200 0.675065 -0.032663 0.737035 0.773492 -0.044122 0.632268 0.854788 -0.051644 0.516401 0.918792 -0.052994 0.391168 0.967035 -0.047092 0.250250 0.995433 -0.034643 0.088951 0.996403 -0.017753 -0.082861 0.970453 0.001020 -0.241289 0.929911 0.019389 -0.367272 0.885075 0.035084 -0.464124 0.830891 0.045381 -0.554581 0.750251 0.047882 -0.659417 0.628685 0.041862 -0.776532 0.469733 0.029012 -0.882332 0.297127 0.013061 -0.954749 0.137156 -0.001943 -0.990548 0.001103 -0.013123 -0.999913 -0.114900 -0.019060 -0.993194 -0.216246 -0.020252 -0.976129 -0.288804 -0.024773 -0.957068 0.388580 0.025316 0.921067 0.456100 0.040404 0.889011 0.551804 0.062476 0.831630 0.654615 0.083819 0.751302 0.751462 0.102620 0.651747 0.834520 0.119173 0.537936 0.901967 0.136020 0.409821 0.952646 0.155793 0.261140 0.979913 0.178362 0.089209 0.975242 0.200780 -0.092689 0.940799 0.220691 -0.257278 0.892056 0.238749 -0.383713 0.841851 0.255961 -0.475153 0.786388 0.269712 -0.555742 0.709084 0.274044 -0.649692 0.595206 0.263129 -0.759271 0.445999 0.235171 -0.863585 0.281623 0.194579 -0.939589 0.126486 0.149093 -0.980700 -0.007403 0.104633 -0.994483 -0.121935 0.063816 -0.990484 -0.220883 0.028640 -0.974880 -0.289604 0.002648 -0.957143 0.378809 0.050022 0.924122 0.440826 0.087249 0.893342 0.523776 0.144385 0.839531 0.611833 0.202688 0.764577 0.695276 0.255430 0.671824 0.768625 0.300572 0.564687 0.830533 0.340281 0.440934 0.878556 0.377473 0.292668 0.904132 0.410962 0.116854 0.897286 0.435526 -0.072074 0.859698 0.448538 -0.244402 0.807320 0.454446 -0.376449 0.754312 0.459508 -0.468899 0.698645 0.463945 -0.544655 0.625455 0.460983 -0.629524 0.521223 0.441729 -0.730206 0.386332 0.401444 -0.830416 0.237375 0.343607 -0.908618 0.095182 0.276901 -0.956173 -0.029383 0.208079 -0.977671 -0.137194 0.139658 -0.980650 -0.230531 0.075329 -0.970145 -0.295157 0.031056 -0.954944 0.369302 0.065026 0.927032 0.423623 0.124374 0.897259 0.489987 0.212722 0.845377 0.556174 0.303840 0.773532 0.615922 0.386691 0.686375 0.667321 0.457480 0.587702 0.711503 0.518583 0.474168 0.747172 0.573528 0.335857 0.766432 0.620122 0.167420 0.759460 0.650279 -0.018925 0.726303 0.659352 -0.194264 0.679921 0.653269 -0.333087 0.632712 0.642333 -0.432531 0.583248 0.630462 -0.512191 0.518476 0.612456 -0.596725 0.426579 0.579021 -0.694813 0.308090 0.524448 -0.793748 0.177249 0.451873 -0.874296 0.051624 0.370070 -0.927568 -0.059725 0.285147 -0.956621 -0.157486 0.198009 -0.967466 -0.242953 0.112175 -0.963530 -0.303464 0.052853 -0.951376 0.364179 0.070412 0.928664 0.408980 0.148813 0.900328 0.459079 0.261157 0.849143 0.502709 0.376978 0.777927 0.535840 0.481617 0.693484 0.559643 0.569909 0.601667 0.578063 0.645072 0.499725 0.592252 0.712296 0.376659 0.597168 0.770032 0.224589 0.585641 0.808916 0.051775 0.557472 0.821934 -0.116831 0.521761 0.813518 -0.256813 0.486813 0.794452 -0.363125 0.449728 0.770390 -0.451934 0.398250 0.737796 -0.545027 0.321974 0.688322 -0.650036 0.221839 0.617097 -0.754969 0.110531 0.528684 -0.841592 0.003036 0.433134 -0.901324 -0.093294 0.336240 -0.937144 -0.179232 0.236822 -0.954878 -0.255338 0.136591 -0.957155 -0.310730 0.064766 -0.948289 0.363942 0.070576 0.928744 0.398226 0.162478 0.902783 0.435167 0.291015 0.852021 0.461101 0.423323 0.779862 0.472622 0.541830 0.695017 0.472275 0.639959 0.606142 0.465400 0.721547 0.512613 0.455066 0.793627 0.403821 0.439589 0.856528 0.270409 0.415894 0.901825 0.117231 0.385713 0.921937 -0.035460 0.356100 0.919432 -0.166849 0.331522 0.903134 -0.272842 0.306648 0.877606 -0.368475 0.269065 0.838924 -0.473086 0.209290 0.778624 -0.591560 0.128502 0.692630 -0.709754 0.037901 0.588013 -0.807963 -0.050004 0.477936 -0.876970 -0.129615 0.369609 -0.920103 -0.201919 0.260746 -0.944055 -0.266825 0.150877 -0.951862 -0.314468 0.068810 -0.946771 0.364921 0.070175 0.928390 0.388338 0.169054 0.905877 0.414800 0.307042 0.856543 0.429042 0.449463 0.783521 0.427531 0.576623 0.696221 0.412528 0.680443 0.605655 0.388511 0.764610 0.514229 0.358398 0.837058 0.413382 0.322674 0.899705 0.293962 0.282317 0.946030 0.159135 0.242230 0.969875 0.025817 0.209507 0.973735 -0.089147 0.186477 0.964872 -0.185065 0.166150 0.945789 -0.279066 0.136318 0.910495 -0.390406 0.088757 0.848406 -0.521852 0.025062 0.754352 -0.655991 -0.045182 0.636990 -0.769546 -0.112336 0.513207 -0.850881 -0.173019 0.393339 -0.902967 -0.228850 0.275844 -0.933562 -0.279507 0.159084 -0.946873 -0.315606 0.069609 -0.946334 0.361936 0.070661 0.929521 0.374155 0.170574 0.911544 0.389760 0.312363 0.866324 0.394807 0.460190 0.795206 0.386153 0.593173 0.706421 0.365280 0.701765 0.611634 0.334438 0.788697 0.515858 0.294320 0.861509 0.413738 0.245335 0.922398 0.298316 0.190887 0.966188 0.173326 0.138591 0.988839 0.054688 0.096347 0.994413 -0.043134 0.065796 0.990214 -0.123074 0.039839 0.977655 -0.206407 0.007884 0.949010 -0.315146 -0.035804 0.891125 -0.452342 -0.088289 0.796216 -0.598536 -0.141220 0.672419 -0.726574 -0.188054 0.538985 -0.821055 -0.228140 0.409591 -0.883282 -0.264306 0.284865 -0.921409 -0.296883 0.163591 -0.940797 -0.317856 0.070531 -0.945512 0.352006 0.069956 0.933380 0.352144 0.166318 0.921050 0.353206 0.306290 0.883987 0.346427 0.454883 0.820408 0.330212 0.591488 0.735597 0.305638 0.705427 0.639499 0.272785 0.797706 0.537823 0.229793 0.874148 0.427855 0.175897 0.935724 0.305746 0.115108 0.977328 0.177710 0.055857 0.996559 0.061245 0.005633 0.999575 -0.028618 -0.034712 0.994780 -0.095957 -0.071447 0.983600 -0.165609 -0.112218 0.957926 -0.264168 -0.159026 0.903574 -0.397825 -0.206453 0.810805 -0.547697 -0.246491 0.686101 -0.684476 -0.275280 0.548880 -0.789273 -0.294857 0.414668 -0.860877 -0.309465 0.286288 -0.906791 -0.320915 0.163926 -0.932814 -0.324823 0.071654 -0.943056 0.336244 0.065092 0.939523 0.322825 0.154550 0.933755 0.304227 0.286239 0.908578 0.279680 0.429101 0.858866 0.250270 0.564940 0.786262 0.217331 0.683217 0.697124 0.179385 0.783146 0.595402 0.132739 0.867796 0.478863 0.076033 0.935308 0.345569 0.013825 0.978794 0.204382 -0.045503 0.996075 0.075915 -0.096319 0.995116 -0.021584 -0.140045 0.986083 -0.089599 -0.183104 0.971134 -0.152875 -0.230472 0.942617 -0.241568 -0.280214 0.887138 -0.366697 -0.323949 0.795185 -0.512580 -0.353351 0.672308 -0.650496 -0.366463 0.536705 -0.760035 -0.367221 0.403676 -0.837970 -0.360680 0.277059 -0.890589 -0.350200 0.158248 -0.923211 -0.337299 0.070776 -0.938733 0.318808 0.055187 0.946211 0.290344 0.135137 0.947332 0.248109 0.251728 0.935454 0.199857 0.380140 0.903078 0.150040 0.506463 0.849107 0.100933 0.622468 0.776109 0.050192 0.727163 0.684627 -0.007000 0.821421 0.570280 -0.071687 0.899883 0.430199 -0.137615 0.951815 0.274063 -0.195506 0.972613 0.125705 -0.241389 0.970395 0.008024 -0.279685 0.957101 -0.075719 -0.318511 0.936508 -0.146638 -0.362063 0.902111 -0.234749 -0.406012 0.842310 -0.354498 -0.440033 0.749683 -0.494313 -0.455957 0.630294 -0.628357 -0.453373 0.500833 -0.737306 -0.437019 0.374891 -0.817601 -0.411476 0.255939 -0.874747 -0.380703 0.145673 -0.913151 -0.352892 0.066027 -0.933332 0.304027 0.042228 0.951727 0.259924 0.110568 0.959278 0.193073 0.206741 0.959157 0.118235 0.312204 0.942629 0.043265 0.417518 0.907638 -0.028230 0.518220 0.854781 -0.099089 0.615558 0.781837 -0.175088 0.710958 0.681089 -0.256550 0.797749 0.545690 -0.334129 0.861493 0.382345 -0.395539 0.892683 0.216024 -0.436954 0.896384 0.074610 -0.465422 0.884472 -0.033044 -0.491305 0.862226 -0.123229 -0.519437 0.824924 -0.222902 -0.545184 0.763361 -0.346487 -0.558609 0.673017 -0.484772 -0.553606 0.561234 -0.615253 -0.531982 0.443196 -0.721507 -0.498640 0.330133 -0.801480 -0.456398 0.224391 -0.861016 -0.408280 0.127204 -0.903951 -0.367990 0.057539 -0.928048 0.293964 0.029297 0.955367 0.235161 0.084484 0.968278 0.145971 0.158056 0.976581 0.045924 0.236021 0.970662 -0.053968 0.311792 0.948616 -0.148493 0.383905 0.911354 -0.240901 0.456501 0.856489 -0.338519 0.533917 0.774815 -0.441954 0.612362 0.655507 -0.538922 0.678388 0.499352 -0.612372 0.719410 0.327797 -0.656024 0.735179 0.170717 -0.677874 0.733993 0.041725 -0.689918 0.720410 -0.070865 -0.697756 0.690708 -0.189893 -0.697464 0.637754 -0.326824 -0.681512 0.559544 -0.471648 -0.648166 0.464305 -0.603574 -0.602908 0.365465 -0.709180 -0.551138 0.271857 -0.788885 -0.493467 0.184718 -0.849923 -0.430810 0.104668 -0.896352 -0.380161 0.046934 -0.923729 0.288097 0.018087 0.957430 0.217031 0.059151 0.974371 0.109877 0.110903 0.987739 -0.010926 0.162267 0.986686 -0.131450 0.207663 0.969328 -0.244324 0.246449 0.937853 -0.352510 0.283770 0.891746 -0.464876 0.326109 0.823130 -0.583738 0.374117 0.720615 -0.696688 0.420324 0.581337 -0.784229 0.455554 0.421254 -0.837175 0.477469 0.266759 -0.861949 0.489694 0.131315 -0.869697 0.493561 0.004971 -0.864937 0.484224 -0.131955 -0.843281 0.454669 -0.286625 -0.799515 0.403229 -0.445176 -0.737257 0.337168 -0.585466 -0.667036 0.267459 -0.695362 -0.596025 0.200824 -0.777447 -0.523531 0.137922 -0.840769 -0.448401 0.079048 -0.890330 -0.389056 0.035518 -0.920529 0.284859 0.007991 0.958536 0.204907 0.034236 0.978182 0.084890 0.065913 0.994208 -0.051114 0.094814 0.994182 -0.186823 0.115776 0.975548 -0.312318 0.127338 0.941404 -0.429019 0.133102 0.893435 -0.545851 0.139071 0.826260 -0.666363 0.148592 0.730672 -0.780061 0.160385 0.604798 -0.869671 0.171836 0.462759 -0.927350 0.183209 0.326278 -0.959039 0.196886 0.203669 -0.973769 0.212501 0.081345 -0.972566 0.224407 -0.061296 -0.947101 0.224798 -0.229055 -0.890710 0.209836 -0.403242 -0.810060 0.182811 -0.557120 -0.720733 0.150524 -0.676673 -0.633244 0.117392 -0.764998 -0.547585 0.083859 -0.832537 -0.461918 0.050085 -0.885507 -0.395474 0.023211 -0.918184 0.283333 -0.002613 0.959018 0.198228 0.007945 0.980124 0.070614 0.020081 0.997302 -0.074841 0.029934 0.996746 -0.220662 0.033737 0.974767 -0.354915 0.029209 0.934442 -0.476854 0.016977 0.878819 -0.593741 0.000054 0.804656 -0.708453 -0.018267 0.705522 -0.811685 -0.035666 0.583005 -0.889877 -0.050027 0.453450 -0.939718 -0.058334 0.336937 -0.969935 -0.057312 0.236517 -0.990138 -0.046092 0.132293 -0.999607 -0.028003 -0.001092 -0.985368 -0.008767 -0.170214 -0.935073 0.006902 -0.354388 -0.852909 0.017315 -0.521773 -0.756430 0.023203 -0.653663 -0.659597 0.025430 -0.751189 -0.564837 0.023704 -0.824862 -0.471482 0.017643 -0.881699 -0.399894 0.009277 -0.916514 0.283609 -0.014318 0.958833 0.197150 -0.020593 0.980157 0.067505 -0.029310 0.997288 -0.081109 -0.038313 0.995969 -0.231634 -0.048378 0.971599 -0.371608 -0.061236 0.926368 -0.498727 -0.078686 0.863180 -0.617951 -0.101498 0.779638 -0.729890 -0.128584 0.671361 -0.824484 -0.157218 0.543607 -0.890148 -0.184242 0.416762 -0.927178 -0.206719 0.312422 -0.947433 -0.221287 0.231093 -0.963195 -0.224804 0.147371 -0.975862 -0.216257 0.030435 -0.971863 -0.196434 -0.129986 -0.934341 -0.167357 -0.314639 -0.861787 -0.132939 -0.489541 -0.769167 -0.097869 -0.631509 -0.671440 -0.065545 -0.738155 -0.573354 -0.037868 -0.818432 -0.476339 -0.016573 -0.879105 -0.402014 -0.005992 -0.915614 0.285871 -0.025916 0.957917 0.201840 -0.049927 0.978145 0.076000 -0.081403 0.993779 -0.068635 -0.111647 0.991375 -0.216916 -0.137521 0.966455 -0.357752 -0.158878 0.920202 -0.488803 -0.178316 0.853976 -0.613364 -0.198959 0.764330 -0.729421 -0.221478 0.647219 -0.824742 -0.243934 0.510193 -0.887335 -0.265031 0.377354 -0.918403 -0.285814 0.273581 -0.930584 -0.306332 0.200437 -0.937549 -0.322554 0.130230 -0.944146 -0.328339 0.027948 -0.940344 -0.318260 -0.120265 -0.909512 -0.289905 -0.297897 -0.846421 -0.246577 -0.471987 -0.761711 -0.195695 -0.617657 -0.668549 -0.143598 -0.729672 -0.572315 -0.093552 -0.814680 -0.475968 -0.048843 -0.878105 -0.401576 -0.020524 -0.915596 0.289591 -0.035556 0.956490 0.211569 -0.077091 0.974318 0.094916 -0.131939 0.986703 -0.038608 -0.185678 0.981852 -0.176436 -0.231449 0.956714 -0.310279 -0.267006 0.912379 -0.439563 -0.294777 0.848464 -0.567602 -0.318484 0.759208 -0.690890 -0.338369 0.638887 -0.794826 -0.351350 0.494777 -0.865028 -0.357119 0.352410 -0.901067 -0.361610 0.239408 -0.914440 -0.371412 0.160790 -0.918003 -0.385878 0.091476 -0.918060 -0.396421 -0.003924 -0.908901 -0.392153 -0.141830 -0.877681 -0.366352 -0.308970 -0.819198 -0.320791 -0.475403 -0.741181 -0.263427 -0.617460 -0.654228 -0.201247 -0.729031 -0.563021 -0.137293 -0.814959 -0.470963 -0.075330 -0.878931 -0.399320 -0.031668 -0.916264 0.293923 -0.042563 0.954881 0.224897 -0.099732 0.969265 0.121394 -0.176340 0.976815 0.004385 -0.253504 0.967324 -0.115705 -0.321378 0.939856 -0.233510 -0.376212 0.896626 -0.351162 -0.420498 0.836580 -0.473869 -0.458131 0.752040 -0.599212 -0.487701 0.634896 -0.712242 -0.502668 0.489936 -0.795751 -0.500471 0.341040 -0.845130 -0.488847 0.216294 -0.868778 -0.479454 0.123891 -0.877934 -0.476747 0.044090 -0.878740 -0.474210 -0.054230 -0.868050 -0.459872 -0.187101 -0.837034 -0.425476 -0.344012 -0.782421 -0.372417 -0.499122 -0.710864 -0.308658 -0.631984 -0.631151 -0.240217 -0.737526 -0.547223 -0.168056 -0.819942 -0.462458 -0.094546 -0.881586 -0.396690 -0.038378 -0.917150 0.298995 -0.047993 0.953047 0.240980 -0.117488 0.963392 0.152889 -0.212529 0.965120 0.054961 -0.310580 0.948957 -0.043516 -0.399299 0.915788 -0.138905 -0.473881 0.869564 -0.235313 -0.537402 0.809831 -0.340284 -0.594611 0.728454 -0.454601 -0.643256 0.616084 -0.566512 -0.673419 0.474944 -0.658886 -0.678259 0.325321 -0.722979 -0.663349 0.193056 -0.762264 -0.641321 0.087521 -0.785047 -0.619405 -0.006245 -0.796396 -0.594050 -0.113396 -0.794026 -0.555622 -0.246589 -0.771417 -0.498142 -0.395943 -0.726756 -0.425608 -0.539150 -0.666203 -0.347694 -0.659759 -0.597529 -0.269806 -0.755092 -0.524472 -0.190134 -0.829927 -0.450539 -0.108176 -0.886179 -0.394270 -0.042279 -0.918022 0.306584 -0.053290 0.950351 0.260690 -0.131368 0.956443 0.189395 -0.240908 0.951889 0.110864 -0.356076 0.927857 0.033888 -0.462105 0.886177 -0.038051 -0.552961 0.832338 -0.109132 -0.632137 0.767133 -0.187872 -0.705616 0.683235 -0.278188 -0.771806 0.571775 -0.373395 -0.819793 0.434184 -0.460198 -0.839916 0.287678 -0.529283 -0.834290 0.154339 -0.580609 -0.813092 0.042137 -0.619319 -0.782719 -0.061602 -0.648584 -0.740204 -0.177305 -0.665287 -0.677640 -0.313364 -0.662750 -0.592250 -0.458261 -0.638623 -0.492655 -0.591144 -0.597882 -0.392717 -0.698792 -0.547498 -0.299399 -0.781413 -0.491409 -0.209386 -0.845384 -0.433353 -0.119367 -0.893284 -0.390466 -0.046371 -0.919449 0.319048 -0.058389 0.945938 0.286083 -0.141872 0.947644 0.233436 -0.261936 0.936428 0.174318 -0.390156 0.904097 0.116622 -0.509448 0.852562 0.064591 -0.612076 0.788157 0.015876 -0.701091 0.712895 -0.036869 -0.783095 0.620808 -0.098942 -0.857646 0.504633 -0.167897 -0.914976 0.366918 -0.235306 -0.945797 0.223828 -0.294359 -0.951040 0.094208 -0.345015 -0.938443 -0.016988 -0.391784 -0.911784 -0.123107 -0.437241 -0.865987 -0.242666 -0.477311 -0.791887 -0.380905 -0.503381 -0.687339 -0.523615 -0.509947 -0.564478 -0.649090 -0.498856 -0.442155 -0.745413 -0.475563 -0.330944 -0.815056 -0.444118 -0.228337 -0.866384 -0.408173 -0.129872 -0.903619 -0.382024 -0.052318 -0.922670 0.337028 -0.061283 0.939498 0.318248 -0.147855 0.936407 0.287219 -0.274062 0.917821 0.248981 -0.410725 0.877105 0.209135 -0.539199 0.815799 0.172380 -0.649896 0.740216 0.139021 -0.744478 0.653013 0.104624 -0.828933 0.549476 0.064695 -0.903187 0.424345 0.019705 -0.959070 0.282483 -0.025121 -0.989689 0.141015 -0.065542 -0.997701 0.017224 -0.103414 -0.990823 -0.087038 -0.145413 -0.971371 -0.187865 -0.196342 -0.931967 -0.304774 -0.253447 -0.860455 -0.442020 -0.307114 -0.752072 -0.583154 -0.347746 -0.618891 -0.704306 -0.372074 -0.482719 -0.792808 -0.382433 -0.357883 -0.851859 -0.382150 -0.244356 -0.891208 -0.373941 -0.138564 -0.917043 -0.366452 -0.058745 -0.928580 0.357889 -0.059778 0.931849 0.355200 -0.147425 0.923092 0.349057 -0.274411 0.896023 0.334646 -0.413469 0.846791 0.313739 -0.546071 0.776772 0.290188 -0.661501 0.691525 0.266258 -0.759634 0.593349 0.240714 -0.844702 0.478054 0.211218 -0.915609 0.342121 0.178596 -0.964766 0.193209 0.147743 -0.987719 0.050834 0.122689 -0.990150 -0.067454 0.100441 -0.981683 -0.161897 0.071185 -0.965092 -0.252051 0.025847 -0.932419 -0.360455 -0.036628 -0.869599 -0.492398 -0.108195 -0.768598 -0.630516 -0.176856 -0.638572 -0.748965 -0.234246 -0.500793 -0.833268 -0.278575 -0.371286 -0.885744 -0.311392 -0.252440 -0.916138 -0.333420 -0.142675 -0.931920 -0.344616 -0.062272 -0.936676 0.376584 -0.053992 0.924808 0.391826 -0.140176 0.909298 0.412256 -0.261903 0.872612 0.424206 -0.395757 0.814510 0.424997 -0.525421 0.737096 0.416332 -0.640784 0.645030 0.400810 -0.740657 0.539239 0.379048 -0.827211 0.414783 0.350348 -0.897185 0.268915 0.316710 -0.941908 0.111819 0.285075 -0.957903 -0.033963 0.262590 -0.953292 -0.149266 0.248107 -0.939823 -0.234895 0.229966 -0.921456 -0.313105 0.194295 -0.891127 -0.410052 0.134887 -0.835114 -0.533283 0.056376 -0.744004 -0.665792 -0.029162 -0.623957 -0.780914 -0.110200 -0.493480 -0.862748 -0.181612 -0.367699 -0.912039 -0.243105 -0.250023 -0.937224 -0.293036 -0.140626 -0.945703 -0.321292 -0.060588 -0.945040 0.388619 -0.047125 0.920193 0.422299 -0.128519 0.897300 0.467915 -0.239810 0.850616 0.505993 -0.361033 0.783343 0.530098 -0.479360 0.699436 0.539523 -0.587246 0.603371 0.536029 -0.684314 0.494356 0.520260 -0.771868 0.365443 0.491108 -0.844629 0.213107 0.450209 -0.891581 0.048940 0.406517 -0.907965 -0.101702 0.372198 -0.902299 -0.217544 0.351316 -0.887286 -0.298834 0.333812 -0.867524 -0.368742 0.302757 -0.837055 -0.455716 0.246913 -0.784026 -0.569506 0.167006 -0.700046 -0.694294 0.073890 -0.590009 -0.804009 -0.019841 -0.469587 -0.882663 -0.107688 -0.351682 -0.929905 -0.188766 -0.239392 -0.952396 -0.259986 -0.133817 -0.956295 -0.302802 -0.054911 -0.951470 0.392925 -0.043331 0.918549 0.443256 -0.116417 0.888803 0.509736 -0.214623 0.833131 0.570250 -0.318768 0.757101 0.615901 -0.419059 0.667124 0.644399 -0.511247 0.568662 0.656938 -0.597460 0.459863 0.653621 -0.680429 0.331355 0.631254 -0.755024 0.177362 0.588321 -0.808577 0.009052 0.533017 -0.833329 -0.146474 0.481268 -0.835270 -0.265903 0.443159 -0.825926 -0.348505 0.413160 -0.809635 -0.416881 0.374934 -0.781144 -0.499239 0.314704 -0.730672 -0.605871 0.230559 -0.652065 -0.722257 0.132324 -0.550514 -0.824272 0.032535 -0.439759 -0.897527 -0.062803 -0.330528 -0.941704 -0.154004 -0.225251 -0.962052 -0.238391 -0.125547 -0.963020 -0.293143 -0.049467 -0.954788 0.392362 -0.044055 0.918755 0.455325 -0.106089 0.883982 0.537046 -0.191198 0.821599 0.614442 -0.278165 0.738299 0.677069 -0.358554 0.642663 0.721920 -0.430274 0.541937 0.750685 -0.497750 0.434415 0.763999 -0.566380 0.309060 0.757096 -0.634044 0.157463 0.724019 -0.689686 -0.011376 0.668735 -0.723663 -0.170606 0.607077 -0.737604 -0.295632 0.552716 -0.739367 -0.384502 0.504408 -0.731809 -0.458288 0.448635 -0.710032 -0.542754 0.372518 -0.665938 -0.646341 0.274653 -0.595468 -0.754973 0.165897 -0.504406 -0.847380 0.059245 -0.404937 -0.912423 -0.040504 -0.305941 -0.951188 -0.136168 -0.209423 -0.968298 -0.227322 -0.117723 -0.966678 -0.291509 -0.048042 -0.955361 0.391379 -0.045918 0.919083 0.461869 -0.095385 0.881804 0.553806 -0.167961 0.815530 0.643091 -0.240064 0.727189 0.717954 -0.303251 0.626563 0.774829 -0.355633 0.522651 0.816348 -0.401787 0.414901 0.844730 -0.448484 0.292049 0.855505 -0.497338 0.144102 0.840021 -0.542089 -0.022437 0.797374 -0.575110 -0.182875 0.739831 -0.595435 -0.313221 0.680528 -0.606694 -0.410858 0.619529 -0.609310 -0.494899 0.545205 -0.598128 -0.587363 0.446878 -0.566019 -0.692764 0.326426 -0.510095 -0.795769 0.198673 -0.435959 -0.877764 0.079075 -0.353786 -0.931978 -0.027863 -0.270446 -0.962332 -0.127427 -0.187537 -0.973957 -0.222293 -0.108192 -0.968958 -0.293255 -0.050291 -0.954711 0.392555 -0.042346 0.918753 0.465960 -0.078449 0.881321 0.564547 -0.136752 0.813993 0.662623 -0.194576 0.723236 0.746923 -0.243588 0.618685 0.812812 -0.280981 0.510280 0.863246 -0.309208 0.398996 0.901762 -0.333635 0.274796 0.925066 -0.357605 0.127948 0.924369 -0.379787 -0.036118 0.896734 -0.397290 -0.195009 0.851316 -0.410206 -0.327098 0.798408 -0.420488 -0.430970 0.736035 -0.427393 -0.524965 0.651477 -0.425999 -0.627776 0.534587 -0.409779 -0.739120 0.390648 -0.375618 -0.840420 0.240040 -0.327112 -0.913990 0.102651 -0.271195 -0.957035 -0.015576 -0.212250 -0.977091 -0.121075 -0.151206 -0.981059 -0.219028 -0.091377 -0.971430 -0.293646 -0.051049 -0.954550 0.000000 0.000000 0.000000 0.448664 -0.058877 0.891759 0.547335 -0.108388 0.829865 0.650757 -0.160615 0.742104 0.742772 -0.205727 0.637154 0.816209 -0.239872 0.525608 0.872569 -0.263323 0.411442 0.916208 -0.279416 0.287210 0.945880 -0.291398 0.142826 0.953723 -0.300072 -0.019212 0.935314 -0.305212 -0.178979 0.897852 -0.308429 -0.314219 0.851624 -0.312334 -0.420931 0.795613 -0.316995 -0.516249 0.716551 -0.318554 -0.620547 0.601367 -0.311103 -0.735916 0.452113 -0.290695 -0.843262 0.289566 -0.258642 -0.921551 0.138175 -0.219629 -0.965749 0.008714 -0.176747 -0.984218 -0.103684 -0.130011 -0.986076 -0.208330 -0.079697 -0.974806 -0.291343 -0.043636 -0.955623</float_array>
          <technique_common>
            <accessor source="#Core-norm-array" count="759" stride="3">
              <param name="X" type="float"/><param name="Y" type="float"/><param name="Z" type="float"/>
            </accessor>
          </technique_common>
        </source>
        <source id="Core-uv">
          <float_array id="Core-uv-array" count="1518">0.000000 1.000000 0.000000 0.954545 0.000000 0.909091 0.000000 0.863636 0.000000 0.818182 0.000000 0.772727 0.000000 0.727273 0.000000 0.681818 0.000000 0.636364 0.000000 0.590909 0.000000 0.545455 0.000000 0.500000 0.000000 0.454545 0.000000 0.409091 0.000000 0.363636 0.000000 0.318182 0.000000 0.272727 0.000000 0.227273 0.000000 0.181818 0.000000 0.136364 0.000000 0.090909 0.000000 0.045455 0.000000 0.000000 0.031250 1.000000 0.031250 0.954545 0.031250 0.909091 0.031250 0.863636 0.031250 0.818182 0.031250 0.772727 0.031250 0.727273 0.031250 0.681818 0.031250 0.636364 0.031250 0.590909 0.031250 0.545455 0.031250 0.500000 0.031250 0.454545 0.031250 0.409091 0.031250 0.363636 0.031250 0.318182 0.031250 0.272727 0.031250 0.227273 0.031250 0.181818 0.031250 0.136364 0.031250 0.090909 0.031250 0.045455 0.031250 0.000000 0.062500 1.000000 0.062500 0.954545 0.062500 0.909091 0.062500 0.863636 0.062500 0.818182 0.062500 0.772727 0.062500 0.727273 0.062500 0.681818 0.062500 0.636364 0.062500 0.590909 0.062500 0.545455 0.062500 0.500000 0.062500 0.454545 0.062500 0.409091 0.062500 0.363636 0.062500 0.318182 0.062500 0.272727 0.062500 0.227273 0.062500 0.181818 0.062500 0.136364 0.062500 0.090909 0.062500 0.045455 0.062500 0.000000 0.093750 1.000000 0.093750 0.954545 0.093750 0.909091 0.093750 0.863636 0.093750 0.818182 0.093750 0.772727 0.093750 0.727273 0.093750 0.681818 0.093750 0.636364 0.093750 0.590909 0.093750 0.545455 0.093750 0.500000 0.093750 0.454545 0.093750 0.409091 0.093750 0.363636 0.093750 0.318182 0.093750 0.272727 0.093750 0.227273 0.093750 0.181818 0.093750 0.136364 0.093750 0.090909 0.093750 0.045455 0.093750 0.000000 0.125000 1.000000 0.125000 0.954545 0.125000 0.909091 0.125000 0.863636 0.125000 0.818182 0.125000 0.772727 0.125000 0.727273 0.125000 0.681818 0.125000 0.636364 0.125000 0.590909 0.125000 0.545455 0.125000 0.500000 0.125000 0.454545 0.125000 0.409091 0.125000 0.363636 0.125000 0.318182 0.125000 0.272727 0.125000 0.227273 0.125000 0.181818 0.125000 0.136364 0.125000 0.090909 0.125000 0.045455 0.125000 0.000000 0.156250 1.000000 0.156250 0.954545 0.156250 0.909091 0.156250 0.863636 0.156250 0.818182 0.156250 0.772727 0.156250 0.727273 0.156250 0.681818 0.156250 0.636364 0.156250 0.590909 0.156250 0.545455 0.156250 0.500000 0.156250 0.454545 0.156250 0.409091 0.156250 0.363636 0.156250 0.318182 0.156250 0.272727 0.156250 0.227273 0.156250 0.181818 0.156250 0.136364 0.156250 0.090909 0.156250 0.045455 0.156250 0.000000 0.187500 1.000000 0.187500 0.954545 0.187500 0.909091 0.187500 0.863636 0.187500 0.818182 0.187500 0.772727 0.187500 0.727273 0.187500 0.681818 0.187500 0.636364 0.187500 0.590909 0.187500 0.545455 0.187500 0.500000 0.187500 0.454545 0.187500 0.409091 0.187500 0.363636 0.187500 0.318182 0.187500 0.272727 0.187500 0.227273 0.187500 0.181818 0.187500 0.136364 0.187500 0.090909 0.187500 0.045455 0.187500 0.000000 0.218750 1.000000 0.218750 0.954545 0.218750 0.909091 0.218750 0.863636 0.218750 0.818182 0.218750 0.772727 0.218750 0.727273 0.218750 0.681818 0.218750 0.636364 0.218750 0.590909 0.218750 0.545455 0.218750 0.500000 0.218750 0.454545 0.218750 0.409091 0.218750 0.363636 0.218750 0.318182 0.218750 0.272727 0.218750 0.227273 0.218750 0.181818 0.218750 0.136364 0.218750 0.090909 0.218750 0.045455 0.218750 0.000000 0.250000 1.000000 0.250000 0.954545 0.250000 0.909091 0.250000 0.863636 0.250000 0.818182 0.250000 0.772727 0.250000 0.727273 0.250000 0.681818 0.250000 0.636364 0.250000 0.590909 0.250000 0.545455 0.250000 0.500000 0.250000 0.454545 0.250000 0.409091 0.250000 0.363636 0.250000 0.318182 0.250000 0.272727 0.250000 0.227273 0.250000 0.181818 0.250000 0.136364 0.250000 0.090909 0.250000 0.045455 0.250000 0.000000 0.281250 1.000000 0.281250 0.954545 0.281250 0.909091 0.281250 0.863636 0.281250 0.818182 0.281250 0.772727 0.281250 0.727273 0.281250 0.681818 0.281250 0.636364 0.281250 0.590909 0.281250 0.545455 0.281250 0.500000 0.281250 0.454545 0.281250 0.409091 0.281250 0.363636 0.281250 0.318182 0.281250 0.272727 0.281250 0.227273 0.281250 0.181818 0.281250 0.136364 0.281250 0.090909 0.281250 0.045455 0.281250 0.000000 0.312500 1.000000 0.312500 0.954545 0.312500 0.909091 0.312500 0.863636 0.312500 0.818182 0.312500 0.772727 0.312500 0.727273 0.312500 0.681818 0.312500 0.636364 0.312500 0.590909 0.312500 0.545455 0.312500 0.500000 0.312500 0.454545 0.312500 0.409091 0.312500 0.363636 0.312500 0.318182 0.312500 0.272727 0.312500 0.227273 0.312500 0.181818 0.312500 0.136364 0.312500 0.090909 0.312500 0.045455 0.312500 0.000000 0.343750 1.000000 0.343750 0.954545 0.343750 0.909091 0.343750 0.863636 0.343750 0.818182 0.343750 0.772727 0.343750 0.727273 0.343750 0.681818 0.343750 0.636364 0.343750 0.590909 0.343750 0.545455 0.343750 0.500000 0.343750 0.454545 0.343750 0.409091 0.343750 0.363636 0.343750 0.318182 0.343750 0.272727 0.343750 0.227273 0.343750 0.181818 0.343750 0.136364 0.343750 0.090909 0.343750 0.045455 0.343750 0.000000 0.375000 1.000000 0.375000 0.954545 0.375000 0.909091 0.375000 0.863636 0.375000 0.818182 0.375000 0.772727 0.375000 0.727273 0.375000 0.681818 0.375000 0.636364 0.375000 0.590909 0.375000 0.545455 0.375000 0.500000 0.375000 0.454545 0.375000 0.409091 0.375000 0.363636 0.375000 0.318182 0.375000 0.272727 0.375000 0.227273 0.375000 0.181818 0.375000 0.136364 0.375000 0.090909 0.375000 0.045455 0.375000 0.000000 0.406250 1.000000 0.406250 0.954545 0.406250 0.909091 0.406250 0.863636 0.406250 0.818182 0.406250 0.772727 0.406250 0.727273 0.406250 0.681818 0.406250 0.636364 0.406250 0.590909 0.406250 0.545455 0.406250 0.500000 0.406250 0.454545 0.406250 0.409091 0.406250 0.363636 0.406250 0.318182 0.406250 0.272727 0.406250 0.227273 0.406250 0.181818 0.406250 0.136364 0.406250 0.090909 0.406250 0.045455 0.406250 0.000000 0.437500 1.000000 0.437500 0.954545 0.437500 0.909091 0.437500 0.863636 0.437500 0.818182 0.437500 0.772727 0.437500 0.727273 0.437500 0.681818 0.437500 0.636364 0.437500 0.590909 0.437500 0.545455 0.437500 0.500000 0.437500 0.454545 0.437500 0.409091 0.437500 0.363636 0.437500 0.318182 0.437500 0.272727 0.437500 0.227273 0.437500 0.181818 0.437500 0.136364 0.437500 0.090909 0.437500 0.045455 0.437500 0.000000 0.468750 1.000000 0.468750 0.954545 0.468750 0.909091 0.468750 0.863636 0.468750 0.818182 0.468750 0.772727 0.468750 0.727273 0.468750 0.681818 0.468750 0.636364 0.468750 0.590909 0.468750 0.545455 0.468750 0.500000 0.468750 0.454545 0.468750 0.409091 0.468750 0.363636 0.468750 0.318182 0.468750 0.272727 0.468750 0.227273 0.468750 0.181818 0.468750 0.136364 0.468750 0.090909 0.468750 0.045455 0.468750 0.000000 0.500000 1.000000 0.500000 0.954545 0.500000 0.909091 0.500000 0.863636 0.500000 0.818182 0.500000 0.772727 0.500000 0.727273 0.500000 0.681818 0.500000 0.636364 0.500000 0.590909 0.500000 0.545455 0.500000 0.500000 0.500000 0.454545 0.500000 0.409091 0.500000 0.363636 0.500000 0.318182 0.500000 0.272727 0.500000 0.227273 0.500000 0.181818 0.500000 0.136364 0.500000 0.090909 0.500000 0.045455 0.500000 0.000000 0.531250 1.000000 0.531250 0.954545 0.531250 0.909091 0.531250 0.863636 0.531250 0.818182 0.531250 0.772727 0.531250 0.727273 0.531250 0.681818 0.531250 0.636364 0.531250 0.590909 0.531250 0.545455 0.531250 0.500000 0.531250 0.454545 0.531250 0.409091 0.531250 0.363636 0.531250 0.318182 0.531250 0.272727 0.531250 0.227273 0.531250 0.181818 0.531250 0.136364 0.531250 0.090909 0.531250 0.045455 0.531250 0.000000 0.562500 1.000000 0.562500 0.954545 0.562500 0.909091 0.562500 0.863636 0.562500 0.818182 0.562500 0.772727 0.562500 0.727273 0.562500 0.681818 0.562500 0.636364 0.562500 0.590909 0.562500 0.545455 0.562500 0.500000 0.562500 0.454545 0.562500 0.409091 0.562500 0.363636 0.562500 0.318182 0.562500 0.272727 0.562500 0.227273 0.562500 0.181818 0.562500 0.136364 0.562500 0.090909 0.562500 0.045455 0.562500 0.000000 0.593750 1.000000 0.593750 0.954545 0.593750 0.909091 0.593750 0.863636 0.593750 0.818182 0.593750 0.772727 0.593750 0.727273 0.593750 0.681818 0.593750 0.636364 0.593750 0.590909 0.593750 0.545455 0.593750 0.500000 0.593750 0.454545 0.593750 0.409091 0.593750 0.363636 0.593750 0.318182 0.593750 0.272727 0.593750 0.227273 0.593750 0.181818 0.593750 0.136364 0.593750 0.090909 0.593750 0.045455 0.593750 0.000000 0.625000 1.000000 0.625000 0.954545 0.625000 0.909091 0.625000 0.863636 0.625000 0.818182 0.625000 0.772727 0.625000 0.727273 0.625000 0.681818 0.625000 0.636364 0.625000 0.590909 0.625000 0.545455 0.625000 0.500000 0.625000 0.454545 0.625000 0.409091 0.625000 0.363636 0.625000 0.318182 0.625000 0.272727 0.625000 0.227273 0.625000 0.181818 0.625000 0.136364 0.625000 0.090909 0.625000 0.045455 0.625000 0.000000 0.656250 1.000000 0.656250 0.954545 0.656250 0.909091 0.656250 0.863636 0.656250 0.818182 0.656250 0.772727 0.656250 0.727273 0.656250 0.681818 0.656250 0.636364 0.656250 0.590909 0.656250 0.545455 0.656250 0.500000 0.656250 0.454545 0.656250 0.409091 0.656250 0.363636 0.656250 0.318182 0.656250 0.272727 0.656250 0.227273 0.656250 0.181818 0.656250 0.136364 0.656250 0.090909 0.656250 0.045455 0.656250 0.000000 0.687500 1.000000 0.687500 0.954545 0.687500 0.909091 0.687500 0.863636 0.687500 0.818182 0.687500 0.772727 0.687500 0.727273 0.687500 0.681818 0.687500 0.636364 0.687500 0.590909 0.687500 0.545455 0.687500 0.500000 0.687500 0.454545 0.687500 0.409091 0.687500 0.363636 0.687500 0.318182 0.687500 0.272727 0.687500 0.227273 0.687500 0.181818 0.687500 0.136364 0.687500 0.090909 0.687500 0.045455 0.687500 0.000000 0.718750 1.000000 0.718750 0.954545 0.718750 0.909091 0.718750 0.863636 0.718750 0.818182 0.718750 0.772727 0.718750 0.727273 0.718750 0.681818 0.718750 0.636364 0.718750 0.590909 0.718750 0.545455 0.718750 0.500000 0.718750 0.454545 0.718750 0.409091 0.718750 0.363636 0.718750 0.318182 0.718750 0.272727 0.718750 0.227273 0.718750 0.181818 0.718750 0.136364 0.718750 0.090909 0.718750 0.045455 0.718750 0.000000 0.750000 1.000000 0.750000 0.954545 0.750000 0.909091 0.750000 0.863636 0.750000 0.818182 0.750000 0.772727 0.750000 0.727273 0.750000 0.681818 0.750000 0.636364 0.750000 0.590909 0.750000 0.545455 0.750000 0.500000 0.750000 0.454545 0.750000 0.409091 0.750000 0.363636 0.750000 0.318182 0.750000 0.272727 0.750000 0.227273 0.750000 0.181818 0.750000 0.136364 0.750000 0.090909 0.750000 0.045455 0.750000 0.000000 0.781250 1.000000 0.781250 0.954545 0.781250 0.909091 0.781250 0.863636 0.781250 0.818182 0.781250 0.772727 0.781250 0.727273 0.781250 0.681818 0.781250 0.636364 0.781250 0.590909 0.781250 0.545455 0.781250 0.500000 0.781250 0.454545 0.781250 0.409091 0.781250 0.363636 0.781250 0.318182 0.781250 0.272727 0.781250 0.227273 0.781250 0.181818 0.781250 0.136364 0.781250 0.090909 0.781250 0.045455 0.781250 0.000000 0.812500 1.000000 0.812500 0.954545 0.812500 0.909091 0.812500 0.863636 0.812500 0.818182 0.812500 0.772727 0.812500 0.727273 0.812500 0.681818 0.812500 0.636364 0.812500 0.590909 0.812500 0.545455 0.812500 0.500000 0.812500 0.454545 0.812500 0.409091 0.812500 0.363636 0.812500 0.318182 0.812500 0.272727 0.812500 0.227273 0.812500 0.181818 0.812500 0.136364 0.812500 0.090909 0.812500 0.045455 0.812500 0.000000 0.843750 1.000000 0.843750 0.954545 0.843750 0.909091 0.843750 0.863636 0.843750 0.818182 0.843750 0.772727 0.843750 0.727273 0.843750 0.681818 0.843750 0.636364 0.843750 0.590909 0.843750 0.545455 0.843750 0.500000 0.843750 0.454545 0.843750 0.409091 0.843750 0.363636 0.843750 0.318182 0.843750 0.272727 0.843750 0.227273 0.843750 0.181818 0.843750 0.136364 0.843750 0.090909 0.843750 0.045455 0.843750 0.000000 0.875000 1.000000 0.875000 0.954545 0.875000 0.909091 0.875000 0.863636 0.875000 0.818182 0.875000 0.772727 0.875000 0.727273 0.875000 0.681818 0.875000 0.636364 0.875000 0.590909 0.875000 0.545455 0.875000 0.500000 0.875000 0.454545 0.875000 0.409091 0.875000 0.363636 0.875000 0.318182 0.875000 0.272727 0.875000 0.227273 0.875000 0.181818 0.875000 0.136364 0.875000 0.090909 0.875000 0.045455 0.875000 0.000000 0.906250 1.000000 0.906250 0.954545 0.906250 0.909091 0.906250 0.863636 0.906250 0.818182 0.906250 0.772727 0.906250 0.727273 0.906250 0.681818 0.906250 0.636364 0.906250 0.590909 0.906250 0.545455 0.906250 0.500000 0.906250 0.454545 0.906250 0.409091 0.906250 0.363636 0.906250 0.318182 0.906250 0.272727 0.906250 0.227273 0.906250 0.181818 0.906250 0.136364 0.906250 0.090909 0.906250 0.045455 0.906250 0.000000 0.937500 1.000000 0.937500 0.954545 0.937500 0.909091 0.937500 0.863636 0.937500 0.818182 0.937500 0.772727 0.937500 0.727273 0.937500 0.681818 0.937500 0.636364 0.937500 0.590909 0.937500 0.545455 0.937500 0.500000 0.937500 0.454545 0.937500 0.409091 0.937500 0.363636 0.937500 0.318182 0.937500 0.272727 0.937500 0.227273 0.937500 0.181818 0.937500 0.136364 0.937500 0.090909 0.937500 0.045455 0.937500 0.000000 0.968750 1.000000 0.968750 0.954545 0.968750 0.909091 0.968750 0.863636 0.968750 0.818182 0.968750 0.772727 0.968750 0.727273 0.968750 0.681818 0.968750 0.636364 0.968750 0.590909 0.968750 0.545455 0.968750 0.500000 0.968750 0.454545 0.968750 0.409091 0.968750 0.363636 0.968750 0.318182 0.968750 0.272727 0.968750 0.227273 0.968750 0.181818 0.968750 0.136364 0.968750 0.090909 0.968750 0.045455 0.968750 0.000000 1.000000 1.000000 1.000000 0.954545 1.000000 0.909091 1.000000 0.863636 1.000000 0.818182 1.000000 0.772727 1.000000 0.727273 1.000000 0.681818 1.000000 0.636364 1.000000 0.590909 1.000000 0.545455 1.000000 0.500000 1.000000 0.454545 1.000000 0.409091 1.000000 0.363636 1.000000 0.318182 1.000000 0.272727 1.000000 0.227273 1.000000 0.181818 1.000000 0.136364 1.000000 0.090909 1.000000 0.045455 1.000000 0.000000</float_array>
          <technique_common>
            <accessor source="#Core-uv-array" count="759" stride="2">
              <param name="S" type="float"/><param name="T" type="float"/>
            </accessor>
          </technique_common>
        </source>
        <vertices id="Core-vtx"><input semantic="POSITION" source="#Core-pos"/></vertices>
        <triangles material="Core" count="1408">
          <input semantic="VERTEX" source="#Core-vtx" offset="0"/>
          <input semantic="NORMAL" source="#Core-norm" offset="1"/>
          <input semantic="TEXCOORD" source="#Core-uv" offset="2" set="0"/>
          <p>0 0 0 1 1 1 24 24 24 0 0 0 24 24 24 23 23 23 1 1 1 2 2 2 25 25 25 1 1 1 25 25 25 24 24 24 2 2 2 3 3 3 26 26 26 2 2 2 26 26 26 25 25 25 3 3 3 4 4 4 27 27 27 3 3 3 27 27 27 26 26 26 4 4 4 5 5 5 28 28 28 4 4 4 28 28 28 27 27 27 5 5 5 6 6 6 29 29 29 5 5 5 29 29 29 28 28 28 6 6 6 7 7 7 30 30 30 6 6 6 30 30 30 29 29 29 7 7 7 8 8 8 31 31 31 7 7 7 31 31 31 30 30 30 8 8 8 9 9 9 32 32 32 8 8 8 32 32 32 31 31 31 9 9 9 10 10 10 33 33 33 9 9 9 33 33 33 32 32 32 10 10 10 11 11 11 34 34 34 10 10 10 34 34 34 33 33 33 11 11 11 12 12 12 35 35 35 11 11 11 35 35 35 34 34 34 12 12 12 13 13 13 36 36 36 12 12 12 36 36 36 35 35 35 13 13 13 14 14 14 37 37 37 13 13 13 37 37 37 36 36 36 14 14 14 15 15 15 38 38 38 14 14 14 38 38 38 37 37 37 15 15 15 16 16 16 39 39 39 15 15 15 39 39 39 38 38 38 16 16 16 17 17 17 40 40 40 16 16 16 40 40 40 39 39 39 17 17 17 18 18 18 41 41 41 17 17 17 41 41 41 40 40 40 18 18 18 19 19 19 42 42 42 18 18 18 42 42 42 41 41 41 19 19 19 20 20 20 43 43 43 19 19 19 43 43 43 42 42 42 20 20 20 21 21 21 44 44 44 20 20 20 44 44 44 43 43 43 21 21 21 22 22 22 45 45 45 21 21 21 45 45 45 44 44 44 23 23 23 24 24 24 47 47 47 23 23 23 47 47 47 46 46 46 24 24 24 25 25 25 48 48 48 24 24 24 48 48 48 47 47 47 25 25 25 26 26 26 49 49 49 25 25 25 49 49 49 48 48 48 26 26 26 27 27 27 50 50 50 26 26 26 50 50 50 49 49 49 27 27 27 28 28 28 51 51 51 27 27 27 51 51 51 50 50 50 28 28 28 29 29 29 52 52 52 28 28 28 52 52 52 51 51 51 29 29 29 30 30 30 53 53 53 29 29 29 53 53 53 52 52 52 30 30 30 31 31 31 54 54 54 30 30 30 54 54 54 53 53 53 31 31 31 32 32 32 55 55 55 31 31 31 55 55 55 54 54 54 32 32 32 33 33 33 56 56 56 32 32 32 56 56 56 55 55 55 33 33 33 34 34 34 57 57 57 33 33 33 57 57 57 56 56 56 34 34 34 35 35 35 58 58 58 34 34 34 58 58 58 57 57 57 35 35 35 36 36 36 59 59 59 35 35 35 59 59 59 58 58 58 36 36 36 37 37 37 60 60 60 36 36 36 60 60 60 59 59 59 37 37 37 38 38 38 61 61 61 37 37 37 61 61 61 60 60 60 38 38 38 39 39 39 62 62 62 38 38 38 62 62 62 61 61 61 39 39 39 40 40 40 63 63 63 39 39 39 63 63 63 62 62 62 40 40 40 41 41 41 64 64 64 40 40 40 64 64 64 63 63 63 41 41 41 42 42 42 65 65 65 41 41 41 65 65 65 64 64 64 42 42 42 43 43 43 66 66 66 42 42 42 66 66 66 65 65 65 43 43 43 44 44 44 67 67 67 43 43 43 67 67 67 66 66 66 44 44 44 45 45 45 68 68 68 44 44 44 68 68 68 67 67 67 46 46 46 47 47 47 70 70 70 46 46 46 70 70 70 69 69 69 47 47 47 48 48 48 71 71 71 47 47 47 71 71 71 70 70 70 48 48 48 49 49 49 72 72 72 48 48 48 72 72 72 71 71 71 49 49 49 50 50 50 73 73 73 49 49 49 73 73 73 72 72 72 50 50 50 51 51 51 74 74 74 50 50 50 74 74 74 73 73 73 51 51 51 52 52 52 75 75 75 51 51 51 75 75 75 74 74 74 52 52 52 53 53 53 76 76 76 52 52 52 76 76 76 75 75 75 53 53 53 54 54 54 77 77 77 53 53 53 77 77 77 76 76 76 54 54 54 55 55 55 78 78 78 54 54 54 78 78 78 77 77 77 55 55 55 56 56 56 79 79 79 55 55 55 79 79 79 78 78 78 56 56 56 57 57 57 80 80 80 56 56 56 80 80 80 79 79 79 57 57 57 58 58 58 81 81 81 57 57 57 81 81 81 80 80 80 58 58 58 59 59 59 82 82 82 58 58 58 82 82 82 81 81 81 59 59 59 60 60 60 83 83 83 59 59 59 83 83 83 82 82 82 60 60 60 61 61 61 84 84 84 60 60 60 84 84 84 83 83 83 61 61 61 62 62 62 85 85 85 61 61 61 85 85 85 84 84 84 62 62 62 63 63 63 86 86 86 62 62 62 86 86 86 85 85 85 63 63 63 64 64 64 87 87 87 63 63 63 87 87 87 86 86 86 64 64 64 65 65 65 88 88 88 64 64 64 88 88 88 87 87 87 65 65 65 66 66 66 89 89 89 65 65 65 89 89 89 88 88 88 66 66 66 67 67 67 90 90 90 66 66 66 90 90 90 89 89 89 67 67 67 68 68 68 91 91 91 67 67 67 91 91 91 90 90 90 69 69 69 70 70 70 93 93 93 69 69 69 93 93 93 92 92 92 70 70 70 71 71 71 94 94 94 70 70 70 94 94 94 93 93 93 71 71 71 72 72 72 95 95 95 71 71 71 95 95 95 94 94 94 72 72 72 73 73 73 96 96 96 72 72 72 96 96 96 95 95 95 73 73 73 74 74 74 97 97 97 73 73 73 97 97 97 96 96 96 74 74 74 75 75 75 98 98 98 74 74 74 98 98 98 97 97 97 75 75 75 76 76 76 99 99 99 75 75 75 99 99 99 98 98 98 76 76 76 77 77 77 100 100 100 76 76 76 100 100 100 99 99 99 77 77 77 78 78 78 101 101 101 77 77 77 101 101 101 100 100 100 78 78 78 79 79 79 102 102 102 78 78 78 102 102 102 101 101 101 79 79 79 80 80 80 103 103 103 79 79 79 103 103 103 102 102 102 80 80 80 81 81 81 104 104 104 80 80 80 104 104 104 103 103 103 81 81 81 82 82 82 105 105 105 81 81 81 105 105 105 104 104 104 82 82 82 83 83 83 106 106 106 82 82 82 106 106 106 105 105 105 83 83 83 84 84 84 107 107 107 83 83 83 107 107 107 106 106 106 84 84 84 85 85 85 108 108 108 84 84 84 108 108 108 107 107 107 85 85 85 86 86 86 109 109 109 85 85 85 109 109 109 108 108 108 86 86 86 87 87 87 110 110 110 86 86 86 110 110 110 109 109 109 87 87 87 88 88 88 111 111 111 87 87 87 111 111 111 110 110 110 88 88 88 89 89 89 112 112 112 88 88 88 112 112 112 111 111 111 89 89 89 90 90 90 113 113 113 89 89 89 113 113 113 112 112 112 90 90 90 91 91 91 114 114 114 90 90 90 114 114 114 113 113 113 92 92 92 93 93 93 116 116 116 92 92 92 116 116 116 115 115 115 93 93 93 94 94 94 117 117 117 93 93 93 117 117 117 116 116 116 94 94 94 95 95 95 118 118 118 94 94 94 118 118 118 117 117 117 95 95 95 96 96 96 119 119 119 95 95 95 119 119 119 118 118 118 96 96 96 97 97 97 120 120 120 96 96 96 120 120 120 119 119 119 97 97 97 98 98 98 121 121 121 97 97 97 121 121 121 120 120 120 98 98 98 99 99 99 122 122 122 98 98 98 122 122 122 121 121 121 99 99 99 100 100 100 123 123 123 99 99 99 123 123 123 122 122 122 100 100 100 101 101 101 124 124 124 100 100 100 124 124 124 123 123 123 101 101 101 102 102 102 125 125 125 101 101 101 125 125 125 124 124 124 102 102 102 103 103 103 126 126 126 102 102 102 126 126 126 125 125 125 103 103 103 104 104 104 127 127 127 103 103 103 127 127 127 126 126 126 104 104 104 105 105 105 128 128 128 104 104 104 128 128 128 127 127 127 105 105 105 106 106 106 129 129 129 105 105 105 129 129 129 128 128 128 106 106 106 107 107 107 130 130 130 106 106 106 130 130 130 129 129 129 107 107 107 108 108 108 131 131 131 107 107 107 131 131 131 130 130 130 108 108 108 109 109 109 132 132 132 108 108 108 132 132 132 131 131 131 109 109 109 110 110 110 133 133 133 109 109 109 133 133 133 132 132 132 110 110 110 111 111 111 134 134 134 110 110 110 134 134 134 133 133 133 111 111 111 112 112 112 135 135 135 111 111 111 135 135 135 134 134 134 112 112 112 113 113 113 136 136 136 112 112 112 136 136 136 135 135 135 113 113 113 114 114 114 137 137 137 113 113 113 137 137 137 136 136 136 115 115 115 116 116 116 139 139 139 115 115 115 139 139 139 138 138 138 116 116 116 117 117 117 140 140 140 116 116 116 140 140 140 139 139 139 117 117 117 118 118 118 141 141 141 117 117 117 141 141 141 140 140 140 118 118 118 119 119 119 142 142 142 118 118 118 142 142 142 141 141 141 119 119 119 120 120 120 143 143 143 119 119 119 143 143 143 142 142 142 120 120 120 121 121 121 144 144 144 120 120 120 144 144 144 143 143 143 121 121 121 122 122 122 145 145 145 121 121 121 145 145 145 144 144 144 122 122 122 123 123 123 146 146 146 122 122 122 146 146 146 145 145 145 123 123 123 124 124 124 147 147 147 123 123 123 147 147 147 146 146 146 124 124 124 125 125 125 148 148 148 124 124 124 148 148 148 147 147 147 125 125 125 126 126 126 149 149 149 125 125 125 149 149 149 148 148 148 126 126 126 127 127 127 150 150 150 126 126 126 150 150 150 149 149 149 127 127 127 128 128 128 151 151 151 127 127 127 151 151 151 150 150 150 128 128 128 129 129 129 152 152 152 128 128 128 152 152 152 151 151 151 129 129 129 130 130 130 153 153 153 129 129 129 153 153 153 152 152 152 130 130 130 131 131 131 154 154 154 130 130 130 154 154 154 153 153 153 131 131 131 132 132 132 155 155 155 131 131 131 155 155 155 154 154 154 132 132 132 133 133 133 156 156 156 132 132 132 156 156 156 155 155 155 133 133 133 134 134 134 157 157 157 133 133 133 157 157 157 156 156 156 134 134 134 135 135 135 158 158 158 134 134 134 158 158 158 157 157 157 135 135 135 136 136 136 159 159 159 135 135 135 159 159 159 158 158 158 136 136 136 137 137 137 160 160 160 136 136 136 160 160 160 159 159 159 138 138 138 139 139 139 162 162 162 138 138 138 162 162 162 161 161 161 139 139 139 140 140 140 163 163 163 139 139 139 163 163 163 162 162 162 140 140 140 141 141 141 164 164 164 140 140 140 164 164 164 163 163 163 141 141 141 142 142 142 165 165 165 141 141 141 165 165 165 164 164 164 142 142 142 143 143 143 166 166 166 142 142 142 166 166 166 165 165 165 143 143 143 144 144 144 167 167 167 143 143 143 167 167 167 166 166 166 144 144 144 145 145 145 168 168 168 144 144 144 168 168 168 167 167 167 145 145 145 146 146 146 169 169 169 145 145 145 169 169 169 168 168 168 146 146 146 147 147 147 170 170 170 146 146 146 170 170 170 169 169 169 147 147 147 148 148 148 171 171 171 147 147 147 171 171 171 170 170 170 148 148 148 149 149 149 172 172 172 148 148 148 172 172 172 171 171 171 149 149 149 150 150 150 173 173 173 149 149 149 173 173 173 172 172 172 150 150 150 151 151 151 174 174 174 150 150 150 174 174 174 173 173 173 151 151 151 152 152 152 175 175 175 151 151 151 175 175 175 174 174 174 152 152 152 153 153 153 176 176 176 152 152 152 176 176 176 175 175 175 153 153 153 154 154 154 177 177 177 153 153 153 177 177 177 176 176 176 154 154 154 155 155 155 178 178 178 154 154 154 178 178 178 177 177 177 155 155 155 156 156 156 179 179 179 155 155 155 179 179 179 178 178 178 156 156 156 157 157 157 180 180 180 156 156 156 180 180 180 179 179 179 157 157 157 158 158 158 181 181 181 157 157 157 181 181 181 180 180 180 158 158 158 159 159 159 182 182 182 158 158 158 182 182 182 181 181 181 159 159 159 160 160 160 183 183 183 159 159 159 183 183 183 182 182 182 161 161 161 162 162 162 185 185 185 161 161 161 185 185 185 184 184 184 162 162 162 163 163 163 186 186 186 162 162 162 186 186 186 185 185 185 163 163 163 164 164 164 187 187 187 163 163 163 187 187 187 186 186 186 164 164 164 165 165 165 188 188 188 164 164 164 188 188 188 187 187 187 165 165 165 166 166 166 189 189 189 165 165 165 189 189 189 188 188 188 166 166 166 167 167 167 190 190 190 166 166 166 190 190 190 189 189 189 167 167 167 168 168 168 191 191 191 167 167 167 191 191 191 190 190 190 168 168 168 169 169 169 192 192 192 168 168 168 192 192 192 191 191 191 169 169 169 170 170 170 193 193 193 169 169 169 193 193 193 192 192 192 170 170 170 171 171 171 194 194 194 170 170 170 194 194 194 193 193 193 171 171 171 172 172 172 195 195 195 171 171 171 195 195 195 194 194 194 172 172 172 173 173 173 196 196 196 172 172 172 196 196 196 195 195 195 173 173 173 174 174 174 197 197 197 173 173 173 197 197 197 196 196 196 174 174 174 175 175 175 198 198 198 174 174 174 198 198 198 197 197 197 175 175 175 176 176 176 199 199 199 175 175 175 199 199 199 198 198 198 176 176 176 177 177 177 200 200 200 176 176 176 200 200 200 199 199 199 177 177 177 178 178 178 201 201 201 177 177 177 201 201 201 200 200 200 178 178 178 179 179 179 202 202 202 178 178 178 202 202 202 201 201 201 179 179 179 180 180 180 203 203 203 179 179 179 203 203 203 202 202 202 180 180 180 181 181 181 204 204 204 180 180 180 204 204 204 203 203 203 181 181 181 182 182 182 205 205 205 181 181 181 205 205 205 204 204 204 182 182 182 183 183 183 206 206 206 182 182 182 206 206 206 205 205 205 184 184 184 185 185 185 208 208 208 184 184 184 208 208 208 207 207 207 185 185 185 186 186 186 209 209 209 185 185 185 209 209 209 208 208 208 186 186 186 187 187 187 210 210 210 186 186 186 210 210 210 209 209 209 187 187 187 188 188 188 211 211 211 187 187 187 211 211 211 210 210 210 188 188 188 189 189 189 212 212 212 188 188 188 212 212 212 211 211 211 189 189 189 190 190 190 213 213 213 189 189 189 213 213 213 212 212 212 190 190 190 191 191 191 214 214 214 190 190 190 214 214 214 213 213 213 191 191 191 192 192 192 215 215 215 191 191 191 215 215 215 214 214 214 192 192 192 193 193 193 216 216 216 192 192 192 216 216 216 215 215 215 193 193 193 194 194 194 217 217 217 193 193 193 217 217 217 216 216 216 194 194 194 195 195 195 218 218 218 194 194 194 218 218 218 217 217 217 195 195 195 196 196 196 219 219 219 195 195 195 219 219 219 218 218 218 196 196 196 197 197 197 220 220 220 196 196 196 220 220 220 219 219 219 197 197 197 198 198 198 221 221 221 197 197 197 221 221 221 220 220 220 198 198 198 199 199 199 222 222 222 198 198 198 222 222 222 221 221 221 199 199 199 200 200 200 223 223 223 199 199 199 223 223 223 222 222 222 200 200 200 201 201 201 224 224 224 200 200 200 224 224 224 223 223 223 201 201 201 202 202 202 225 225 225 201 201 201 225 225 225 224 224 224 202 202 202 203 203 203 226 226 226 202 202 202 226 226 226 225 225 225 203 203 203 204 204 204 227 227 227 203 203 203 227 227 227 226 226 226 204 204 204 205 205 205 228 228 228 204 204 204 228 228 228 227 227 227 205 205 205 206 206 206 229 229 229 205 205 205 229 229 229 228 228 228 207 207 207 208 208 208 231 231 231 207 207 207 231 231 231 230 230 230 208 208 208 209 209 209 232 232 232 208 208 208 232 232 232 231 231 231 209 209 209 210 210 210 233 233 233 209 209 209 233 233 233 232 232 232 210 210 210 211 211 211 234 234 234 210 210 210 234 234 234 233 233 233 211 211 211 212 212 212 235 235 235 211 211 211 235 235 235 234 234 234 212 212 212 213 213 213 236 236 236 212 212 212 236 236 236 235 235 235 213 213 213 214 214 214 237 237 237 213 213 213 237 237 237 236 236 236 214 214 214 215 215 215 238 238 238 214 214 214 238 238 238 237 237 237 215 215 215 216 216 216 239 239 239 215 215 215 239 239 239 238 238 238 216 216 216 217 217 217 240 240 240 216 216 216 240 240 240 239 239 239 217 217 217 218 218 218 241 241 241 217 217 217 241 241 241 240 240 240 218 218 218 219 219 219 242 242 242 218 218 218 242 242 242 241 241 241 219 219 219 220 220 220 243 243 243 219 219 219 243 243 243 242 242 242 220 220 220 221 221 221 244 244 244 220 220 220 244 244 244 243 243 243 221 221 221 222 222 222 245 245 245 221 221 221 245 245 245 244 244 244 222 222 222 223 223 223 246 246 246 222 222 222 246 246 246 245 245 245 223 223 223 224 224 224 247 247 247 223 223 223 247 247 247 246 246 246 224 224 224 225 225 225 248 248 248 224 224 224 248 248 248 247 247 247 225 225 225 226 226 226 249 249 249 225 225 225 249 249 249 248 248 248 226 226 226 227 227 227 250 250 250 226 226 226 250 250 250 249 249 249 227 227 227 228 228 228 251 251 251 227 227 227 251 251 251 250 250 250 228 228 228 229 229 229 252 252 252 228 228 228 252 252 252 251 251 251 230 230 230 231 231 231 254 254 254 230 230 230 254 254 254 253 253 253 231 231 231 232 232 232 255 255 255 231 231 231 255 255 255 254 254 254 232 232 232 233 233 233 256 256 256 232 232 232 256 256 256 255 255 255 233 233 233 234 234 234 257 257 257 233 233 233 257 257 257 256 256 256 234 234 234 235 235 235 258 258 258 234 234 234 258 258 258 257 257 257 235 235 235 236 236 236 259 259 259 235 235 235 259 259 259 258 258 258 236 236 236 237 237 237 260 260 260 236 236 236 260 260 260 259 259 259 237 237 237 238 238 238 261 261 261 237 237 237 261 261 261 260 260 260 238 238 238 239 239 239 262 262 262 238 238 238 262 262 262 261 261 261 239 239 239 240 240 240 263 263 263 239 239 239 263 263 263 262 262 262 240 240 240 241 241 241 264 264 264 240 240 240 264 264 264 263 263 263 241 241 241 242 242 242 265 265 265 241 241 241 265 265 265 264 264 264 242 242 242 243 243 243 266 266 266 242 242 242 266 266 266 265 265 265 243 243 243 244 244 244 267 267 267 243 243 243 267 267 267 266 266 266 244 244 244 245 245 245 268 268 268 244 244 244 268 268 268 267 267 267 245 245 245 246 246 246 269 269 269 245 245 245 269 269 269 268 268 268 246 246 246 247 247 247 270 270 270 246 246 246 270 270 270 269 269 269 247 247 247 248 248 248 271 271 271 247 247 247 271 271 271 270 270 270 248 248 248 249 249 249 272 272 272 248 248 248 272 272 272 271 271 271 249 249 249 250 250 250 273 273 273 249 249 249 273 273 273 272 272 272 250 250 250 251 251 251 274 274 274 250 250 250 274 274 274 273 273 273 251 251 251 252 252 252 275 275 275 251 251 251 275 275 275 274 274 274 253 253 253 254 254 254 277 277 277 253 253 253 277 277 277 276 276 276 254 254 254 255 255 255 278 278 278 254 254 254 278 278 278 277 277 277 255 255 255 256 256 256 279 279 279 255 255 255 279 279 279 278 278 278 256 256 256 257 257 257 280 280 280 256 256 256 280 280 280 279 279 279 257 257 257 258 258 258 281 281 281 257 257 257 281 281 281 280 280 280 258 258 258 259 259 259 282 282 282 258 258 258 282 282 282 281 281 281 259 259 259 260 260 260 283 283 283 259 259 259 283 283 283 282 282 282 260 260 260 261 261 261 284 284 284 260 260 260 284 284 284 283 283 283 261 261 261 262 262 262 285 285 285 261 261 261 285 285 285 284 284 284 262 262 262 263 263 263 286 286 286 262 262 262 286 286 286 285 285 285 263 263 263 264 264 264 287 287 287 263 263 263 287 287 287 286 286 286 264 264 264 265 265 265 288 288 288 264 264 264 288 288 288 287 287 287 265 265 265 266 266 266 289 289 289 265 265 265 289 289 289 288 288 288 266 266 266 267 267 267 290 290 290 266 266 266 290 290 290 289 289 289 267 267 267 268 268 268 291 291 291 267 267 267 291 291 291 290 290 290 268 268 268 269 269 269 292 292 292 268 268 268 292 292 292 291 291 291 269 269 269 270 270 270 293 293 293 269 269 269 293 293 293 292 292 292 270 270 270 271 271 271 294 294 294 270 270 270 294 294 294 293 293 293 271 271 271 272 272 272 295 295 295 271 271 271 295 295 295 294 294 294 272 272 272 273 273 273 296 296 296 272 272 272 296 296 296 295 295 295 273 273 273 274 274 274 297 297 297 273 273 273 297 297 297 296 296 296 274 274 274 275 275 275 298 298 298 274 274 274 298 298 298 297 297 297 276 276 276 277 277 277 300 300 300 276 276 276 300 300 300 299 299 299 277 277 277 278 278 278 301 301 301 277 277 277 301 301 301 300 300 300 278 278 278 279 279 279 302 302 302 278 278 278 302 302 302 301 301 301 279 279 279 280 280 280 303 303 303 279 279 279 303 303 303 302 302 302 280 280 280 281 281 281 304 304 304 280 280 280 304 304 304 303 303 303 281 281 281 282 282 282 305 305 305 281 281 281 305 305 305 304 304 304 282 282 282 283 283 283 306 306 306 282 282 282 306 306 306 305 305 305 283 283 283 284 284 284 307 307 307 283 283 283 307 307 307 306 306 306 284 284 284 285 285 285 308 308 308 284 284 284 308 308 308 307 307 307 285 285 285 286 286 286 309 309 309 285 285 285 309 309 309 308 308 308 286 286 286 287 287 287 310 310 310 286 286 286 310 310 310 309 309 309 287 287 287 288 288 288 311 311 311 287 287 287 311 311 311 310 310 310 288 288 288 289 289 289 312 312 312 288 288 288 312 312 312 311 311 311 289 289 289 290 290 290 313 313 313 289 289 289 313 313 313 312 312 312 290 290 290 291 291 291 314 314 314 290 290 290 314 314 314 313 313 313 291 291 291 292 292 292 315 315 315 291 291 291 315 315 315 314 314 314 292 292 292 293 293 293 316 316 316 292 292 292 316 316 316 315 315 315 293 293 293 294 294 294 317 317 317 293 293 293 317 317 317 316 316 316 294 294 294 295 295 295 318 318 318 294 294 294 318 318 318 317 317 317 295 295 295 296 296 296 319 319 319 295 295 295 319 319 319 318 318 318 296 296 296 297 297 297 320 320 320 296 296 296 320 320 320 319 319 319 297 297 297 298 298 298 321 321 321 297 297 297 321 321 321 320 320 320 299 299 299 300 300 300 323 323 323 299 299 299 323 323 323 322 322 322 300 300 300 301 301 301 324 324 324 300 300 300 324 324 324 323 323 323 301 301 301 302 302 302 325 325 325 301 301 301 325 325 325 324 324 324 302 302 302 303 303 303 326 326 326 302 302 302 326 326 326 325 325 325 303 303 303 304 304 304 327 327 327 303 303 303 327 327 327 326 326 326 304 304 304 305 305 305 328 328 328 304 304 304 328 328 328 327 327 327 305 305 305 306 306 306 329 329 329 305 305 305 329 329 329 328 328 328 306 306 306 307 307 307 330 330 330 306 306 306 330 330 330 329 329 329 307 307 307 308 308 308 331 331 331 307 307 307 331 331 331 330 330 330 308 308 308 309 309 309 332 332 332 308 308 308 332 332 332 331 331 331 309 309 309 310 310 310 333 333 333 309 309 309 333 333 333 332 332 332 310 310 310 311 311 311 334 334 334 310 310 310 334 334 334 333 333 333 311 311 311 312 312 312 335 335 335 311 311 311 335 335 335 334 334 334 312 312 312 313 313 313 336 336 336 312 312 312 336 336 336 335 335 335 313 313 313 314 314 314 337 337 337 313 313 313 337 337 337 336 336 336 314 314 314 315 315 315 338 338 338 314 314 314 338 338 338 337 337 337 315 315 315 316 316 316 339 339 339 315 315 315 339 339 339 338 338 338 316 316 316 317 317 317 340 340 340 316 316 316 340 340 340 339 339 339 317 317 317 318 318 318 341 341 341 317 317 317 341 341 341 340 340 340 318 318 318 319 319 319 342 342 342 318 318 318 342 342 342 341 341 341 319 319 319 320 320 320 343 343 343 319 319 319 343 343 343 342 342 342 320 320 320 321 321 321 344 344 344 320 320 320 344 344 344 343 343 343 322 322 322 323 323 323 346 346 346 322 322 322 346 346 346 345 345 345 323 323 323 324 324 324 347 347 347 323 323 323 347 347 347 346 346 346 324 324 324 325 325 325 348 348 348 324 324 324 348 348 348 347 347 347 325 325 325 326 326 326 349 349 349 325 325 325 349 349 349 348 348 348 326 326 326 327 327 327 350 350 350 326 326 326 350 350 350 349 349 349 327 327 327 328 328 328 351 351 351 327 327 327 351 351 351 350 350 350 328 328 328 329 329 329 352 352 352 328 328 328 352 352 352 351 351 351 329 329 329 330 330 330 353 353 353 329 329 329 353 353 353 352 352 352 330 330 330 331 331 331 354 354 354 330 330 330 354 354 354 353 353 353 331 331 331 332 332 332 355 355 355 331 331 331 355 355 355 354 354 354 332 332 332 333 333 333 356 356 356 332 332 332 356 356 356 355 355 355 333 333 333 334 334 334 357 357 357 333 333 333 357 357 357 356 356 356 334 334 334 335 335 335 358 358 358 334 334 334 358 358 358 357 357 357 335 335 335 336 336 336 359 359 359 335 335 335 359 359 359 358 358 358 336 336 336 337 337 337 360 360 360 336 336 336 360 360 360 359 359 359 337 337 337 338 338 338 361 361 361 337 337 337 361 361 361 360 360 360 338 338 338 339 339 339 362 362 362 338 338 338 362 362 362 361 361 361 339 339 339 340 340 340 363 363 363 339 339 339 363 363 363 362 362 362 340 340 340 341 341 341 364 364 364 340 340 340 364 364 364 363 363 363 341 341 341 342 342 342 365 365 365 341 341 341 365 365 365 364 364 364 342 342 342 343 343 343 366 366 366 342 342 342 366 366 366 365 365 365 343 343 343 344 344 344 367 367 367 343 343 343 367 367 367 366 366 366 345 345 345 346 346 346 369 369 369 345 345 345 369 369 369 368 368 368 346 346 346 347 347 347 370 370 370 346 346 346 370 370 370 369 369 369 347 347 347 348 348 348 371 371 371 347 347 347 371 371 371 370 370 370 348 348 348 349 349 349 372 372 372 348 348 348 372 372 372 371 371 371 349 349 349 350 350 350 373 373 373 349 349 349 373 373 373 372 372 372 350 350 350 351 351 351 374 374 374 350 350 350 374 374 374 373 373 373 351 351 351 352 352 352 375 375 375 351 351 351 375 375 375 374 374 374 352 352 352 353 353 353 376 376 376 352 352 352 376 376 376 375 375 375 353 353 353 354 354 354 377 377 377 353 353 353 377 377 377 376 376 376 354 354 354 355 355 355 378 378 378 354 354 354 378 378 378 377 377 377 355 355 355 356 356 356 379 379 379 355 355 355 379 379 379 378 378 378 356 356 356 357 357 357 380 380 380 356 356 356 380 380 380 379 379 379 357 357 357 358 358 358 381 381 381 357 357 357 381 381 381 380 380 380 358 358 358 359 359 359 382 382 382 358 358 358 382 382 382 381 381 381 359 359 359 360 360 360 383 383 383 359 359 359 383 383 383 382 382 382 360 360 360 361 361 361 384 384 384 360 360 360 384 384 384 383 383 383 361 361 361 362 362 362 385 385 385 361 361 361 385 385 385 384 384 384 362 362 362 363 363 363 386 386 386 362 362 362 386 386 386 385 385 385 363 363 363 364 364 364 387 387 387 363 363 363 387 387 387 386 386 386 364 364 364 365 365 365 388 388 388 364 364 364 388 388 388 387 387 387 365 365 365 366 366 366 389 389 389 365 365 365 389 389 389 388 388 388 366 366 366 367 367 367 390 390 390 366 366 366 390 390 390 389 389 389 368 368 368 369 369 369 392 392 392 368 368 368 392 392 392 391 391 391 369 369 369 370 370 370 393 393 393 369 369 369 393 393 393 392 392 392 370 370 370 371 371 371 394 394 394 370 370 370 394 394 394 393 393 393 371 371 371 372 372 372 395 395 395 371 371 371 395 395 395 394 394 394 372 372 372 373 373 373 396 396 396 372 372 372 396 396 396 395 395 395 373 373 373 374 374 374 397 397 397 373 373 373 397 397 397 396 396 396 374 374 374 375 375 375 398 398 398 374 374 374 398 398 398 397 397 397 375 375 375 376 376 376 399 399 399 375 375 375 399 399 399 398 398 398 376 376 376 377 377 377 400 400 400 376 376 376 400 400 400 399 399 399 377 377 377 378 378 378 401 401 401 377 377 377 401 401 401 400 400 400 378 378 378 379 379 379 402 402 402 378 378 378 402 402 402 401 401 401 379 379 379 380 380 380 403 403 403 379 379 379 403 403 403 402 402 402 380 380 380 381 381 381 404 404 404 380 380 380 404 404 404 403 403 403 381 381 381 382 382 382 405 405 405 381 381 381 405 405 405 404 404 404 382 382 382 383 383 383 406 406 406 382 382 382 406 406 406 405 405 405 383 383 383 384 384 384 407 407 407 383 383 383 407 407 407 406 406 406 384 384 384 385 385 385 408 408 408 384 384 384 408 408 408 407 407 407 385 385 385 386 386 386 409 409 409 385 385 385 409 409 409 408 408 408 386 386 386 387 387 387 410 410 410 386 386 386 410 410 410 409 409 409 387 387 387 388 388 388 411 411 411 387 387 387 411 411 411 410 410 410 388 388 388 389 389 389 412 412 412 388 388 388 412 412 412 411 411 411 389 389 389 390 390 390 413 413 413 389 389 389 413 413 413 412 412 412 391 391 391 392 392 392 415 415 415 391 391 391 415 415 415 414 414 414 392 392 392 393 393 393 416 416 416 392 392 392 416 416 416 415 415 415 393 393 393 394 394 394 417 417 417 393 393 393 417 417 417 416 416 416 394 394 394 395 395 395 418 418 418 394 394 394 418 418 418 417 417 417 395 395 395 396 396 396 419 419 419 395 395 395 419 419 419 418 418 418 396 396 396 397 397 397 420 420 420 396 396 396 420 420 420 419 419 419 397 397 397 398 398 398 421 421 421 397 397 397 421 421 421 420 420 420 398 398 398 399 399 399 422 422 422 398 398 398 422 422 422 421 421 421 399 399 399 400 400 400 423 423 423 399 399 399 423 423 423 422 422 422 400 400 400 401 401 401 424 424 424 400 400 400 424 424 424 423 423 423 401 401 401 402 402 402 425 425 425 401 401 401 425 425 425 424 424 424 402 402 402 403 403 403 426 426 426 402 402 402 426 426 426 425 425 425 403 403 403 404 404 404 427 427 427 403 403 403 427 427 427 426 426 426 404 404 404 405 405 405 428 428 428 404 404 404 428 428 428 427 427 427 405 405 405 406 406 406 429 429 429 405 405 405 429 429 429 428 428 428 406 406 406 407 407 407 430 430 430 406 406 406 430 430 430 429 429 429 407 407 407 408 408 408 431 431 431 407 407 407 431 431 431 430 430 430 408 408 408 409 409 409 432 432 432 408 408 408 432 432 432 431 431 431 409 409 409 410 410 410 433 433 433 409 409 409 433 433 433 432 432 432 410 410 410 411 411 411 434 434 434 410 410 410 434 434 434 433 433 433 411 411 411 412 412 412 435 435 435 411 411 411 435 435 435 434 434 434 412 412 412 413 413 413 436 436 436 412 412 412 436 436 436 435 435 435 414 414 414 415 415 415 438 438 438 414 414 414 438 438 438 437 437 437 415 415 415 416 416 416 439 439 439 415 415 415 439 439 439 438 438 438 416 416 416 417 417 417 440 440 440 416 416 416 440 440 440 439 439 439 417 417 417 418 418 418 441 441 441 417 417 417 441 441 441 440 440 440 418 418 418 419 419 419 442 442 442 418 418 418 442 442 442 441 441 441 419 419 419 420 420 420 443 443 443 419 419 419 443 443 443 442 442 442 420 420 420 421 421 421 444 444 444 420 420 420 444 444 444 443 443 443 421 421 421 422 422 422 445 445 445 421 421 421 445 445 445 444 444 444 422 422 422 423 423 423 446 446 446 422 422 422 446 446 446 445 445 445 423 423 423 424 424 424 447 447 447 423 423 423 447 447 447 446 446 446 424 424 424 425 425 425 448 448 448 424 424 424 448 448 448 447 447 447 425 425 425 426 426 426 449 449 449 425 425 425 449 449 449 448 448 448 426 426 426 427 427 427 450 450 450 426 426 426 450 450 450 449 449 449 427 427 427 428 428 428 451 451 451 427 427 427 451 451 451 450 450 450 428 428 428 429 429 429 452 452 452 428 428 428 452 452 452 451 451 451 429 429 429 430 430 430 453 453 453 429 429 429 453 453 453 452 452 452 430 430 430 431 431 431 454 454 454 430 430 430 454 454 454 453 453 453 431 431 431 432 432 432 455 455 455 431 431 431 455 455 455 454 454 454 432 432 432 433 433 433 456 456 456 432 432 432 456 456 456 455 455 455 433 433 433 434 434 434 457 457 457 433 433 433 457 457 457 456 456 456 434 434 434 435 435 435 458 458 458 434 434 434 458 458 458 457 457 457 435 435 435 436 436 436 459 459 459 435 435 435 459 459 459 458 458 458 437 437 437 438 438 438 461 461 461 437 437 437 461 461 461 460 460 460 438 438 438 439 439 439 462 462 462 438 438 438 462 462 462 461 461 461 439 439 439 440 440 440 463 463 463 439 439 439 463 463 463 462 462 462 440 440 440 441 441 441 464 464 464 440 440 440 464 464 464 463 463 463 441 441 441 442 442 442 465 465 465 441 441 441 465 465 465 464 464 464 442 442 442 443 443 443 466 466 466 442 442 442 466 466 466 465 465 465 443 443 443 444 444 444 467 467 467 443 443 443 467 467 467 466 466 466 444 444 444 445 445 445 468 468 468 444 444 444 468 468 468 467 467 467 445 445 445 446 446 446 469 469 469 445 445 445 469 469 469 468 468 468 446 446 446 447 447 447 470 470 470 446 446 446 470 470 470 469 469 469 447 447 447 448 448 448 471 471 471 447 447 447 471 471 471 470 470 470 448 448 448 449 449 449 472 472 472 448 448 448 472 472 472 471 471 471 449 449 449 450 450 450 473 473 473 449 449 449 473 473 473 472 472 472 450 450 450 451 451 451 474 474 474 450 450 450 474 474 474 473 473 473 451 451 451 452 452 452 475 475 475 451 451 451 475 475 475 474 474 474 452 452 452 453 453 453 476 476 476 452 452 452 476 476 476 475 475 475 453 453 453 454 454 454 477 477 477 453 453 453 477 477 477 476 476 476 454 454 454 455 455 455 478 478 478 454 454 454 478 478 478 477 477 477 455 455 455 456 456 456 479 479 479 455 455 455 479 479 479 478 478 478 456 456 456 457 457 457 480 480 480 456 456 456 480 480 480 479 479 479 457 457 457 458 458 458 481 481 481 457 457 457 481 481 481 480 480 480 458 458 458 459 459 459 482 482 482 458 458 458 482 482 482 481 481 481 460 460 460 461 461 461 484 484 484 460 460 460 484 484 484 483 483 483 461 461 461 462 462 462 485 485 485 461 461 461 485 485 485 484 484 484 462 462 462 463 463 463 486 486 486 462 462 462 486 486 486 485 485 485 463 463 463 464 464 464 487 487 487 463 463 463 487 487 487 486 486 486 464 464 464 465 465 465 488 488 488 464 464 464 488 488 488 487 487 487 465 465 465 466 466 466 489 489 489 465 465 465 489 489 489 488 488 488 466 466 466 467 467 467 490 490 490 466 466 466 490 490 490 489 489 489 467 467 467 468 468 468 491 491 491 467 467 467 491 491 491 490 490 490 468 468 468 469 469 469 492 492 492 468 468 468 492 492 492 491 491 491 469 469 469 470 470 470 493 493 493 469 469 469 493 493 493 492 492 492 470 470 470 471 471 471 494 494 494 470 470 470 494 494 494 493 493 493 471 471 471 472 472 472 495 495 495 471 471 471 495 495 495 494 494 494 472 472 472 473 473 473 496 496 496 472 472 472 496 496 496 495 495 495 473 473 473 474 474 474 497 497 497 473 473 473 497 497 497 496 496 496 474 474 474 475 475 475 498 498 498 474 474 474 498 498 498 497 497 497 475 475 475 476 476 476 499 499 499 475 475 475 499 499 499 498 498 498 476 476 476 477 477 477 500 500 500 476 476 476 500 500 500 499 499 499 477 477 477 478 478 478 501 501 501 477 477 477 501 501 501 500 500 500 478 478 478 479 479 479 502 502 502 478 478 478 502 502 502 501 501 501 479 479 479 480 480 480 503 503 503 479 479 479 503 503 503 502 502 502 480 480 480 481 481 481 504 504 504 480 480 480 504 504 504 503 503 503 481 481 481 482 482 482 505 505 505 481 481 481 505 505 505 504 504 504 483 483 483 484 484 484 507 507 507 483 483 483 507 507 507 506 506 506 484 484 484 485 485 485 508 508 508 484 484 484 508 508 508 507 507 507 485 485 485 486 486 486 509 509 509 485 485 485 509 509 509 508 508 508 486 486 486 487 487 487 510 510 510 486 486 486 510 510 510 509 509 509 487 487 487 488 488 488 511 511 511 487 487 487 511 511 511 510 510 510 488 488 488 489 489 489 512 512 512 488 488 488 512 512 512 511 511 511 489 489 489 490 490 490 513 513 513 489 489 489 513 513 513 512 512 512 490 490 490 491 491 491 514 514 514 490 490 490 514 514 514 513 513 513 491 491 491 492 492 492 515 515 515 491 491 491 515 515 515 514 514 514 492 492 492 493 493 493 516 516 516 492 492 492 516 516 516 515 515 515 493 493 493 494 494 494 517 517 517 493 493 493 517 517 517 516 516 516 494 494 494 495 495 495 518 518 518 494 494 494 518 518 518 517 517 517 495 495 495 496 496 496 519 519 519 495 495 495 519 519 519 518 518 518 496 496 496 497 497 497 520 520 520 496 496 496 520 520 520 519 519 519 497 497 497 498 498 498 521 521 521 497 497 497 521 521 521 520 520 520 498 498 498 499 499 499 522 522 522 498 498 498 522 522 522 521 521 521 499 499 499 500 500 500 523 523 523 499 499 499 523 523 523 522 522 522 500 500 500 501 501 501 524 524 524 500 500 500 524 524 524 523 523 523 501 501 501 502 502 502 525 525 525 501 501 501 525 525 525 524 524 524 502 502 502 503 503 503 526 526 526 502 502 502 526 526 526 525 525 525 503 503 503 504 504 504 527 527 527 503 503 503 527 527 527 526 526 526 504 504 504 505 505 505 528 528 528 504 504 504 528 528 528 527 527 527 506 506 506 507 507 507 530 530 530 506 506 506 530 530 530 529 529 529 507 507 507 508 508 508 531 531 531 507 507 507 531 531 531 530 530 530 508 508 508 509 509 509 532 532 532 508 508 508 532 532 532 531 531 531 509 509 509 510 510 510 533 533 533 509 509 509 533 533 533 532 532 532 510 510 510 511 511 511 534 534 534 510 510 510 534 534 534 533 533 533 511 511 511 512 512 512 535 535 535 511 511 511 535 535 535 534 534 534 512 512 512 513 513 513 536 536 536 512 512 512 536 536 536 535 535 535 513 513 513 514 514 514 537 537 537 513 513 513 537 537 537 536 536 536 514 514 514 515 515 515 538 538 538 514 514 514 538 538 538 537 537 537 515 515 515 516 516 516 539 539 539 515 515 515 539 539 539 538 538 538 516 516 516 517 517 517 540 540 540 516 516 516 540 540 540 539 539 539 517 517 517 518 518 518 541 541 541 517 517 517 541 541 541 540 540 540 518 518 518 519 519 519 542 542 542 518 518 518 542 542 542 541 541 541 519 519 519 520 520 520 543 543 543 519 519 519 543 543 543 542 542 542 520 520 520 521 521 521 544 544 544 520 520 520 544 544 544 543 543 543 521 521 521 522 522 522 545 545 545 521 521 521 545 545 545 544 544 544 522 522 522 523 523 523 546 546 546 522 522 522 546 546 546 545 545 545 523 523 523 524 524 524 547 547 547 523 523 523 547 547 547 546 546 546 524 524 524 525 525 525 548 548 548 524 524 524 548 548 548 547 547 547 525 525 525 526 526 526 549 549 549 525 525 525 549 549 549 548 548 548 526 526 526 527 527 527 550 550 550 526 526 526 550 550 550 549 549 549 527 527 527 528 528 528 551 551 551 527 527 527 551 551 551 550 550 550 529 529 529 530 530 530 553 553 553 529 529 529 553 553 553 552 552 552 530 530 530 531 531 531 554 554 554 530 530 530 554 554 554 553 553 553 531 531 531 532 532 532 555 555 555 531 531 531 555 555 555 554 554 554 532 532 532 533 533 533 556 556 556 532 532 532 556 556 556 555 555 555 533 533 533 534 534 534 557 557 557 533 533 533 557 557 557 556 556 556 534 534 534 535 535 535 558 558 558 534 534 534 558 558 558 557 557 557 535 535 535 536 536 536 559 559 559 535 535 535 559 559 559 558 558 558 536 536 536 537 537 537 560 560 560 536 536 536 560 560 560 559 559 559 537 537 537 538 538 538 561 561 561 537 537 537 561 561 561 560 560 560 538 538 538 539 539 539 562 562 562 538 538 538 562 562 562 561 561 561 539 539 539 540 540 540 563 563 563 539 539 539 563 563 563 562 562 562 540 540 540 541 541 541 564 564 564 540 540 540 564 564 564 563 563 563 541 541 541 542 542 542 565 565 565 541 541 541 565 565 565 564 564 564 542 542 542 543 543 543 566 566 566 542 542 542 566 566 566 565 565 565 543 543 543 544 544 544 567 567 567 543 543 543 567 567 567 566 566 566 544 544 544 545 545 545 568 568 568 544 544 544 568 568 568 567 567 567 545 545 545 546 546 546 569 569 569 545 545 545 569 569 569 568 568 568 546 546 546 547 547 547 570 570 570 546 546 546 570 570 570 569 569 569 547 547 547 548 548 548 571 571 571 547 547 547 571 571 571 570 570 570 548 548 548 549 549 549 572 572 572 548 548 548 572 572 572 571 571 571 549 549 549 550 550 550 573 573 573 549 549 549 573 573 573 572 572 572 550 550 550 551 551 551 574 574 574 550 550 550 574 574 574 573 573 573 552 552 552 553 553 553 576 576 576 552 552 552 576 576 576 575 575 575 553 553 553 554 554 554 577 577 577 553 553 553 577 577 577 576 576 576 554 554 554 555 555 555 578 578 578 554 554 554 578 578 578 577 577 577 555 555 555 556 556 556 579 579 579 555 555 555 579 579 579 578 578 578 556 556 556 557 557 557 580 580 580 556 556 556 580 580 580 579 579 579 557 557 557 558 558 558 581 581 581 557 557 557 581 581 581 580 580 580 558 558 558 559 559 559 582 582 582 558 558 558 582 582 582 581 581 581 559 559 559 560 560 560 583 583 583 559 559 559 583 583 583 582 582 582 560 560 560 561 561 561 584 584 584 560 560 560 584 584 584 583 583 583 561 561 561 562 562 562 585 585 585 561 561 561 585 585 585 584 584 584 562 562 562 563 563 563 586 586 586 562 562 562 586 586 586 585 585 585 563 563 563 564 564 564 587 587 587 563 563 563 587 587 587 586 586 586 564 564 564 565 565 565 588 588 588 564 564 564 588 588 588 587 587 587 565 565 565 566 566 566 589 589 589 565 565 565 589 589 589 588 588 588 566 566 566 567 567 567 590 590 590 566 566 566 590 590 590 589 589 589 567 567 567 568 568 568 591 591 591 567 567 567 591 591 591 590 590 590 568 568 568 569 569 569 592 592 592 568 568 568 592 592 592 591 591 591 569 569 569 570 570 570 593 593 593 569 569 569 593 593 593 592 592 592 570 570 570 571 571 571 594 594 594 570 570 570 594 594 594 593 593 593 571 571 571 572 572 572 595 595 595 571 571 571 595 595 595 594 594 594 572 572 572 573 573 573 596 596 596 572 572 572 596 596 596 595 595 595 573 573 573 574 574 574 597 597 597 573 573 573 597 597 597 596 596 596 575 575 575 576 576 576 599 599 599 575 575 575 599 599 599 598 598 598 576 576 576 577 577 577 600 600 600 576 576 576 600 600 600 599 599 599 577 577 577 578 578 578 601 601 601 577 577 577 601 601 601 600 600 600 578 578 578 579 579 579 602 602 602 578 578 578 602 602 602 601 601 601 579 579 579 580 580 580 603 603 603 579 579 579 603 603 603 602 602 602 580 580 580 581 581 581 604 604 604 580 580 580 604 604 604 603 603 603 581 581 581 582 582 582 605 605 605 581 581 581 605 605 605 604 604 604 582 582 582 583 583 583 606 606 606 582 582 582 606 606 606 605 605 605 583 583 583 584 584 584 607 607 607 583 583 583 607 607 607 606 606 606 584 584 584 585 585 585 608 608 608 584 584 584 608 608 608 607 607 607 585 585 585 586 586 586 609 609 609 585 585 585 609 609 609 608 608 608 586 586 586 587 587 587 610 610 610 586 586 586 610 610 610 609 609 609 587 587 587 588 588 588 611 611 611 587 587 587 611 611 611 610 610 610 588 588 588 589 589 589 612 612 612 588 588 588 612 612 612 611 611 611 589 589 589 590 590 590 613 613 613 589 589 589 613 613 613 612 612 612 590 590 590 591 591 591 614 614 614 590 590 590 614 614 614 613 613 613 591 591 591 592 592 592 615 615 615 591 591 591 615 615 615 614 614 614 592 592 592 593 593 593 616 616 616 592 592 592 616 616 616 615 615 615 593 593 593 594 594 594 617 617 617 593 593 593 617 617 617 616 616 616 594 594 594 595 595 595 618 618 618 594 594 594 618 618 618 617 617 617 595 595 595 596 596 596 619 619 619 595 595 595 619 619 619 618 618 618 596 596 596 597 597 597 620 620 620 596 596 596 620 620 620 619 619 619 598 598 598 599 599 599 622 622 622 598 598 598 622 622 622 621 621 621 599 599 599 600 600 600 623 623 623 599 599 599 623 623 623 622 622 622 600 600 600 601 601 601 624 624 624 600 600 600 624 624 624 623 623 623 601 601 601 602 602 602 625 625 625 601 601 601 625 625 625 624 624 624 602 602 602 603 603 603 626 626 626 602 602 602 626 626 626 625 625 625 603 603 603 604 604 604 627 627 627 603 603 603 627 627 627 626 626 626 604 604 604 605 605 605 628 628 628 604 604 604 628 628 628 627 627 627 605 605 605 606 606 606 629 629 629 605 605 605 629 629 629 628 628 628 606 606 606 607 607 607 630 630 630 606 606 606 630 630 630 629 629 629 607 607 607 608 608 608 631 631 631 607 607 607 631 631 631 630 630 630 608 608 608 609 609 609 632 632 632 608 608 608 632 632 632 631 631 631 609 609 609 610 610 610 633 633 633 609 609 609 633 633 633 632 632 632 610 610 610 611 611 611 634 634 634 610 610 610 634 634 634 633 633 633 611 611 611 612 612 612 635 635 635 611 611 611 635 635 635 634 634 634 612 612 612 613 613 613 636 636 636 612 612 612 636 636 636 635 635 635 613 613 613 614 614 614 637 637 637 613 613 613 637 637 637 636 636 636 614 614 614 615 615 615 638 638 638 614 614 614 638 638 638 637 637 637 615 615 615 616 616 616 639 639 639 615 615 615 639 639 639 638 638 638 616 616 616 617 617 617 640 640 640 616 616 616 640 640 640 639 639 639 617 617 617 618 618 618 641 641 641 617 617 617 641 641 641 640 640 640 618 618 618 619 619 619 642 642 642 618 618 618 642 642 642 641 641 641 619 619 619 620 620 620 643 643 643 619 619 619 643 643 643 642 642 642 621 621 621 622 622 622 645 645 645 621 621 621 645 645 645 644 644 644 622 622 622 623 623 623 646 646 646 622 622 622 646 646 646 645 645 645 623 623 623 624 624 624 647 647 647 623 623 623 647 647 647 646 646 646 624 624 624 625 625 625 648 648 648 624 624 624 648 648 648 647 647 647 625 625 625 626 626 626 649 649 649 625 625 625 649 649 649 648 648 648 626 626 626 627 627 627 650 650 650 626 626 626 650 650 650 649 649 649 627 627 627 628 628 628 651 651 651 627 627 627 651 651 651 650 650 650 628 628 628 629 629 629 652 652 652 628 628 628 652 652 652 651 651 651 629 629 629 630 630 630 653 653 653 629 629 629 653 653 653 652 652 652 630 630 630 631 631 631 654 654 654 630 630 630 654 654 654 653 653 653 631 631 631 632 632 632 655 655 655 631 631 631 655 655 655 654 654 654 632 632 632 633 633 633 656 656 656 632 632 632 656 656 656 655 655 655 633 633 633 634 634 634 657 657 657 633 633 633 657 657 657 656 656 656 634 634 634 635 635 635 658 658 658 634 634 634 658 658 658 657 657 657 635 635 635 636 636 636 659 659 659 635 635 635 659 659 659 658 658 658 636 636 636 637 637 637 660 660 660 636 636 636 660 660 660 659 659 659 637 637 637 638 638 638 661 661 661 637 637 637 661 661 661 660 660 660 638 638 638 639 639 639 662 662 662 638 638 638 662 662 662 661 661 661 639 639 639 640 640 640 663 663 663 639 639 639 663 663 663 662 662 662 640 640 640 641 641 641 664 664 664 640 640 640 664 664 664 663 663 663 641 641 641 642 642 642 665 665 665 641 641 641 665 665 665 664 664 664 642 642 642 643 643 643 666 666 666 642 642 642 666 666 666 665 665 665 644 644 644 645 645 645 668 668 668 644 644 644 668 668 668 667 667 667 645 645 645 646 646 646 669 669 669 645 645 645 669 669 669 668 668 668 646 646 646 647 647 647 670 670 670 646 646 646 670 670 670 669 669 669 647 647 647 648 648 648 671 671 671 647 647 647 671 671 671 670 670 670 648 648 648 649 649 649 672 672 672 648 648 648 672 672 672 671 671 671 649 649 649 650 650 650 673 673 673 649 649 649 673 673 673 672 672 672 650 650 650 651 651 651 674 674 674 650 650 650 674 674 674 673 673 673 651 651 651 652 652 652 675 675 675 651 651 651 675 675 675 674 674 674 652 652 652 653 653 653 676 676 676 652 652 652 676 676 676 675 675 675 653 653 653 654 654 654 677 677 677 653 653 653 677 677 677 676 676 676 654 654 654 655 655 655 678 678 678 654 654 654 678 678 678 677 677 677 655 655 655 656 656 656 679 679 679 655 655 655 679 679 679 678 678 678 656 656 656 657 657 657 680 680 680 656 656 656 680 680 680 679 679 679 657 657 657 658 658 658 681 681 681 657 657 657 681 681 681 680 680 680 658 658 658 659 659 659 682 682 682 658 658 658 682 682 682 681 681 681 659 659 659 660 660 660 683 683 683 659 659 659 683 683 683 682 682 682 660 660 660 661 661 661 684 684 684 660 660 660 684 684 684 683 683 683 661 661 661 662 662 662 685 685 685 661 661 661 685 685 685 684 684 684 662 662 662 663 663 663 686 686 686 662 662 662 686 686 686 685 685 685 663 663 663 664 664 664 687 687 687 663 663 663 687 687 687 686 686 686 664 664 664 665 665 665 688 688 688 664 664 664 688 688 688 687 687 687 665 665 665 666 666 666 689 689 689 665 665 665 689 689 689 688 688 688 667 667 667 668 668 668 691 691 691 667 667 667 691 691 691 690 690 690 668 668 668 669 669 669 692 692 692 668 668 668 692 692 692 691 691 691 669 669 669 670 670 670 693 693 693 669 669 669 693 693 693 692 692 692 670 670 670 671 671 671 694 694 694 670 670 670 694 694 694 693 693 693 671 671 671 672 672 672 695 695 695 671 671 671 695 695 695 694 694 694 672 672 672 673 673 673 696 696 696 672 672 672 696 696 696 695 695 695 673 673 673 674 674 674 697 697 697 673 673 673 697 697 697 696 696 696 674 674 674 675 675 675 698 698 698 674 674 674 698 698 698 697 697 697 675 675 675 676 676 676 699 699 699 675 675 675 699 699 699 698 698 698 676 676 676 677 677 677 700 700 700 676 676 676 700 700 700 699 699 699 677 677 677 678 678 678 701 701 701 677 677 677 701 701 701 700 700 700 678 678 678 679 679 679 702 702 702 678 678 678 702 702 702 701 701 701 679 679 679 680 680 680 703 703 703 679 679 679 703 703 703 702 702 702 680 680 680 681 681 681 704 704 704 680 680 680 704 704 704 703 703 703 681 681 681 682 682 682 705 705 705 681 681 681 705 705 705 704 704 704 682 682 682 683 683 683 706 706 706 682 682 682 706 706 706 705 705 705 683 683 683 684 684 684 707 707 707 683 683 683 707 707 707 706 706 706 684 684 684 685 685 685 708 708 708 684 684 684 708 708 708 707 707 707 685 685 685 686 686 686 709 709 709 685 685 685 709 709 709 708 708 708 686 686 686 687 687 687 710 710 710 686 686 686 710 710 710 709 709 709 687 687 687 688 688 688 711 711 711 687 687 687 711 711 711 710 710 710 688 688 688 689 689 689 712 712 712 688 688 688 712 712 712 711 711 711 690 690 690 691 691 691 714 714 714 690 690 690 714 714 714 713 713 713 691 691 691 692 692 692 715 715 715 691 691 691 715 715 715 714 714 714 692 692 692 693 693 693 716 716 716 692 692 692 716 716 716 715 715 715 693 693 693 694 694 694 717 717 717 693 693 693 717 717 717 716 716 716 694 694 694 695 695 695 718 718 718 694 694 694 718 718 718 717 717 717 695 695 695 696 696 696 719 719 719 695 695 695 719 719 719 718 718 718 696 696 696 697 697 697 720 720 720 696 696 696 720 720 720 719 719 719 697 697 697 698 698 698 721 721 721 697 697 697 721 721 721 720 720 720 698 698 698 699 699 699 722 722 722 698 698 698 722 722 722 721 721 721 699 699 699 700 700 700 723 723 723 699 699 699 723 723 723 722 722 722 700 700 700 701 701 701 724 724 724 700 700 700 724 724 724 723 723 723 701 701 701 702 702 702 725 725 725 701 701 701 725 725 725 724 724 724 702 702 702 703 703 703 726 726 726 702 702 702 726 726 726 725 725 725 703 703 703 704 704 704 727 727 727 703 703 703 727 727 727 726 726 726 704 704 704 705 705 705 728 728 728 704 704 704 728 728 728 727 727 727 705 705 705 706 706 706 729 729 729 705 705 705 729 729 729 728 728 728 706 706 706 707 707 707 730 730 730 706 706 706 730 730 730 729 729 729 707 707 707 708 708 708 731 731 731 707 707 707 731 731 731 730 730 730 708 708 708 709 709 709 732 732 732 708 708 708 732 732 732 731 731 731 709 709 709 710 710 710 733 733 733 709 709 709 733 733 733 732 732 732 710 710 710 711 711 711 734 734 734 710 710 710 734 734 734 733 733 733 711 711 711 712 712 712 735 735 735 711 711 711 735 735 735 734 734 734 713 713 713 714 714 714 737 737 737 713 713 713 737 737 737 736 736 736 714 714 714 715 715 715 738 738 738 714 714 714 738 738 738 737 737 737 715 715 715 716 716 716 739 739 739 715 715 715 739 739 739 738 738 738 716 716 716 717 717 717 740 740 740 716 716 716 740 740 740 739 739 739 717 717 717 718 718 718 741 741 741 717 717 717 741 741 741 740 740 740 718 718 718 719 719 719 742 742 742 718 718 718 742 742 742 741 741 741 719 719 719 720 720 720 743 743 743 719 719 719 743 743 743 742 742 742 720 720 720 721 721 721 744 744 744 720 720 720 744 744 744 743 743 743 721 721 721 722 722 722 745 745 745 721 721 721 745 745 745 744 744 744 722 722 722 723 723 723 746 746 746 722 722 722 746 746 746 745 745 745 723 723 723 724 724 724 747 747 747 723 723 723 747 747 747 746 746 746 724 724 724 725 725 725 748 748 748 724 724 724 748 748 748 747 747 747 725 725 725 726 726 726 749 749 749 725 725 725 749 749 749 748 748 748 726 726 726 727 727 727 750 750 750 726 726 726 750 750 750 749 749 749 727 727 727 728 728 728 751 751 751 727 727 727 751 751 751 750 750 750 728 728 728 729 729 729 752 752 752 728 728 728 752 752 752 751 751 751 729 729 729 730 730 730 753 753 753 729 729 729 753 753 753 752 752 752 730 730 730 731 731 731 754 754 754 730 730 730 754 754 754 753 753 753 731 731 731 732 732 732 755 755 755 731 731 731 755 755 755 754 754 754 732 732 732 733 733 733 756 756 756 732 732 732 756 756 756 755 755 755 733 733 733 734 734 734 757 757 757 733 733 733 757 757 757 756 756 756 734 734 734 735 735 735 758 758 758 734 734 734 758 758 758 757 757 757</p>
        </triangles>
      </mesh>
    </geometry>
  </library_geometries>
  <library_visual_scenes>
    <visual_scene id="Scene" name="Scene">
      <node id="Core" name="Core" type="NODE">
        <instance_geometry url="#Core-mesh">
          <bind_material><technique_common>
            <instance_material symbol="Core" target="#Core">
              <bind_vertex_input semantic="UVSET0" input_semantic="TEXCOORD" input_set="0"/>
            </instance_material>
          </technique_common></bind_material>
        </instance_geometry>
      </node>
    </visual_scene>
  </library_visual_scenes>
  <scene><instance_visual_scene url="#Scene"/></scene>
</COLLADA>
