<?xml version="1.0" encoding="utf-8"?>
<COLLADA xmlns="http://www.collada.org/2005/11/COLLADASchema" version="1.4.1">
  <asset>
    <contributor><author>Lovense Controller</author><authoring_tool>make_controller_dae.py</authoring_tool></contributor>
    <unit name="meter" meter="1"/>
    <up_axis>Z_UP</up_axis>
  </asset>
  <library_effects>
    <effect id="Cyan-fx">
      <profile_COMMON><technique sid="common"><lambert>
        <emission><color>0.04 0.14 0.24 1</color></emission>
        <diffuse><color>0.160 0.580 0.900 1</color></diffuse>
      </lambert></technique></profile_COMMON>
    </effect>
  </library_effects>
  <library_materials>
    <material id="Cyan" name="Cyan"><instance_effect url="#Cyan-fx"/></material>
  </library_materials>
  <library_geometries>
    <geometry id="Cyan-mesh" name="Cyan">
      <mesh>
        <source id="Cyan-pos">
          <float_array id="Cyan-pos-array" count="10125">0.000839 0.002035 0.022049 0.002727 0.001727 0.021280 0.004550 0.001421 0.020372 0.006298 0.001119 0.019330 0.007958 0.000823 0.018159 0.009515 0.000534 0.016861 0.010941 0.000258 0.015436 0.012198 -0.000001 0.013886 0.013245 -0.000236 0.012222 0.014048 -0.000440 0.010470 0.014596 -0.000612 0.008664 0.014908 -0.000751 0.006842 0.015030 -0.000862 0.005033 0.015018 -0.000953 0.003245 0.014913 -0.001030 0.001472 0.014726 -0.001095 -0.000300 0.014430 -0.001145 -0.002074 0.013973 -0.001171 -0.003835 0.013295 -0.001163 -0.005544 0.012357 -0.001113 -0.007148 0.011151 -0.001017 -0.008596 0.009703 -0.000877 -0.009851 0.008063 -0.000698 -0.010900 0.006284 -0.000490 -0.011752 0.004412 -0.000259 -0.012422 0.002476 -0.000010 -0.012924 0.000495 0.000254 -0.013264 -0.001518 0.000531 -0.013434 -0.003549 0.000819 -0.013429 -0.005579 0.001117 -0.013249 -0.007590 0.001420 -0.012901 -0.009568 0.001727 -0.012403 -0.011505 0.002035 -0.011769 0.000839 0.002035 0.022049 0.002742 0.001970 0.021269 0.004576 0.001906 0.020344 0.006328 0.001843 0.019282 0.007988 0.001781 0.018094 0.009544 0.001721 0.016785 0.010972 0.001663 0.015354 0.012236 0.001609 0.013804 0.013295 0.001560 0.012144 0.014115 0.001517 0.010397 0.014681 0.001481 0.008596 0.015010 0.001451 0.006779 0.015143 0.001428 0.004972 0.015133 0.001409 0.003188 0.015018 0.001393 0.001420 0.014810 0.001381 -0.000339 0.014485 0.001371 -0.002094 0.013994 0.001367 -0.003826 0.013283 0.001370 -0.005499 0.012317 0.001382 -0.007062 0.011094 0.001403 -0.008467 0.009642 0.001432 -0.009686 0.008011 0.001470 -0.010709 0.006252 0.001513 -0.011549 0.004406 0.001560 -0.012224 0.002498 0.001611 -0.012746 0.000539 0.001664 -0.013118 -0.001461 0.001721 -0.013327 -0.003488 0.001781 -0.013362 -0.005525 0.001843 -0.013214 -0.007551 0.001906 -0.012890 -0.009548 0.001970 -0.012404 -0.011505 0.002035 -0.011769 0.000839 0.002035 0.022049 0.002724 0.002214 0.021268 0.004531 0.002392 0.020333 0.006247 0.002567 0.019256 0.007864 0.002737 0.018053 0.009370 0.002901 0.016733 0.010746 0.003058 0.015299 0.011964 0.003206 0.013755 0.012986 0.003340 0.012110 0.013780 0.003458 0.010383 0.014335 0.003557 0.008606 0.014663 0.003639 0.006812 0.014804 0.003704 0.005026 0.014803 0.003757 0.003258 0.014697 0.003802 0.001506 0.014492 0.003837 -0.000239 0.014164 0.003863 -0.001977 0.013664 0.003873 -0.003689 0.012943 0.003863 -0.005337 0.011971 0.003829 -0.006872 0.010747 0.003769 -0.008248 0.009306 0.003686 -0.009440 0.007697 0.003583 -0.010444 0.005972 0.003466 -0.011275 0.004168 0.003337 -0.011956 0.002307 0.003200 -0.012500 0.000394 0.003054 -0.012905 -0.001564 0.002899 -0.013158 -0.003558 0.002737 -0.013240 -0.005570 0.002567 -0.013138 -0.007578 0.002392 -0.012852 -0.009562 0.002214 -0.012391 -0.011505 0.002035 -0.011769 0.000839 0.002035 0.022049 0.002673 0.002455 0.021279 0.004420 0.002870 0.020344 0.006065 0.003276 0.019259 0.007599 0.003669 0.018045 0.009014 0.004047 0.016717 0.010295 0.004406 0.015284 0.011419 0.004740 0.013750 0.012356 0.005045 0.012127 0.013083 0.005312 0.010431 0.013590 0.005539 0.008691 0.013894 0.005727 0.006937 0.014029 0.005881 0.005188 0.014039 0.006009 0.003453 0.013953 0.006117 0.001727 0.013773 0.006206 0.000001 0.013469 0.006271 -0.001723 0.012991 0.006299 -0.003424 0.012290 0.006279 -0.005063 0.011338 0.006200 -0.006589 0.010138 0.006061 -0.007956 0.008727 0.005866 -0.009139 0.007156 0.005627 -0.010138 0.005478 0.005353 -0.010970 0.003729 0.005056 -0.011660 0.001927 0.004738 -0.012224 0.000078 0.004402 -0.012661 -0.001818 0.004047 -0.012956 -0.003753 0.003672 -0.013085 -0.005711 0.003278 -0.013033 -0.007670 0.002871 -0.012792 -0.009608 0.002455 -0.012367 -0.011505 0.002035 -0.011769 0.000839 0.002035 0.022049 0.002590 0.002689 0.021303 0.004247 0.003333 0.020380 0.005793 0.003960 0.019299 0.007216 0.004564 0.018083 0.008509 0.005138 0.016754 0.009662 0.005680 0.015324 0.010658 0.006181 0.013804 0.011476 0.006634 0.012206 0.012099 0.007031 0.010547 0.012526 0.007369 0.008852 0.012777 0.007651 0.007147 0.012887 0.007887 0.005448 0.012897 0.008090 0.003758 0.012831 0.008268 0.002069 0.012683 0.008421 0.000369 0.012420 0.008537 -0.001340 0.011987 0.008597 -0.003037 0.011333 0.008580 -0.004680 0.010429 0.008469 -0.006215 0.009280 0.008260 -0.007596 0.007922 0.007963 -0.008793 0.006408 0.007593 -0.009805 0.004791 0.007170 -0.010652 0.003108 0.006710 -0.011359 0.001377 0.006219 -0.011945 -0.000397 0.005701 -0.012410 -0.002214 0.005153 -0.012741 -0.004068 0.004574 -0.012914 -0.005946 0.003966 -0.012909 -0.007827 0.003335 -0.012715 -0.009687 0.002689 -0.012333 -0.011505 0.002035 -0.011769 0.000839 0.002035 0.022049 0.002478 0.002911 0.021340 0.004019 0.003773 0.020445 0.005442 0.004609 0.019383 0.006734 0.005409 0.018180 0.007889 0.006164 0.016860 0.008897 0.006869 0.015441 0.009748 0.007515 0.013938 0.010426 0.008094 0.012364 0.010923 0.008597 0.010740 0.011246 0.009024 0.009090 0.011420 0.009383 0.007437 0.011483 0.009689 0.005793 0.011473 0.009961 0.004155 0.011412 0.010210 0.002511 0.011289 0.010434 0.000844 0.011066 0.010615 -0.000846 0.010684 0.010725 -0.002539 0.010090 0.010730 -0.004194 0.009253 0.010606 -0.005753 0.008176 0.010346 -0.007164 0.006892 0.009961 -0.008396 0.005455 0.009474 -0.009443 0.003915 0.008911 -0.010321 0.002312 0.008295 -0.011057 0.000665 0.007637 -0.011670 -0.001021 0.006942 -0.012164 -0.002744 0.006208 -0.012526 -0.004498 0.005433 -0.012736 -0.006272 0.004621 -0.012773 -0.008045 0.003777 -0.012625 -0.009797 0.002911 -0.012290 -0.011505 0.002035 -0.011769 0.000839 0.002035 0.022049 0.002339 0.003118 0.021390 0.003740 0.004184 0.020540 0.005022 0.005215 0.019517 0.006172 0.006198 0.018346 0.007182 0.007121 0.017050 0.008043 0.007975 0.015653 0.008745 0.008750 0.014170 0.009280 0.009435 0.012621 0.009646 0.010025 0.011028 0.009854 0.010521 0.009416 0.009935 0.010937 0.007807 0.009931 0.011297 0.006212 0.009878 0.011625 0.004626 0.009797 0.011938 0.003028 0.009677 0.012232 0.001401 0.009475 0.012485 -0.000265 0.009133 0.012656 -0.001952 0.008595 0.012699 -0.003617 0.007828 0.012583 -0.005205 0.006832 0.012293 -0.006658 0.005637 0.011840 -0.007940 0.004292 0.011252 -0.009038 0.002846 0.010562 -0.009964 0.001339 0.009800 -0.010742 -0.000210 0.008983 -0.011391 -0.001792 0.008118 -0.011917 -0.003403 0.007204 -0.012310 -0.005037 0.006241 -0.012554 -0.006682 0.005234 -0.012630 -0.008322 0.004189 -0.012526 -0.009936 0.003119 -0.012239 -0.011505 0.002035 -0.011769 0.000839 0.002035 0.022049 0.002174 0.003307 0.021452 0.003415 0.004560 0.020665 0.004542 0.005772 0.019701 0.005542 0.006926 0.018583 0.006405 0.008007 0.017333 0.007123 0.009003 0.015972 0.007686 0.009899 0.014519 0.008087 0.010684 0.012996 0.008328 0.011350 0.011427 0.008424 0.011903 0.009842 0.008409 0.012363 0.008265 0.008324 0.012760 0.006706 0.008209 0.013128 0.005159 0.008082 0.013489 0.003603 0.007932 0.013842 0.002013 0.007721 0.014159 0.000375 0.007391 0.014390 -0.001299 0.006888 0.014478 -0.002971 0.006179 0.014379 -0.004584 0.005261 0.014074 -0.006081 0.004159 0.013571 -0.007418 0.002917 0.012900 -0.008577 0.001580 0.012099 -0.009564 0.000184 0.011205 -0.010396 -0.001248 0.010238 -0.011091 -0.002708 0.009211 -0.011656 -0.004187 0.008127 -0.012085 -0.005680 0.006987 -0.012363 -0.007173 0.005797 -0.012477 -0.008653 0.004567 -0.012417 -0.010102 0.003308 -0.012181 -0.011505 0.002035 -0.011769 0.000839 0.002035 0.022049 0.001987 0.003475 0.021525 0.003048 0.004894 0.020816 0.004005 0.006271 0.019932 0.004847 0.007585 0.018889 0.005562 0.008818 0.017706 0.006142 0.009954 0.016401 0.006577 0.010975 0.014992 0.006858 0.011863 0.013501 0.006988 0.012610 0.011955 0.006984 0.013220 0.010386 0.006877 0.013719 0.008824 0.006709 0.014144 0.007282 0.006518 0.014537 0.005758 0.006324 0.014928 0.004228 0.006117 0.015319 0.002666 0.005863 0.015679 0.001054 0.005511 0.015952 -0.000605 0.005014 0.016073 -0.002276 0.004340 0.015989 -0.003908 0.003486 0.015672 -0.005442 0.002472 0.015128 -0.006831 0.001337 0.014387 -0.008052 0.000120 0.013490 -0.009104 -0.001148 0.012478 -0.009999 -0.002446 0.011377 -0.010751 -0.003763 0.010202 -0.011365 -0.005090 0.008960 -0.011837 -0.006418 0.007657 -0.012155 -0.007736 0.006300 -0.012310 -0.009032 0.004902 -0.012297 -0.010292 0.003476 -0.012116 -0.011505 0.002035 -0.011769 0.000839 0.002035 0.022049 0.001780 0.003618 0.021606 0.002644 0.005181 0.020989 0.003416 0.006703 0.020200 0.004088 0.008164 0.019253 0.004649 0.009544 0.018159 0.005091 0.010821 0.016932 0.005401 0.011973 0.015585 0.005572 0.012976 0.014137 0.005603 0.013818 0.012618 0.005509 0.014500 0.011061 0.005321 0.015046 0.009500 0.005074 0.015501 0.007957 0.004804 0.015913 0.006433 0.004530 0.016317 0.004910 0.004245 0.016721 0.003360 0.003922 0.017095 0.001762 0.003521 0.017381 0.000116 0.003001 0.017508 -0.001552 0.002338 0.017418 -0.003194 0.001531 0.017077 -0.004755 0.000599 0.016489 -0.006188 -0.000429 0.015683 -0.007466 -0.001520 0.014702 -0.008581 -0.002647 0.013587 -0.009542 -0.003793 0.012368 -0.010356 -0.004946 0.011064 -0.011028 -0.006099 0.009684 -0.011553 -0.007241 0.008236 -0.011921 -0.008363 0.006733 -0.012125 -0.009453 0.005189 -0.012165 -0.010503 0.003619 -0.012045 -0.011505 0.002035 -0.011769 0.000839 0.002035 0.022049 0.001557 0.003734 0.021695 0.002206 0.005416 0.021176 0.002777 0.007061 0.020495 0.003264 0.008650 0.019657 0.003659 0.010164 0.018671 0.003952 0.011579 0.017542 0.004132 0.012867 0.016276 0.004190 0.013999 0.014889 0.004124 0.014953 0.013407 0.003947 0.015726 0.011865 0.003682 0.016339 0.010302 0.003361 0.016837 0.008744 0.003014 0.017270 0.007202 0.002657 0.017680 0.005664 0.002287 0.018078 0.004106 0.001883 0.018439 0.002506 0.001415 0.018704 0.000862 0.000855 0.018803 -0.000806 0.000190 0.018676 -0.002456 -0.000581 0.018288 -0.004037 -0.001438 0.017642 -0.005503 -0.002358 0.016767 -0.006827 -0.003314 0.015706 -0.007999 -0.004288 0.014502 -0.009022 -0.005266 0.013184 -0.009902 -0.006239 0.011772 -0.010638 -0.007198 0.010277 -0.011225 -0.008135 0.008711 -0.011653 -0.009041 0.007087 -0.011917 -0.009908 0.005423 -0.012020 -0.010730 0.003735 -0.011968 -0.011505 0.002035 -0.011769 0.000839 0.002035 0.022049 0.001320 0.003821 0.021787 0.001740 0.005592 0.021370 0.002094 0.007333 0.020800 0.002378 0.009026 0.020081 0.002588 0.010655 0.019213 0.002713 0.012194 0.018196 0.002746 0.013612 0.017031 0.002676 0.014875 0.015723 0.002503 0.015952 0.014295 0.002235 0.016834 0.012780 0.001891 0.017535 0.011218 0.001497 0.018094 0.009644 0.001075 0.018563 0.008075 0.000638 0.018983 0.006507 0.000184 0.019368 0.004922 -0.000300 0.019697 0.003303 -0.000835 0.019915 0.001646 -0.001434 0.019956 -0.000032 -0.002104 0.019761 -0.001694 -0.002837 0.019300 -0.003293 -0.003615 0.018577 -0.004788 -0.004420 0.017624 -0.006150 -0.005234 0.016485 -0.007370 -0.006042 0.015200 -0.008450 -0.006838 0.013802 -0.009392 -0.007614 0.012305 -0.010195 -0.008365 0.010723 -0.010851 -0.009081 0.009067 -0.011350 -0.009757 0.007353 -0.011685 -0.010388 0.005599 -0.011860 -0.010970 0.003822 -0.011885 -0.011505 0.002035 -0.011769 0.000839 0.002035 0.022049 0.001074 0.003877 0.021880 0.001254 0.005707 0.021565 0.001376 0.007511 0.021104 0.001439 0.009277 0.020501 0.001442 0.010989 0.019753 0.001378 0.012625 0.018856 0.001238 0.014151 0.017801 0.001017 0.015531 0.016588 0.000715 0.016727 0.015231 0.000338 0.017722 0.013761 -0.000097 0.018522 0.012217 -0.000571 0.019159 0.010637 -0.001069 0.019680 0.009043 -0.001583 0.020122 0.007441 -0.002113 0.020501 0.005820 -0.002669 0.020797 0.004168 -0.003258 0.020958 0.002482 -0.003885 0.020924 0.000780 -0.004545 0.020643 -0.000905 -0.005226 0.020091 -0.002527 -0.005913 0.019278 -0.004049 -0.006589 0.018240 -0.005445 -0.007246 0.017023 -0.006707 -0.007876 0.015669 -0.007838 -0.008477 0.014207 -0.008839 -0.009045 0.012651 -0.009710 -0.009575 0.011011 -0.010439 -0.010061 0.009296 -0.011015 -0.010498 0.007524 -0.011430 -0.010884 0.005712 -0.011688 -0.011219 0.003878 -0.011797 -0.011505 0.002035 -0.011769 0.000839 0.002035 0.022049 0.000823 0.003902 0.021974 0.000754 0.005757 0.021754 0.000633 0.007589 0.021395 0.000463 0.009390 0.020898 0.000241 0.011145 0.020263 -0.000035 0.012837 0.019480 -0.000370 0.014433 0.018536 -0.000767 0.015895 0.017425 -0.001223 0.017183 0.016155 -0.001730 0.018274 0.014748 -0.002275 0.019167 0.013242 -0.002843 0.019886 0.011675 -0.003424 0.020470 0.010073 -0.004015 0.020950 0.008447 -0.004616 0.021339 0.006793 -0.005231 0.021614 0.005103 -0.005860 0.021728 0.003380 -0.006495 0.021625 0.001642 -0.007124 0.021260 -0.000076 -0.007732 0.020617 -0.001732 -0.008306 0.019715 -0.003288 -0.008835 0.018596 -0.004720 -0.009318 0.017310 -0.006024 -0.009757 0.015900 -0.007202 -0.010152 0.014393 -0.008259 -0.010502 0.012803 -0.009195 -0.010805 0.011134 -0.009998 -0.011056 0.009394 -0.010656 -0.011250 0.007597 -0.011159 -0.011387 0.005761 -0.011506 -0.011471 0.003902 -0.011706 -0.011505 0.002035 -0.011769 0.000839 0.002035 0.022049 0.000570 0.003894 0.022065 0.000250 0.005741 0.021935 -0.000118 0.007566 0.021665 -0.000531 0.009359 0.021260 -0.000987 0.011113 0.020719 -0.001488 0.012810 0.020035 -0.002034 0.014423 0.019192 -0.002624 0.015915 0.018180 -0.003252 0.017248 0.017000 -0.003907 0.018396 0.015669 -0.004577 0.019354 0.014221 -0.005252 0.020140 0.012690 -0.005926 0.020783 0.011105 -0.006598 0.021310 0.009477 -0.007269 0.021724 0.007807 -0.007936 0.022002 0.006091 -0.008591 0.022094 0.004333 -0.009219 0.021948 0.002555 -0.009799 0.021525 0.000795 -0.010314 0.020816 -0.000904 -0.010755 0.019847 -0.002503 -0.011119 0.018667 -0.003980 -0.011414 0.017332 -0.005328 -0.011649 0.015887 -0.006555 -0.011829 0.014360 -0.007667 -0.011958 0.012761 -0.008667 -0.012031 0.011093 -0.009544 -0.012046 0.009360 -0.010284 -0.011998 0.007572 -0.010877 -0.011889 0.005745 -0.011318 -0.011723 0.003895 -0.011613 -0.011505 0.002035 -0.011769 0.000839 0.002035 0.022049 0.000322 0.003854 0.022152 -0.000247 0.005660 0.022104 -0.000862 0.007441 0.021911 -0.001516 0.009188 0.021579 -0.002207 0.010893 0.021112 -0.002933 0.012543 0.020504 -0.003692 0.014115 0.019741 -0.004477 0.015577 0.018811 -0.005281 0.016894 0.017713 -0.006088 0.018043 0.016461 -0.006890 0.019019 0.015082 -0.007677 0.019836 0.013610 -0.008448 0.020519 0.012067 -0.009206 0.021086 0.010467 -0.009948 0.021535 0.008808 -0.010668 0.021836 0.007088 -0.011348 0.021938 0.005312 -0.011962 0.021788 0.003503 -0.012485 0.021348 0.001702 -0.012899 0.020616 -0.000045 -0.013198 0.019622 -0.001695 -0.013389 0.018421 -0.003224 -0.013489 0.017072 -0.004625 -0.013514 0.015625 -0.005905 -0.013478 0.014107 -0.007075 -0.013384 0.012530 -0.008139 -0.013231 0.010893 -0.009088 -0.013014 0.009198 -0.009911 -0.012730 0.007450 -0.010594 -0.012380 0.005665 -0.011130 -0.011970 0.003855 -0.011520 -0.011505 0.002035 -0.011769 0.000839 0.002035 0.022049 0.000081 0.003784 0.022236 -0.000729 0.005517 0.022262 -0.001582 0.007220 0.022133 -0.002469 0.008884 0.021858 -0.003385 0.010500 0.021442 -0.004325 0.012057 0.020883 -0.005282 0.013534 0.020173 -0.006250 0.014906 0.019301 -0.007213 0.016145 0.018266 -0.008160 0.017234 0.017082 -0.009081 0.018171 0.015773 -0.009972 0.018971 0.014369 -0.010836 0.019657 0.012891 -0.011676 0.020243 0.011346 -0.012492 0.020721 0.009730 -0.013269 0.021055 0.008037 -0.013979 0.021193 0.006269 -0.014588 0.021076 0.004450 -0.015063 0.020669 0.002620 -0.015385 0.019968 0.000831 -0.015551 0.019003 -0.000872 -0.015576 0.017832 -0.002459 -0.015487 0.016517 -0.003920 -0.015311 0.015108 -0.005261 -0.015065 0.013637 -0.006493 -0.014757 0.012113 -0.007622 -0.014385 0.010539 -0.008644 -0.013945 0.008911 -0.009548 -0.013434 0.007235 -0.010318 -0.012853 0.005522 -0.010946 -0.012208 0.003784 -0.011429 -0.011505 0.002035 -0.011769 0.000839 0.002035 0.022049 -0.000147 0.003683 0.022315 -0.001185 0.005313 0.022409 -0.002262 0.006910 0.022336 -0.003367 0.008461 0.022103 -0.004490 0.009956 0.021720 -0.005622 0.011382 0.021188 -0.006755 0.012724 0.020502 -0.007876 0.013961 0.019659 -0.008971 0.015072 0.018661 -0.010028 0.016048 0.017524 -0.011040 0.016892 0.016273 -0.012009 0.017624 0.014936 -0.012946 0.018268 0.013531 -0.013857 0.018838 0.012061 -0.014741 0.019324 0.010515 -0.015577 0.019687 0.008880 -0.016328 0.019871 0.007152 -0.016949 0.019815 0.005350 -0.017399 0.019480 0.003514 -0.017654 0.018858 0.001697 -0.017713 0.017978 -0.000052 -0.017599 0.016892 -0.001695 -0.017346 0.015662 -0.003219 -0.016990 0.014339 -0.004626 -0.016553 0.012954 -0.005926 -0.016047 0.011520 -0.007125 -0.015473 0.010038 -0.008220 -0.014825 0.008507 -0.009202 -0.014100 0.006932 -0.010056 -0.013301 0.005320 -0.010772 -0.012434 0.003684 -0.011344 -0.011505 0.002035 -0.011769 0.000839 0.002035 0.022049 -0.000359 0.003554 0.022388 -0.001607 0.005055 0.022546 -0.002891 0.006520 0.022522 -0.004193 0.007933 0.022325 -0.005501 0.009284 0.021963 -0.006800 0.010558 0.021442 -0.008079 0.011741 0.020761 -0.009321 0.012817 0.019922 -0.010511 0.013770 0.018934 -0.011639 0.014597 0.017817 -0.012703 0.015310 0.016601 -0.013715 0.015934 0.015316 -0.014693 0.016497 0.013979 -0.015650 0.017013 0.012589 -0.016586 0.017476 0.011128 -0.017476 0.017847 0.009573 -0.018275 0.018069 0.007913 -0.018926 0.018081 0.006157 -0.019378 0.017839 0.004342 -0.019601 0.017330 0.002518 -0.019594 0.016575 0.000740 -0.019381 0.015621 -0.000952 -0.019004 0.014523 -0.002537 -0.018502 0.013328 -0.004011 -0.017906 0.012069 -0.005381 -0.017229 0.010758 -0.006653 -0.016474 0.009399 -0.007823 -0.015637 0.007994 -0.008880 -0.014717 0.006546 -0.009813 -0.013717 0.005062 -0.010610 -0.012644 0.003555 -0.011264 -0.011505 0.002035 -0.011769 0.000839 0.002035 0.022049 -0.000550 0.003399 0.022455 -0.001989 0.004746 0.022672 -0.003457 0.006056 0.022696 -0.004935 0.007315 0.022533 -0.006403 0.008507 0.022191 -0.007845 0.009619 0.021675 -0.009242 0.010636 0.020989 -0.010576 0.011544 0.020138 -0.011829 0.012332 0.019139 -0.012992 0.013001 0.018018 -0.014072 0.013569 0.016813 -0.015088 0.014064 0.015557 -0.016070 0.014518 0.014270 -0.017040 0.014951 0.012949 -0.018002 0.015358 0.011570 -0.018931 0.015707 0.010104 -0.019774 0.015944 0.008527 -0.020465 0.016010 0.006839 -0.020941 0.015859 0.005068 -0.021165 0.015473 0.003261 -0.021132 0.014864 0.001472 -0.020866 0.014069 -0.000254 -0.020410 0.013135 -0.001890 -0.019807 0.012102 -0.003428 -0.019091 0.011000 -0.004869 -0.018277 0.009843 -0.006213 -0.017370 0.008635 -0.007456 -0.016369 0.007380 -0.008588 -0.015275 0.006083 -0.009595 -0.014093 0.004753 -0.010466 -0.012833 0.003400 -0.011193 -0.011505 0.002035 -0.011769 0.000839 0.002035 0.022049 -0.000718 0.003221 0.022515 -0.002322 0.004392 0.022787 -0.003951 0.005529 0.022859 -0.005581 0.006617 0.022733 -0.007190 0.007642 0.022415 -0.008754 0.008590 0.021910 -0.010250 0.009445 0.021221 -0.011656 0.010194 0.020357 -0.012951 0.010828 0.019339 -0.014128 0.011351 0.018200 -0.015199 0.011781 0.016984 -0.016191 0.012149 0.015733 -0.017147 0.012489 0.014470 -0.018098 0.012823 0.013195 -0.019057 0.013152 0.011882 -0.019999 0.013451 0.010494 -0.020869 0.013674 0.008998 -0.021593 0.013766 0.007384 -0.022100 0.013685 0.005669 -0.022345 0.013408 0.003896 -0.022316 0.012942 0.002115 -0.022035 0.012312 0.000372 -0.021542 0.011554 -0.001303 -0.020881 0.010701 -0.002895 -0.020085 0.009776 -0.004399 -0.019170 0.008794 -0.005813 -0.018143 0.007759 -0.007127 -0.017006 0.006676 -0.008328 -0.015763 0.005553 -0.009403 -0.014424 0.004398 -0.010339 -0.013000 0.003222 -0.011131 -0.011505 0.002035 -0.011769 0.000839 0.002035 0.022049 -0.000859 0.003023 0.022566 -0.002603 0.003998 0.022888 -0.004367 0.004945 0.023008 -0.006126 0.005850 0.022925 -0.007855 0.006701 0.022641 -0.009525 0.007484 0.022160 -0.011111 0.008184 0.021482 -0.012582 0.008789 0.020616 -0.013916 0.009291 0.019584 -0.015105 0.009692 0.018425 -0.016161 0.010009 0.017188 -0.017122 0.010270 0.015923 -0.018037 0.010508 0.014659 -0.018950 0.010745 0.013402 -0.019880 0.010988 0.012125 -0.020808 0.011219 0.010789 -0.021678 0.011400 0.009355 -0.022414 0.011489 0.007804 -0.022940 0.011448 0.006144 -0.023204 0.011254 0.004411 -0.023189 0.010910 0.002649 -0.022912 0.010431 0.000902 -0.022410 0.009843 -0.000797 -0.021723 0.009171 -0.002430 -0.020880 0.008431 -0.003989 -0.019898 0.007635 -0.005463 -0.018783 0.006788 -0.006841 -0.017539 0.005895 -0.008105 -0.016174 0.004964 -0.009240 -0.014703 0.004003 -0.010233 -0.013141 0.003024 -0.011078 -0.011505 0.002035 -0.011769 0.000839 0.002035 0.022049 -0.000972 0.002808 0.022608 -0.002826 0.003571 0.022973 -0.004699 0.004313 0.023139 -0.006563 0.005023 0.023102 -0.008391 0.005691 0.022863 -0.010156 0.006307 0.022421 -0.011826 0.006857 0.021774 -0.013367 0.007330 0.020926 -0.014752 0.007717 0.019898 -0.015968 0.008020 0.018730 -0.017029 0.008251 0.017476 -0.017973 0.008433 0.016188 -0.018856 0.008593 0.014906 -0.019729 0.008750 0.013638 -0.020619 0.008913 0.012365 -0.021512 0.009071 0.011046 -0.022355 0.009198 0.009641 -0.023074 0.009262 0.008127 -0.023591 0.009233 0.006505 -0.023852 0.009094 0.004802 -0.023837 0.008845 0.003059 -0.023560 0.008494 0.001317 -0.023054 0.008060 -0.000395 -0.022353 0.007559 -0.002056 -0.021484 0.007001 -0.003654 -0.020459 0.006395 -0.005177 -0.019283 0.005743 -0.006607 -0.017960 0.005051 -0.007924 -0.016501 0.004325 -0.009109 -0.014926 0.003575 -0.010149 -0.013254 0.002809 -0.011037 -0.011505 0.002035 -0.011769 0.000839 0.002035 0.022049 -0.001054 0.002580 0.022639 -0.002989 0.003118 0.023040 -0.004941 0.003642 0.023245 -0.006884 0.004145 0.023255 -0.008793 0.004621 0.023068 -0.010639 0.005062 0.022679 -0.012389 0.005458 0.022081 -0.014007 0.005800 0.021273 -0.015459 0.006081 0.020273 -0.016730 0.006300 0.019116 -0.017827 0.006465 0.017857 -0.018789 0.006590 0.016551 -0.019670 0.006695 0.015242 -0.020524 0.006793 0.013945 -0.021381 0.006892 0.012646 -0.022233 0.006986 0.011309 -0.023031 0.007059 0.009896 -0.023704 0.007090 0.008383 -0.024178 0.007060 0.006769 -0.024401 0.006958 0.005077 -0.024356 0.006783 0.003343 -0.024055 0.006541 0.001604 -0.023530 0.006243 -0.000113 -0.022810 0.005899 -0.001789 -0.021918 0.005515 -0.003413 -0.020862 0.005096 -0.004968 -0.019643 0.004642 -0.006435 -0.018265 0.004158 -0.007791 -0.016740 0.003648 -0.009013 -0.015089 0.003120 -0.010087 -0.013336 0.002580 -0.011007 -0.011505 0.002035 -0.011769 0.000839 0.002035 0.022049 -0.001104 0.002342 0.022659 -0.003088 0.002646 0.023084 -0.005089 0.002943 0.023322 -0.007084 0.003228 0.023373 -0.009049 0.003500 0.023237 -0.010958 0.003754 0.022905 -0.012780 0.003985 0.022368 -0.014476 0.004187 0.021619 -0.016011 0.004355 0.020667 -0.017361 0.004489 0.019543 -0.018530 0.004590 0.018298 -0.019550 0.004667 0.016988 -0.020469 0.004729 0.015655 -0.021340 0.004783 0.014321 -0.022191 0.004834 0.012977 -0.023014 0.004880 0.011594 -0.023764 0.004911 0.010139 -0.024375 0.004917 0.008591 -0.024780 0.004890 0.006951 -0.024932 0.004823 0.005243 -0.024821 0.004717 0.003501 -0.024462 0.004575 0.001758 -0.023889 0.004405 0.000038 -0.023131 0.004210 -0.001645 -0.022207 0.003994 -0.003278 -0.021120 0.003759 -0.004849 -0.019869 0.003504 -0.006335 -0.018454 0.003232 -0.007712 -0.016887 0.002945 -0.008956 -0.015189 0.002647 -0.010051 -0.013387 0.002342 -0.010989 -0.011505 0.002035 -0.011769 0.000839 0.002035 0.022049 -0.001121 0.002099 0.022667 -0.003122 0.002163 0.023104 -0.005141 0.002226 0.023363 -0.007157 0.002286 0.023444 -0.009151 0.002344 0.023350 -0.011100 0.002399 0.023072 -0.012975 0.002449 0.022596 -0.014739 0.002494 0.021911 -0.016355 0.002532 0.021019 -0.017797 0.002563 0.019945 -0.019062 0.002587 0.018732 -0.020171 0.002606 0.017432 -0.021168 0.002621 0.016088 -0.022095 0.002633 0.014720 -0.022974 0.002644 0.013325 -0.023795 0.002653 0.011879 -0.024513 0.002658 0.010358 -0.025066 0.002657 0.008747 -0.025392 0.002648 0.007054 -0.025455 0.002631 0.005305 -0.025251 0.002606 0.003536 -0.024806 0.002574 0.001777 -0.024157 0.002536 0.000052 -0.023338 0.002494 -0.001630 -0.022366 0.002448 -0.003260 -0.021244 0.002397 -0.004828 -0.019966 0.002344 -0.006314 -0.018529 0.002286 -0.007693 -0.016942 0.002226 -0.008940 -0.015226 0.002163 -0.010040 -0.013405 0.002099 -0.010983 -0.011505 0.002035 -0.011769 0.000839 0.002035 0.022049 -0.001106 0.001855 0.022663 -0.003091 0.001678 0.023101 -0.005096 0.001504 0.023365 -0.007102 0.001335 0.023463 -0.009092 0.001173 0.023395 -0.011050 0.001018 0.023154 -0.012949 0.000874 0.022727 -0.014757 0.000743 0.022098 -0.016436 0.000629 0.021264 -0.017961 0.000534 0.020244 -0.019321 0.000457 0.019073 -0.020533 0.000395 0.017796 -0.021628 0.000345 0.016452 -0.022638 0.000304 0.015061 -0.023578 0.000269 0.013620 -0.024428 0.000245 0.012111 -0.025143 0.000234 0.010515 -0.025659 0.000242 0.008828 -0.025920 0.000274 0.007064 -0.025899 0.000330 0.005257 -0.025600 0.000409 0.003446 -0.025059 0.000508 0.001664 -0.024321 0.000621 -0.000069 -0.023427 0.000746 -0.001744 -0.022398 0.000880 -0.003360 -0.021237 0.001023 -0.004908 -0.019936 0.001174 -0.006375 -0.018491 0.001335 -0.007736 -0.016907 0.001503 -0.008968 -0.015199 0.001678 -0.010056 -0.013390 0.001855 -0.010990 -0.011505 0.002035 -0.011769 0.000839 0.002035 0.022049 -0.001057 0.001614 0.022647 -0.002995 0.001198 0.023072 -0.004954 0.000790 0.023329 -0.006917 0.000393 0.023424 -0.008872 0.000009 0.023362 -0.010803 -0.000359 0.023137 -0.012689 -0.000705 0.022735 -0.014502 -0.001022 0.022140 -0.016209 -0.001304 0.021348 -0.017783 -0.001546 0.020371 -0.019215 -0.001748 0.019239 -0.020513 -0.001916 0.017990 -0.021701 -0.002055 0.016657 -0.022802 -0.002172 0.015255 -0.023818 -0.002267 0.013780 -0.024723 -0.002334 0.012218 -0.025464 -0.002360 0.010555 -0.025976 -0.002334 0.008794 -0.026206 -0.002247 0.006958 -0.026129 -0.002096 0.005089 -0.025759 -0.001888 0.003232 -0.025139 -0.001633 0.001423 -0.024324 -0.001345 -0.000316 -0.023362 -0.001033 -0.001981 -0.022282 -0.000703 -0.003571 -0.021089 -0.000355 -0.005087 -0.019778 0.000009 -0.006516 -0.018341 0.000391 -0.007841 -0.016780 0.000788 -0.009040 -0.015108 0.001197 -0.010099 -0.013343 0.001614 -0.011009 -0.011505 0.002035 -0.011769 0.000839 0.002035 0.022049 -0.000977 0.001381 0.022619 -0.002835 0.000733 0.023021 -0.004717 0.000097 0.023255 -0.006607 -0.000523 0.023330 -0.008492 -0.001123 0.023251 -0.010360 -0.001699 0.023015 -0.012194 -0.002244 0.022609 -0.013968 -0.002747 0.022020 -0.015654 -0.003201 0.021242 -0.017230 -0.003597 0.020285 -0.018686 -0.003937 0.019177 -0.020030 -0.004227 0.017950 -0.021279 -0.004475 0.016629 -0.022450 -0.004687 0.015226 -0.023535 -0.004862 0.013734 -0.024501 -0.004986 0.012137 -0.025289 -0.005039 0.010425 -0.025831 -0.004999 0.008606 -0.026071 -0.004854 0.006712 -0.025987 -0.004599 0.004791 -0.025593 -0.004249 0.002895 -0.024938 -0.003821 0.001065 -0.024085 -0.003340 -0.000676 -0.023088 -0.002823 -0.002323 -0.021982 -0.002282 -0.003881 -0.020780 -0.001720 -0.005352 -0.019480 -0.001137 -0.006730 -0.018075 -0.000533 -0.008003 -0.016564 0.000091 -0.009153 -0.014956 0.000731 -0.010168 -0.013265 0.001380 -0.011041 -0.011505 0.002035 -0.011769 0.000839 0.002035 0.022049 -0.000866 0.001158 0.022581 -0.002614 0.000289 0.022947 -0.004389 -0.000564 0.023146 -0.006175 -0.001396 0.023185 -0.007960 -0.002200 0.023069 -0.009732 -0.002972 0.022795 -0.011475 -0.003703 0.022356 -0.013167 -0.004380 0.021739 -0.014784 -0.004993 0.020942 -0.016308 -0.005534 0.019977 -0.017732 -0.006004 0.018869 -0.019065 -0.006414 0.017648 -0.020324 -0.006774 0.016335 -0.021520 -0.007090 0.014936 -0.022643 -0.007357 0.013440 -0.023656 -0.007553 0.011829 -0.024496 -0.007648 0.010093 -0.025089 -0.007610 0.008243 -0.025378 -0.007419 0.006315 -0.025337 -0.007071 0.004364 -0.024979 -0.006582 0.002447 -0.024352 -0.005983 0.000609 -0.023519 -0.005307 -0.001125 -0.022541 -0.004581 -0.002748 -0.021457 -0.003825 -0.004266 -0.020287 -0.003045 -0.005685 -0.019032 -0.002244 -0.007003 -0.017689 -0.001420 -0.008213 -0.016258 -0.000576 -0.009302 -0.014743 0.000285 -0.010261 -0.013155 0.001157 -0.011084 -0.011505 0.002035 -0.011769 0.000839 0.002035 0.022049 -0.000726 0.000950 0.022532 -0.002336 -0.000125 0.022851 -0.003976 -0.001181 0.023003 -0.005631 -0.002209 0.022992 -0.007288 -0.003202 0.022822 -0.008934 -0.004153 0.022491 -0.010555 -0.005048 0.021992 -0.012128 -0.005875 0.021319 -0.013635 -0.006621 0.020473 -0.015060 -0.007281 0.019470 -0.016400 -0.007857 0.018336 -0.017665 -0.008365 0.017102 -0.018876 -0.008820 0.015786 -0.020043 -0.009229 0.014390 -0.021158 -0.009585 0.012899 -0.022184 -0.009858 0.011292 -0.023058 -0.010008 0.009556 -0.023707 -0.009991 0.007705 -0.024068 -0.009777 0.005774 -0.024112 -0.009361 0.003821 -0.023846 -0.008760 0.001906 -0.023312 -0.008011 0.000079 -0.022568 -0.007159 -0.001634 -0.021674 -0.006241 -0.003225 -0.020673 -0.005282 -0.004699 -0.019586 -0.004295 -0.006063 -0.018423 -0.003285 -0.007318 -0.017181 -0.002253 -0.008459 -0.015863 -0.001200 -0.009480 -0.014473 -0.000130 -0.010374 -0.013017 0.000949 -0.011138 -0.011505 0.002035 -0.011769 0.000839 0.002035 0.022049 -0.000560 0.000761 0.022473 -0.002006 -0.000502 0.022735 -0.003485 -0.001743 0.022830 -0.004983 -0.002949 0.022757 -0.006488 -0.004112 0.022521 -0.007986 -0.005219 0.022118 -0.009460 -0.006255 0.021543 -0.010891 -0.007204 0.020793 -0.012260 -0.008051 0.019875 -0.013553 -0.008792 0.018809 -0.014771 -0.009437 0.017628 -0.015926 -0.010005 0.016361 -0.017040 -0.010519 0.015030 -0.018128 -0.010993 0.013632 -0.019186 -0.011416 0.012151 -0.020182 -0.011757 0.010561 -0.021059 -0.011963 0.008848 -0.021748 -0.011981 0.007021 -0.022186 -0.011771 0.005116 -0.022338 -0.011320 0.003191 -0.022204 -0.010645 0.001304 -0.021815 -0.009789 -0.000493 -0.021222 -0.008800 -0.002172 -0.020476 -0.007724 -0.003724 -0.019618 -0.006594 -0.005151 -0.018672 -0.005428 -0.006460 -0.017649 -0.004232 -0.007653 -0.016551 -0.003011 -0.008728 -0.015382 -0.001768 -0.009679 -0.014147 -0.000509 -0.010503 -0.012853 0.000760 -0.011200 -0.011505 0.002035 -0.011769 0.000839 0.002035 0.022049 -0.000371 0.000593 0.022405 -0.001629 -0.000836 0.022600 -0.002924 -0.002239 0.022626 -0.004244 -0.003603 0.022484 -0.005576 -0.004913 0.022172 -0.006906 -0.006154 0.021689 -0.008218 -0.007306 0.021029 -0.009493 -0.008348 0.020192 -0.010711 -0.009265 0.019191 -0.011860 -0.010053 0.018050 -0.012939 -0.010725 0.016807 -0.013963 -0.011311 0.015496 -0.014952 -0.011842 0.014139 -0.015926 -0.012339 0.012734 -0.016888 -0.012796 0.011262 -0.017816 -0.013178 0.009697 -0.018661 -0.013429 0.008020 -0.019362 -0.013484 0.006238 -0.019863 -0.013294 0.004383 -0.020125 -0.012839 0.002509 -0.020139 -0.012134 0.000673 -0.019926 -0.011219 -0.001076 -0.019524 -0.010145 -0.002709 -0.018974 -0.008963 -0.004215 -0.018311 -0.007708 -0.005596 -0.017556 -0.006401 -0.006855 -0.016719 -0.005055 -0.007993 -0.015806 -0.003675 -0.009005 -0.014821 -0.002269 -0.009889 -0.013771 -0.000844 -0.010644 -0.012664 0.000593 -0.011270 -0.011505 0.002035 -0.011769 0.000839 0.002035 0.022049 -0.000162 0.000451 0.022328 -0.001213 -0.001120 0.022446 -0.002305 -0.002661 0.022395 -0.003427 -0.004157 0.022174 -0.004569 -0.005591 0.021782 -0.005717 -0.006942 0.021216 -0.006856 -0.008187 0.020470 -0.007968 -0.009300 0.019546 -0.009034 -0.010262 0.018461 -0.010041 -0.011069 0.017244 -0.010985 -0.011740 0.015936 -0.011878 -0.012309 0.014576 -0.012739 -0.012818 0.013188 -0.013590 -0.013297 0.011771 -0.014438 -0.013748 0.010308 -0.015272 -0.014138 0.008768 -0.016056 -0.014408 0.007134 -0.016743 -0.014488 0.005407 -0.017281 -0.014323 0.003616 -0.017636 -0.013885 0.001810 -0.017792 -0.013183 0.000041 -0.017761 -0.012253 -0.001646 -0.017566 -0.011146 -0.003224 -0.017238 -0.009911 -0.004682 -0.016801 -0.008583 -0.006019 -0.016271 -0.007185 -0.007233 -0.015655 -0.005731 -0.008323 -0.014960 -0.004229 -0.009282 -0.014189 -0.002691 -0.010105 -0.013351 -0.001128 -0.010792 -0.012454 0.000450 -0.011346 -0.011505 0.002035 -0.011769 0.000839 0.002035 0.022049 0.000063 0.000335 0.022244 -0.000765 -0.001348 0.022275 -0.001638 -0.003000 0.022138 -0.002547 -0.004601 0.021832 -0.003485 -0.006132 0.021356 -0.004439 -0.007571 0.020705 -0.005398 -0.008888 0.019877 -0.006346 -0.010055 0.018874 -0.007264 -0.011047 0.017713 -0.008139 -0.011861 0.016428 -0.008963 -0.012514 0.015062 -0.009742 -0.013048 0.013656 -0.010492 -0.013512 0.012237 -0.011230 -0.013946 0.010807 -0.011969 -0.014359 0.009348 -0.012705 -0.014725 0.007831 -0.013416 -0.014985 0.006238 -0.014068 -0.015069 0.004568 -0.014621 -0.014918 0.002846 -0.015044 -0.014499 0.001114 -0.015322 -0.013817 -0.000579 -0.015457 -0.012902 -0.002197 -0.015462 -0.011801 -0.003714 -0.015356 -0.010558 -0.005122 -0.015154 -0.009205 -0.006415 -0.014864 -0.007763 -0.007591 -0.014490 -0.006245 -0.008640 -0.014034 -0.004661 -0.009553 -0.013499 -0.003026 -0.010321 -0.012894 -0.001356 -0.010944 -0.012227 0.000335 -0.011426 -0.011505 0.002035 -0.011769 0.000839 0.002035 0.022049 0.000301 0.000249 0.022153 -0.000293 -0.001518 0.022090 -0.000936 -0.003249 0.021859 -0.001623 -0.004925 0.021461 -0.002345 -0.006526 0.020897 -0.003097 -0.008028 0.020165 -0.003870 -0.009399 0.019261 -0.004651 -0.010606 0.018188 -0.005426 -0.011622 0.016964 -0.006180 -0.012441 0.015624 -0.006902 -0.013079 0.014211 -0.007590 -0.013580 0.012768 -0.008253 -0.013999 0.011323 -0.008904 -0.014381 0.009879 -0.009553 -0.014743 0.008419 -0.010205 -0.015064 0.006919 -0.010847 -0.015290 0.005358 -0.011459 -0.015355 0.003738 -0.012014 -0.015197 0.002080 -0.012486 -0.014786 0.000422 -0.012862 -0.014121 -0.001195 -0.013138 -0.013230 -0.002740 -0.013321 -0.012155 -0.004193 -0.013421 -0.010932 -0.005547 -0.013443 -0.009588 -0.006797 -0.013391 -0.008139 -0.007935 -0.013262 -0.006594 -0.008948 -0.013054 -0.004966 -0.009819 -0.012768 -0.003269 -0.010538 -0.012410 -0.001525 -0.011100 -0.011987 0.000249 -0.011509 -0.011505 0.002035 -0.011769 0.000839 0.002035 0.022049 0.000547 0.000194 0.022059 0.000195 -0.001626 0.021896 -0.000213 -0.003406 0.021564 -0.000670 -0.005125 0.021069 -0.001173 -0.006766 0.020416 -0.001717 -0.008305 0.019603 -0.002299 -0.009709 0.018629 -0.002911 -0.010945 0.017495 -0.003543 -0.011984 0.016221 -0.004181 -0.012813 0.014839 -0.004812 -0.013451 0.013393 -0.005427 -0.013939 0.011923 -0.006025 -0.014331 0.010457 -0.006613 -0.014676 0.008998 -0.007199 -0.014993 0.007532 -0.007789 -0.015268 0.006037 -0.008381 -0.015450 0.004496 -0.008963 -0.015477 0.002913 -0.009520 -0.015294 0.001307 -0.010033 -0.014870 -0.000286 -0.010491 -0.014207 -0.001832 -0.010887 -0.013331 -0.003304 -0.011224 -0.012279 -0.004691 -0.011505 -0.011083 -0.005987 -0.011731 -0.009764 -0.007189 -0.011901 -0.008331 -0.008285 -0.012008 -0.006788 -0.009259 -0.012047 -0.005145 -0.010089 -0.012013 -0.003419 -0.010757 -0.011909 -0.001631 -0.011258 -0.011737 0.000193 -0.011594 -0.011505 0.002035 -0.011769 0.000839 0.002035 0.022049 0.000797 0.000170 0.021962 0.000689 -0.001671 0.021697 0.000520 -0.003467 0.021262 0.000293 -0.005200 0.020668 0.000012 -0.006851 0.019924 -0.000323 -0.008399 0.019031 -0.000712 -0.009816 0.017989 -0.001152 -0.011067 0.016803 -0.001638 -0.012123 0.015488 -0.002159 -0.012972 0.014076 -0.002699 -0.013627 0.012606 -0.003246 -0.014126 0.011117 -0.003790 -0.014521 0.009633 -0.004331 -0.014858 0.008157 -0.004873 -0.015156 0.006677 -0.005423 -0.015400 0.005173 -0.005985 -0.015545 0.003635 -0.006557 -0.015533 0.002069 -0.007129 -0.015312 0.000499 -0.007689 -0.014857 -0.001043 -0.008226 -0.014175 -0.002526 -0.008733 -0.013294 -0.003929 -0.009208 -0.012250 -0.005246 -0.009650 -0.011072 -0.006478 -0.010060 -0.009776 -0.007621 -0.010433 -0.008366 -0.008666 -0.010762 -0.006840 -0.009591 -0.011037 -0.005205 -0.010371 -0.011251 -0.003475 -0.010984 -0.011400 -0.001675 -0.011421 -0.011484 0.000169 -0.011681 -0.011505 0.002035 -0.011769 0.000839 0.002035 0.022049 0.001047 0.000178 0.021867 0.001184 -0.001653 0.021501 0.001252 -0.003436 0.020963 0.001252 -0.005151 0.020271 0.001189 -0.006784 0.019436 0.001060 -0.008316 0.018464 0.000864 -0.009722 0.017357 0.000597 -0.010971 0.016121 0.000262 -0.012037 0.014770 -0.000135 -0.012906 0.013332 -0.000577 -0.013589 0.011845 -0.001048 -0.014121 0.010340 -0.001533 -0.014547 0.008837 -0.002026 -0.014908 0.007340 -0.002530 -0.015218 0.005835 -0.003052 -0.015460 0.004308 -0.003600 -0.015588 0.002753 -0.004179 -0.015546 0.001185 -0.004785 -0.015289 -0.000371 -0.005408 -0.014796 -0.001879 -0.006036 -0.014081 -0.003310 -0.006658 -0.013176 -0.004648 -0.007269 -0.012120 -0.005894 -0.007866 -0.010943 -0.007052 -0.008447 -0.009659 -0.008125 -0.009009 -0.008268 -0.009102 -0.009545 -0.006765 -0.009961 -0.010044 -0.005152 -0.010677 -0.010497 -0.003442 -0.011223 -0.010893 -0.001657 -0.011588 -0.011230 0.000177 -0.011768 -0.011505 0.002035 -0.011769 0.000839 0.002035 0.022049 0.001294 0.000217 0.021774 0.001672 -0.001573 0.021312 0.001972 -0.003313 0.020678 0.002195 -0.004985 0.019891 0.002344 -0.006574 0.018969 0.002416 -0.008065 0.017920 0.002408 -0.009438 0.016749 0.002313 -0.010665 0.015463 0.002130 -0.011724 0.014076 0.001865 -0.012605 0.012613 0.001533 -0.013316 0.011107 0.001152 -0.013889 0.009584 0.000740 -0.014363 0.008060 0.000307 -0.014770 0.006533 -0.000149 -0.015119 0.004992 -0.000639 -0.015385 0.003427 -0.001177 -0.015521 0.001838 -0.001774 -0.015471 0.000246 -0.002429 -0.015192 -0.001315 -0.003133 -0.014669 -0.002807 -0.003870 -0.013919 -0.004199 -0.004624 -0.012982 -0.005479 -0.005382 -0.011902 -0.006652 -0.006138 -0.010713 -0.007729 -0.006890 -0.009429 -0.008715 -0.007636 -0.008052 -0.009606 -0.008370 -0.006574 -0.010381 -0.009083 -0.004994 -0.011014 -0.009763 -0.003323 -0.011479 -0.010399 -0.001577 -0.011761 -0.010982 0.000217 -0.011857 -0.011505 0.002035 -0.011769 0.000839 0.002035 0.022049 0.001533 0.000288 0.021686 0.002146 -0.001433 0.021137 0.002673 -0.003104 0.020415 0.003113 -0.004708 0.019543 0.003467 -0.006231 0.018540 0.003733 -0.007661 0.017417 0.003905 -0.008978 0.016183 0.003977 -0.010163 0.014845 0.003945 -0.011196 0.013418 0.003813 -0.012070 0.011925 0.003598 -0.012796 0.010395 0.003319 -0.013400 0.008850 0.002998 -0.013919 0.007298 0.002644 -0.014377 0.005735 0.002253 -0.014774 0.004149 0.001809 -0.015082 0.002533 0.001289 -0.015247 0.000895 0.000676 -0.015211 -0.000738 -0.000035 -0.014931 -0.002322 -0.000832 -0.014397 -0.003814 -0.001694 -0.013628 -0.005181 -0.002597 -0.012668 -0.006411 -0.003520 -0.011568 -0.007513 -0.004449 -0.010366 -0.008502 -0.005381 -0.009081 -0.009391 -0.006314 -0.007717 -0.010179 -0.007243 -0.006269 -0.010851 -0.008163 -0.004735 -0.011382 -0.009061 -0.003119 -0.011749 -0.009925 -0.001438 -0.011939 -0.010743 0.000287 -0.011945 -0.011505 0.002035 -0.011769 0.000839 0.002035 0.022049 0.001761 0.000388 0.021606 0.002599 -0.001235 0.020979 0.003346 -0.002812 0.020182 0.003996 -0.004327 0.019236 0.004550 -0.005765 0.018161 0.005002 -0.007114 0.016971 0.005348 -0.008359 0.015674 0.005578 -0.009482 0.014282 0.005689 -0.010468 0.012810 0.005686 -0.011312 0.011281 0.005587 -0.012028 0.009720 0.005415 -0.012641 0.008144 0.005194 -0.013184 0.006559 0.004932 -0.013676 0.004955 0.004622 -0.014113 0.003319 0.004239 -0.014459 0.001646 0.003752 -0.014660 -0.000050 0.003133 -0.014653 -0.001733 0.002373 -0.014396 -0.003352 0.001481 -0.013875 -0.004857 0.000486 -0.013114 -0.006211 -0.000578 -0.012157 -0.007402 -0.001679 -0.011058 -0.008438 -0.002796 -0.009860 -0.009341 -0.003919 -0.008588 -0.010127 -0.005045 -0.007251 -0.010802 -0.006171 -0.005847 -0.011357 -0.007292 -0.004373 -0.011773 -0.008399 -0.002834 -0.012031 -0.009478 -0.001242 -0.012118 -0.010517 0.000387 -0.012031 -0.011505 0.002035 -0.011769 0.000839 0.002035 0.022049 0.001973 0.000516 0.021533 0.003025 -0.000983 0.020840 0.003981 -0.002442 0.019982 0.004836 -0.003846 0.018976 0.005583 -0.005181 0.017840 0.006217 -0.006434 0.016589 0.006729 -0.007591 0.015234 0.007109 -0.008634 0.013786 0.007353 -0.009553 0.012264 0.007468 -0.010344 0.010691 0.007474 -0.011022 0.009092 0.007400 -0.011614 0.007480 0.007272 -0.012148 0.005857 0.007102 -0.012643 0.004210 0.006878 -0.013092 0.002524 0.006566 -0.013459 0.000797 0.006124 -0.013685 -0.000955 0.005513 -0.013711 -0.002690 0.004715 -0.013490 -0.004348 0.003740 -0.013009 -0.005873 0.002619 -0.012287 -0.007224 0.001395 -0.011368 -0.008385 0.000113 -0.010306 -0.009366 -0.001197 -0.009146 -0.010189 -0.002517 -0.007918 -0.010876 -0.003840 -0.006634 -0.011439 -0.005163 -0.005296 -0.011874 -0.006480 -0.003907 -0.012170 -0.007784 -0.002468 -0.012312 -0.009064 -0.000990 -0.012294 -0.010308 0.000515 -0.012113 -0.011505 0.002035 -0.011769 0.000839 0.002035 0.022049 0.002166 0.000670 0.021469 0.003414 -0.000679 0.020722 0.004568 -0.001997 0.019815 0.005618 -0.003269 0.018762 0.006553 -0.004482 0.017578 0.007363 -0.005623 0.016275 0.008036 -0.006677 0.014866 0.008558 -0.007627 0.013363 0.008924 -0.008461 0.011788 0.009141 -0.009179 0.010167 0.009235 -0.009795 0.008523 0.009240 -0.010334 0.006870 0.009187 -0.010826 0.005208 0.009092 -0.011287 0.003521 0.008941 -0.011713 0.001793 0.008694 -0.012068 0.000020 0.008298 -0.012299 -0.001778 0.007703 -0.012347 -0.003555 0.006883 -0.012167 -0.005246 0.005841 -0.011743 -0.006791 0.004612 -0.011090 -0.008142 0.003246 -0.010247 -0.009283 0.001795 -0.009264 -0.010221 0.000302 -0.008185 -0.010978 -0.001208 -0.007040 -0.011581 -0.002722 -0.005847 -0.012043 -0.004233 -0.004610 -0.012367 -0.005738 -0.003335 -0.012549 -0.007226 -0.002024 -0.012580 -0.008690 -0.000687 -0.012460 -0.010119 0.000669 -0.012189 -0.011505 0.002035 -0.011769 0.000839 0.002035 0.022049 0.002336 0.000848 0.021414 0.003760 -0.000329 0.020622 0.005094 -0.001482 0.019677 0.006324 -0.002600 0.018589 0.007437 -0.003671 0.017368 0.008417 -0.004681 0.016024 0.009246 -0.005615 0.014567 0.009904 -0.006457 0.013014 0.010381 -0.007193 0.011386 0.010687 -0.007822 0.009713 0.010848 -0.008357 0.008022 0.010906 -0.008822 0.006328 0.010900 -0.009244 0.004628 0.010850 -0.009641 0.002908 0.010745 -0.010010 0.001148 0.010542 -0.010322 -0.000655 0.010180 -0.010531 -0.002480 0.009599 -0.010584 -0.004282 0.008764 -0.010440 -0.005993 0.007674 -0.010081 -0.007548 0.006361 -0.009518 -0.008898 0.004881 -0.008783 -0.010024 0.003291 -0.007919 -0.010932 0.001641 -0.006963 -0.011642 -0.000036 -0.005947 -0.012181 -0.001721 -0.004885 -0.012564 -0.003404 -0.003788 -0.012798 -0.005078 -0.002659 -0.012884 -0.006733 -0.001506 -0.012819 -0.008361 -0.000335 -0.012608 -0.009954 0.000847 -0.012257 -0.011505 0.002035 -0.011769 0.000839 0.002035 0.022049 0.002480 0.001045 0.021368 0.004053 0.000063 0.020539 0.005542 -0.000903 0.019564 0.006933 -0.001844 0.018450 0.008207 -0.002750 0.017201 0.009345 -0.003609 0.015825 0.010319 -0.004405 0.014330 0.011104 -0.005121 0.012732 0.011685 -0.005746 0.011057 0.012067 -0.006275 0.009335 0.012279 -0.006718 0.007598 0.012368 -0.007096 0.005863 0.012379 -0.007434 0.004130 0.012341 -0.007747 0.002384 0.012248 -0.008038 0.000607 0.012057 -0.008285 -0.001207 0.011704 -0.008450 -0.003040 0.011124 -0.008491 -0.004844 0.010274 -0.008373 -0.006553 0.009149 -0.008081 -0.008104 0.007778 -0.007619 -0.009447 0.006216 -0.007014 -0.010560 0.004525 -0.006298 -0.011447 0.002757 -0.005503 -0.012129 0.000950 -0.004652 -0.012629 -0.000873 -0.003761 -0.012961 -0.002699 -0.002838 -0.013135 -0.004516 -0.001889 -0.013151 -0.006314 -0.000922 -0.013013 -0.008082 0.000058 -0.012731 -0.009814 0.001045 -0.012314 -0.011505 0.002035 -0.011769 0.000839 0.002035 0.022049 0.002595 0.001261 0.021330 0.004286 0.000491 0.020470 0.005900 -0.000268 0.019471 0.007421 -0.001011 0.018335 0.008830 -0.001730 0.017067 0.010102 -0.002414 0.015668 0.011204 -0.003050 0.014145 0.012103 -0.003624 0.012512 0.012777 -0.004123 0.010797 0.013226 -0.004542 0.009033 0.013478 -0.004888 0.007256 0.013581 -0.005175 0.005486 0.013590 -0.005425 0.003726 0.013537 -0.005652 0.001964 0.013424 -0.005858 0.000181 0.013213 -0.006031 -0.001630 0.012841 -0.006143 -0.003449 0.012242 -0.006163 -0.005234 0.011371 -0.006065 -0.006922 0.010217 -0.005836 -0.008450 0.008808 -0.005481 -0.009773 0.007197 -0.005016 -0.010870 0.005444 -0.004466 -0.011744 0.003602 -0.003853 -0.012414 0.001709 -0.003194 -0.012898 -0.000211 -0.002501 -0.013210 -0.002141 -0.001781 -0.013354 -0.004068 -0.001039 -0.013333 -0.005977 -0.000280 -0.013152 -0.007857 0.000487 -0.012822 -0.009701 0.001260 -0.012358 -0.011505 0.002035 -0.011769 0.000839 0.002035 0.022049 0.002677 0.001489 0.021300 0.004453 0.000946 0.020415 0.006155 0.000410 0.019393 0.007768 -0.000116 0.018240 0.009274 -0.000626 0.016955 0.010645 -0.001114 0.015540 0.011846 -0.001570 0.013999 0.012836 -0.001982 0.012344 0.013587 -0.002341 0.010602 0.014093 -0.002641 0.008809 0.014378 -0.002885 0.007002 0.014491 -0.003084 0.005206 0.014487 -0.003250 0.003428 0.014406 -0.003397 0.001656 0.014256 -0.003526 -0.000124 0.014005 -0.003630 -0.001918 0.013593 -0.003693 -0.003711 0.012958 -0.003694 -0.005461 0.012055 -0.003616 -0.007111 0.010874 -0.003452 -0.008603 0.009441 -0.003203 -0.009895 0.007806 -0.002882 -0.010971 0.006026 -0.002503 -0.011834 0.004152 -0.002082 -0.012501 0.002219 -0.001628 -0.012988 0.000248 -0.001148 -0.013305 -0.001745 -0.000647 -0.013451 -0.003743 -0.000128 -0.013425 -0.005730 0.000404 -0.013230 -0.007692 0.000944 -0.012879 -0.009619 0.001489 -0.012387 -0.011505 0.002035 -0.011769 0.000839 0.002035 0.022049 0.002727 0.001727 0.021280 0.004550 0.001421 0.020372 0.006298 0.001119 0.019330 0.007958 0.000823 0.018159 0.009515 0.000534 0.016861 0.010941 0.000258 0.015436 0.012198 -0.000001 0.013886 0.013245 -0.000236 0.012222 0.014048 -0.000440 0.010470 0.014596 -0.000612 0.008664 0.014908 -0.000751 0.006842 0.015030 -0.000862 0.005033 0.015018 -0.000953 0.003245 0.014913 -0.001030 0.001472 0.014726 -0.001095 -0.000300 0.014430 -0.001145 -0.002074 0.013973 -0.001171 -0.003835 0.013295 -0.001163 -0.005544 0.012357 -0.001113 -0.007148 0.011151 -0.001017 -0.008596 0.009703 -0.000877 -0.009851 0.008063 -0.000698 -0.010900 0.006284 -0.000490 -0.011752 0.004412 -0.000259 -0.012422 0.002476 -0.000010 -0.012924 0.000495 0.000254 -0.013264 -0.001518 0.000531 -0.013434 -0.003549 0.000819 -0.013429 -0.005579 0.001117 -0.013249 -0.007590 0.001420 -0.012901 -0.009568 0.001727 -0.012403 -0.011505 0.002035 -0.011769 -0.008292 -0.008393 0.010479 -0.006856 -0.008628 0.009886 -0.005484 -0.008860 0.009161 -0.004204 -0.009087 0.008297 -0.003042 -0.009303 0.007302 -0.002016 -0.009506 0.006196 -0.001138 -0.009693 0.004999 -0.000426 -0.009860 0.003729 0.000093 -0.010002 0.002402 0.000389 -0.010115 0.001045 0.000458 -0.010195 -0.000308 0.000329 -0.010245 -0.001628 0.000063 -0.010273 -0.002905 -0.000285 -0.010288 -0.004154 -0.000691 -0.010295 -0.005398 -0.001188 -0.010289 -0.006641 -0.001842 -0.010259 -0.007851 -0.002714 -0.010193 -0.008960 -0.003827 -0.010083 -0.009890 -0.005152 -0.009931 -0.010588 -0.006623 -0.009746 -0.011041 -0.008168 -0.009538 -0.011274 -0.009736 -0.009318 -0.011327 -0.011298 -0.009092 -0.011234 -0.012841 -0.008861 -0.011010 -0.014356 -0.008628 -0.010660 -0.015835 -0.008393 -0.010188 -0.008292 -0.008393 0.010479 -0.006841 -0.008376 0.009884 -0.005447 -0.008358 0.009166 -0.004133 -0.008341 0.008315 -0.002925 -0.008324 0.007336 -0.001841 -0.008308 0.006240 -0.000901 -0.008293 0.005045 -0.000131 -0.008280 0.003763 0.000430 -0.008269 0.002414 0.000744 -0.008260 0.001028 0.000802 -0.008254 -0.000354 0.000637 -0.008251 -0.001695 0.000315 -0.008249 -0.002981 -0.000094 -0.008249 -0.004224 -0.000558 -0.008249 -0.005450 -0.001098 -0.008250 -0.006669 -0.001778 -0.008253 -0.007857 -0.002660 -0.008258 -0.008951 -0.003772 -0.008266 -0.009877 -0.005092 -0.008277 -0.010579 -0.006559 -0.008291 -0.011043 -0.008107 -0.008307 -0.011288 -0.009684 -0.008323 -0.011348 -0.011258 -0.008340 -0.011255 -0.012815 -0.008358 -0.011026 -0.014343 -0.008376 -0.010667 -0.015835 -0.008393 -0.010188 -0.008292 -0.008393 0.010479 -0.006873 -0.008124 0.009895 -0.005511 -0.007856 0.009188 -0.004224 -0.007593 0.008353 -0.003033 -0.007338 0.007393 -0.001955 -0.007095 0.006318 -0.001009 -0.006868 0.005141 -0.000226 -0.006662 0.003870 0.000348 -0.006486 0.002521 0.000668 -0.006349 0.001126 0.000718 -0.006256 -0.000269 0.000526 -0.006206 -0.001623 0.000160 -0.006189 -0.002913 -0.000305 -0.006191 -0.004147 -0.000826 -0.006205 -0.005350 -0.001415 -0.006231 -0.006538 -0.002123 -0.006278 -0.007691 -0.003008 -0.006360 -0.008757 -0.004099 -0.006485 -0.009669 -0.005378 -0.006654 -0.010377 -0.006795 -0.006859 -0.010863 -0.008291 -0.007089 -0.011143 -0.009820 -0.007336 -0.011244 -0.011354 -0.007592 -0.011189 -0.012877 -0.007856 -0.010990 -0.014374 -0.008124 -0.010653 -0.015835 -0.008393 -0.010188 -0.008292 -0.008393 0.010479 -0.006951 -0.007880 0.009917 -0.005672 -0.007372 0.009227 -0.004473 -0.006875 0.008406 -0.003370 -0.006395 0.007465 -0.002372 -0.005936 0.006416 -0.001492 -0.005505 0.005268 -0.000760 -0.005112 0.004029 -0.000219 -0.004772 0.002708 0.000083 -0.004506 0.001333 0.000123 -0.004324 -0.000052 -0.000077 -0.004227 -0.001401 -0.000455 -0.004197 -0.002688 -0.000940 -0.004209 -0.003915 -0.001488 -0.004247 -0.005102 -0.002100 -0.004310 -0.006265 -0.002819 -0.004412 -0.007389 -0.003693 -0.004576 -0.008430 -0.004744 -0.004816 -0.009330 -0.005958 -0.005132 -0.010043 -0.007290 -0.005512 -0.010557 -0.008694 -0.005939 -0.010883 -0.010131 -0.006396 -0.011043 -0.011581 -0.006876 -0.011050 -0.013025 -0.007373 -0.010909 -0.014448 -0.007881 -0.010619 -0.015835 -0.008393 -0.010188 -0.008292 -0.008393 0.010479 -0.007072 -0.007653 0.009952 -0.005923 -0.006923 0.009284 -0.004864 -0.006214 0.008480 -0.003906 -0.005535 0.007556 -0.003054 -0.004892 0.006532 -0.002311 -0.004290 0.005421 -0.001695 -0.003739 0.004227 -0.001244 -0.003259 0.002956 -0.000999 -0.002877 0.001630 -0.000982 -0.002610 0.000284 -0.001179 -0.002461 -0.001038 -0.001539 -0.002406 -0.002309 -0.002002 -0.002416 -0.003527 -0.002530 -0.002467 -0.004707 -0.003125 -0.002558 -0.005861 -0.003820 -0.002709 -0.006976 -0.004655 -0.002949 -0.008010 -0.005645 -0.003295 -0.008911 -0.006772 -0.003747 -0.009639 -0.007998 -0.004285 -0.010184 -0.009283 -0.004887 -0.010560 -0.010598 -0.005534 -0.010784 -0.011926 -0.006215 -0.010864 -0.013254 -0.006924 -0.010795 -0.014563 -0.007653 -0.010569 -0.015835 -0.008393 -0.010188 -0.008292 -0.008393 0.010479 -0.007230 -0.007449 0.010001 -0.006247 -0.006521 0.009368 -0.005365 -0.005629 0.008588 -0.004592 -0.004786 0.007684 -0.003928 -0.003999 0.006683 -0.003368 -0.003271 0.005607 -0.002920 -0.002609 0.004462 -0.002606 -0.002031 0.003252 -0.002457 -0.001565 0.001991 -0.002489 -0.001232 0.000707 -0.002691 -0.001031 -0.000566 -0.003023 -0.000939 -0.001803 -0.003438 -0.000922 -0.003003 -0.003912 -0.000956 -0.004179 -0.004451 -0.001045 -0.005338 -0.005088 -0.001218 -0.006465 -0.005854 -0.001510 -0.007517 -0.006758 -0.001942 -0.008442 -0.007779 -0.002511 -0.009202 -0.008882 -0.003190 -0.009788 -0.010030 -0.003948 -0.010215 -0.011200 -0.004763 -0.010502 -0.012380 -0.005622 -0.010653 -0.013557 -0.006520 -0.010659 -0.014716 -0.007449 -0.010506 -0.015835 -0.008393 -0.010188 -0.008292 -0.008393 0.010479 -0.007419 -0.007273 0.010065 -0.006630 -0.006176 0.009484 -0.005945 -0.005129 0.008743 -0.005373 -0.004154 0.007869 -0.004912 -0.003259 0.006896 -0.004550 -0.002446 0.005852 -0.004288 -0.001718 0.004750 -0.004135 -0.001089 0.003597 -0.004108 -0.000582 0.002401 -0.004215 -0.000213 0.001185 -0.004443 0.000022 -0.000026 -0.004759 0.000151 -0.001215 -0.005130 0.000212 -0.002385 -0.005545 0.000223 -0.003551 -0.006018 0.000172 -0.004718 -0.006581 0.000016 -0.005870 -0.007260 -0.000292 -0.006959 -0.008060 -0.000779 -0.007931 -0.008958 -0.001439 -0.008743 -0.009920 -0.002236 -0.009384 -0.010915 -0.003131 -0.009869 -0.011921 -0.004094 -0.010217 -0.012928 -0.005110 -0.010435 -0.013927 -0.006173 -0.010513 -0.014902 -0.007273 -0.010434 -0.015835 -0.008393 -0.010188 -0.008292 -0.008393 0.010479 -0.007635 -0.007131 0.010143 -0.007058 -0.005896 0.009635 -0.006580 -0.004722 0.008956 -0.006210 -0.003635 0.008133 -0.005944 -0.002652 0.007200 -0.005770 -0.001775 0.006191 -0.005685 -0.001006 0.005126 -0.005689 -0.000356 0.004014 -0.005790 0.000159 0.002868 -0.005985 0.000529 0.001706 -0.006258 0.000770 0.000549 -0.006583 0.000919 -0.000592 -0.006937 0.001015 -0.001726 -0.007317 0.001077 -0.002871 -0.007742 0.001080 -0.004040 -0.008241 0.000967 -0.005215 -0.008835 0.000674 -0.006348 -0.009526 0.000165 -0.007378 -0.010291 -0.000554 -0.008258 -0.011099 -0.001443 -0.008968 -0.011923 -0.002451 -0.009520 -0.012746 -0.003540 -0.009932 -0.013559 -0.004690 -0.010215 -0.014353 -0.005890 -0.010361 -0.015117 -0.007130 -0.010356 -0.015835 -0.008393 -0.010188 -0.008292 -0.008393 0.010479 -0.007869 -0.007026 0.010233 -0.007518 -0.005687 0.009816 -0.007255 -0.004411 0.009227 -0.007084 -0.003229 0.008481 -0.007001 -0.002163 0.007612 -0.006998 -0.001220 0.006652 -0.007068 -0.000407 0.005623 -0.007212 0.000265 0.004541 -0.007428 0.000779 0.003421 -0.007709 0.001136 0.002285 -0.008037 0.001358 0.001156 -0.008392 0.001495 0.000044 -0.008757 0.001597 -0.001062 -0.009135 0.001683 -0.002186 -0.009544 0.001724 -0.003347 -0.010006 0.001648 -0.004535 -0.010534 0.001378 -0.005705 -0.011124 0.000865 -0.006792 -0.011753 0.000112 -0.007743 -0.012398 -0.000840 -0.008531 -0.013036 -0.001933 -0.009157 -0.013658 -0.003120 -0.009640 -0.014256 -0.004374 -0.009990 -0.014824 -0.005680 -0.010205 -0.015354 -0.007026 -0.010274 -0.015835 -0.008393 -0.010188 -0.008292 -0.008393 0.010479 -0.008116 -0.006963 0.010330 -0.008003 -0.005557 0.010020 -0.007960 -0.004207 0.009541 -0.007991 -0.002946 0.008901 -0.008090 -0.001798 0.008125 -0.008249 -0.000777 0.007238 -0.008465 0.000103 0.006260 -0.008734 0.000820 0.005206 -0.009053 0.001356 0.004096 -0.009412 0.001708 0.002958 -0.009794 0.001907 0.001823 -0.010185 0.002011 0.000706 -0.010577 0.002081 -0.000397 -0.010974 0.002146 -0.001515 -0.011391 0.002178 -0.002672 -0.011839 0.002102 -0.003865 -0.012318 0.001832 -0.005058 -0.012815 0.001312 -0.006191 -0.013311 0.000536 -0.007206 -0.013785 -0.000455 -0.008069 -0.014227 -0.001603 -0.008774 -0.014632 -0.002854 -0.009332 -0.014999 -0.004177 -0.009755 -0.015325 -0.005552 -0.010042 -0.015606 -0.006963 -0.010188 -0.015835 -0.008393 -0.010188 -0.008292 -0.008393 0.010479 -0.008370 -0.006943 0.010429 -0.008501 -0.005512 0.010232 -0.008688 -0.004125 0.009875 -0.008930 -0.002812 0.009360 -0.009221 -0.001595 0.008701 -0.009554 -0.000494 0.007914 -0.009923 0.000469 0.007011 -0.010324 0.001262 0.006002 -0.010750 0.001853 0.004903 -0.011186 0.002231 0.003750 -0.011621 0.002426 0.002581 -0.012045 0.002497 0.001427 -0.012461 0.002517 0.000290 -0.012877 0.002522 -0.000849 -0.013302 0.002496 -0.002017 -0.013736 0.002370 -0.003220 -0.014166 0.002060 -0.004431 -0.014569 0.001509 -0.005598 -0.014925 0.000708 -0.006664 -0.015222 -0.000307 -0.007592 -0.015458 -0.001480 -0.008371 -0.015637 -0.002759 -0.009007 -0.015764 -0.004109 -0.009508 -0.015840 -0.005509 -0.009873 -0.015863 -0.006943 -0.010100 -0.015835 -0.008393 -0.010188 -0.008292 -0.008393 0.010479 -0.008622 -0.006968 0.010527 -0.009000 -0.005556 0.010438 -0.009423 -0.004178 0.010200 -0.009888 -0.002854 0.009812 -0.010387 -0.001605 0.009281 -0.010913 -0.000450 0.008613 -0.011460 0.000585 0.007809 -0.012016 0.001457 0.006867 -0.012568 0.002122 0.005800 -0.013098 0.002557 0.004639 -0.013593 0.002778 0.003433 -0.014050 0.002842 0.002223 -0.014481 0.002820 0.001028 -0.014900 0.002758 -0.000161 -0.015313 0.002650 -0.001366 -0.015711 0.002441 -0.002596 -0.016069 0.002061 -0.003831 -0.016359 0.001459 -0.005027 -0.016559 0.000627 -0.006134 -0.016667 -0.000401 -0.007117 -0.016689 -0.001572 -0.007962 -0.016639 -0.002840 -0.008672 -0.016524 -0.004175 -0.009251 -0.016350 -0.005556 -0.009698 -0.016119 -0.006968 -0.010010 -0.015835 -0.008393 -0.010188 -0.008292 -0.008393 0.010479 -0.008867 -0.007036 0.010618 -0.009485 -0.005690 0.010625 -0.010144 -0.004370 0.010491 -0.010834 -0.003092 0.010213 -0.011550 -0.001869 0.009799 -0.012283 -0.000716 0.009248 -0.013024 0.000341 0.008552 -0.013758 0.001256 0.007698 -0.014460 0.001978 0.006688 -0.015105 0.002472 0.005546 -0.015676 0.002741 0.004321 -0.016175 0.002829 0.003065 -0.016620 0.002799 0.001809 -0.017029 0.002696 0.000556 -0.017410 0.002523 -0.000704 -0.017745 0.002240 -0.001979 -0.018002 0.001791 -0.003252 -0.018151 0.001140 -0.004484 -0.018176 0.000287 -0.005630 -0.018081 -0.000734 -0.006659 -0.017884 -0.001876 -0.007562 -0.017604 -0.003097 -0.008339 -0.017254 -0.004374 -0.008994 -0.016839 -0.005692 -0.009524 -0.016364 -0.007036 -0.009922 -0.015835 -0.008393 -0.010188 -0.008292 -0.008393 0.010479 -0.009096 -0.007146 0.010700 -0.009941 -0.005909 0.010787 -0.010821 -0.004697 0.010732 -0.011726 -0.003522 0.010535 -0.012648 -0.002392 0.010207 -0.013579 -0.001315 0.009748 -0.014509 -0.000314 0.009146 -0.015418 0.000574 0.008381 -0.016273 0.001296 0.007443 -0.017041 0.001816 0.006348 -0.017701 0.002124 0.005140 -0.018255 0.002252 0.003870 -0.018725 0.002248 0.002577 -0.019130 0.002150 0.001275 -0.019476 0.001961 -0.000040 -0.019740 0.001650 -0.001367 -0.019885 0.001175 -0.002688 -0.019881 0.000513 -0.003964 -0.019720 -0.000327 -0.005154 -0.019418 -0.001307 -0.006230 -0.019003 -0.002383 -0.007185 -0.018503 -0.003520 -0.008023 -0.017931 -0.004698 -0.008748 -0.017293 -0.005910 -0.009356 -0.016592 -0.007146 -0.009838 -0.015835 -0.008393 -0.010188 -0.008292 -0.008393 0.010479 -0.009301 -0.007294 0.010772 -0.010351 -0.006206 0.010922 -0.011430 -0.005144 0.010920 -0.012523 -0.004121 0.010770 -0.013621 -0.003142 0.010488 -0.014715 -0.002211 0.010079 -0.015797 -0.001341 0.009535 -0.016844 -0.000562 0.008835 -0.017820 0.000087 0.007964 -0.018688 0.000570 0.006931 -0.019427 0.000880 0.005769 -0.020038 0.001036 0.004527 -0.020545 0.001073 0.003241 -0.020968 0.001017 0.001928 -0.021302 0.000864 0.000586 -0.021519 0.000587 -0.000778 -0.021575 0.000151 -0.002144 -0.021440 -0.000459 -0.003468 -0.021111 -0.001227 -0.004708 -0.020619 -0.002116 -0.005834 -0.020006 -0.003082 -0.006840 -0.019305 -0.004094 -0.007735 -0.018535 -0.005137 -0.008524 -0.017698 -0.006205 -0.009203 -0.016796 -0.007294 -0.009761 -0.015835 -0.008393 -0.010188 -0.008292 -0.008393 0.010479 -0.009477 -0.007475 0.010832 -0.010701 -0.006569 0.011030 -0.011946 -0.005691 0.011062 -0.013193 -0.004853 0.010931 -0.014424 -0.004062 0.010657 -0.015633 -0.003320 0.010255 -0.016808 -0.002634 0.009724 -0.017930 -0.002021 0.009050 -0.018965 -0.001510 0.008220 -0.019879 -0.001121 0.007239 -0.020656 -0.000860 0.006137 -0.021304 -0.000709 0.004953 -0.021848 -0.000644 0.003717 -0.022306 -0.000650 0.002438 -0.022666 -0.000737 0.001113 -0.022884 -0.000933 -0.000255 -0.022906 -0.001272 -0.001644 -0.022694 -0.001768 -0.003007 -0.022252 -0.002405 -0.004293 -0.021619 -0.003148 -0.005471 -0.020848 -0.003957 -0.006531 -0.019984 -0.004804 -0.007481 -0.019047 -0.005675 -0.008329 -0.018042 -0.006566 -0.009071 -0.016970 -0.007475 -0.009695 -0.015835 -0.008393 -0.010188 -0.008292 -0.008393 0.010479 -0.009617 -0.007684 0.010879 -0.010979 -0.006986 0.011115 -0.012355 -0.006313 0.011168 -0.013717 -0.005679 0.011041 -0.015042 -0.005091 0.010755 -0.016317 -0.004551 0.010330 -0.017531 -0.004063 0.009776 -0.018665 -0.003638 0.009088 -0.019691 -0.003288 0.008262 -0.020584 -0.003026 0.007307 -0.021339 -0.002847 0.006252 -0.021978 -0.002736 0.005132 -0.022536 -0.002673 0.003968 -0.023029 -0.002648 0.002759 -0.023438 -0.002673 0.001491 -0.023703 -0.002780 0.000157 -0.023753 -0.002999 -0.001222 -0.023539 -0.003345 -0.002601 -0.023058 -0.003809 -0.003924 -0.022354 -0.004365 -0.005149 -0.021487 -0.004978 -0.006262 -0.020510 -0.005626 -0.007266 -0.019450 -0.006295 -0.008167 -0.018315 -0.006983 -0.008964 -0.017108 -0.007684 -0.009642 -0.015835 -0.008393 -0.010188 -0.008292 -0.008393 0.010479 -0.009717 -0.007914 0.010914 -0.011178 -0.007444 0.011176 -0.012647 -0.006992 0.011246 -0.014088 -0.006570 0.011121 -0.015474 -0.006184 0.010821 -0.016784 -0.005838 0.010367 -0.018004 -0.005535 0.009777 -0.019113 -0.005279 0.009053 -0.020087 -0.005079 0.008200 -0.020911 -0.004936 0.007239 -0.021594 -0.004844 0.006203 -0.022176 -0.004786 0.005128 -0.022706 -0.004748 0.004030 -0.023208 -0.004721 0.002899 -0.023659 -0.004716 0.001707 -0.023988 -0.004757 0.000434 -0.024105 -0.004870 -0.000909 -0.023945 -0.005069 -0.002279 -0.023494 -0.005353 -0.003619 -0.022790 -0.005705 -0.004880 -0.021894 -0.006104 -0.006040 -0.020863 -0.006532 -0.007093 -0.019730 -0.006979 -0.008043 -0.018509 -0.007441 -0.008884 -0.017207 -0.007914 -0.009604 -0.015835 -0.008393 -0.010188 -0.008292 -0.008393 0.010479 -0.009775 -0.008159 0.010933 -0.011292 -0.007929 0.011214 -0.012814 -0.007709 0.011298 -0.014302 -0.007504 0.011181 -0.015725 -0.007317 0.010879 -0.017057 -0.007152 0.010412 -0.018278 -0.007011 0.009796 -0.019362 -0.006896 0.009038 -0.020284 -0.006811 0.008150 -0.021033 -0.006756 0.007162 -0.021630 -0.006726 0.006115 -0.022129 -0.006710 0.005051 -0.022594 -0.006699 0.003989 -0.023065 -0.006688 0.002913 -0.023523 -0.006682 0.001785 -0.023892 -0.006692 0.000573 -0.024071 -0.006734 -0.000722 -0.023982 -0.006816 -0.002067 -0.023596 -0.006940 -0.003405 -0.022939 -0.007100 -0.004686 -0.022067 -0.007285 -0.005879 -0.021035 -0.007489 -0.006971 -0.019878 -0.007704 -0.007959 -0.018617 -0.007928 -0.008834 -0.017264 -0.008159 -0.009581 -0.015835 -0.008393 -0.010188 -0.008292 -0.008393 0.010479 -0.009788 -0.008411 0.010938 -0.011318 -0.008428 0.011224 -0.012853 -0.008445 0.011318 -0.014356 -0.008461 0.011216 -0.015795 -0.008475 0.010928 -0.017143 -0.008488 0.010471 -0.018376 -0.008498 0.009855 -0.019460 -0.008507 0.009086 -0.020366 -0.008513 0.008177 -0.021078 -0.008517 0.007159 -0.021618 -0.008518 0.006084 -0.022048 -0.008519 0.005001 -0.022443 -0.008519 0.003934 -0.022854 -0.008519 0.002870 -0.023273 -0.008519 0.001770 -0.023633 -0.008518 0.000595 -0.023832 -0.008516 -0.000665 -0.023785 -0.008510 -0.001983 -0.023455 -0.008501 -0.003308 -0.022855 -0.008490 -0.004591 -0.022032 -0.008476 -0.005798 -0.021034 -0.008461 -0.006913 -0.019895 -0.008445 -0.007923 -0.018636 -0.008429 -0.008816 -0.017276 -0.008411 -0.009575 -0.015835 -0.008393 -0.010188 -0.008292 -0.008393 0.010479 -0.009757 -0.008662 0.010926 -0.011256 -0.008927 0.011206 -0.012762 -0.009182 0.011300 -0.014243 -0.009421 0.011210 -0.015673 -0.009641 0.010944 -0.017026 -0.009839 0.010514 -0.018277 -0.010010 0.009925 -0.019389 -0.010148 0.009172 -0.020322 -0.010248 0.008265 -0.021054 -0.010306 0.007232 -0.021597 -0.010329 0.006128 -0.022006 -0.010330 0.005008 -0.022359 -0.010321 0.003904 -0.022712 -0.010314 0.002810 -0.023070 -0.010305 0.001691 -0.023375 -0.010285 0.000512 -0.023540 -0.010236 -0.000739 -0.023484 -0.010149 -0.002040 -0.023170 -0.010018 -0.003349 -0.022606 -0.009848 -0.004619 -0.021830 -0.009647 -0.005819 -0.020882 -0.009424 -0.006931 -0.019788 -0.009182 -0.007942 -0.018569 -0.008927 -0.008832 -0.017244 -0.008662 -0.009585 -0.015835 -0.008393 -0.010188 -0.008292 -0.008393 0.010479 -0.009681 -0.008906 0.010900 -0.011106 -0.009410 0.011157 -0.012542 -0.009896 0.011239 -0.013964 -0.010357 0.011148 -0.015349 -0.010787 0.010898 -0.016680 -0.011180 0.010496 -0.017934 -0.011529 0.009941 -0.019074 -0.011820 0.009221 -0.020058 -0.012039 0.008335 -0.020849 -0.012177 0.007306 -0.021449 -0.012240 0.006184 -0.021898 -0.012249 0.005025 -0.022260 -0.012229 0.003867 -0.022589 -0.012198 0.002715 -0.022895 -0.012158 0.001543 -0.023134 -0.012089 0.000324 -0.023234 -0.011969 -0.000947 -0.023130 -0.011776 -0.002249 -0.022794 -0.011508 -0.003541 -0.022237 -0.011173 -0.004785 -0.021494 -0.010784 -0.005955 -0.020597 -0.010355 -0.007039 -0.019568 -0.009895 -0.008022 -0.018420 -0.009409 -0.008886 -0.017169 -0.008905 -0.009613 -0.015835 -0.008393 -0.010188 -0.008292 -0.008393 0.010479 -0.009564 -0.009133 0.010859 -0.010874 -0.009862 0.011079 -0.012201 -0.010568 0.011132 -0.013522 -0.011240 0.011023 -0.014823 -0.011873 0.010768 -0.016090 -0.012462 0.010376 -0.017308 -0.012998 0.009841 -0.018445 -0.013461 0.009148 -0.019458 -0.013828 0.008285 -0.020309 -0.014079 0.007269 -0.020984 -0.014217 0.006140 -0.021507 -0.014264 0.004953 -0.021925 -0.014252 0.003745 -0.022277 -0.014204 0.002528 -0.022571 -0.014120 0.001288 -0.022770 -0.013981 0.000011 -0.022818 -0.013755 -0.001297 -0.022668 -0.013425 -0.002609 -0.022303 -0.012990 -0.003885 -0.021745 -0.012467 -0.005092 -0.021031 -0.011878 -0.006211 -0.020191 -0.011241 -0.007239 -0.019243 -0.010567 -0.008166 -0.018194 -0.009861 -0.008979 -0.017053 -0.009133 -0.009657 -0.015835 -0.008393 -0.010188 -0.008292 -0.008393 0.010479 -0.009409 -0.009339 0.010805 -0.010567 -0.010271 0.010976 -0.011747 -0.011175 0.010984 -0.012931 -0.012039 0.010836 -0.014106 -0.012857 0.010549 -0.015264 -0.013627 0.010136 -0.016393 -0.014338 0.009591 -0.017471 -0.014968 0.008897 -0.018461 -0.015486 0.008040 -0.019327 -0.015866 0.007029 -0.020051 -0.016104 0.005899 -0.020642 -0.016219 0.004696 -0.021128 -0.016245 0.003454 -0.021536 -0.016203 0.002187 -0.021862 -0.016090 0.000889 -0.022073 -0.015880 -0.000441 -0.022121 -0.015541 -0.001786 -0.021969 -0.015056 -0.003108 -0.021614 -0.014435 -0.004363 -0.021085 -0.013708 -0.005521 -0.020423 -0.012908 -0.006572 -0.019662 -0.012062 -0.007521 -0.018820 -0.011182 -0.008369 -0.017898 -0.010272 -0.009106 -0.016900 -0.009339 -0.009717 -0.015835 -0.008393 -0.010188 -0.008292 -0.008393 0.010479 -0.009221 -0.009516 0.010740 -0.010192 -0.010624 0.010852 -0.011193 -0.011700 0.010801 -0.012208 -0.012729 0.010596 -0.013223 -0.013704 0.010252 -0.014231 -0.014621 0.009784 -0.015225 -0.015472 0.009192 -0.016187 -0.016234 0.008462 -0.017091 -0.016873 0.007582 -0.017909 -0.017360 0.006559 -0.018624 -0.017689 0.005424 -0.019239 -0.017879 0.004214 -0.019772 -0.017961 0.002959 -0.020235 -0.017951 0.001667 -0.020618 -0.017839 0.000338 -0.020887 -0.017589 -0.001023 -0.020995 -0.017163 -0.002387 -0.020911 -0.016544 -0.003706 -0.020635 -0.015752 -0.004930 -0.020196 -0.014831 -0.006032 -0.019639 -0.013832 -0.007006 -0.019001 -0.012789 -0.007864 -0.018299 -0.011720 -0.008617 -0.017537 -0.010627 -0.009263 -0.016715 -0.009516 -0.009790 -0.015835 -0.008393 -0.010188 -0.008292 -0.008393 0.010479 -0.009005 -0.009658 0.010665 -0.009762 -0.010910 0.010707 -0.010557 -0.012126 0.010588 -0.011375 -0.013289 0.010311 -0.012205 -0.014385 0.009892 -0.013038 -0.015411 0.009347 -0.013864 -0.016355 0.008679 -0.014673 -0.017194 0.007882 -0.015447 -0.017896 0.006950 -0.016165 -0.018435 0.005896 -0.016816 -0.018810 0.004747 -0.017402 -0.019045 0.003538 -0.017936 -0.019171 0.002289 -0.018425 -0.019203 0.001002 -0.018859 -0.019120 -0.000327 -0.019203 -0.018873 -0.001687 -0.019413 -0.018411 -0.003044 -0.019457 -0.017715 -0.004342 -0.019329 -0.016807 -0.005527 -0.019052 -0.015743 -0.006568 -0.018665 -0.014586 -0.007465 -0.018203 -0.013384 -0.008232 -0.017685 -0.012158 -0.008888 -0.017119 -0.010915 -0.009437 -0.016502 -0.009659 -0.009873 -0.015835 -0.008393 -0.010188 -0.008292 -0.008393 0.010479 -0.008768 -0.009763 0.010581 -0.009290 -0.011119 0.010543 -0.009857 -0.012438 0.010346 -0.010460 -0.013697 0.009989 -0.011087 -0.014879 0.009486 -0.011728 -0.015973 0.008852 -0.012376 -0.016964 0.008095 -0.013022 -0.017828 0.007215 -0.013651 -0.018533 0.006216 -0.014250 -0.019061 0.005118 -0.014810 -0.019420 0.003952 -0.015333 -0.019645 0.002749 -0.015831 -0.019777 0.001521 -0.016311 -0.019833 0.000263 -0.016767 -0.019785 -0.001035 -0.017173 -0.019573 -0.002365 -0.017491 -0.019131 -0.003689 -0.017687 -0.018428 -0.004950 -0.017748 -0.017483 -0.006089 -0.017684 -0.016353 -0.007074 -0.017520 -0.015109 -0.007903 -0.017283 -0.013806 -0.008592 -0.016991 -0.012474 -0.009160 -0.016652 -0.011125 -0.009618 -0.016267 -0.009763 -0.009962 -0.015835 -0.008393 -0.010188 -0.008292 -0.008393 0.010479 -0.008518 -0.009825 0.010490 -0.008793 -0.011243 0.010362 -0.009119 -0.012623 0.010077 -0.009492 -0.013938 0.009633 -0.009906 -0.015167 0.009043 -0.010350 -0.016294 0.008321 -0.010820 -0.017298 0.007477 -0.011308 -0.018149 0.006516 -0.011804 -0.018819 0.005451 -0.012297 -0.019291 0.004309 -0.012776 -0.019585 0.003128 -0.013238 -0.019750 0.001935 -0.013689 -0.019841 0.000739 -0.014139 -0.019885 -0.000474 -0.014589 -0.019856 -0.001721 -0.015028 -0.019684 -0.002999 -0.015430 -0.019295 -0.004272 -0.015767 -0.018641 -0.005484 -0.016019 -0.017731 -0.006575 -0.016181 -0.016615 -0.007511 -0.016263 -0.015362 -0.008286 -0.016278 -0.014030 -0.008915 -0.016239 -0.012653 -0.009415 -0.016151 -0.011248 -0.009794 -0.016016 -0.009825 -0.010052 -0.015835 -0.008393 -0.010188 -0.008292 -0.008393 0.010479 -0.008263 -0.009844 0.010394 -0.008287 -0.011278 0.010167 -0.008368 -0.012672 0.009785 -0.008509 -0.013998 0.009249 -0.008705 -0.015234 0.008573 -0.008952 -0.016361 0.007769 -0.009247 -0.017353 0.006849 -0.009588 -0.018178 0.005820 -0.009971 -0.018801 0.004702 -0.010383 -0.019208 0.003527 -0.010809 -0.019425 0.002336 -0.011235 -0.019512 0.001158 -0.011658 -0.019536 -0.000003 -0.012082 -0.019536 -0.001166 -0.012518 -0.019495 -0.002354 -0.012968 -0.019346 -0.003571 -0.013425 -0.019008 -0.004784 -0.013871 -0.018426 -0.005940 -0.014285 -0.017592 -0.006981 -0.014654 -0.016547 -0.007874 -0.014972 -0.015349 -0.008609 -0.015240 -0.014051 -0.009196 -0.015460 -0.012688 -0.009645 -0.015633 -0.011280 -0.009961 -0.015759 -0.009844 -0.010141 -0.015835 -0.008393 -0.010188 -0.008292 -0.008393 0.010479 -0.008011 -0.009818 0.010295 -0.007788 -0.011223 0.009964 -0.007633 -0.012584 0.009479 -0.007548 -0.013875 0.008849 -0.007532 -0.015076 0.008087 -0.007585 -0.016170 0.007211 -0.007709 -0.017131 0.006228 -0.007909 -0.017924 0.005149 -0.008187 -0.018511 0.003994 -0.008535 -0.018875 0.002797 -0.008931 -0.019040 0.001603 -0.009349 -0.019068 0.000439 -0.009770 -0.019034 -0.000692 -0.010191 -0.018984 -0.001813 -0.010624 -0.018912 -0.002950 -0.011084 -0.018760 -0.004109 -0.011581 -0.018450 -0.005263 -0.012109 -0.017926 -0.006360 -0.012654 -0.017173 -0.007349 -0.013197 -0.016219 -0.008196 -0.013722 -0.015110 -0.008894 -0.014222 -0.013889 -0.009445 -0.014689 -0.012586 -0.009854 -0.015118 -0.011222 -0.010116 -0.015502 -0.009818 -0.010227 -0.015835 -0.008393 -0.010188 -0.008292 -0.008393 0.010479 -0.007768 -0.009749 0.010200 -0.007312 -0.011081 0.009765 -0.006935 -0.012365 0.009177 -0.006640 -0.013578 0.008451 -0.006428 -0.014704 0.007608 -0.006298 -0.015732 0.006665 -0.006257 -0.016640 0.005632 -0.006316 -0.017394 0.004516 -0.006487 -0.017957 0.003336 -0.006766 -0.018308 0.002127 -0.007132 -0.018463 0.000929 -0.007548 -0.018478 -0.000228 -0.007981 -0.018423 -0.001345 -0.008418 -0.018345 -0.002444 -0.008867 -0.018245 -0.003549 -0.009353 -0.018076 -0.004667 -0.009897 -0.017771 -0.005770 -0.010503 -0.017279 -0.006810 -0.011163 -0.016586 -0.007740 -0.011855 -0.015713 -0.008533 -0.012560 -0.014698 -0.009183 -0.013265 -0.013573 -0.009691 -0.013957 -0.012361 -0.010055 -0.014625 -0.011079 -0.010265 -0.015255 -0.009748 -0.010309 -0.015835 -0.008393 -0.010188 -0.008292 -0.008393 0.010479 -0.007542 -0.009639 0.010111 -0.006870 -0.010859 0.009581 -0.006290 -0.012029 0.008898 -0.005807 -0.013129 0.008082 -0.005420 -0.014147 0.007163 -0.005127 -0.015078 0.006160 -0.004932 -0.015907 0.005082 -0.004853 -0.016608 0.003936 -0.004909 -0.017146 0.002737 -0.005104 -0.017499 0.001517 -0.005419 -0.017675 0.000311 -0.005814 -0.017718 -0.000853 -0.006248 -0.017685 -0.001978 -0.006699 -0.017616 -0.003081 -0.007176 -0.017512 -0.004185 -0.007705 -0.017333 -0.005286 -0.008314 -0.017025 -0.006355 -0.009013 -0.016547 -0.007343 -0.009793 -0.015894 -0.008210 -0.010631 -0.015086 -0.008934 -0.011503 -0.014156 -0.009517 -0.012392 -0.013132 -0.009961 -0.013285 -0.012028 -0.010264 -0.014169 -0.010858 -0.010412 -0.015025 -0.009638 -0.010388 -0.015835 -0.008393 -0.010188 -0.008292 -0.008393 0.010479 -0.007339 -0.009491 0.010035 -0.006471 -0.010565 0.009425 -0.005707 -0.011592 0.008662 -0.005057 -0.012553 0.007770 -0.004517 -0.013440 0.006783 -0.004081 -0.014250 0.005724 -0.003752 -0.014976 0.004604 -0.003547 -0.015601 0.003428 -0.003489 -0.016096 0.002209 -0.003589 -0.016442 0.000973 -0.003831 -0.016642 -0.000248 -0.004177 -0.016728 -0.001433 -0.004584 -0.016741 -0.002585 -0.005031 -0.016709 -0.003719 -0.005527 -0.016626 -0.004848 -0.006103 -0.016459 -0.005960 -0.006791 -0.016161 -0.007017 -0.007601 -0.015704 -0.007967 -0.008518 -0.015090 -0.008770 -0.009511 -0.014344 -0.009415 -0.010550 -0.013499 -0.009910 -0.011613 -0.012580 -0.010268 -0.012689 -0.011600 -0.010489 -0.013765 -0.010566 -0.010559 -0.014821 -0.009491 -0.010461 -0.015835 -0.008393 -0.010188 -0.008292 -0.008393 0.010479 -0.007164 -0.009311 0.009974 -0.006122 -0.010209 0.009305 -0.005193 -0.011068 0.008483 -0.004390 -0.011871 0.007534 -0.003713 -0.012610 0.006492 -0.003153 -0.013285 0.005383 -0.002710 -0.013891 0.004221 -0.002399 -0.014417 0.003011 -0.002244 -0.014843 0.001766 -0.002257 -0.015155 0.000509 -0.002424 -0.015355 -0.000735 -0.002708 -0.015466 -0.001949 -0.003068 -0.015518 -0.003138 -0.003488 -0.015525 -0.004317 -0.003983 -0.015478 -0.005489 -0.004595 -0.015343 -0.006634 -0.005359 -0.015080 -0.007699 -0.006284 -0.014670 -0.008627 -0.007346 -0.014120 -0.009377 -0.008502 -0.013456 -0.009943 -0.009708 -0.012715 -0.010342 -0.010939 -0.011920 -0.010599 -0.012181 -0.011084 -0.010722 -0.013422 -0.010212 -0.010704 -0.014648 -0.009311 -0.010529 -0.015835 -0.008393 -0.010188 -0.008292 -0.008393 0.010479 -0.007021 -0.009102 0.009929 -0.005833 -0.009799 0.009224 -0.004758 -0.010468 0.008368 -0.003815 -0.011096 0.007383 -0.003009 -0.011675 0.006302 -0.002334 -0.012202 0.005151 -0.001792 -0.012676 0.003947 -0.001398 -0.013086 0.002698 -0.001172 -0.013419 0.001420 -0.001126 -0.013668 0.000134 -0.001243 -0.013835 -0.001135 -0.001481 -0.013939 -0.002378 -0.001800 -0.014000 -0.003601 -0.002188 -0.014028 -0.004821 -0.002671 -0.014009 -0.006038 -0.003301 -0.013913 -0.007220 -0.004122 -0.013709 -0.008306 -0.005144 -0.013378 -0.009228 -0.006336 -0.012929 -0.009943 -0.007641 -0.012389 -0.010445 -0.009003 -0.011788 -0.010759 -0.010385 -0.011149 -0.010918 -0.011770 -0.010486 -0.010944 -0.013149 -0.009803 -0.010837 -0.014510 -0.009103 -0.010587 -0.015835 -0.008393 -0.010188 -0.008292 -0.008393 0.010479 -0.006917 -0.008873 0.009900 -0.005616 -0.009346 0.009178 -0.004420 -0.009803 0.008310 -0.003353 -0.010236 0.007311 -0.002427 -0.010638 0.006209 -0.001644 -0.011005 0.005028 -0.001012 -0.011333 0.003785 -0.000550 -0.011615 0.002495 -0.000280 -0.011842 0.001178 -0.000210 -0.012008 -0.000141 -0.000315 -0.012119 -0.001437 -0.000547 -0.012189 -0.002700 -0.000859 -0.012232 -0.003945 -0.001238 -0.012255 -0.005188 -0.001715 -0.012247 -0.006431 -0.002354 -0.012188 -0.007639 -0.003209 -0.012051 -0.008744 -0.004295 -0.011825 -0.009671 -0.005578 -0.011514 -0.010370 -0.006994 -0.011137 -0.010833 -0.008475 -0.010718 -0.011089 -0.009976 -0.010274 -0.011176 -0.011472 -0.009816 -0.011124 -0.012954 -0.009348 -0.010944 -0.014412 -0.008873 -0.010632 -0.015835 -0.008393 -0.010188 -0.008292 -0.008393 0.010479 -0.006856 -0.008628 0.009886 -0.005484 -0.008860 0.009161 -0.004204 -0.009087 0.008297 -0.003042 -0.009303 0.007302 -0.002016 -0.009506 0.006196 -0.001138 -0.009693 0.004999 -0.000426 -0.009860 0.003729 0.000093 -0.010002 0.002402 0.000389 -0.010115 0.001045 0.000458 -0.010195 -0.000308 0.000329 -0.010245 -0.001628 0.000063 -0.010273 -0.002905 -0.000285 -0.010288 -0.004154 -0.000691 -0.010295 -0.005398 -0.001188 -0.010289 -0.006641 -0.001842 -0.010259 -0.007851 -0.002714 -0.010193 -0.008960 -0.003827 -0.010083 -0.009890 -0.005152 -0.009931 -0.010588 -0.006623 -0.009746 -0.011041 -0.008168 -0.009538 -0.011274 -0.009736 -0.009318 -0.011327 -0.011298 -0.009092 -0.011234 -0.012841 -0.008861 -0.011010 -0.014356 -0.008628 -0.010660 -0.015835 -0.008393 -0.010188 -0.020168 -0.011843 0.008959 -0.019008 -0.012034 0.008443 -0.017928 -0.012222 0.007779 -0.016948 -0.012402 0.006980 -0.016093 -0.012572 0.006054 -0.015395 -0.012725 0.005016 -0.014873 -0.012857 0.003891 -0.014525 -0.012968 0.002713 -0.014325 -0.013058 0.001512 -0.014255 -0.013131 0.000297 -0.014327 -0.013184 -0.000924 -0.014582 -0.013210 -0.002129 -0.015053 -0.013203 -0.003273 -0.015741 -0.013159 -0.004305 -0.016606 -0.013082 -0.005198 -0.017595 -0.012981 -0.005949 -0.018667 -0.012861 -0.006572 -0.019809 -0.012724 -0.007063 -0.021012 -0.012571 -0.007405 -0.022260 -0.012403 -0.007573 -0.023524 -0.012222 -0.007557 -0.024778 -0.012034 -0.007366 -0.025997 -0.011843 -0.007011 -0.020168 -0.011843 0.008959 -0.019001 -0.011797 0.008433 -0.017924 -0.011753 0.007751 -0.016957 -0.011710 0.006931 -0.016123 -0.011671 0.005990 -0.015446 -0.011635 0.004947 -0.014941 -0.011605 0.003828 -0.014596 -0.011579 0.002665 -0.014388 -0.011557 0.001480 -0.014300 -0.011540 0.000281 -0.014352 -0.011527 -0.000930 -0.014589 -0.011520 -0.002126 -0.015051 -0.011521 -0.003262 -0.015737 -0.011532 -0.004284 -0.016603 -0.011550 -0.005162 -0.017591 -0.011574 -0.005900 -0.018659 -0.011603 -0.006512 -0.019794 -0.011635 -0.007003 -0.020989 -0.011671 -0.007353 -0.022234 -0.011710 -0.007538 -0.023503 -0.011753 -0.007542 -0.024767 -0.011797 -0.007364 -0.025997 -0.011843 -0.007011 -0.020168 -0.011843 0.008959 -0.019039 -0.011562 0.008442 -0.018007 -0.011290 0.007760 -0.017095 -0.011031 0.006935 -0.016324 -0.010794 0.005991 -0.015713 -0.010583 0.004951 -0.015265 -0.010401 0.003846 -0.014962 -0.010249 0.002707 -0.014775 -0.010119 0.001551 -0.014686 -0.010009 0.000378 -0.014719 -0.009923 -0.000813 -0.014927 -0.009875 -0.002003 -0.015356 -0.009878 -0.003142 -0.016010 -0.009937 -0.004173 -0.016849 -0.010046 -0.005062 -0.017813 -0.010194 -0.005808 -0.018858 -0.010368 -0.006426 -0.019966 -0.010566 -0.006922 -0.021130 -0.010785 -0.007281 -0.022340 -0.011028 -0.007481 -0.023573 -0.011288 -0.007504 -0.024802 -0.011562 -0.007347 -0.025997 -0.011843 -0.007011 -0.020168 -0.011843 0.008959 -0.019120 -0.011338 0.008471 -0.018170 -0.010848 0.007812 -0.017342 -0.010386 0.007005 -0.016659 -0.009965 0.006074 -0.016135 -0.009595 0.005047 -0.015769 -0.009281 0.003960 -0.015536 -0.009018 0.002845 -0.015398 -0.008792 0.001719 -0.015338 -0.008596 0.000577 -0.015375 -0.008435 -0.000591 -0.015564 -0.008336 -0.001770 -0.015957 -0.008326 -0.002916 -0.016564 -0.008417 -0.003969 -0.017352 -0.008603 -0.004888 -0.018266 -0.008863 -0.005663 -0.019263 -0.009177 -0.006305 -0.020321 -0.009536 -0.006819 -0.021429 -0.009935 -0.007192 -0.022573 -0.010374 -0.007406 -0.023732 -0.010845 -0.007449 -0.024882 -0.011338 -0.007318 -0.025997 -0.011843 -0.007011 -0.020168 -0.011843 0.008959 -0.019241 -0.011133 0.008518 -0.018405 -0.010443 0.007908 -0.017684 -0.009792 0.007145 -0.017101 -0.009198 0.006250 -0.016671 -0.008680 0.005251 -0.016393 -0.008244 0.004184 -0.016239 -0.007884 0.003088 -0.016172 -0.007577 0.001983 -0.016168 -0.007307 0.000864 -0.016242 -0.007083 -0.000282 -0.016443 -0.006936 -0.001450 -0.016819 -0.006908 -0.002599 -0.017384 -0.007020 -0.003673 -0.018112 -0.007268 -0.004628 -0.018958 -0.007625 -0.005445 -0.019882 -0.008066 -0.006127 -0.020862 -0.008575 -0.006673 -0.021883 -0.009145 -0.007072 -0.022928 -0.009770 -0.007309 -0.023975 -0.010437 -0.007377 -0.025005 -0.011133 -0.007277 -0.025997 -0.011843 -0.007011 -0.020168 -0.011843 0.008959 -0.019397 -0.010955 0.008581 -0.018707 -0.010088 0.008041 -0.018116 -0.009264 0.007348 -0.017647 -0.008508 0.006514 -0.017315 -0.007844 0.005560 -0.017124 -0.007287 0.004523 -0.017050 -0.006830 0.003443 -0.017060 -0.006448 0.002348 -0.017129 -0.006120 0.001237 -0.017269 -0.005851 0.000101 -0.017513 -0.005676 -0.001059 -0.017901 -0.005645 -0.002210 -0.018441 -0.005784 -0.003300 -0.019113 -0.006089 -0.004285 -0.019880 -0.006532 -0.005144 -0.020710 -0.007083 -0.005872 -0.021583 -0.007725 -0.006463 -0.022484 -0.008448 -0.006903 -0.023394 -0.009240 -0.007177 -0.024293 -0.010081 -0.007281 -0.025166 -0.010954 -0.007225 -0.025997 -0.011843 -0.007011 -0.020168 -0.011843 0.008959 -0.019584 -0.010811 0.008656 -0.019070 -0.009798 0.008200 -0.018638 -0.008827 0.007594 -0.018305 -0.007923 0.006842 -0.018088 -0.007119 0.005955 -0.017992 -0.006437 0.004962 -0.018002 -0.005877 0.003904 -0.018090 -0.005417 0.002814 -0.018240 -0.005035 0.001701 -0.018456 -0.004737 0.000560 -0.018760 -0.004558 -0.000604 -0.019176 -0.004548 -0.001761 -0.019704 -0.004734 -0.002865 -0.020322 -0.005106 -0.003873 -0.021002 -0.005632 -0.004767 -0.021720 -0.006281 -0.005539 -0.022460 -0.007034 -0.006180 -0.023210 -0.007881 -0.006673 -0.023953 -0.008809 -0.007000 -0.024673 -0.009793 -0.007159 -0.025357 -0.010810 -0.007160 -0.025997 -0.011843 -0.007011 -0.020168 -0.011843 0.008959 -0.019796 -0.010706 0.008737 -0.019486 -0.009588 0.008369 -0.019243 -0.008506 0.007857 -0.019079 -0.007487 0.007197 -0.019006 -0.006565 0.006391 -0.019029 -0.005769 0.005461 -0.019137 -0.005107 0.004442 -0.019313 -0.004564 0.003367 -0.019546 -0.004125 0.002252 -0.019837 -0.003800 0.001100 -0.020199 -0.003628 -0.000079 -0.020639 -0.003656 -0.001253 -0.021147 -0.003904 -0.002376 -0.021703 -0.004353 -0.003408 -0.022282 -0.004963 -0.004331 -0.022870 -0.005696 -0.005143 -0.023457 -0.006536 -0.005834 -0.024032 -0.007475 -0.006386 -0.024583 -0.008499 -0.006781 -0.025099 -0.009584 -0.007011 -0.025572 -0.010706 -0.007084 -0.025997 -0.011843 -0.007011 -0.020168 -0.011843 0.008959 -0.020025 -0.010646 0.008821 -0.019939 -0.009467 0.008537 -0.019911 -0.008324 0.008112 -0.019945 -0.007240 0.007540 -0.020049 -0.006247 0.006819 -0.020221 -0.005375 0.005963 -0.020453 -0.004636 0.005001 -0.020733 -0.004022 0.003962 -0.021055 -0.003527 0.002863 -0.021419 -0.003170 0.001709 -0.021827 -0.002997 0.000516 -0.022273 -0.003053 -0.000682 -0.022742 -0.003356 -0.001833 -0.023213 -0.003873 -0.002897 -0.023672 -0.004554 -0.003854 -0.024111 -0.005353 -0.004705 -0.024526 -0.006252 -0.005446 -0.024911 -0.007245 -0.006061 -0.025255 -0.008323 -0.006530 -0.025553 -0.009465 -0.006842 -0.025800 -0.010645 -0.007000 -0.025997 -0.011843 -0.007011 -0.020168 -0.011843 0.008959 -0.020262 -0.010632 0.008904 -0.020411 -0.009442 0.008697 -0.020610 -0.008292 0.008344 -0.020859 -0.007203 0.007844 -0.021157 -0.006203 0.007196 -0.021498 -0.005317 0.006411 -0.021872 -0.004554 0.005515 -0.022270 -0.003909 0.004532 -0.022689 -0.003379 0.003474 -0.023126 -0.002990 0.002344 -0.023572 -0.002798 0.001153 -0.024012 -0.002855 -0.000062 -0.024424 -0.003175 -0.001244 -0.024793 -0.003722 -0.002347 -0.025114 -0.004437 -0.003348 -0.025391 -0.005267 -0.004245 -0.025624 -0.006190 -0.005039 -0.025810 -0.007199 -0.005718 -0.025943 -0.008288 -0.006264 -0.026017 -0.009439 -0.006662 -0.026035 -0.010631 -0.006911 -0.025997 -0.011843 -0.007011 -0.020168 -0.011843 0.008959 -0.020496 -0.010665 0.008985 -0.020878 -0.009511 0.008847 -0.021303 -0.008405 0.008553 -0.021764 -0.007367 0.008104 -0.022253 -0.006423 0.007507 -0.022759 -0.005591 0.006776 -0.023271 -0.004872 0.005939 -0.023784 -0.004252 0.005019 -0.024299 -0.003728 0.004022 -0.024808 -0.003328 0.002942 -0.025293 -0.003112 0.001781 -0.025727 -0.003138 0.000572 -0.026083 -0.003427 -0.000631 -0.026351 -0.003949 -0.001773 -0.026535 -0.004642 -0.002824 -0.026651 -0.005451 -0.003776 -0.026704 -0.006351 -0.004631 -0.026695 -0.007332 -0.005378 -0.026619 -0.008389 -0.006000 -0.026475 -0.009506 -0.006484 -0.026267 -0.010664 -0.006823 -0.025997 -0.011843 -0.007011 -0.020168 -0.011843 0.008959 -0.020719 -0.010743 0.009061 -0.021320 -0.009669 0.008989 -0.021955 -0.008648 0.008745 -0.022610 -0.007704 0.008334 -0.023268 -0.006861 0.007767 -0.023914 -0.006131 0.007067 -0.024540 -0.005507 0.006269 -0.025146 -0.004967 0.005400 -0.025737 -0.004498 0.004466 -0.026309 -0.004123 0.003450 -0.026834 -0.003898 0.002343 -0.027271 -0.003884 0.001164 -0.027589 -0.004110 -0.000037 -0.027777 -0.004556 -0.001205 -0.027849 -0.005170 -0.002303 -0.027825 -0.005904 -0.003314 -0.027719 -0.006731 -0.004235 -0.027531 -0.007640 -0.005053 -0.027261 -0.008622 -0.005752 -0.026911 -0.009662 -0.006317 -0.026487 -0.010742 -0.006739 -0.025997 -0.011843 -0.007011 -0.020168 -0.011843 0.008959 -0.020921 -0.010863 0.009133 -0.021719 -0.009908 0.009123 -0.022541 -0.009006 0.008930 -0.023365 -0.008181 0.008556 -0.024166 -0.007458 0.008011 -0.024924 -0.006848 0.007327 -0.025632 -0.006341 0.006546 -0.026299 -0.005908 0.005706 -0.026940 -0.005528 0.004816 -0.027553 -0.005213 0.003857 -0.028106 -0.005009 0.002808 -0.028551 -0.004971 0.001673 -0.028848 -0.005132 0.000492 -0.028987 -0.005481 -0.000684 -0.028981 -0.005983 -0.001815 -0.028855 -0.006601 -0.002880 -0.028622 -0.007313 -0.003865 -0.028284 -0.008108 -0.004754 -0.027843 -0.008976 -0.005527 -0.027307 -0.009900 -0.006167 -0.026688 -0.010862 -0.006665 -0.025997 -0.011843 -0.007011 -0.020168 -0.011843 0.008959 -0.021094 -0.011020 0.009196 -0.022061 -0.010219 0.009248 -0.023044 -0.009462 0.009111 -0.024012 -0.008773 0.008781 -0.024935 -0.008176 0.008266 -0.025787 -0.007682 0.007598 -0.026561 -0.007282 0.006826 -0.027271 -0.006952 0.005995 -0.027940 -0.006667 0.005123 -0.028571 -0.006430 0.004194 -0.029133 -0.006273 0.003183 -0.029576 -0.006239 0.002085 -0.029856 -0.006355 0.000927 -0.029960 -0.006619 -0.000246 -0.029903 -0.007006 -0.001396 -0.029706 -0.007493 -0.002501 -0.029380 -0.008066 -0.003541 -0.028925 -0.008718 -0.004494 -0.028344 -0.009440 -0.005333 -0.027649 -0.010213 -0.006039 -0.026861 -0.011019 -0.006601 -0.025997 -0.011843 -0.007011 -0.020168 -0.011843 0.008959 -0.021233 -0.011209 0.009249 -0.022335 -0.010590 0.009357 -0.023447 -0.010004 0.009277 -0.024537 -0.009468 0.009003 -0.025569 -0.009002 0.008536 -0.026513 -0.008617 0.007899 -0.027356 -0.008309 0.007142 -0.028115 -0.008062 0.006314 -0.028812 -0.007858 0.005440 -0.029455 -0.007693 0.004511 -0.030012 -0.007591 0.003504 -0.030434 -0.007578 0.002413 -0.030680 -0.007672 0.001262 -0.030741 -0.007871 0.000089 -0.030634 -0.008159 -0.001074 -0.030379 -0.008520 -0.002205 -0.029981 -0.008949 -0.003285 -0.029436 -0.009443 -0.004286 -0.028744 -0.009993 -0.005179 -0.027924 -0.010587 -0.005937 -0.027001 -0.011208 -0.006551 -0.025997 -0.011843 -0.007011 -0.020168 -0.011843 0.008959 -0.021332 -0.011422 0.009287 -0.022531 -0.011011 0.009440 -0.023738 -0.010618 0.009414 -0.024923 -0.010256 0.009198 -0.026049 -0.009936 0.008788 -0.027084 -0.009667 0.008201 -0.028010 -0.009450 0.007476 -0.028838 -0.009276 0.006660 -0.029586 -0.009136 0.005778 -0.030254 -0.009031 0.004828 -0.030810 -0.008973 0.003795 -0.031202 -0.008978 0.002678 -0.031396 -0.009054 0.001505 -0.031393 -0.009198 0.000314 -0.031217 -0.009396 -0.000865 -0.030895 -0.009640 -0.002013 -0.030428 -0.009925 -0.003115 -0.029808 -0.010251 -0.004146 -0.029034 -0.010616 -0.005072 -0.028122 -0.011009 -0.005866 -0.027101 -0.011422 -0.006515 -0.025997 -0.011843 -0.007011 -0.020168 -0.011843 0.008959 -0.021388 -0.011651 0.009310 -0.022641 -0.011464 0.009491 -0.023904 -0.011284 0.009502 -0.025148 -0.011116 0.009333 -0.026342 -0.010965 0.008977 -0.027452 -0.010835 0.008442 -0.028461 -0.010728 0.007760 -0.029371 -0.010639 0.006967 -0.030192 -0.010569 0.006086 -0.030910 -0.010517 0.005114 -0.031484 -0.010491 0.004041 -0.031858 -0.010498 0.002877 -0.032002 -0.010541 0.001658 -0.031925 -0.010616 0.000431 -0.031668 -0.010714 -0.000771 -0.031265 -0.010832 -0.001933 -0.030725 -0.010966 -0.003044 -0.030040 -0.011117 -0.004083 -0.029205 -0.011284 -0.005020 -0.028236 -0.011464 -0.005830 -0.027157 -0.011651 -0.006496 -0.025997 -0.011843 -0.007011 -0.020168 -0.011843 0.008959 -0.021398 -0.011888 0.009315 -0.022661 -0.011933 0.009505 -0.023935 -0.011976 0.009530 -0.025196 -0.012017 0.009383 -0.026415 -0.012054 0.009057 -0.027564 -0.012086 0.008559 -0.028625 -0.012114 0.007912 -0.029601 -0.012137 0.007147 -0.030490 -0.012156 0.006276 -0.031269 -0.012170 0.005291 -0.031882 -0.012177 0.004186 -0.032266 -0.012175 0.002976 -0.032386 -0.012164 0.001709 -0.032259 -0.012144 0.000439 -0.031934 -0.012118 -0.000790 -0.031460 -0.012088 -0.001963 -0.030857 -0.012054 -0.003071 -0.030122 -0.012017 -0.004101 -0.029254 -0.011976 -0.005027 -0.028262 -0.011933 -0.005830 -0.027169 -0.011888 -0.006494 -0.025997 -0.011843 -0.007011 -0.020168 -0.011843 0.008959 -0.021361 -0.012124 0.009303 -0.022590 -0.012399 0.009482 -0.023831 -0.012665 0.009496 -0.025061 -0.012914 0.009341 -0.026255 -0.013143 0.009011 -0.027388 -0.013346 0.008516 -0.028448 -0.013522 0.007880 -0.029438 -0.013674 0.007128 -0.030356 -0.013803 0.006268 -0.031175 -0.013901 0.005284 -0.031829 -0.013953 0.004167 -0.032246 -0.013946 0.002932 -0.032384 -0.013875 0.001634 -0.032256 -0.013747 0.000337 -0.031914 -0.013577 -0.000911 -0.031415 -0.013379 -0.002087 -0.030787 -0.013160 -0.003184 -0.030039 -0.012923 -0.004190 -0.029172 -0.012668 -0.005089 -0.028198 -0.012400 -0.005866 -0.027134 -0.012124 -0.006509 -0.025997 -0.011843 -0.007011 -0.020168 -0.011843 0.008959 -0.021281 -0.012348 0.009274 -0.022430 -0.012844 0.009425 -0.023595 -0.013321 0.009406 -0.024751 -0.013767 0.009214 -0.025872 -0.014174 0.008848 -0.026937 -0.014533 0.008320 -0.027936 -0.014845 0.007662 -0.028876 -0.015118 0.006900 -0.029763 -0.015353 0.006039 -0.030571 -0.015539 0.005062 -0.031239 -0.015647 0.003951 -0.031692 -0.015649 0.002722 -0.031880 -0.015531 0.001425 -0.031806 -0.015306 0.000128 -0.031516 -0.015000 -0.001117 -0.031060 -0.014637 -0.002283 -0.030473 -0.014234 -0.003359 -0.029769 -0.013797 -0.004334 -0.028955 -0.013333 -0.005196 -0.028045 -0.012847 -0.005933 -0.027054 -0.012349 -0.006540 -0.025997 -0.011843 -0.007011 -0.020168 -0.011843 0.008959 -0.021158 -0.012553 0.009230 -0.022188 -0.013250 0.009335 -0.023237 -0.013918 0.009268 -0.024282 -0.014541 0.009021 -0.025295 -0.015100 0.008596 -0.026254 -0.015586 0.008011 -0.027149 -0.016002 0.007303 -0.027992 -0.016361 0.006507 -0.028792 -0.016675 0.005630 -0.029537 -0.016928 0.004655 -0.030176 -0.017085 0.003563 -0.030642 -0.017103 0.002362 -0.030887 -0.016962 0.001098 -0.030902 -0.016670 -0.000168 -0.030718 -0.016260 -0.001385 -0.030374 -0.015765 -0.002525 -0.029898 -0.015205 -0.003572 -0.029303 -0.014593 -0.004513 -0.028600 -0.013939 -0.005334 -0.027804 -0.013256 -0.006025 -0.026933 -0.012554 -0.006586 -0.025997 -0.011843 -0.007011 -0.020168 -0.011843 0.008959 -0.020999 -0.012731 0.009171 -0.021874 -0.013601 0.009217 -0.022773 -0.014434 0.009088 -0.023676 -0.015206 0.008777 -0.024557 -0.015891 0.008285 -0.025391 -0.016474 0.007635 -0.026168 -0.016959 0.006868 -0.026894 -0.017368 0.006024 -0.027584 -0.017719 0.005119 -0.028233 -0.018003 0.004138 -0.028808 -0.018183 0.003064 -0.029260 -0.018210 0.001902 -0.029545 -0.018055 0.000688 -0.029652 -0.017728 -0.000524 -0.029598 -0.017257 -0.001693 -0.029405 -0.016678 -0.002792 -0.029091 -0.016009 -0.003804 -0.028660 -0.015265 -0.004710 -0.028119 -0.014458 -0.005491 -0.027484 -0.013608 -0.006136 -0.026773 -0.012732 -0.006643 -0.025997 -0.011843 -0.007011 -0.020168 -0.011843 0.008959 -0.020810 -0.012874 0.009100 -0.021499 -0.013884 0.009072 -0.022220 -0.014848 0.008872 -0.022957 -0.015738 0.008494 -0.023688 -0.016524 0.007938 -0.024391 -0.017183 0.007227 -0.025050 -0.017719 0.006405 -0.025668 -0.018155 0.005516 -0.026254 -0.018517 0.004577 -0.026809 -0.018802 0.003583 -0.027315 -0.018976 0.002519 -0.027736 -0.018991 0.001390 -0.028044 -0.018818 0.000229 -0.028228 -0.018466 -0.000923 -0.028295 -0.017964 -0.002033 -0.028259 -0.017340 -0.003081 -0.028122 -0.016609 -0.004052 -0.027882 -0.015780 -0.004921 -0.027537 -0.014866 -0.005662 -0.027099 -0.013889 -0.006259 -0.026581 -0.012875 -0.006709 -0.025997 -0.011843 -0.007011 -0.020168 -0.011843 0.008959 -0.020597 -0.012978 0.009018 -0.021079 -0.014087 0.008908 -0.021601 -0.015144 0.008629 -0.022153 -0.016119 0.008180 -0.022720 -0.016980 0.007564 -0.023285 -0.017701 0.006803 -0.023831 -0.018282 0.005939 -0.024354 -0.018746 0.005013 -0.024856 -0.019120 0.004044 -0.025339 -0.019402 0.003030 -0.025791 -0.019558 0.001963 -0.026191 -0.019546 0.000853 -0.026518 -0.019341 -0.000268 -0.026766 -0.018957 -0.001365 -0.026938 -0.018426 -0.002415 -0.027041 -0.017774 -0.003408 -0.027074 -0.017010 -0.004330 -0.027026 -0.016132 -0.005154 -0.026889 -0.015151 -0.005850 -0.026666 -0.014090 -0.006395 -0.026366 -0.012978 -0.006783 -0.025997 -0.011843 -0.007011 -0.020168 -0.011843 0.008959 -0.020370 -0.013038 0.008932 -0.020630 -0.014203 0.008732 -0.020941 -0.015311 0.008370 -0.021296 -0.016335 0.007848 -0.021688 -0.017242 0.007174 -0.022105 -0.018009 0.006370 -0.022533 -0.018634 0.005472 -0.022963 -0.019138 0.004517 -0.023391 -0.019541 0.003520 -0.023819 -0.019838 0.002480 -0.024239 -0.019990 0.001396 -0.024639 -0.019954 0.000286 -0.025001 -0.019713 -0.000814 -0.025318 -0.019286 -0.001870 -0.025590 -0.018716 -0.002866 -0.025821 -0.018031 -0.003800 -0.026007 -0.017238 -0.004661 -0.026141 -0.016330 -0.005427 -0.026209 -0.015312 -0.006063 -0.026207 -0.014205 -0.006545 -0.026135 -0.013038 -0.006862 -0.025997 -0.011843 -0.007011 -0.020168 -0.011843 0.008959 -0.020135 -0.013052 0.008844 -0.020168 -0.014229 0.008556 -0.020263 -0.015348 0.008110 -0.020417 -0.016381 0.007514 -0.020628 -0.017302 0.006781 -0.020889 -0.018091 0.005933 -0.021188 -0.018748 0.005003 -0.021513 -0.019292 0.004020 -0.021861 -0.019738 0.002994 -0.022232 -0.020071 0.001922 -0.022628 -0.020243 0.000808 -0.023042 -0.020206 -0.000320 -0.023459 -0.019942 -0.001419 -0.023864 -0.019478 -0.002451 -0.024249 -0.018865 -0.003401 -0.024611 -0.018140 -0.004273 -0.024950 -0.017315 -0.005063 -0.025259 -0.016385 -0.005751 -0.025526 -0.015352 -0.006309 -0.025741 -0.014232 -0.006711 -0.025900 -0.013052 -0.006947 -0.025997 -0.011843 -0.007011 -0.020168 -0.011843 0.008959 -0.019903 -0.013020 0.008760 -0.019708 -0.014166 0.008391 -0.019587 -0.015256 0.007866 -0.019542 -0.016263 0.007198 -0.019574 -0.017163 0.006403 -0.019678 -0.017942 0.005507 -0.019841 -0.018603 0.004539 -0.020050 -0.019167 0.003523 -0.020300 -0.019645 0.002462 -0.020600 -0.020014 0.001352 -0.020961 -0.020220 0.000200 -0.021388 -0.020204 -0.000958 -0.021868 -0.019945 -0.002069 -0.022377 -0.019470 -0.003090 -0.022894 -0.018833 -0.004005 -0.023406 -0.018081 -0.004816 -0.023908 -0.017235 -0.005526 -0.024394 -0.016297 -0.006122 -0.024857 -0.015271 -0.006583 -0.025285 -0.014171 -0.006889 -0.025668 -0.013020 -0.007034 -0.025997 -0.011843 -0.007011 -0.020168 -0.011843 0.008959 -0.019680 -0.012943 0.008683 -0.019266 -0.014017 0.008242 -0.018935 -0.015040 0.007649 -0.018696 -0.015987 0.006916 -0.018555 -0.016835 0.006060 -0.018508 -0.017570 0.005110 -0.018542 -0.018200 0.004096 -0.018636 -0.018745 0.003038 -0.018784 -0.019219 0.001938 -0.019001 -0.019597 0.000788 -0.019314 -0.019824 -0.000401 -0.019742 -0.019836 -0.001590 -0.020276 -0.019607 -0.002717 -0.020888 -0.019157 -0.003734 -0.021543 -0.018537 -0.004620 -0.022215 -0.017797 -0.005377 -0.022891 -0.016965 -0.006010 -0.023563 -0.016052 -0.006512 -0.024220 -0.015067 -0.006868 -0.024852 -0.014024 -0.007071 -0.025448 -0.012944 -0.007120 -0.025997 -0.011843 -0.007011 -0.020168 -0.011843 0.008959 -0.019476 -0.012824 0.008615 -0.018858 -0.013785 0.008114 -0.018329 -0.014705 0.007464 -0.017906 -0.015559 0.006675 -0.017601 -0.016325 0.005763 -0.017416 -0.016987 0.004757 -0.017335 -0.017552 0.003692 -0.017331 -0.018040 0.002589 -0.017393 -0.018465 0.001449 -0.017538 -0.018810 0.000265 -0.017804 -0.019024 -0.000953 -0.018222 -0.019051 -0.002161 -0.018795 -0.018861 -0.003296 -0.019493 -0.018466 -0.004306 -0.020272 -0.017909 -0.005169 -0.021095 -0.017234 -0.005883 -0.021939 -0.016470 -0.006453 -0.022790 -0.015632 -0.006872 -0.023634 -0.014734 -0.007135 -0.024457 -0.013793 -0.007242 -0.025248 -0.012825 -0.007199 -0.025997 -0.011843 -0.007011 -0.020168 -0.011843 0.008959 -0.019300 -0.012667 0.008556 -0.018504 -0.013477 0.008004 -0.017798 -0.014257 0.007308 -0.017207 -0.014985 0.006473 -0.016753 -0.015639 0.005512 -0.016445 -0.016202 0.004456 -0.016267 -0.016676 0.003343 -0.016190 -0.017079 0.002196 -0.016194 -0.017423 0.001022 -0.016295 -0.017700 -0.000187 -0.016533 -0.017871 -0.001417 -0.016949 -0.017891 -0.002625 -0.017552 -0.017736 -0.003750 -0.018313 -0.017412 -0.004744 -0.019185 -0.016953 -0.005583 -0.020126 -0.016391 -0.006266 -0.021109 -0.015748 -0.006793 -0.022114 -0.015040 -0.007157 -0.023122 -0.014279 -0.007352 -0.024114 -0.013483 -0.007384 -0.025075 -0.012668 -0.007267 -0.025997 -0.011843 -0.007011 -0.020168 -0.011843 0.008959 -0.019160 -0.012478 0.008507 -0.018222 -0.013103 0.007911 -0.017375 -0.013707 0.007176 -0.016646 -0.014275 0.006304 -0.016066 -0.014786 0.005305 -0.015654 -0.015226 0.004211 -0.015397 -0.015592 0.003058 -0.015267 -0.015896 0.001878 -0.015239 -0.016149 0.000677 -0.015324 -0.016344 -0.000545 -0.015561 -0.016458 -0.001771 -0.015992 -0.016460 -0.002961 -0.016625 -0.016334 -0.004059 -0.017432 -0.016088 -0.005023 -0.018365 -0.015743 -0.005834 -0.019383 -0.015322 -0.006494 -0.020460 -0.014838 -0.006999 -0.021577 -0.014300 -0.007336 -0.022710 -0.013718 -0.007497 -0.023836 -0.013107 -0.007485 -0.024936 -0.012478 -0.007319 -0.025997 -0.011843 -0.007011 -0.020168 -0.011843 0.008959 -0.019061 -0.012264 0.008468 -0.018028 -0.012679 0.007835 -0.017086 -0.013079 0.007065 -0.016266 -0.013456 0.006163 -0.015601 -0.013797 0.005139 -0.015113 -0.014090 0.004021 -0.014797 -0.014334 0.002847 -0.014625 -0.014534 0.001646 -0.014576 -0.014696 0.000431 -0.014658 -0.014815 -0.000794 -0.014909 -0.014879 -0.002010 -0.015364 -0.014869 -0.003174 -0.016030 -0.014778 -0.004236 -0.016872 -0.014612 -0.005161 -0.017841 -0.014388 -0.005941 -0.018900 -0.014118 -0.006581 -0.020026 -0.013808 -0.007076 -0.021206 -0.013461 -0.007410 -0.022419 -0.013082 -0.007566 -0.023637 -0.012680 -0.007542 -0.024836 -0.012264 -0.007352 -0.025997 -0.011843 -0.007011 -0.020168 -0.011843 0.008959 -0.019008 -0.012034 0.008443 -0.017928 -0.012222 0.007779 -0.016948 -0.012402 0.006980 -0.016093 -0.012572 0.006054 -0.015395 -0.012725 0.005016 -0.014873 -0.012857 0.003891 -0.014525 -0.012968 0.002713 -0.014325 -0.013058 0.001512 -0.014255 -0.013131 0.000297 -0.014327 -0.013184 -0.000924 -0.014582 -0.013210 -0.002129 -0.015053 -0.013203 -0.003273 -0.015741 -0.013159 -0.004305 -0.016606 -0.013082 -0.005198 -0.017595 -0.012981 -0.005949 -0.018667 -0.012861 -0.006572 -0.019809 -0.012724 -0.007063 -0.021012 -0.012571 -0.007405 -0.022260 -0.012403 -0.007573 -0.023524 -0.012222 -0.007557 -0.024778 -0.012034 -0.007366 -0.025997 -0.011843 -0.007011</float_array>
          <technique_common>
            <accessor source="#Cyan-pos-array" count="3375" stride="3">
              <param name="X" type="float"/><param name="Y" type="float"/><param name="Z" type="float"/>
            </accessor>
          </technique_common>
        </source>
        <source id="Cyan-norm">
          <float_array id="Cyan-norm-array" count="10125">0.379754 0.017612 0.924920 0.432553 0.021550 0.901351 0.498055 0.029551 0.866642 0.561949 0.033852 0.826479 0.624674 0.033611 0.780162 0.688702 0.028711 0.724476 0.755707 0.019541 0.654618 0.824193 0.006990 0.566266 0.888612 -0.007555 0.458598 0.941166 -0.022263 0.337210 0.976089 -0.035096 0.214518 0.993437 -0.044274 0.105468 0.998613 -0.048645 0.020161 0.997978 -0.047778 -0.041921 0.994821 -0.041883 -0.092607 0.988187 -0.031633 -0.149954 0.973104 -0.017772 -0.229681 0.941231 -0.000835 -0.337762 0.883917 0.018593 -0.467274 0.798380 0.039344 -0.600868 0.692065 0.059599 -0.719371 0.579274 0.077435 -0.811447 0.472701 0.091321 -0.876479 0.377790 0.100205 -0.920453 0.292713 0.103489 -0.950584 0.211722 0.101116 -0.972085 0.129296 0.093613 -0.987177 0.043196 0.081907 -0.995703 -0.044762 0.067065 -0.996744 -0.130242 0.050176 -0.990212 -0.208831 0.032614 -0.977408 -0.275194 0.017972 -0.961221 -0.000000 0.000000 -0.000000 0.380008 0.030337 0.924486 0.428673 0.036286 0.902730 0.491750 0.052854 0.869131 0.554867 0.068174 0.829141 0.616202 0.079515 0.783564 0.678048 0.086270 0.729937 0.742683 0.088546 0.663763 0.809675 0.086842 0.580418 0.874535 0.081839 0.478006 0.929841 0.074373 0.360368 0.969006 0.065551 0.238182 0.990429 0.056776 0.125805 0.998179 0.049538 0.034433 0.998397 0.045116 -0.034171 0.995004 0.044370 -0.089428 0.987840 0.047674 -0.147981 0.972638 0.054943 -0.225737 0.941643 0.065695 -0.330140 0.886362 0.079010 -0.456201 0.803401 0.093536 -0.588046 0.699228 0.107774 -0.706728 0.587752 0.120486 -0.800019 0.482175 0.130737 -0.866265 0.388786 0.137602 -0.910995 0.306251 0.140048 -0.941593 0.228625 0.137192 -0.963799 0.149561 0.128690 -0.980342 0.065775 0.114874 -0.991200 -0.021681 0.096607 -0.995086 -0.108593 0.075079 -0.991247 -0.190022 0.051857 -0.980409 -0.260899 0.030288 -0.964891 -0.308059 0.020594 -0.951144 0.379281 0.038031 0.924500 0.430317 0.055210 0.900988 0.494179 0.088171 0.864877 0.556184 0.121951 0.822063 0.614414 0.152585 0.774088 0.671396 0.179132 0.719124 0.729939 0.201583 0.653111 0.790392 0.220108 0.571693 0.849275 0.234480 0.473023 0.900270 0.243953 0.360556 0.937590 0.247800 0.243968 0.959625 0.246097 0.136225 0.969607 0.240043 0.047345 0.972571 0.231620 -0.021399 0.971583 0.223076 -0.079141 0.965969 0.216446 -0.141614 0.951152 0.212930 -0.223542 0.919333 0.212333 -0.331271 0.862489 0.213194 -0.458978 0.778255 0.213770 -0.590442 0.674218 0.213240 -0.707078 0.564847 0.211986 -0.797502 0.463231 0.210648 -0.860840 0.375161 0.209002 -0.903090 0.298625 0.205642 -0.931952 0.226873 0.198521 -0.953477 0.152761 0.185874 -0.970626 0.072376 0.166884 -0.983317 -0.013549 0.141831 -0.989798 -0.100775 0.111882 -0.988598 -0.184022 0.078916 -0.979749 -0.257640 0.047070 -0.965094 -0.307672 0.030813 -0.950993 0.378772 0.040445 0.924606 0.431210 0.067958 0.899689 0.495311 0.113942 0.861211 0.555662 0.162483 0.815376 0.609927 0.208939 0.764417 0.660465 0.252176 0.707243 0.710278 0.292076 0.640466 0.760345 0.328491 0.560330 0.808336 0.360431 0.465491 0.849573 0.385945 0.359545 0.879981 0.402940 0.251539 0.898974 0.410418 0.152978 0.909649 0.409071 0.072108 0.916038 0.400996 0.008775 0.919995 0.389120 -0.046857 0.919822 0.376490 -0.110380 0.910175 0.365054 -0.195746 0.882746 0.354543 -0.308316 0.829308 0.342796 -0.441292 0.747692 0.327787 -0.577505 0.646013 0.309759 -0.697651 0.539322 0.291264 -0.790125 0.441064 0.275087 -0.854277 0.357116 0.262214 -0.896500 0.285301 0.251266 -0.924915 0.218482 0.239269 -0.946053 0.148981 0.223069 -0.963351 0.072366 0.200568 -0.977003 -0.011030 0.171253 -0.985165 -0.097168 0.136019 -0.985930 -0.180718 0.096788 -0.978761 -0.255735 0.057894 -0.965012 -0.308043 0.035853 -0.950697 0.379369 0.038655 0.924438 0.432033 0.074999 0.898734 0.496312 0.130300 0.858310 0.555529 0.189317 0.809658 0.606628 0.247275 0.755551 0.651387 0.303044 0.695600 0.692540 0.356460 0.627156 0.731338 0.407046 0.547228 0.766427 0.453121 0.455270 0.794834 0.491816 0.355465 0.814531 0.520200 0.256771 0.826534 0.536714 0.169646 0.834477 0.541786 0.100577 0.841928 0.537496 0.047483 0.849812 0.527086 -0.001030 0.855517 0.514134 -0.061296 0.852967 0.500787 -0.147169 0.833223 0.486089 -0.263544 0.787365 0.466507 -0.403022 0.712466 0.439073 -0.547364 0.616185 0.404721 -0.675660 0.513704 0.368308 -0.774892 0.418965 0.335289 -0.843831 0.338341 0.308523 -0.889010 0.269977 0.287322 -0.918998 0.206827 0.268346 -0.940858 0.141078 0.247416 -0.958583 0.067992 0.221290 -0.972835 -0.012479 0.188616 -0.981972 -0.096637 0.149873 -0.983971 -0.179344 0.106794 -0.977973 -0.254563 0.063392 -0.964976 -0.308083 0.036063 -0.950676 0.381242 0.034657 0.923825 0.432852 0.077922 0.898091 0.497345 0.139200 0.856313 0.556423 0.204668 0.805297 0.606174 0.269821 0.748164 0.647504 0.333756 0.685087 0.682437 0.396427 0.614105 0.711994 0.457116 0.533019 0.735366 0.513508 0.442206 0.750975 0.561966 0.346743 0.758696 0.599020 0.256039 0.761241 0.622942 0.180152 0.763109 0.634210 0.124272 0.767845 0.635057 0.084361 0.775918 0.629084 0.046950 0.784293 0.620364 -0.005713 0.786679 0.611065 -0.087954 0.773966 0.599201 -0.204779 0.736703 0.579243 -0.348922 0.670758 0.546263 -0.501678 0.582361 0.500768 -0.640380 0.485936 0.449310 -0.749658 0.395553 0.400100 -0.826715 0.318152 0.358369 -0.877696 0.252506 0.324753 -0.911469 0.192091 0.296223 -0.935603 0.129377 0.268197 -0.954637 0.059597 0.236737 -0.969744 -0.017604 0.199883 -0.979662 -0.098967 0.157739 -0.982509 -0.179728 0.111744 -0.977349 -0.253905 0.065269 -0.965024 -0.307100 0.032959 -0.951106 0.383719 0.030691 0.922940 0.432983 0.078850 0.897947 0.497336 0.143652 0.855582 0.556943 0.212516 0.802902 0.607107 0.281360 0.743140 0.647811 0.349652 0.676819 0.680108 0.417633 0.602525 0.704346 0.484529 0.518776 0.719709 0.547549 0.426859 0.725436 0.602429 0.332900 0.722811 0.645324 0.247188 0.715931 0.674544 0.180094 0.710079 0.690813 0.136254 0.708913 0.696654 0.110068 0.712764 0.696131 0.085840 0.718698 0.693931 0.043966 0.720878 0.692381 -0.030715 0.710781 0.688594 -0.143629 0.679159 0.675021 -0.288253 0.621063 0.644201 -0.446414 0.540950 0.594966 -0.594464 0.451603 0.534286 -0.714558 0.366448 0.472502 -0.801535 0.292649 0.417233 -0.860391 0.229634 0.370794 -0.899878 0.171655 0.330996 -0.927888 0.111802 0.293494 -0.949401 0.045538 0.254270 -0.966061 -0.027695 0.211233 -0.977043 -0.105142 0.164388 -0.980776 -0.182563 0.114985 -0.976447 -0.254167 0.065702 -0.964926 -0.305139 0.028681 -0.951876 0.385490 0.028519 0.922271 0.431163 0.079734 0.898744 0.494256 0.146696 0.856849 0.554059 0.217261 0.803627 0.605336 0.287702 0.742156 0.647281 0.357853 0.673029 0.679979 0.428284 0.595149 0.702926 0.498267 0.507567 0.714906 0.564706 0.412331 0.715393 0.622902 0.316553 0.706412 0.668836 0.231605 0.692824 0.701079 0.168769 0.680231 0.720816 0.133075 0.672122 0.730930 0.118291 0.668687 0.735821 0.106890 0.667446 0.740646 0.077194 0.663628 0.747953 0.012841 0.650008 0.754313 -0.092210 0.618402 0.750710 -0.232410 0.563960 0.727446 -0.390859 0.489836 0.681150 -0.544147 0.406847 0.617931 -0.672783 0.327017 0.549065 -0.769147 0.257130 0.483945 -0.836470 0.197014 0.426461 -0.882789 0.141716 0.375471 -0.915936 0.085115 0.327279 -0.941087 0.023096 0.278340 -0.960205 -0.045010 0.226970 -0.972861 -0.116972 0.173509 -0.977861 -0.189206 0.119317 -0.974661 -0.256298 0.066634 -0.964298 -0.303025 0.025286 -0.952647 0.385061 0.028922 0.922438 0.425971 0.081774 0.901034 0.485792 0.150453 0.861028 0.544169 0.222282 0.808994 0.595689 0.293757 0.747570 0.638966 0.365014 0.677117 0.673272 0.436846 0.596548 0.697325 0.508494 0.505144 0.709412 0.576535 0.405390 0.708926 0.635887 0.305077 0.698104 0.682483 0.216490 0.681965 0.715409 0.152034 0.665853 0.736699 0.117955 0.652559 0.749883 0.108819 0.641684 0.759522 0.106622 0.631066 0.770722 0.087994 0.617274 0.785973 0.034914 0.594916 0.801567 -0.059710 0.557575 0.807759 -0.191403 0.501446 0.793514 -0.344800 0.429296 0.753674 -0.497675 0.350307 0.692943 -0.630171 0.274773 0.622362 -0.732915 0.208558 0.552077 -0.807288 0.151511 0.486969 -0.860178 0.099319 0.426740 -0.898904 0.046657 0.368425 -0.928486 -0.010092 0.309224 -0.950936 -0.071632 0.248258 -0.966042 -0.136251 0.186627 -0.972937 -0.201111 0.126192 -0.971406 -0.261438 0.069210 -0.962736 -0.302063 0.024117 -0.952983 0.381277 0.031586 0.923921 0.416326 0.085172 0.905217 0.470113 0.155603 0.868782 0.524270 0.228973 0.820190 0.573664 0.301935 0.761410 0.616558 0.374924 0.692306 0.651608 0.448888 0.611479 0.676916 0.522884 0.518052 0.690350 0.592971 0.414490 0.691119 0.653467 0.308763 0.681384 0.700061 0.213614 0.665972 0.732280 0.142295 0.649715 0.753240 0.102470 0.634494 0.767592 0.090663 0.618870 0.780272 0.090416 0.600277 0.795959 0.078213 0.576140 0.816623 0.034485 0.542941 0.838312 -0.049487 0.496458 0.851130 -0.170608 0.434648 0.843678 -0.315100 0.360777 0.809963 -0.462385 0.283052 0.753556 -0.593325 0.210168 0.684684 -0.697881 0.146853 0.613283 -0.776091 0.092705 0.544418 -0.833676 0.043875 0.478108 -0.877205 -0.004241 0.411845 -0.911244 -0.054755 0.343521 -0.937547 -0.108361 0.273181 -0.955840 -0.163839 0.202931 -0.965389 -0.219144 0.135465 -0.966243 -0.270436 0.073552 -0.959924 -0.303546 0.025488 -0.952476 0.373751 0.035376 0.926854 0.401905 0.089270 0.911320 0.446501 0.161471 0.880093 0.492864 0.236655 0.837305 0.536652 0.311674 0.784133 0.576050 0.387380 0.719794 0.609316 0.464942 0.642311 0.634140 0.543219 0.550254 0.648104 0.617613 0.445551 0.650212 0.681528 0.335774 0.642357 0.729935 0.233607 0.628953 0.762296 0.152717 0.614286 0.782481 0.101859 0.599578 0.796339 0.079690 0.582502 0.809578 0.072625 0.559571 0.826674 0.059079 0.528088 0.848972 0.019235 0.485723 0.872242 -0.057164 0.430341 0.886770 -0.168660 0.361962 0.881529 -0.303135 0.284906 0.850658 -0.441825 0.206980 0.797306 -0.566977 0.135631 0.730906 -0.668866 0.074529 0.660663 -0.746974 0.022978 0.591132 -0.806247 -0.022468 0.522047 -0.852621 -0.065725 0.450887 -0.890158 -0.109390 0.375902 -0.920180 -0.154103 0.297885 -0.942081 -0.199088 0.219935 -0.954983 -0.243087 0.145730 -0.958995 -0.283449 0.078908 -0.955735 -0.308249 0.028744 -0.950871 0.363036 0.038865 0.930964 0.383337 0.092976 0.918917 0.415684 0.166606 0.894120 0.450448 0.243320 0.859006 0.484566 0.320279 0.814013 0.516429 0.398935 0.757728 0.544162 0.480887 0.687484 0.565307 0.565007 0.600995 0.577375 0.646132 0.499151 0.579254 0.716599 0.388524 0.572486 0.770180 0.281217 0.560885 0.805572 0.190952 0.548097 0.826680 0.127237 0.534874 0.840077 0.090446 0.518441 0.852251 0.069902 0.494566 0.867864 0.047075 0.459906 0.887961 0.003573 0.412462 0.908179 -0.071314 0.351569 0.919203 -0.177386 0.279071 0.910869 -0.304036 0.200392 0.878215 -0.434261 0.123157 0.824718 -0.551971 0.053815 0.759397 -0.648398 -0.004834 0.690632 -0.723190 -0.053665 0.622107 -0.781091 -0.095640 0.552825 -0.827791 -0.133926 0.479798 -0.867098 -0.170536 0.401199 -0.899976 -0.205977 0.318193 -0.925379 -0.239822 0.234612 -0.942042 -0.271530 0.155036 -0.949860 -0.299789 0.084081 -0.950293 -0.316127 0.032652 -0.948155 0.350486 0.040896 0.935675 0.362110 0.095284 0.927253 0.379784 0.169563 0.909402 0.399583 0.246794 0.882851 0.420041 0.324532 0.847493 0.439996 0.404958 0.801507 0.457696 0.490376 0.741650 0.470824 0.580061 0.664721 0.477149 0.668692 0.570245 0.475731 0.747734 0.463220 0.467913 0.809538 0.354550 0.456875 0.851416 0.257596 0.445494 0.876518 0.182350 0.433980 0.891421 0.130495 0.419265 0.903016 0.093702 0.396699 0.916212 0.056435 0.362391 0.932023 0.002600 0.314316 0.946132 -0.077710 0.252697 0.949773 -0.184594 0.180678 0.933966 -0.308324 0.104405 0.895205 -0.433252 0.031118 0.837953 -0.544855 -0.033770 0.771300 -0.635575 -0.088259 0.702998 -0.705694 -0.133277 0.635820 -0.760244 -0.171178 0.567847 -0.805139 -0.204250 0.495340 -0.844346 -0.233803 0.416028 -0.878781 -0.260081 0.331025 -0.907072 -0.282867 0.244502 -0.927472 -0.302195 0.161658 -0.939439 -0.318067 0.087938 -0.943981 -0.326312 0.035931 -0.944579 0.337855 0.040971 0.940306 0.340216 0.095670 0.935468 0.341879 0.169559 0.924321 0.344442 0.245811 0.906056 0.348113 0.322329 0.880296 0.352287 0.402002 0.845156 0.355493 0.488004 0.797168 0.355776 0.580428 0.732480 0.351501 0.674433 0.649298 0.342348 0.761245 0.550730 0.329893 0.832095 0.445858 0.316956 0.882672 0.347028 0.305672 0.914732 0.264253 0.295559 0.934132 0.200105 0.283098 0.947605 0.147991 0.263271 0.960053 0.094802 0.231831 0.972387 0.026779 0.186782 0.980283 -0.064485 0.129025 0.975456 -0.178434 0.062595 0.950196 -0.305304 -0.006137 0.902789 -0.430040 -0.070759 0.839186 -0.539221 -0.127196 0.769042 -0.626415 -0.174385 0.699827 -0.692699 -0.213329 0.633590 -0.743676 -0.245707 0.567549 -0.785822 -0.272834 0.497135 -0.823661 -0.295193 0.419424 -0.858455 -0.312620 0.335144 -0.888790 -0.324934 0.248402 -0.912532 -0.332546 0.164634 -0.928606 -0.336574 0.089794 -0.937366 -0.337400 0.037714 -0.940606 0.326783 0.039335 0.944281 0.319636 0.094226 0.942844 0.305249 0.166741 0.937561 0.289853 0.240548 0.926349 0.275157 0.313695 0.908781 0.261083 0.389520 0.883238 0.246460 0.471980 0.846459 0.229774 0.562200 0.794440 0.210169 0.656397 0.724550 0.188324 0.746453 0.638233 0.166607 0.823378 0.542485 0.148020 0.881716 0.447960 0.134281 0.921707 0.363902 0.124226 0.947989 0.293061 0.113680 0.966565 0.229846 0.097083 0.981864 0.162842 0.069862 0.994327 0.080201 0.030197 0.999235 -0.024868 -0.020278 0.988392 -0.150567 -0.076800 0.955086 -0.286202 -0.133147 0.899402 -0.416351 -0.184201 0.829057 -0.527954 -0.227618 0.754665 -0.615362 -0.263551 0.683809 -0.680401 -0.293250 0.618147 -0.729314 -0.317815 0.554276 -0.769267 -0.337592 0.486919 -0.805569 -0.352188 0.412461 -0.840143 -0.360924 0.331057 -0.871857 -0.363497 0.246433 -0.898410 -0.360470 0.163906 -0.918257 -0.353752 0.089557 -0.931042 -0.347896 0.037776 -0.936772 0.318337 0.036762 0.947265 0.301852 0.091507 0.948953 0.272583 0.161997 0.948396 0.240111 0.232450 0.942504 0.207299 0.300731 0.930907 0.174466 0.370177 0.912431 0.140683 0.445157 0.884332 0.104837 0.527680 0.842949 0.066861 0.615233 0.785505 0.028575 0.701061 0.712529 -0.006520 0.777076 0.629373 -0.034739 0.837832 0.544822 -0.054316 0.882779 0.466638 -0.066864 0.915480 0.396768 -0.077253 0.940957 0.329594 -0.091739 0.962738 0.254399 -0.115239 0.980292 0.160458 -0.149224 0.987903 0.042182 -0.191097 0.976737 -0.097298 -0.235294 0.940355 -0.245702 -0.275944 0.880176 -0.386193 -0.309605 0.805611 -0.505109 -0.336047 0.728447 -0.597024 -0.356933 0.656708 -0.664330 -0.374012 0.592040 -0.713865 -0.388013 0.530787 -0.753466 -0.398478 0.467238 -0.789242 -0.404212 0.397222 -0.823910 -0.404012 0.320283 -0.856851 -0.397352 0.239588 -0.885838 -0.384769 0.160064 -0.909028 -0.368583 0.087595 -0.925459 -0.356654 0.036477 -0.933524 0.312789 0.034148 0.949208 0.287546 0.088188 0.953698 0.245413 0.156418 0.956716 0.198008 0.223427 0.954397 0.148934 0.286558 0.946416 0.098726 0.348625 0.932048 0.046612 0.413844 0.909154 -0.008155 0.484640 0.874676 -0.064886 0.559544 0.826257 -0.120641 0.633341 0.764411 -0.170750 0.699595 0.693838 -0.210710 0.754076 0.622070 -0.238499 0.796710 0.555312 -0.256018 0.830909 0.494009 -0.268810 0.861158 0.431448 -0.283881 0.890152 0.356429 -0.306438 0.916201 0.258207 -0.337308 0.932179 0.131397 -0.372455 0.927831 -0.020182 -0.405087 0.895862 -0.182583 -0.429572 0.837936 -0.336648 -0.444372 0.764534 -0.466928 -0.451708 0.688504 -0.567382 -0.455047 0.618507 -0.640611 -0.456880 0.556512 -0.693941 -0.457834 0.499003 -0.735788 -0.456912 0.440210 -0.772947 -0.452336 0.375666 -0.808868 -0.442504 0.304417 -0.843517 -0.426688 0.229023 -0.874920 -0.405304 0.153869 -0.901140 -0.380764 0.084438 -0.920809 -0.363151 0.034485 -0.931092 0.309676 0.032108 0.950300 0.276585 0.084680 0.957251 0.223965 0.150690 0.962877 0.164452 0.214861 0.962699 0.101994 0.273808 0.956361 0.037135 0.329381 0.943467 -0.030843 0.385053 0.922379 -0.102336 0.443041 0.890641 -0.175862 0.502381 0.846573 -0.247343 0.559099 0.791347 -0.310994 0.608523 0.730056 -0.361623 0.648267 0.670058 -0.397119 0.679746 0.616638 -0.419849 0.707313 0.568714 -0.436263 0.735844 0.517888 -0.454344 0.767873 0.451599 -0.479653 0.801080 0.358057 -0.512144 0.827299 0.230836 -0.545742 0.834764 0.073041 -0.571549 0.814369 -0.100674 -0.583416 0.766454 -0.268653 -0.581459 0.701222 -0.412544 -0.570520 0.631939 -0.524557 -0.556148 0.567820 -0.606861 -0.541839 0.511360 -0.667024 -0.528389 0.459516 -0.713898 -0.514577 0.406835 -0.754782 -0.498355 0.348885 -0.793676 -0.477978 0.284418 -0.831049 -0.452677 0.215463 -0.865251 -0.422788 0.145814 -0.894421 -0.390635 0.080458 -0.917023 -0.367520 0.032410 -0.929451 0.308089 0.030731 0.950861 0.268269 0.080901 0.959941 0.207449 0.144671 0.967489 0.138730 0.206838 0.968490 0.066109 0.263306 0.962445 -0.010053 0.314766 0.949116 -0.090564 0.363504 0.927180 -0.175537 0.410924 0.894611 -0.262658 0.455915 0.850384 -0.346631 0.495149 0.796664 -0.420524 0.525323 0.739727 -0.478542 0.545825 0.687803 -0.518673 0.559855 0.646174 -0.544042 0.573305 0.612649 -0.562439 0.592186 0.577042 -0.583357 0.619650 0.525098 -0.613179 0.653606 0.443634 -0.651261 0.685939 0.324572 -0.689368 0.704426 0.168984 -0.715672 0.698371 -0.009572 -0.722146 0.665686 -0.188062 -0.709436 0.614588 -0.344937 -0.684594 0.557496 -0.469606 -0.655339 0.503642 -0.562917 -0.626413 0.455979 -0.632211 -0.599050 0.412099 -0.686523 -0.572110 0.367147 -0.733412 -0.543615 0.317022 -0.777161 -0.512009 0.260421 -0.818552 -0.476760 0.198970 -0.856219 -0.438310 0.135902 -0.888490 -0.398902 0.075687 -0.913865 -0.370363 0.030534 -0.928385 0.307076 0.029591 0.951225 0.261711 0.076282 0.962127 0.194610 0.137362 0.971215 0.119224 0.197953 0.972934 0.039437 0.253516 0.966527 -0.044705 0.303694 0.951720 -0.134247 0.349466 0.927282 -0.229153 0.391056 0.891383 -0.326373 0.426638 0.843481 -0.419415 0.452833 0.786787 -0.500191 0.466967 0.729212 -0.562284 0.469541 0.680712 -0.603713 0.465076 0.647483 -0.628289 0.460897 0.626759 -0.645307 0.464457 0.606514 -0.666290 0.480088 0.570590 -0.699134 0.506607 0.504540 -0.743335 0.536901 0.398987 -0.789185 0.559711 0.252804 -0.822048 0.564171 0.077123 -0.831015 0.546141 -0.105570 -0.815609 0.510905 -0.271583 -0.783863 0.468684 -0.407302 -0.745199 0.427783 -0.511546 -0.705603 0.391181 -0.590849 -0.666908 0.357013 -0.654045 -0.628281 0.321106 -0.708628 -0.588094 0.279863 -0.758830 -0.545296 0.232098 -0.805470 -0.499919 0.179153 -0.847340 -0.452799 0.123751 -0.882983 -0.406285 0.069830 -0.911074 -0.372430 0.028730 -0.927616 0.305969 0.027978 0.951630 0.256212 0.070008 0.964082 0.184320 0.127273 0.974591 0.104256 0.185778 0.977045 0.019742 0.240983 0.970329 -0.069548 0.291843 0.953934 -0.164973 0.338265 0.926477 -0.266477 0.379339 0.886054 -0.370455 0.412322 0.832318 -0.469436 0.433299 0.769339 -0.554394 0.439445 0.706778 -0.618436 0.431316 0.656889 -0.659486 0.413540 0.627744 -0.681513 0.393829 0.616797 -0.694769 0.380739 0.610192 -0.712818 0.380234 0.589332 -0.745583 0.392743 0.538386 -0.793420 0.412775 0.447327 -0.846118 0.430888 0.313720 -0.887249 0.437452 0.146375 -0.903281 0.427698 -0.034018 -0.891664 0.404449 -0.203362 -0.859962 0.375194 -0.345969 -0.818265 0.346502 -0.458670 -0.773326 0.320782 -0.546870 -0.727444 0.296398 -0.618849 -0.680107 0.269754 -0.681679 -0.630151 0.237753 -0.739177 -0.577234 0.199363 -0.791868 -0.522216 0.155682 -0.838483 -0.466629 0.108937 -0.877719 -0.413220 0.062486 -0.908485 -0.374316 0.026601 -0.926920 0.304543 0.025248 0.952164 0.251458 0.061388 0.965920 0.175953 0.113025 0.977889 0.092727 0.167795 0.981451 0.005327 0.221631 0.975116 -0.086966 0.273249 0.958004 -0.185849 0.321925 0.928345 -0.291289 0.366015 0.883846 -0.399242 0.402131 0.823951 -0.501465 0.425855 0.753114 -0.588317 0.433887 0.682368 -0.652863 0.426058 0.626295 -0.693277 0.405705 0.595626 -0.713414 0.378961 0.589432 -0.723394 0.353764 0.592918 -0.737807 0.337390 0.584644 -0.768434 0.332740 0.546619 -0.816898 0.336829 0.468213 -0.873211 0.342565 0.346629 -0.920297 0.342292 0.189444 -0.943192 0.331878 0.015647 -0.937630 0.312911 -0.151447 -0.910049 0.290633 -0.295541 -0.870193 0.269721 -0.412328 -0.824809 0.251667 -0.506314 -0.776194 0.234796 -0.585145 -0.723898 0.215915 -0.655250 -0.667086 0.192314 -0.719730 -0.606112 0.163027 -0.778492 -0.542771 0.128832 -0.829941 -0.479501 0.091406 -0.872768 -0.419729 0.053425 -0.906076 -0.376279 0.023742 -0.926202 0.302962 0.021109 0.952769 0.247527 0.050175 0.967581 0.169459 0.093942 0.981050 0.084329 0.142391 0.986212 -0.004515 0.192329 0.981320 -0.098238 0.242615 0.965136 -0.198928 0.292349 0.935393 -0.306637 0.339669 0.889156 -0.416942 0.381073 0.825192 -0.520858 0.412047 0.747613 -0.608145 0.429007 0.667916 -0.672000 0.431012 0.602200 -0.711421 0.419699 0.563679 -0.730852 0.398313 0.554258 -0.740005 0.371736 0.560541 -0.752923 0.346337 0.559605 -0.781855 0.327075 0.530777 -0.829359 0.314276 0.461946 -0.886057 0.303931 0.350041 -0.935127 0.290844 0.202356 -0.961505 0.272289 0.036967 -0.960364 0.249707 -0.123888 -0.937304 0.227013 -0.264434 -0.901295 0.207446 -0.380308 -0.858439 0.191716 -0.475738 -0.810506 0.178121 -0.557991 -0.756701 0.163840 -0.632898 -0.696199 0.146477 -0.702746 -0.629816 0.125004 -0.766620 -0.560171 0.099750 -0.822349 -0.490636 0.071731 -0.868407 -0.425485 0.042806 -0.903952 -0.378244 0.019993 -0.925490 0.301584 0.015736 0.953310 0.244720 0.036715 0.968898 0.165158 0.070364 0.983754 0.079326 0.109500 0.990816 -0.009650 0.152031 0.988329 -0.103460 0.197215 0.974886 -0.204728 0.244316 0.947838 -0.313808 0.291721 0.903561 -0.426120 0.336375 0.839806 -0.532014 0.374177 0.759574 -0.620401 0.401551 0.673691 -0.684128 0.416923 0.598452 -0.722820 0.420544 0.548337 -0.742097 0.413240 0.527755 -0.752106 0.396426 0.526481 -0.765968 0.373466 0.523274 -0.794827 0.348943 0.496476 -0.841037 0.325424 0.432153 -0.895709 0.302000 0.326346 -0.942889 0.276219 0.186181 -0.968529 0.247175 0.029271 -0.968401 0.216829 -0.123229 -0.947921 0.188574 -0.256680 -0.915317 0.164901 -0.367426 -0.875790 0.146252 -0.460003 -0.830267 0.131260 -0.541690 -0.777312 0.117713 -0.618004 -0.715793 0.103619 -0.690582 -0.646656 0.087873 -0.757704 -0.573061 0.070268 -0.816495 -0.499147 0.051072 -0.865011 -0.430017 0.031217 -0.902281 -0.379948 0.015561 -0.924877 0.300733 0.009668 0.953659 0.243332 0.021848 0.969697 0.163406 0.043580 0.985596 0.078103 0.070654 0.994439 -0.009658 0.102122 0.994725 -0.102126 0.137707 0.985194 -0.202624 0.177004 0.963127 -0.312143 0.218978 0.924454 -0.426441 0.261528 0.865882 -0.535625 0.301558 0.788777 -0.627724 0.335896 0.702237 -0.694579 0.362416 0.621462 -0.735499 0.380080 0.560875 -0.756718 0.388006 0.526146 -0.769040 0.385414 0.509934 -0.785072 0.373070 0.494450 -0.814527 0.353717 0.459815 -0.858785 0.330014 0.391891 -0.909108 0.302720 0.286152 -0.950766 0.271451 0.149527 -0.971560 0.236793 -0.000876 -0.968733 0.201179 -0.145204 -0.948040 0.167726 -0.270348 -0.917114 0.138651 -0.373735 -0.880211 0.114699 -0.460513 -0.837344 0.095402 -0.538287 -0.786341 0.079631 -0.612640 -0.725593 0.066134 -0.684939 -0.655904 0.053909 -0.752917 -0.580636 0.042290 -0.813064 -0.504400 0.030816 -0.862920 -0.432942 0.019497 -0.901211 -0.381147 0.010938 -0.924450 0.300562 0.003546 0.953756 0.243499 0.006614 0.969878 0.164334 0.015400 0.986285 0.080749 0.028481 0.996328 -0.004453 0.045912 0.998936 -0.093988 0.067781 0.993263 -0.191911 0.093975 0.976903 -0.300116 0.124108 0.945795 -0.415271 0.157341 0.895988 -0.528013 0.192171 0.827207 -0.626018 0.226540 0.746177 -0.699916 0.258249 0.665901 -0.747781 0.285121 0.599608 -0.775329 0.304790 0.553144 -0.793279 0.315047 0.521011 -0.813626 0.315119 0.488582 -0.844750 0.306244 0.438875 -0.886877 0.290402 0.359327 -0.931185 0.268831 0.246220 -0.964318 0.242132 0.107063 -0.976523 0.211428 -0.041243 -0.967241 0.178789 -0.180221 -0.943091 0.146502 -0.298525 -0.911359 0.116317 -0.394835 -0.875446 0.089391 -0.474978 -0.834466 0.066508 -0.547031 -0.785519 0.048091 -0.616966 -0.726470 0.034101 -0.686351 -0.657806 0.024024 -0.752804 -0.582795 0.017009 -0.812441 -0.506195 0.012057 -0.862335 -0.434104 0.008418 -0.900823 -0.381758 0.006665 -0.924238 0.301044 -0.002186 0.953608 0.245162 -0.008107 0.969448 0.167777 -0.012439 0.985747 0.086906 -0.014171 0.996116 0.005401 -0.012485 0.999907 -0.079678 -0.007121 0.996795 -0.172925 0.001895 0.984933 -0.277120 0.014642 0.960724 -0.390165 0.031469 0.920207 -0.503992 0.052719 0.862098 -0.606928 0.078158 0.790904 -0.689035 0.106464 0.716866 -0.746948 0.135084 0.651016 -0.784988 0.160557 0.598344 -0.812843 0.179486 0.554140 -0.841371 0.189959 0.505975 -0.877464 0.192193 0.439452 -0.919964 0.187695 0.344146 -0.959546 0.177960 0.218177 -0.983923 0.164008 0.070685 -0.985884 0.146647 -0.080788 -0.967542 0.126662 -0.218677 -0.936991 0.104709 -0.333291 -0.901716 0.081448 -0.424587 -0.864631 0.057995 -0.499048 -0.824167 0.036140 -0.565192 -0.776763 0.017915 -0.629538 -0.719741 0.004788 -0.694227 -0.653149 -0.002865 -0.757224 -0.579930 -0.005685 -0.814646 -0.504686 -0.004871 -0.863289 -0.433565 -0.001626 -0.901121 -0.381870 0.003050 -0.924211 0.302099 -0.007456 0.953247 0.248177 -0.021868 0.968468 0.173417 -0.038780 0.984085 0.095943 -0.055088 0.993861 0.018844 -0.069429 0.997409 -0.060703 -0.081570 0.994817 -0.147441 -0.091662 0.984814 -0.244699 -0.099449 0.964486 -0.351472 -0.103747 0.930432 -0.461294 -0.102624 0.881292 -0.564052 -0.094350 0.820331 -0.650478 -0.078651 0.755442 -0.716640 -0.057404 0.695077 -0.765558 -0.034264 0.642454 -0.805446 -0.013310 0.592520 -0.845575 0.002684 0.533850 -0.891055 0.013260 0.453701 -0.938983 0.019864 0.343388 -0.978868 0.024489 0.203023 -0.998629 0.028351 0.044003 -0.992923 0.031257 -0.114572 -0.966364 0.031886 -0.255194 -0.928851 0.028657 -0.369344 -0.888655 0.020702 -0.458109 -0.848843 0.008613 -0.528575 -0.807671 -0.005366 -0.589609 -0.761221 -0.018046 -0.648242 -0.706360 -0.026609 -0.707352 -0.642638 -0.029648 -0.765596 -0.572496 -0.027288 -0.819453 -0.500130 -0.020571 -0.865706 -0.431459 -0.010798 -0.902068 -0.381622 -0.000025 -0.924319 0.303755 -0.012558 0.952668 0.252483 -0.034724 0.966978 0.181048 -0.063283 0.981436 0.107352 -0.093183 0.989845 0.034851 -0.122671 0.991835 -0.038817 -0.151653 0.987671 -0.118075 -0.180521 0.976458 -0.206286 -0.209019 0.955907 -0.303048 -0.235447 0.923432 -0.403211 -0.256756 0.878349 -0.498486 -0.269706 0.823875 -0.581237 -0.272534 0.766739 -0.648300 -0.266029 0.713397 -0.702489 -0.253303 0.665092 -0.751117 -0.238412 0.615616 -0.802095 -0.224432 0.553421 -0.858900 -0.211910 0.466245 -0.916893 -0.198727 0.346142 -0.963940 -0.181686 0.194449 -0.986954 -0.159118 0.024550 -0.980875 -0.132676 -0.142415 -0.951670 -0.106611 -0.288024 -0.910724 -0.085384 -0.404093 -0.867397 -0.071695 -0.492426 -0.825496 -0.065699 -0.560571 -0.783760 -0.065112 -0.617642 -0.738443 -0.066164 -0.671062 -0.686267 -0.065194 -0.724422 -0.626362 -0.060002 -0.777220 -0.560597 -0.050167 -0.826568 -0.492592 -0.036374 -0.869500 -0.427811 -0.019755 -0.903652 -0.381020 -0.003090 -0.924561 0.306250 -0.017948 0.951782 0.258234 -0.047078 0.964935 0.190808 -0.086274 0.977829 0.121132 -0.128457 0.984290 0.053040 -0.171529 0.983750 -0.015124 -0.215570 0.976371 -0.087059 -0.261213 0.961347 -0.165648 -0.308202 0.936788 -0.250517 -0.354417 0.900905 -0.337257 -0.395999 0.854074 -0.419046 -0.428751 0.800358 -0.490053 -0.450055 0.746524 -0.548659 -0.460046 0.698091 -0.598568 -0.461390 0.654856 -0.647262 -0.457969 0.609358 -0.702220 -0.452858 0.549369 -0.766226 -0.446240 0.462350 -0.833929 -0.434594 0.340132 -0.892213 -0.412451 0.183958 -0.926374 -0.376523 0.007827 -0.929592 -0.329281 -0.165627 -0.906926 -0.278110 -0.316449 -0.869945 -0.230952 -0.435725 -0.828838 -0.192823 -0.525212 -0.788461 -0.164894 -0.592570 -0.748559 -0.145110 -0.646995 -0.706116 -0.129575 -0.696139 -0.658134 -0.114353 -0.744166 -0.603569 -0.096938 -0.791396 -0.543789 -0.076622 -0.835717 -0.481791 -0.053790 -0.874634 -0.422416 -0.029361 -0.905926 -0.379808 -0.006880 -0.925040 0.309996 -0.023953 0.950436 0.265797 -0.059373 0.962199 0.203223 -0.108337 0.973121 0.137943 -0.161497 0.977185 0.074013 -0.216382 0.973499 0.010560 -0.273223 0.961893 -0.055142 -0.332827 0.941374 -0.125129 -0.394842 0.910188 -0.198577 -0.456660 0.867196 -0.271253 -0.513698 0.813963 -0.337217 -0.561154 0.755904 -0.392036 -0.596146 0.700655 -0.435603 -0.618807 0.653703 -0.472896 -0.631905 0.614056 -0.512222 -0.639546 0.573244 -0.561433 -0.645101 0.518302 -0.623629 -0.648636 0.436300 -0.694210 -0.645412 0.318616 -0.760896 -0.627396 0.165565 -0.808499 -0.588414 -0.009928 -0.827632 -0.529786 -0.185343 -0.820117 -0.460569 -0.339535 -0.795562 -0.391870 -0.462081 -0.763892 -0.331383 -0.553764 -0.730765 -0.281729 -0.621780 -0.697099 -0.241437 -0.675101 -0.660922 -0.206872 -0.721378 -0.619855 -0.174324 -0.765109 -0.572949 -0.141517 -0.807281 -0.521243 -0.107901 -0.846559 -0.467176 -0.073855 -0.881075 -0.414875 -0.040299 -0.908986 -0.377469 -0.011988 -0.925945 0.315387 -0.030530 0.948472 0.275592 -0.071781 0.958591 0.219000 -0.129815 0.967051 0.158881 -0.192785 0.968293 0.099195 -0.257791 0.961095 0.039747 -0.325177 0.944818 -0.021193 -0.395843 0.918074 -0.084654 -0.469234 0.879007 -0.149083 -0.542161 0.826944 -0.209986 -0.609331 0.764606 -0.261712 -0.665532 0.698981 -0.300561 -0.708002 0.639058 -0.327403 -0.737308 0.590918 -0.348272 -0.756700 0.553274 -0.372448 -0.770841 0.516804 -0.408534 -0.783784 0.467743 -0.460407 -0.796070 0.392808 -0.524938 -0.802645 0.283199 -0.592070 -0.793912 0.138408 -0.648093 -0.760952 -0.030455 -0.682354 -0.702399 -0.202556 -0.692968 -0.626497 -0.356787 -0.685938 -0.545721 -0.481329 -0.669414 -0.469866 -0.575423 -0.648983 -0.403126 -0.645221 -0.626367 -0.344907 -0.699073 -0.600554 -0.292158 -0.744297 -0.569826 -0.241788 -0.785389 -0.533448 -0.192222 -0.823702 -0.492261 -0.143562 -0.858527 -0.448250 -0.096624 -0.888671 -0.404783 -0.052730 -0.912891 -0.373399 -0.018554 -0.927485 0.322545 -0.037195 0.945823 0.287821 -0.084029 0.953991 0.238629 -0.150479 0.959381 0.184934 -0.222157 0.957312 0.130191 -0.295720 0.946362 0.074621 -0.371607 0.925386 0.017307 -0.450762 0.892476 -0.041878 -0.532355 0.845484 -0.100619 -0.612565 0.783990 -0.153921 -0.685411 0.711702 -0.195907 -0.745421 0.637156 -0.222851 -0.790190 0.570909 -0.235758 -0.820943 0.520068 -0.241094 -0.841494 0.483489 -0.248955 -0.857043 0.451108 -0.268921 -0.872421 0.408121 -0.305879 -0.889021 0.340703 -0.358196 -0.902257 0.240056 -0.418215 -0.902215 0.105371 -0.474702 -0.878506 -0.053724 -0.517541 -0.827271 -0.218572 -0.542556 -0.754507 -0.369259 -0.552240 -0.671967 -0.493448 -0.552160 -0.590048 -0.589035 -0.546924 -0.513856 -0.660928 -0.538385 -0.443497 -0.716556 -0.526049 -0.376530 -0.762560 -0.508601 -0.310632 -0.803015 -0.485378 -0.245221 -0.839211 -0.457000 -0.181451 -0.870762 -0.425031 -0.121028 -0.897051 -0.392027 -0.066151 -0.917572 -0.367205 -0.026124 -0.929773 0.331105 -0.043173 0.942606 0.302217 -0.095441 0.948449 0.261954 -0.169498 0.950079 0.216321 -0.248659 0.944126 0.167878 -0.329210 0.929213 0.116930 -0.411729 0.903774 0.063028 -0.497214 0.865335 0.006623 -0.584558 0.811325 -0.049447 -0.669305 0.741340 -0.099728 -0.744812 0.659780 -0.137825 -0.805419 0.576459 -0.159319 -0.849218 0.503435 -0.164386 -0.878229 0.449101 -0.158918 -0.896792 0.412928 -0.153240 -0.910366 0.384384 -0.157968 -0.924309 0.347418 -0.179313 -0.940920 0.287258 -0.217155 -0.956461 0.195001 -0.265888 -0.961463 0.069943 -0.316646 -0.945247 -0.079013 -0.360714 -0.902604 -0.234927 -0.393207 -0.837492 -0.379467 -0.414352 -0.760008 -0.500700 -0.427474 -0.679810 -0.595923 -0.435928 -0.601853 -0.669134 -0.441246 -0.526276 -0.726867 -0.443027 -0.450844 -0.774898 -0.439994 -0.373784 -0.816511 -0.431274 -0.295475 -0.852465 -0.417076 -0.218293 -0.882267 -0.398455 -0.145153 -0.905629 -0.377047 -0.079520 -0.922774 -0.358990 -0.033748 -0.932731 0.340171 -0.047708 0.939153 0.317925 -0.105185 0.942263 0.287924 -0.185737 0.939469 0.252031 -0.270873 0.929036 0.211652 -0.356667 0.909941 0.166873 -0.443939 0.880381 0.117336 -0.533854 0.837396 0.063618 -0.625129 0.777924 0.008617 -0.712750 0.701365 -0.042087 -0.789409 0.612423 -0.081644 -0.849193 0.521733 -0.104637 -0.890647 0.442492 -0.109691 -0.916651 0.384341 -0.101010 -0.932129 0.347752 -0.087991 -0.942556 0.322251 -0.081739 -0.953329 0.290657 -0.089948 -0.967360 0.236906 -0.114234 -0.981806 0.151684 -0.150860 -0.987951 0.034541 -0.192920 -0.975508 -0.105670 -0.233134 -0.938977 -0.252923 -0.266755 -0.881234 -0.390215 -0.292935 -0.810950 -0.506507 -0.313624 -0.736551 -0.599276 -0.331283 -0.662075 -0.672241 -0.347147 -0.586991 -0.731390 -0.360796 -0.508685 -0.781707 -0.370818 -0.425463 -0.825515 -0.375921 -0.338322 -0.862683 -0.375685 -0.250717 -0.892189 -0.370493 -0.166845 -0.913727 -0.360941 -0.091599 -0.928079 -0.349512 -0.040315 -0.936064 0.348484 -0.050401 0.935959 0.333611 -0.112604 0.935961 0.314662 -0.198225 0.928275 0.289785 -0.287543 0.912877 0.259173 -0.376592 0.889386 0.222521 -0.466573 0.856034 0.179257 -0.559013 0.809550 0.129649 -0.652697 0.746443 0.076119 -0.742260 0.665775 0.023833 -0.819782 0.572180 -0.020298 -0.878901 0.476572 -0.050017 -0.918293 0.392729 -0.062260 -0.941526 0.331137 -0.058905 -0.954212 0.293273 -0.047184 -0.961917 0.269237 -0.037384 -0.969728 0.241309 -0.038085 -0.980610 0.192233 -0.052676 -0.992305 0.112051 -0.079308 -0.996850 0.000514 -0.112779 -0.984655 -0.133174 -0.147027 -0.950652 -0.273210 -0.177705 -0.897581 -0.403447 -0.203606 -0.833380 -0.513832 -0.226094 -0.765403 -0.602528 -0.247321 -0.696535 -0.673551 -0.268595 -0.625191 -0.732798 -0.289688 -0.547964 -0.784739 -0.309168 -0.462790 -0.830807 -0.325327 -0.370842 -0.869850 -0.337030 -0.276283 -0.900044 -0.343861 -0.184386 -0.920740 -0.345321 -0.101367 -0.932994 -0.340098 -0.044970 -0.939314 0.354777 -0.051415 0.933536 0.347769 -0.117485 0.930190 0.339880 -0.206578 0.917500 0.326505 -0.298183 0.896929 0.306795 -0.388399 0.868921 0.280043 -0.478895 0.832007 0.245332 -0.571767 0.782876 0.202340 -0.666213 0.717787 0.152559 -0.756909 0.635464 0.100162 -0.835546 0.540213 0.051540 -0.895170 0.442735 0.013315 -0.934091 0.356787 -0.010127 -0.956033 0.293083 -0.018495 -0.967124 0.253632 -0.016370 -0.973245 0.229188 -0.011962 -0.979267 0.202222 -0.013408 -0.987819 0.155026 -0.025168 -0.996696 0.077227 -0.047023 -0.998404 -0.031271 -0.075220 -0.984115 -0.160809 -0.104642 -0.949608 -0.295456 -0.131296 -0.898171 -0.419583 -0.153931 -0.837666 -0.524043 -0.173861 -0.774761 -0.607879 -0.193497 -0.711308 -0.675722 -0.214727 -0.644629 -0.733720 -0.237942 -0.570407 -0.786142 -0.262012 -0.485990 -0.833764 -0.285023 -0.392383 -0.874527 -0.305201 -0.294049 -0.905752 -0.321336 -0.196966 -0.926255 -0.331922 -0.108348 -0.937064 -0.332311 -0.047458 -0.941975 0.358197 -0.051432 0.932228 0.359154 -0.120117 0.925516 0.361495 -0.211145 0.908152 0.359144 -0.303347 0.882608 0.350545 -0.392863 0.850163 0.334727 -0.481781 0.809842 0.310488 -0.572871 0.758562 0.276869 -0.666068 0.692601 0.234213 -0.756592 0.610503 0.185258 -0.836209 0.516173 0.135283 -0.897495 0.419763 0.090662 -0.938027 0.334494 0.056515 -0.961011 0.270672 0.034706 -0.972537 0.230146 0.022899 -0.978720 0.203920 0.015258 -0.984441 0.175052 0.005104 -0.991971 0.126363 -0.011989 -0.998783 0.047832 -0.036643 -0.997512 -0.060228 -0.065972 -0.980008 -0.187703 -0.095282 -0.943102 -0.318558 -0.120576 -0.891016 -0.437666 -0.140464 -0.831952 -0.536773 -0.156384 -0.772238 -0.615786 -0.171385 -0.712933 -0.679966 -0.188439 -0.650443 -0.735808 -0.209086 -0.579648 -0.787586 -0.232964 -0.497310 -0.835710 -0.258301 -0.404107 -0.877484 -0.282914 -0.304486 -0.909532 -0.304930 -0.204741 -0.930107 -0.322093 -0.112690 -0.939977 -0.327462 -0.048228 -0.943633 0.358627 -0.051368 0.932067 0.367171 -0.121105 0.922236 0.378253 -0.212778 0.900916 0.385585 -0.304376 0.871022 0.387309 -0.391905 0.834507 0.382417 -0.477661 0.790947 0.369621 -0.564994 0.737673 0.347493 -0.654727 0.671254 0.315296 -0.743047 0.590313 0.274187 -0.822393 0.498488 0.227908 -0.885334 0.405267 0.181984 -0.928744 0.322979 0.141623 -0.954894 0.260998 0.109570 -0.969244 0.220363 0.084999 -0.977750 0.191781 0.063943 -0.985223 0.158893 0.041262 -0.993540 0.105714 0.013143 -0.999639 0.023412 -0.021148 -0.996006 -0.086747 -0.058867 -0.975056 -0.214010 -0.095039 -0.934767 -0.342314 -0.125007 -0.880512 -0.457244 -0.146713 -0.821096 -0.551613 -0.161360 -0.762784 -0.626198 -0.172523 -0.706121 -0.686753 -0.184441 -0.646836 -0.739989 -0.200229 -0.579184 -0.790224 -0.220800 -0.499436 -0.837741 -0.244983 -0.407907 -0.879543 -0.270539 -0.308822 -0.911832 -0.295202 -0.208477 -0.932412 -0.316346 -0.114966 -0.941652 -0.326152 -0.048234 -0.944086 0.356800 -0.051926 0.932737 0.372094 -0.121009 0.920273 0.390135 -0.212325 0.895943 0.405312 -0.302688 0.862614 0.415829 -0.387717 0.822656 0.420874 -0.469589 0.776113 0.419328 -0.551932 0.720788 0.409577 -0.636321 0.653714 0.390086 -0.720077 0.573866 0.360609 -0.796782 0.484871 0.323257 -0.859617 0.395680 0.282304 -0.905220 0.317618 0.242435 -0.935017 0.258783 0.206585 -0.953619 0.218938 0.174691 -0.966500 0.188046 0.143929 -0.978135 0.150121 0.110208 -0.989778 0.090518 0.070205 -0.997531 0.001996 0.023249 -0.993351 -0.112754 -0.027675 -0.969902 -0.241917 -0.076769 -0.926196 -0.369145 -0.118102 -0.868872 -0.480742 -0.148332 -0.807601 -0.570770 -0.167793 -0.748938 -0.641044 -0.179958 -0.693308 -0.697810 -0.189896 -0.636087 -0.747886 -0.202218 -0.571093 -0.795589 -0.219369 -0.494174 -0.841231 -0.241197 -0.405239 -0.881819 -0.265839 -0.308145 -0.913442 -0.291005 -0.208948 -0.933626 -0.314145 -0.115783 -0.942288 -0.328001 -0.048508 -0.943431 0.354117 -0.053189 0.933687 0.375005 -0.119943 0.919231 0.398390 -0.210033 0.892845 0.419611 -0.298903 0.857078 0.437151 -0.381577 0.814431 0.450573 -0.459769 0.765243 0.459143 -0.536953 0.707721 0.461341 -0.615077 0.639410 0.455188 -0.692406 0.559802 0.439403 -0.763797 0.472800 0.414717 -0.823502 0.387111 0.384102 -0.868542 0.313211 0.351361 -0.900025 0.257878 0.319045 -0.921998 0.219385 0.287184 -0.939514 0.186654 0.253394 -0.956623 0.143750 0.213967 -0.973796 0.077067 0.165523 -0.986019 -0.019194 0.107097 -0.984230 -0.140790 0.041852 -0.960705 -0.274397 -0.023297 -0.915003 -0.402774 -0.080664 -0.854889 -0.512501 -0.125175 -0.791065 -0.598788 -0.155869 -0.730736 -0.664628 -0.175541 -0.674682 -0.716930 -0.189356 -0.618397 -0.762712 -0.202782 -0.555572 -0.806362 -0.219516 -0.481731 -0.848380 -0.240515 -0.396319 -0.886049 -0.264589 -0.302659 -0.915637 -0.289791 -0.206339 -0.934583 -0.314041 -0.115352 -0.942376 -0.331723 -0.049644 -0.942070 0.352217 -0.054426 0.934334 0.377460 -0.117348 0.918561 0.405153 -0.205165 0.890931 0.431186 -0.292226 0.853629 0.454342 -0.372896 0.809025 0.474620 -0.448182 0.757541 0.491789 -0.520996 0.697644 0.504608 -0.593161 0.627320 0.510936 -0.663434 0.546626 0.508849 -0.727686 0.459942 0.498117 -0.781309 0.376080 0.480712 -0.822106 0.305053 0.459591 -0.851454 0.252591 0.436687 -0.873404 0.215571 0.411700 -0.893012 0.181749 0.382158 -0.914207 0.134835 0.344109 -0.936902 0.061676 0.293366 -0.955049 -0.042644 0.227869 -0.958274 -0.172588 0.150397 -0.937750 -0.313059 0.068986 -0.892766 -0.445208 -0.006462 -0.831720 -0.555158 -0.068668 -0.766236 -0.638880 -0.115126 -0.704314 -0.700492 -0.147734 -0.647408 -0.747688 -0.171293 -0.591578 -0.787841 -0.191443 -0.530818 -0.825580 -0.212499 -0.460578 -0.861807 -0.236191 -0.379879 -0.894375 -0.261979 -0.291370 -0.920038 -0.288425 -0.199948 -0.936393 -0.314126 -0.113234 -0.942604 -0.335509 -0.051440 -0.940631 0.352437 -0.054237 0.934262 0.380976 -0.112047 0.917771 0.412720 -0.196027 0.889514 0.443231 -0.280386 0.851428 0.471428 -0.358986 0.805534 0.497678 -0.432051 0.752096 0.522221 -0.501660 0.689654 0.544134 -0.569077 0.616499 0.561240 -0.633027 0.533185 0.571240 -0.689895 0.444668 0.573355 -0.735888 0.360184 0.569025 -0.769569 0.289782 0.560742 -0.792844 0.238676 0.549992 -0.810189 0.202737 0.536113 -0.827137 0.168602 0.516362 -0.848028 0.119242 0.486212 -0.872865 0.041278 0.440068 -0.895228 -0.070054 0.373792 -0.903781 -0.208468 0.288702 -0.888303 -0.357168 0.193408 -0.846987 -0.495183 0.100274 -0.788020 -0.607429 0.019317 -0.723443 -0.690114 -0.045084 -0.661855 -0.748275 -0.093849 -0.605416 -0.790357 -0.131294 -0.550975 -0.824129 -0.162854 -0.493190 -0.854542 -0.192894 -0.427777 -0.883062 -0.223396 -0.353505 -0.908366 -0.254167 -0.272340 -0.928025 -0.284179 -0.188315 -0.940095 -0.312635 -0.108379 -0.943670 -0.337612 -0.052833 -0.939801 0.355358 -0.051005 0.933338 0.386516 -0.102609 0.916557 0.422736 -0.180448 0.888106 0.458239 -0.260240 0.849877 0.491837 -0.335733 0.803355 0.524108 -0.406457 0.748400 0.555608 -0.473578 0.683391 0.585589 -0.537560 0.606724 0.611781 -0.596694 0.519308 0.631565 -0.647363 0.426669 0.643866 -0.686081 0.338717 0.650043 -0.711804 0.266045 0.652664 -0.726788 0.214029 0.653226 -0.735906 0.178153 0.650961 -0.745293 0.144178 0.642997 -0.760070 0.094067 0.624335 -0.781038 0.013637 0.587909 -0.802426 -0.102355 0.526951 -0.813055 -0.247516 0.440176 -0.801973 -0.403837 0.335640 -0.766019 -0.548234 0.227750 -0.712230 -0.663972 0.129490 -0.652114 -0.746980 0.047416 -0.594264 -0.802871 -0.018305 -0.541275 -0.840647 -0.071493 -0.490770 -0.868351 -0.117242 -0.438234 -0.891182 -0.159615 -0.379899 -0.911153 -0.200389 -0.314500 -0.927865 -0.239319 -0.243416 -0.939933 -0.275516 -0.169758 -0.946189 -0.308478 -0.099478 -0.946015 -0.336908 -0.052213 -0.940089 0.360612 -0.043507 0.931701 0.394171 -0.087897 0.914824 0.435601 -0.156564 0.886420 0.477031 -0.228823 0.848576 0.516960 -0.298886 0.802135 0.556042 -0.365825 0.746317 0.594947 -0.429993 0.679076 0.632865 -0.491029 0.598642 0.667178 -0.546619 0.506044 0.694762 -0.592816 0.407277 0.714230 -0.625992 0.313065 0.727136 -0.645028 0.234974 0.736655 -0.652089 0.179217 0.744864 -0.652010 0.141638 0.751285 -0.651146 0.107609 0.753148 -0.655285 0.058049 0.745296 -0.666357 -0.022393 0.719666 -0.680095 -0.139826 0.667196 -0.686864 -0.288214 0.583680 -0.676502 -0.449069 0.475549 -0.645238 -0.597931 0.358119 -0.598472 -0.716647 0.246753 -0.546077 -0.800570 0.150051 -0.495716 -0.855424 0.069255 -0.449906 -0.890386 0.001020 -0.406844 -0.913497 -0.059366 -0.362815 -0.929968 -0.115469 -0.314644 -0.942160 -0.168525 -0.261153 -0.950473 -0.217863 -0.203246 -0.954582 -0.262398 -0.143147 -0.954283 -0.301510 -0.085510 -0.949621 -0.333219 -0.047996 -0.941627 0.367034 -0.031463 0.929675 0.403163 -0.067624 0.912626 0.450345 -0.123655 0.884250 0.498392 -0.184531 0.847086 0.545441 -0.245587 0.801362 0.592195 -0.305775 0.745525 0.639323 -0.364877 0.676854 0.685743 -0.421890 0.593098 0.728168 -0.473992 0.495079 0.762573 -0.516857 0.389026 0.786945 -0.546496 0.286461 0.802997 -0.561358 0.200184 0.814843 -0.563077 0.137746 0.825698 -0.555873 0.096061 0.835826 -0.545617 0.060810 0.842758 -0.538154 0.012190 0.841393 -0.536333 -0.066375 0.823253 -0.537716 -0.181979 0.777982 -0.535188 -0.329116 0.699325 -0.520905 -0.489492 0.591980 -0.491810 -0.638500 0.470994 -0.451934 -0.757575 0.352749 -0.408856 -0.841668 0.247023 -0.368504 -0.896206 0.155727 -0.332801 -0.930050 0.075809 -0.300251 -0.950843 0.002870 -0.267810 -0.963468 -0.066088 -0.232817 -0.970272 -0.131542 -0.194159 -0.972111 -0.192092 -0.152303 -0.969487 -0.246120 -0.108638 -0.963132 -0.292472 -0.066280 -0.953974 -0.327307 -0.039259 -0.944102 0.373110 -0.015811 0.927652 0.412171 -0.042693 0.910106 0.465034 -0.082757 0.881416 0.519525 -0.128116 0.844796 0.573550 -0.175802 0.800084 0.627984 -0.224993 0.744993 0.683566 -0.275225 0.676010 0.738908 -0.325199 0.590136 0.789864 -0.371949 0.487615 0.831112 -0.411071 0.374532 0.859488 -0.438316 0.262980 0.876472 -0.451564 0.166997 0.887080 -0.451590 0.095681 0.895994 -0.441523 0.047460 0.904653 -0.426053 0.009019 0.911119 -0.410246 -0.039489 0.910420 -0.397230 -0.115519 0.894044 -0.386201 -0.227014 0.851378 -0.372847 -0.368973 0.775590 -0.352386 -0.523721 0.670550 -0.323410 -0.667660 0.550557 -0.289172 -0.783113 0.431637 -0.255019 -0.865249 0.323476 -0.224950 -0.919109 0.227872 -0.200118 -0.952904 0.141623 -0.179233 -0.973560 0.060380 -0.159827 -0.985297 -0.018412 -0.139648 -0.990030 -0.094436 -0.117545 -0.988567 -0.165377 -0.093507 -0.981788 -0.228802 -0.068106 -0.971088 -0.282676 -0.042744 -0.958263 -0.320559 -0.026208 -0.946866 0.377548 0.001416 0.925989 0.419860 -0.015175 0.907462 0.477566 -0.036790 0.877825 0.537183 -0.063131 0.841100 0.596612 -0.093243 0.797095 0.657113 -0.126764 0.743057 0.719729 -0.163270 0.674783 0.783008 -0.201552 0.588452 0.842095 -0.239042 0.483461 0.890290 -0.271897 0.365316 0.922871 -0.296129 0.246204 0.940472 -0.309217 0.141058 0.948519 -0.310911 0.060383 0.953013 -0.302901 0.004174 0.956757 -0.288198 -0.039467 0.958572 -0.270368 -0.089676 0.953706 -0.252039 -0.164076 0.933819 -0.233475 -0.271055 0.888755 -0.212845 -0.405969 0.812356 -0.188261 -0.551939 0.708787 -0.160011 -0.687035 0.591801 -0.130897 -0.795385 0.476353 -0.104490 -0.873023 0.371089 -0.083268 -0.924856 0.276946 -0.067898 -0.958484 0.190038 -0.057469 -0.980093 0.105646 -0.050183 -0.993137 0.021326 -0.044209 -0.998795 -0.062008 -0.038324 -0.997340 -0.141144 -0.032009 -0.989471 -0.212692 -0.025017 -0.976799 -0.273537 -0.016974 -0.961712 -0.314480 -0.010274 -0.949208 0.000000 0.000000 0.000000 0.410888 -0.006752 0.911661 0.470010 -0.017380 0.882490 0.532241 -0.031851 0.845993 0.593725 -0.050519 0.803081 0.655876 -0.073404 0.751291 0.720369 -0.100280 0.686304 0.786559 -0.130228 0.603627 0.850093 -0.161219 0.501349 0.903870 -0.190077 0.383262 0.941705 -0.213205 0.260260 0.962471 -0.227857 0.147415 0.970799 -0.233009 0.057071 0.973336 -0.229249 -0.007884 0.974247 -0.218282 -0.056526 0.973473 -0.202475 -0.106556 0.967003 -0.183984 -0.176226 0.947143 -0.163638 -0.275941 0.904096 -0.140863 -0.403445 0.831232 -0.115009 -0.543899 0.731474 -0.086911 -0.676308 0.617540 -0.059088 -0.784317 0.504306 -0.034482 -0.862837 0.400935 -0.015175 -0.915981 0.308716 -0.001929 -0.951152 0.223553 0.005708 -0.974675 0.140034 0.009014 -0.990106 0.054932 0.009526 -0.998445 -0.031258 0.008491 -0.999475 -0.115156 0.006682 -0.993325 -0.192811 0.004676 -0.981225 -0.261579 0.003434 -0.965176 -0.310187 0.006196 -0.950655 0.379282 -0.017865 0.925109 0.439966 -0.031744 0.897453 0.522622 -0.057121 0.850649 0.608188 -0.085679 0.789156 0.688944 -0.114262 0.715751 0.762139 -0.140120 0.632069 0.829441 -0.161172 0.534837 0.891942 -0.176000 0.416490 0.944705 -0.183208 0.271971 0.977461 -0.181063 0.108568 0.984403 -0.168571 -0.050339 0.973199 -0.146892 -0.176938 0.958557 -0.119084 -0.258818 0.946698 -0.089241 -0.309515 0.929979 -0.061909 -0.362361 0.892709 -0.040346 -0.448823 0.816943 -0.025244 -0.576165 0.691972 -0.015808 -0.721752 0.528381 -0.011176 -0.848934 0.355815 -0.010647 -0.934496 0.201267 -0.013316 -0.979446 0.074874 -0.017766 -0.997035 -0.027489 -0.021953 -0.999381 -0.115327 -0.023524 -0.993049 -0.195677 -0.020654 -0.980451 -0.266708 -0.014121 -0.963674 0.000000 0.000000 0.000000 0.379039 0.009432 0.925333 0.431771 0.004516 0.901972 0.508295 -0.003054 0.861178 0.592098 -0.015244 0.805722 0.674233 -0.030405 0.737892 0.751086 -0.046286 0.658580 0.823366 -0.060373 0.564291 0.891666 -0.070505 0.447169 0.950696 -0.075105 0.300892 0.988735 -0.072995 0.130669 0.997149 -0.063452 -0.040833 0.982003 -0.046501 -0.183049 0.960270 -0.022888 -0.278134 0.942681 0.005528 -0.333649 0.924436 0.034961 -0.379732 0.890461 0.060736 -0.450987 0.823031 0.079354 -0.562426 0.709671 0.088842 -0.698909 0.555883 0.088802 -0.826504 0.387165 0.080891 -0.918455 0.230944 0.067895 -0.970595 0.100247 0.052152 -0.993595 -0.006579 0.035314 -0.999355 -0.097828 0.019019 -0.995022 -0.180397 0.005214 -0.983580 -0.254195 -0.004236 -0.967144 -0.305836 -0.011824 -0.952011 0.374695 0.034802 0.926495 0.426798 0.047841 0.903081 0.498654 0.071559 0.863842 0.576751 0.092750 0.811638 0.653978 0.108701 0.748664 0.728183 0.119967 0.674802 0.800763 0.129056 0.584913 0.872019 0.138830 0.469371 0.935295 0.150527 0.320258 0.976365 0.162988 0.141940 0.983801 0.174317 -0.041814 0.962739 0.184877 -0.197368 0.932024 0.197830 -0.303635 0.905502 0.215926 -0.365298 0.880461 0.238255 -0.409905 0.842387 0.260413 -0.471772 0.774588 0.276570 -0.568791 0.666461 0.281054 -0.690535 0.523273 0.271001 -0.807926 0.367007 0.248636 -0.896374 0.221343 0.219054 -0.950275 0.097631 0.185957 -0.977695 -0.005824 0.150395 -0.988609 -0.096505 0.112466 -0.988958 -0.179976 0.073468 -0.980924 -0.254751 0.037842 -0.966266 -0.306115 0.015381 -0.951870 0.368764 0.052023 0.928066 0.419367 0.084097 0.903913 0.483501 0.137423 0.864490 0.550045 0.191000 0.813000 0.613752 0.238187 0.752712 0.674485 0.277947 0.683970 0.735352 0.312826 0.601163 0.797814 0.346348 0.493494 0.856030 0.379182 0.351330 0.896130 0.407102 0.176691 0.905583 0.424078 -0.008758 0.886857 0.429084 -0.171380 0.856677 0.428128 -0.287768 0.829023 0.428481 -0.359339 0.802731 0.432933 -0.410113 0.764525 0.439079 -0.471923 0.698969 0.440995 -0.562997 0.597378 0.431592 -0.675920 0.465664 0.407184 -0.785721 0.323617 0.370708 -0.870544 0.191678 0.328419 -0.924879 0.079091 0.284049 -0.955542 -0.016590 0.237064 -0.971352 -0.102704 0.185276 -0.977305 -0.183997 0.128561 -0.974483 -0.257945 0.072764 -0.963416 -0.309733 0.038127 -0.950059 0.365075 0.058849 0.929116 0.412893 0.108800 0.904258 0.468841 0.186250 0.863423 0.521953 0.266444 0.810292 0.567946 0.339530 0.749771 0.608249 0.402969 0.683848 0.647755 0.459401 0.607753 0.689779 0.513261 0.510655 0.730915 0.565438 0.382156 0.760603 0.610024 0.222158 0.768683 0.637799 0.048358 0.756159 0.645187 -0.109348 0.735339 0.638126 -0.228193 0.716796 0.625810 -0.307514 0.698573 0.613544 -0.368184 0.667957 0.601119 -0.438736 0.610538 0.583645 -0.535352 0.519068 0.554198 -0.650717 0.400194 0.509949 -0.761444 0.272604 0.455870 -0.847272 0.154658 0.400022 -0.903362 0.054002 0.346218 -0.936599 -0.032551 0.292062 -0.955845 -0.112403 0.232577 -0.966061 -0.189863 0.165431 -0.967773 -0.261777 0.096324 -0.960310 -0.314081 0.051630 -0.947991 0.366051 0.057598 0.928811 0.409801 0.121990 0.903981 0.459624 0.216415 0.861342 0.502154 0.315450 0.805191 0.532792 0.406947 0.741975 0.553301 0.486917 0.675848 0.569416 0.557831 0.603813 0.585987 0.624831 0.515951 0.602410 0.689506 0.402100 0.612554 0.745986 0.261309 0.610817 0.784363 0.108059 0.599399 0.799781 -0.032730 0.587456 0.796708 -0.141960 0.581247 0.783423 -0.220002 0.576147 0.765337 -0.286903 0.558612 0.742921 -0.368810 0.514414 0.711401 -0.478840 0.436890 0.663603 -0.607255 0.332910 0.597970 -0.729111 0.220418 0.522894 -0.823406 0.116447 0.450013 -0.885397 0.027591 0.384660 -0.922646 -0.049734 0.323429 -0.944944 -0.122813 0.258780 -0.958097 -0.195598 0.185824 -0.962918 -0.264507 0.108851 -0.958221 -0.316079 0.055520 -0.947107 0.370874 0.053233 0.927156 0.409503 0.127130 0.903408 0.455927 0.231775 0.859308 0.493186 0.342284 0.799756 0.515552 0.445173 0.732138 0.523801 0.535322 0.662618 0.522793 0.614841 0.590473 0.517456 0.689027 0.507427 0.509189 0.759797 0.404272 0.496034 0.821791 0.280375 0.477365 0.865993 0.148924 0.458247 0.888274 0.031298 0.446986 0.892669 -0.057837 0.446873 0.886139 -0.122730 0.450697 0.873090 -0.185973 0.443846 0.853271 -0.273734 0.412120 0.820106 -0.396968 0.348939 0.763859 -0.542919 0.260589 0.682410 -0.682942 0.163787 0.587393 -0.792555 0.074197 0.495422 -0.865478 -0.002497 0.415280 -0.909690 -0.070044 0.344276 -0.936252 -0.135383 0.273506 -0.952295 -0.202104 0.195971 -0.959557 -0.266341 0.114075 -0.957105 -0.314411 0.053314 -0.947789 0.375756 0.050214 0.925357 0.408340 0.128458 0.903746 0.452331 0.238188 0.859455 0.488224 0.354619 0.797423 0.509413 0.463581 0.724977 0.515235 0.559282 0.649413 0.508318 0.643609 0.572171 0.491645 0.721724 0.487237 0.466585 0.795238 0.387162 0.433837 0.858755 0.272629 0.397009 0.904229 0.157336 0.364434 0.929199 0.061454 0.344976 0.938605 -0.003495 0.340469 0.939103 -0.046542 0.342277 0.934756 -0.095271 0.335868 0.924871 -0.178344 0.308270 0.900551 -0.306556 0.253748 0.847750 -0.465760 0.177924 0.760934 -0.623957 0.095568 0.652612 -0.751641 0.020254 0.543914 -0.838897 -0.043619 0.448099 -0.892919 -0.100005 0.364847 -0.925681 -0.155445 0.285586 -0.945662 -0.213305 0.202448 -0.955780 -0.269826 0.116464 -0.955840 -0.310665 0.049882 -0.949210 0.376092 0.050087 0.925228 0.401566 0.128443 0.906778 0.440935 0.239770 0.864920 0.475099 0.358664 0.803518 0.497534 0.470663 0.728654 0.506581 0.569544 0.647298 0.502582 0.656944 0.561993 0.485772 0.737705 0.468846 0.455821 0.812791 0.362765 0.413864 0.876291 0.246638 0.365651 0.920757 0.136037 0.321470 0.945481 0.052174 0.290525 0.956848 0.006107 0.273912 0.961649 -0.014257 0.262977 0.963888 -0.041984 0.244998 0.963236 -0.110236 0.209894 0.949851 -0.231794 0.154272 0.906330 -0.393402 0.084107 0.822792 -0.562085 0.012251 0.709837 -0.704259 -0.050494 0.590666 -0.805335 -0.101628 0.482218 -0.870137 -0.145549 0.387086 -0.910483 -0.188468 0.298309 -0.935677 -0.233759 0.208564 -0.949662 -0.278482 0.118661 -0.953083 -0.308525 0.048562 -0.949976 0.369080 0.051236 0.927984 0.386012 0.126895 0.913724 0.415830 0.237001 0.878018 0.443554 0.355889 0.822558 0.463882 0.469471 0.751273 0.474733 0.571431 0.669399 0.474664 0.662927 0.578984 0.461659 0.747886 0.477009 0.433783 0.825929 0.360101 0.391829 0.889995 0.233192 0.341990 0.932760 0.114024 0.294477 0.955303 0.026054 0.257163 0.966215 -0.017216 0.229570 0.972937 -0.026279 0.203229 0.978459 -0.036275 0.168170 0.982033 -0.085619 0.118378 0.974293 -0.191678 0.054111 0.937318 -0.344247 -0.016949 0.858878 -0.511900 -0.083053 0.746940 -0.659684 -0.136140 0.624091 -0.769400 -0.175855 0.508677 -0.842807 -0.207138 0.405309 -0.890404 -0.235837 0.308855 -0.921406 -0.265430 0.213387 -0.940220 -0.294536 0.120541 -0.948007 -0.311514 0.049680 -0.948942 0.355214 0.050676 0.933410 0.361796 0.122068 0.924231 0.376055 0.227756 0.898170 0.390242 0.343391 0.854280 0.401386 0.456349 0.794126 0.407583 0.561091 0.720453 0.406100 0.658623 0.633481 0.393261 0.751710 0.529412 0.366163 0.837864 0.404855 0.325606 0.907514 0.265330 0.278037 0.951736 0.129980 0.233004 0.972168 0.024466 0.196467 0.979904 -0.034481 0.165788 0.984768 -0.052401 0.131533 0.989478 -0.060267 0.084943 0.991558 -0.097970 0.023346 0.981823 -0.188356 -0.048997 0.944016 -0.326242 -0.121885 0.866663 -0.483775 -0.183910 0.756573 -0.627515 -0.229216 0.634482 -0.738169 -0.259177 0.517847 -0.815268 -0.278866 0.411606 -0.867648 -0.293377 0.311727 -0.903746 -0.306035 0.213653 -0.927736 -0.317381 0.120205 -0.940649 -0.320850 0.051182 -0.945746 0.337887 0.046432 0.940041 0.332254 0.112703 0.936432 0.325880 0.210243 0.921737 0.319553 0.317787 0.892691 0.313455 0.425134 0.849122 0.306513 0.528661 0.791560 0.295294 0.630343 0.717962 0.274979 0.732724 0.622496 0.242210 0.831658 0.499679 0.198331 0.914298 0.353163 0.150506 0.967759 0.201968 0.107947 0.991401 0.073974 0.075059 0.997122 -0.010699 0.047591 0.997467 -0.052857 0.015141 0.996916 -0.076998 -0.031390 0.992380 -0.119148 -0.093574 0.974478 -0.204050 -0.164591 0.929158 -0.331023 -0.232396 0.847809 -0.476668 -0.286185 0.737994 -0.611116 -0.322068 0.618693 -0.716582 -0.342459 0.505169 -0.792165 -0.351724 0.401268 -0.845739 -0.353416 0.303040 -0.885022 -0.350046 0.206706 -0.913641 -0.343779 0.115890 -0.931872 -0.334836 0.050621 -0.940916 0.321486 0.038857 0.946117 0.302305 0.099394 0.948015 0.272787 0.185461 0.944029 0.241448 0.279611 0.929258 0.211851 0.374169 0.902838 0.184209 0.467963 0.864337 0.154848 0.565084 0.810371 0.118124 0.669631 0.733240 0.070572 0.778031 0.624249 0.014809 0.875792 0.482462 -0.040112 0.945334 0.323627 -0.084243 0.980659 0.176666 -0.114279 0.991274 0.065697 -0.135974 0.990696 -0.005642 -0.160432 0.985427 -0.056520 -0.197085 0.973308 -0.117599 -0.247435 0.945560 -0.211405 -0.303908 0.890578 -0.338395 -0.354593 0.803473 -0.478220 -0.390908 0.693701 -0.604954 -0.411592 0.578918 -0.703879 -0.419814 0.471833 -0.775325 -0.418493 0.374559 -0.827387 -0.408785 0.282583 -0.867780 -0.391507 0.192260 -0.899866 -0.369573 0.107315 -0.922984 -0.350024 0.046935 -0.935564 0.309192 0.030150 0.950522 0.276225 0.084374 0.957382 0.224198 0.157287 0.961767 0.167196 0.234625 0.957599 0.111880 0.310317 0.944027 0.059931 0.384961 0.920985 0.007636 0.464726 0.885421 -0.051572 0.556182 0.829459 -0.121556 0.658719 0.742505 -0.198317 0.760192 0.618690 -0.269753 0.841903 0.467367 -0.323254 0.892526 0.314492 -0.355208 0.916023 0.186359 -0.372619 0.923547 0.090645 -0.387521 0.921778 0.012371 -0.409573 0.909233 -0.074472 -0.440069 0.877982 -0.188382 -0.471397 0.818819 -0.327599 -0.493540 0.730568 -0.471900 -0.502134 0.624837 -0.597863 -0.499831 0.518310 -0.693919 -0.490971 0.421397 -0.762478 -0.476928 0.334585 -0.812769 -0.456050 0.252722 -0.853317 -0.426778 0.171975 -0.887854 -0.391697 0.095608 -0.915114 -0.363202 0.040867 -0.930814 0.301768 0.022644 0.953112 0.256085 0.069978 0.964118 0.184658 0.130161 0.974146 0.104821 0.190768 0.976023 0.025803 0.246013 0.968923 -0.049099 0.296724 0.953700 -0.123301 0.349753 0.928693 -0.204210 0.413239 0.887430 -0.296529 0.489688 0.819925 -0.395830 0.571833 0.718559 -0.487875 0.645476 0.587656 -0.557225 0.699566 0.447334 -0.598515 0.733947 0.321094 -0.618508 0.755233 0.216956 -0.629430 0.767462 0.121737 -0.640653 0.767730 0.012461 -0.652440 0.747413 -0.125283 -0.656637 0.698131 -0.285378 -0.645707 0.620905 -0.444454 -0.620860 0.528705 -0.578795 -0.589882 0.437450 -0.678732 -0.559173 0.355978 -0.748736 -0.529233 0.283860 -0.799585 -0.496004 0.215727 -0.841096 -0.455499 0.147632 -0.877910 -0.409233 0.082149 -0.908724 -0.372874 0.033999 -0.927259 0.297945 0.017206 0.954428 0.241667 0.057038 0.968682 0.155081 0.106196 0.982177 0.057098 0.153171 0.986549 -0.041142 0.191597 0.980611 -0.134686 0.221027 0.965923 -0.226067 0.247085 0.942254 -0.322706 0.277667 0.904855 -0.429570 0.316921 0.845595 -0.542098 0.361863 0.758409 -0.645802 0.404693 0.647428 -0.725397 0.439646 0.529632 -0.775748 0.467711 0.423628 -0.803420 0.493613 0.332961 -0.819953 0.519000 0.241486 -0.833115 0.538703 0.125377 -0.839974 0.541884 -0.028378 -0.829041 0.518329 -0.209826 -0.793197 0.467704 -0.389989 -0.738911 0.401727 -0.540949 -0.680020 0.334974 -0.652201 -0.626225 0.275445 -0.729364 -0.578448 0.222768 -0.784711 -0.531407 0.172086 -0.829453 -0.479452 0.119666 -0.869371 -0.423029 0.067404 -0.903606 -0.379403 0.027351 -0.924827 0.295852 0.012889 0.955147 0.231637 0.044416 0.971788 0.134144 0.083909 0.987403 0.023028 0.121050 0.992379 -0.089432 0.149073 0.984774 -0.196966 0.165625 0.966319 -0.300927 0.173531 0.937726 -0.407782 0.178469 0.895468 -0.521455 0.184477 0.833098 -0.636265 0.191325 0.747370 -0.737814 0.196422 0.645793 -0.813217 0.199475 0.546706 -0.860675 0.204763 0.466167 -0.889153 0.218142 0.402270 -0.911468 0.241538 0.332994 -0.935014 0.269789 0.230138 -0.953252 0.291966 0.077890 -0.948107 0.296669 -0.114367 -0.907383 0.279887 -0.313559 -0.838661 0.248358 -0.484734 -0.761052 0.213023 -0.612716 -0.688725 0.180627 -0.702162 -0.624620 0.151303 -0.766132 -0.563823 0.121271 -0.816943 -0.500369 0.087353 -0.861394 -0.434387 0.050774 -0.899294 -0.384021 0.020717 -0.923092 0.294355 0.007964 0.955663 0.224953 0.030010 0.973907 0.120439 0.059485 0.990937 0.000895 0.088608 0.996066 -0.121059 0.111375 0.986377 -0.238552 0.124211 0.963153 -0.352099 0.126855 0.927326 -0.466950 0.121388 0.875913 -0.585123 0.109782 0.803479 -0.698661 0.092480 0.709450 -0.792327 0.069826 0.606087 -0.855363 0.044883 0.516081 -0.889628 0.024307 0.456039 -0.907440 0.015760 0.419886 -0.925097 0.022857 0.379042 -0.952968 0.042050 0.300138 -0.984371 0.064888 0.163715 -0.996283 0.082540 -0.024651 -0.968380 0.090022 -0.232673 -0.903114 0.088614 -0.420157 -0.820707 0.083370 -0.565234 -0.739024 0.078048 -0.669143 -0.663866 0.072611 -0.744318 -0.591961 0.064282 -0.803399 -0.518335 0.050473 -0.853687 -0.443860 0.031552 -0.895541 -0.387622 0.013206 -0.921724 0.293420 0.001419 0.955983 0.221472 0.012469 0.975087 0.113666 0.029660 0.993076 -0.009705 0.049287 0.998737 -0.136446 0.067505 0.988345 -0.259944 0.080960 0.962224 -0.380585 0.087492 0.920598 -0.502810 0.086022 0.860106 -0.626818 0.075771 0.775473 -0.742123 0.055957 0.667924 -0.831967 0.026848 0.554175 -0.886532 -0.008808 0.462583 -0.909436 -0.045245 0.413375 -0.913934 -0.074415 0.398982 -0.918911 -0.089956 0.384071 -0.939815 -0.091933 0.329083 -0.973557 -0.085070 0.212014 -0.996621 -0.073888 0.035883 -0.983555 -0.060974 -0.170004 -0.929998 -0.047392 -0.364496 -0.852886 -0.033284 -0.521035 -0.770732 -0.018782 -0.636883 -0.691183 -0.005043 -0.722662 -0.612700 0.005648 -0.790296 -0.531863 0.011015 -0.846759 -0.450978 0.010187 -0.892477 -0.390245 0.004448 -0.920700 0.293498 -0.006259 0.955939 0.221534 -0.007674 0.975123 0.114227 -0.005857 0.993437 -0.008151 0.000347 0.999967 -0.134466 0.010101 0.990867 -0.259233 0.021400 0.965578 -0.383555 0.031628 0.922976 -0.511732 0.038169 0.858297 -0.642643 0.038901 0.765177 -0.763537 0.032395 0.644951 -0.855953 0.017978 0.516741 -0.910556 -0.004427 0.413363 -0.932242 -0.034275 0.360209 -0.932991 -0.068791 0.353263 -0.929437 -0.101933 0.354621 -0.939439 -0.128146 0.317858 -0.965233 -0.145343 0.217258 -0.986760 -0.152655 0.054778 -0.978508 -0.149357 -0.142176 -0.932652 -0.136565 -0.333932 -0.862144 -0.117319 -0.492893 -0.783544 -0.094622 -0.614089 -0.704333 -0.070640 -0.706347 -0.623682 -0.047294 -0.780246 -0.539328 -0.026713 -0.841672 -0.454929 -0.011265 -0.890456 -0.391507 -0.004638 -0.920163 0.294705 -0.013580 0.955492 0.225145 -0.028269 0.973915 0.121985 -0.044147 0.991550 0.005402 -0.055504 0.998444 -0.114810 -0.060136 0.991566 -0.234931 -0.058401 0.970256 -0.357701 -0.052689 0.932348 -0.488386 -0.045966 0.871416 -0.625728 -0.039962 0.779017 -0.755384 -0.034734 0.654362 -0.856266 -0.030233 0.515650 -0.917434 -0.028451 0.396870 -0.944588 -0.033907 0.326503 -0.950627 -0.051358 0.306057 -0.949418 -0.081169 0.303343 -0.955257 -0.117155 0.271585 -0.971930 -0.150552 0.180791 -0.984290 -0.173924 0.030379 -0.970987 -0.182868 -0.154089 -0.925090 -0.177736 -0.335588 -0.857419 -0.162616 -0.488251 -0.781977 -0.141512 -0.607031 -0.704846 -0.116352 -0.699753 -0.624912 -0.087991 -0.775721 -0.540308 -0.058009 -0.839466 -0.455435 -0.030007 -0.889763 -0.391403 -0.012225 -0.920138 0.296623 -0.019353 0.954798 0.231648 -0.046954 0.971666 0.135598 -0.081008 0.987447 0.028731 -0.112237 0.993266 -0.080240 -0.135908 0.987467 -0.189334 -0.151070 0.970222 -0.303359 -0.160031 0.939342 -0.429646 -0.165930 0.887621 -0.568823 -0.169367 0.804833 -0.707350 -0.167378 0.686761 -0.822057 -0.156830 0.547382 -0.897517 -0.139484 0.418338 -0.936424 -0.122928 0.328632 -0.951920 -0.116572 0.283302 -0.957963 -0.125931 0.257775 -0.965811 -0.148449 0.212535 -0.977373 -0.174888 0.118976 -0.980502 -0.194870 -0.025324 -0.959222 -0.202047 -0.197660 -0.909877 -0.196689 -0.365291 -0.842750 -0.183303 -0.506135 -0.769697 -0.165404 -0.616610 -0.695275 -0.143098 -0.704355 -0.617841 -0.114829 -0.777873 -0.535540 -0.080561 -0.840659 -0.452944 -0.044170 -0.890444 -0.390619 -0.016909 -0.920397 0.298902 -0.023687 0.953990 0.240231 -0.062610 0.968695 0.153185 -0.113491 0.981659 0.058243 -0.164407 0.984672 -0.036326 -0.208656 0.977314 -0.129500 -0.244417 0.960984 -0.227538 -0.274350 0.934322 -0.339802 -0.302307 0.890587 -0.470002 -0.328370 0.819311 -0.608445 -0.346590 0.713911 -0.733582 -0.349102 0.583082 -0.826401 -0.334373 0.453052 -0.883581 -0.310271 0.350738 -0.914767 -0.288462 0.282828 -0.932885 -0.276899 0.230329 -0.947588 -0.275571 0.161670 -0.959301 -0.277176 0.053985 -0.957666 -0.272414 -0.093097 -0.931363 -0.256693 -0.258208 -0.880350 -0.233029 -0.413136 -0.815098 -0.207915 -0.540729 -0.745819 -0.184742 -0.640019 -0.675803 -0.161343 -0.719207 -0.603011 -0.132763 -0.786607 -0.525570 -0.096080 -0.845307 -0.447936 -0.054066 -0.892429 -0.389943 -0.018945 -0.920644 0.302098 -0.027853 0.952870 0.250860 -0.075760 0.965054 0.173865 -0.141136 0.974603 0.091321 -0.209758 0.973479 0.011615 -0.273277 0.961865 -0.064075 -0.329130 0.942108 -0.142057 -0.380409 0.913843 -0.232426 -0.432011 0.871404 -0.341234 -0.484506 0.805489 -0.463477 -0.530649 0.709649 -0.582907 -0.559042 0.589654 -0.681886 -0.563729 0.466091 -0.753258 -0.549658 0.361218 -0.801758 -0.527646 0.280666 -0.837084 -0.505865 0.208303 -0.866405 -0.485141 0.118242 -0.888241 -0.459332 -0.006454 -0.892539 -0.420923 -0.161858 -0.870608 -0.369050 -0.325337 -0.824955 -0.311946 -0.471316 -0.766608 -0.260308 -0.586985 -0.705076 -0.219119 -0.674429 -0.643073 -0.185178 -0.743079 -0.578469 -0.150655 -0.801671 -0.509391 -0.109380 -0.853555 -0.439952 -0.062031 -0.895876 -0.389216 -0.020341 -0.920922 0.307849 -0.033082 0.950860 0.264739 -0.087684 0.960325 0.198800 -0.165151 0.966025 0.128385 -0.248858 0.959993 0.062025 -0.328900 0.942326 0.001904 -0.401840 0.915708 -0.056857 -0.470806 0.880403 -0.123377 -0.541338 0.831704 -0.204312 -0.614602 0.761919 -0.297888 -0.683350 0.666555 -0.393409 -0.735313 0.551855 -0.478084 -0.762660 0.435644 -0.545885 -0.767735 0.335548 -0.599891 -0.758754 0.253819 -0.647618 -0.741849 0.173930 -0.693908 -0.716421 0.072334 -0.734930 -0.675097 -0.064202 -0.758882 -0.610090 -0.227790 -0.756050 -0.523438 -0.392939 -0.728317 -0.429354 -0.534050 -0.686315 -0.344292 -0.640652 -0.639589 -0.276446 -0.717289 -0.591388 -0.223272 -0.774861 -0.540208 -0.175698 -0.822986 -0.484367 -0.125306 -0.865845 -0.427316 -0.070845 -0.901322 -0.386774 -0.023567 -0.921874 0.317946 -0.039299 0.947294 0.283661 -0.098986 0.953802 0.230611 -0.186396 0.955026 0.172751 -0.282530 0.943575 0.118050 -0.376053 0.919047 0.069845 -0.462520 0.883853 0.025599 -0.544562 0.838330 -0.021424 -0.627551 0.778281 -0.076865 -0.712512 0.697437 -0.140269 -0.792170 0.593963 -0.204593 -0.854863 0.476814 -0.261477 -0.893861 0.364201 -0.308086 -0.911897 0.271157 -0.349220 -0.916248 0.196303 -0.393408 -0.911428 0.120533 -0.445907 -0.894866 0.019553 -0.502821 -0.856128 -0.119232 -0.551287 -0.783657 -0.286293 -0.578227 -0.678168 -0.453589 -0.580741 -0.557349 -0.593381 -0.566091 -0.443443 -0.694909 -0.543079 -0.349047 -0.763696 -0.515974 -0.273735 -0.811690 -0.484595 -0.208905 -0.849427 -0.447789 -0.145588 -0.882207 -0.408007 -0.081812 -0.909306 -0.380075 -0.029739 -0.924477 0.332800 -0.044866 0.941929 0.308483 -0.108816 0.944985 0.271198 -0.203909 0.940677 0.227903 -0.309516 0.923179 0.184788 -0.413312 0.891643 0.145703 -0.509983 0.847755 0.110401 -0.601339 0.791330 0.075106 -0.691872 0.718103 0.036256 -0.781556 0.622780 -0.005439 -0.862400 0.506198 -0.044368 -0.923493 0.381041 -0.074339 -0.960557 0.267963 -0.094648 -0.978814 0.181564 -0.112443 -0.986656 0.117752 -0.138981 -0.988824 0.053958 -0.182110 -0.982590 -0.036787 -0.240631 -0.955877 -0.168509 -0.303942 -0.892837 -0.332358 -0.357684 -0.788963 -0.499600 -0.393147 -0.660136 -0.640044 -0.411365 -0.531321 -0.740592 -0.418192 -0.419095 -0.805900 -0.418043 -0.325886 -0.847961 -0.411966 -0.244792 -0.877702 -0.399376 -0.167854 -0.901290 -0.381303 -0.093884 -0.919671 -0.367341 -0.037650 -0.929324 0.350420 -0.047702 0.935377 0.337754 -0.115414 0.934132 0.319378 -0.215280 0.922850 0.293842 -0.326460 0.898377 0.264412 -0.436522 0.859962 0.234390 -0.539858 0.808465 0.204885 -0.637595 0.742627 0.174524 -0.733040 0.657415 0.141844 -0.824490 0.547810 0.108633 -0.902478 0.416813 0.080998 -0.956313 0.280898 0.065785 -0.984237 0.164162 0.064247 -0.994513 0.082560 0.068252 -0.997191 0.030863 0.063503 -0.997837 -0.017009 0.038543 -0.995009 -0.092041 -0.009056 -0.977498 -0.210752 -0.072715 -0.927855 -0.365785 -0.140082 -0.836857 -0.529195 -0.199478 -0.715429 -0.669604 -0.246044 -0.586955 -0.771328 -0.281363 -0.469361 -0.836979 -0.308668 -0.367102 -0.877473 -0.329454 -0.275164 -0.903186 -0.343273 -0.187407 -0.920349 -0.349197 -0.104462 -0.931208 -0.349223 -0.044454 -0.935985 0.366839 -0.047008 0.929096 0.367596 -0.117595 0.922521 0.370118 -0.218660 0.902884 0.365156 -0.330452 0.870323 0.352552 -0.441475 0.825110 0.334205 -0.546804 0.767666 0.311393 -0.647612 0.695437 0.283820 -0.746396 0.601946 0.250938 -0.839739 0.481527 0.215044 -0.916137 0.338304 0.183408 -0.964161 0.191718 0.165703 -0.983747 0.069169 0.166986 -0.985897 -0.011065 0.181386 -0.981964 -0.053349 0.192986 -0.977437 -0.085868 0.186063 -0.971904 -0.144162 0.153888 -0.956436 -0.248090 0.098941 -0.914744 -0.391731 0.030455 -0.835863 -0.548092 -0.039673 -0.726657 -0.685854 -0.103197 -0.607002 -0.787972 -0.158308 -0.493449 -0.855247 -0.206831 -0.390596 -0.897026 -0.250242 -0.294436 -0.922327 -0.287854 -0.200472 -0.936457 -0.316482 -0.111295 -0.942047 -0.329292 -0.047638 -0.943026 0.377949 -0.044258 0.924768 0.393164 -0.115992 0.912123 0.416224 -0.214810 0.883524 0.432513 -0.322186 0.842098 0.438809 -0.428187 0.790002 0.435414 -0.529481 0.728056 0.423096 -0.628406 0.652760 0.401479 -0.727827 0.555952 0.369328 -0.823580 0.430480 0.327649 -0.902287 0.280223 0.283626 -0.950604 0.126130 0.249795 -0.968296 -0.002110 0.236583 -0.967949 -0.084286 0.243734 -0.962007 -0.123026 0.257740 -0.955096 -0.146155 0.260325 -0.946243 -0.191978 0.239969 -0.928428 -0.283612 0.194838 -0.887995 -0.416537 0.131205 -0.814958 -0.564472 0.060210 -0.714688 -0.696847 -0.008622 -0.604239 -0.796756 -0.071965 -0.497762 -0.864323 -0.131262 -0.398613 -0.907677 -0.188411 -0.302734 -0.934266 -0.242705 -0.206558 -0.947855 -0.289065 -0.114086 -0.950487 -0.312730 -0.046942 -0.948681 0.381697 -0.042511 0.923310 0.410879 -0.112920 0.904670 0.451583 -0.207271 0.867820 0.486940 -0.306867 0.817755 0.511547 -0.403085 0.758843 0.524526 -0.494373 0.693158 0.526308 -0.584998 0.617072 0.516254 -0.679606 0.521169 0.491662 -0.775244 0.396566 0.450503 -0.858302 0.245691 0.397392 -0.913301 0.089220 0.345612 -0.937428 -0.042212 0.309822 -0.942219 -0.127413 0.295700 -0.940368 -0.168134 0.295184 -0.936195 -0.190800 0.291781 -0.927664 -0.233030 0.271471 -0.908163 -0.318660 0.228760 -0.866341 -0.443985 0.167573 -0.794529 -0.583646 0.098403 -0.698647 -0.708667 0.031009 -0.594319 -0.803632 -0.031405 -0.493626 -0.869107 -0.091365 -0.398474 -0.912618 -0.152275 -0.304366 -0.940305 -0.214224 -0.208135 -0.954352 -0.271273 -0.114556 -0.955661 -0.303743 -0.044754 -0.951702 0.379257 -0.044251 0.924233 0.420110 -0.110682 0.900698 0.473954 -0.200055 0.857523 0.524084 -0.291335 0.800288 0.563820 -0.376234 0.735225 0.591672 -0.454192 0.666059 0.608347 -0.531046 0.589834 0.613649 -0.613740 0.496747 0.604058 -0.702271 0.376737 0.574325 -0.785536 0.230402 0.524559 -0.847924 0.076564 0.465653 -0.883263 -0.054893 0.413673 -0.899162 -0.142769 0.378074 -0.906295 -0.188917 0.355489 -0.908724 -0.218740 0.333277 -0.904269 -0.266879 0.298363 -0.886234 -0.354357 0.244339 -0.844594 -0.476403 0.174814 -0.773980 -0.608600 0.100971 -0.681568 -0.724755 0.033045 -0.582205 -0.812370 -0.026480 -0.486328 -0.873375 -0.082213 -0.394764 -0.915097 -0.140215 -0.302849 -0.942668 -0.202517 -0.207762 -0.956986 -0.263734 -0.114792 -0.957741 -0.303240 -0.044523 -0.951874 0.374404 -0.049161 0.925962 0.423285 -0.109394 0.899368 0.485696 -0.194181 0.852287 0.545896 -0.278829 0.790096 0.596515 -0.354386 0.720126 0.635830 -0.419991 0.647555 0.665286 -0.481594 0.570493 0.685840 -0.547414 0.479542 0.694373 -0.620510 0.364435 0.683913 -0.694130 0.224604 0.650411 -0.755717 0.076527 0.600365 -0.798016 -0.052270 0.547940 -0.824380 -0.141984 0.503249 -0.841782 -0.195304 0.465088 -0.852964 -0.236950 0.423492 -0.855517 -0.297902 0.367132 -0.842439 -0.394347 0.290738 -0.804332 -0.518191 0.200115 -0.737740 -0.644743 0.109474 -0.651211 -0.750960 0.031148 -0.558983 -0.828594 -0.032165 -0.469934 -0.882115 -0.086753 -0.383956 -0.919267 -0.141605 -0.296391 -0.944511 -0.201591 -0.204810 -0.957817 -0.263224 -0.114994 -0.957857 -0.308308 -0.048110 -0.950069 0.371337 -0.053481 0.926957 0.424343 -0.105953 0.899282 0.492081 -0.185646 0.850524 0.559013 -0.265151 0.785620 0.617190 -0.334609 0.712119 0.664723 -0.391921 0.636035 0.703859 -0.441457 0.556506 0.736866 -0.490679 0.465040 0.761622 -0.544073 0.352017 0.770965 -0.598827 0.216839 0.758768 -0.647085 0.074510 0.727998 -0.683744 -0.050124 0.689520 -0.710628 -0.139890 0.651426 -0.732053 -0.199355 0.611825 -0.749337 -0.253307 0.560909 -0.759350 -0.329801 0.487411 -0.754147 -0.440105 0.386811 -0.723940 -0.571216 0.268322 -0.666087 -0.695939 0.151339 -0.589947 -0.793133 0.052175 -0.509199 -0.859066 -0.024847 -0.431433 -0.901803 -0.086357 -0.355780 -0.930571 -0.143244 -0.277544 -0.949974 -0.203035 -0.194426 -0.959675 -0.264713 -0.112329 -0.957763 -0.313958 -0.053872 -0.947907 0.372213 -0.051718 0.926705 0.426345 -0.095214 0.899536 0.497975 -0.166751 0.851008 0.570500 -0.239721 0.785534 0.635174 -0.304110 0.709980 0.689648 -0.356533 0.630294 0.736548 -0.398879 0.546253 0.779023 -0.436112 0.450477 0.815694 -0.471902 0.334591 0.839662 -0.505336 0.199006 0.844447 -0.532401 0.058810 0.831948 -0.551317 -0.062549 0.811277 -0.564993 -0.150373 0.788317 -0.577650 -0.211839 0.759037 -0.590915 -0.273280 0.711627 -0.602096 -0.362032 0.632281 -0.603148 -0.486244 0.514701 -0.583766 -0.627933 0.370446 -0.540509 -0.755393 0.225059 -0.481470 -0.847075 0.100332 -0.418635 -0.902595 0.003266 -0.358314 -0.933595 -0.072066 -0.299365 -0.951413 -0.137096 -0.237328 -0.961707 -0.200873 -0.169815 -0.964787 -0.264299 -0.102003 -0.959032 -0.316101 -0.056979 -0.947013 0.375970 -0.039821 0.925776 0.429736 -0.072855 0.900011 0.504755 -0.130289 0.853374 0.583002 -0.191337 0.789619 0.654879 -0.247292 0.714129 0.717208 -0.294159 0.631730 0.772203 -0.331504 0.542040 0.822930 -0.361236 0.438514 0.867842 -0.384850 0.314231 0.899746 -0.401351 0.171388 0.912336 -0.408565 0.026780 0.908487 -0.406868 -0.095447 0.898218 -0.400360 -0.181431 0.887050 -0.394167 -0.240362 0.869440 -0.391684 -0.301095 0.831545 -0.392683 -0.392852 0.756380 -0.391800 -0.523815 0.633717 -0.380690 -0.673407 0.474193 -0.355160 -0.805607 0.307433 -0.319516 -0.896323 0.160587 -0.281524 -0.946021 0.043921 -0.245276 -0.968458 -0.047082 -0.209592 -0.976655 -0.123348 -0.170761 -0.977561 -0.194132 -0.126410 -0.972797 -0.261069 -0.080032 -0.961997 -0.313767 -0.052021 -0.948074 0.000000 0.000000 0.000000 0.417259 -0.051182 0.907345 0.491128 -0.097603 0.865602 0.572380 -0.151003 0.805965 0.649477 -0.202395 0.732950 0.717698 -0.247541 0.650871 0.778085 -0.284668 0.559953 0.833613 -0.313872 0.454504 0.883340 -0.335331 0.327510 0.920186 -0.347691 0.179913 0.936741 -0.348938 0.027555 0.934850 -0.339467 -0.104008 0.925593 -0.323227 -0.196980 0.917060 -0.305492 -0.256273 0.905393 -0.290641 -0.309501 0.877153 -0.280614 -0.389690 0.814582 -0.273163 -0.511701 0.703457 -0.262637 -0.660431 0.547998 -0.244841 -0.799844 0.375316 -0.221202 -0.900115 0.216164 -0.196518 -0.956375 0.085869 -0.173697 -0.981048 -0.016847 -0.151755 -0.988275 -0.101761 -0.127328 -0.986627 -0.178663 -0.097439 -0.979074 -0.251748 -0.061989 -0.965806 -0.309174 -0.036308 -0.950312 0.409460 0.025016 0.911985 0.501399 0.033679 0.864561 0.609757 0.050818 0.790958 0.711912 0.064103 0.699337 0.806386 0.071014 0.587111 0.886276 0.070948 0.457692 0.943560 0.064542 0.324851 0.977548 0.053141 0.203904 0.994627 0.038596 0.096056 0.999593 0.023477 -0.016195 0.987951 0.010853 -0.154385 0.946531 0.003462 -0.322595 0.866504 0.002865 -0.499162 0.758027 0.008771 -0.652164 0.644017 0.019082 -0.764773 0.538230 0.030798 -0.842235 0.435585 0.040978 -0.899214 0.322330 0.047373 -0.945441 0.191842 0.048539 -0.980225 0.050523 0.043677 -0.997767 -0.089066 0.033028 -0.995478 -0.212821 0.020655 -0.976873 0.000000 0.000000 0.000000 0.409116 0.032774 0.911894 0.493709 0.048708 0.868262 0.598371 0.077371 0.797475 0.698515 0.106701 0.707596 0.789925 0.131685 0.598896 0.867514 0.149435 0.474436 0.924695 0.158176 0.346294 0.960547 0.157719 0.229073 0.980801 0.149592 0.125103 0.990456 0.136665 0.017875 0.985762 0.122118 -0.115591 0.953021 0.108083 -0.282964 0.880098 0.095708 -0.465046 0.773532 0.086315 -0.627852 0.656918 0.081278 -0.749568 0.548596 0.080544 -0.832199 0.447455 0.081922 -0.890546 0.339898 0.082022 -0.936879 0.216131 0.077910 -0.973251 0.079079 0.068016 -0.994545 -0.059899 0.052197 -0.996839 -0.187825 0.032889 -0.981652 -0.276634 0.023590 -0.960686 0.409230 0.032253 0.911861 0.494034 0.067043 0.866854 0.598708 0.116655 0.792427 0.695567 0.170132 0.698027 0.779184 0.222174 0.586098 0.845319 0.267874 0.462255 0.890377 0.302279 0.340376 0.916918 0.322795 0.234660 0.932704 0.330437 0.144484 0.943066 0.328952 0.049169 0.943608 0.321853 -0.077549 0.919030 0.308954 -0.244810 0.854326 0.287547 -0.432949 0.753148 0.258262 -0.605036 0.638485 0.227081 -0.735372 0.530414 0.200110 -0.823782 0.430108 0.178637 -0.884927 0.325358 0.159424 -0.932055 0.206269 0.138228 -0.968683 0.074431 0.112683 -0.990839 -0.060508 0.082505 -0.994752 -0.186636 0.049435 -0.981185 -0.276730 0.027090 -0.960566 0.409978 0.030435 0.911587 0.490572 0.079442 0.867772 0.593221 0.143413 0.792163 0.687123 0.212500 0.694770 0.764776 0.281976 0.579316 0.821276 0.345956 0.453674 0.854420 0.397762 0.334293 0.869174 0.434072 0.236892 0.875121 0.456672 0.160044 0.878737 0.470579 0.079852 0.876971 0.479352 -0.033832 0.855779 0.479850 -0.193356 0.799532 0.463932 -0.381466 0.708297 0.428411 -0.561052 0.601088 0.380698 -0.702682 0.496838 0.331697 -0.801953 0.398383 0.286658 -0.871274 0.296105 0.244155 -0.923423 0.181753 0.200813 -0.962621 0.056761 0.155369 -0.986224 -0.070698 0.108540 -0.991575 -0.190266 0.061565 -0.979800 -0.276343 0.025249 -0.960727 0.407962 0.033562 0.912382 0.480542 0.092500 0.872080 0.577754 0.167745 0.798788 0.668003 0.248107 0.701580 0.741996 0.329196 0.584014 0.793455 0.404321 0.454922 0.819959 0.465737 0.332802 0.826811 0.510583 0.235984 0.823488 0.542797 0.165043 0.816375 0.569500 0.095927 0.804038 0.594564 -0.003981 0.775973 0.612558 -0.150463 0.719609 0.610840 -0.330208 0.634354 0.581714 -0.509121 0.535059 0.530927 -0.657136 0.437163 0.470749 -0.766344 0.343233 0.408457 -0.845786 0.245699 0.344187 -0.906183 0.138404 0.276487 -0.950999 0.023340 0.206988 -0.978065 -0.092382 0.139282 -0.985934 -0.200138 0.075762 -0.976834 -0.276305 0.025157 -0.960741 0.398832 0.043034 0.916014 0.460132 0.109345 0.881091 0.545886 0.195846 0.814649 0.628118 0.287650 0.722997 0.697095 0.380144 0.607906 0.745453 0.465387 0.477194 0.769792 0.534011 0.349647 0.774244 0.583266 0.245658 0.766492 0.619494 0.169461 0.751009 0.652573 0.100664 0.726331 0.687302 0.007701 0.685322 0.717042 -0.127220 0.620456 0.726783 -0.294653 0.533752 0.706356 -0.464940 0.438223 0.659703 -0.610535 0.345924 0.598071 -0.722944 0.258075 0.527937 -0.809123 0.168129 0.448926 -0.877609 0.071479 0.360504 -0.930015 -0.029432 0.267304 -0.963163 -0.128433 0.176898 -0.975813 -0.218853 0.094804 -0.971141 -0.280263 0.031181 -0.959417 0.380940 0.055183 0.922951 0.427832 0.128109 0.894734 0.493974 0.226317 0.839506 0.559824 0.330839 0.759699 0.617254 0.436926 0.654288 0.659035 0.535416 0.528207 0.681013 0.614547 0.398187 0.685438 0.670099 0.284853 0.677337 0.709189 0.195615 0.658469 0.743694 0.115491 0.625908 0.779699 0.017563 0.574198 0.810626 -0.114817 0.500265 0.821297 -0.274237 0.409726 0.801912 -0.434812 0.315526 0.756683 -0.572603 0.227610 0.696012 -0.681000 0.146245 0.624252 -0.767412 0.065745 0.538556 -0.840021 -0.017336 0.437184 -0.899205 -0.100464 0.326033 -0.940005 -0.178557 0.215959 -0.959937 -0.247198 0.116388 -0.961950 -0.291388 0.042494 -0.955661 0.357219 0.064651 0.931781 0.386599 0.144187 0.910907 0.425072 0.252643 0.869187 0.464246 0.368399 0.805455 0.499493 0.487285 0.716282 0.525612 0.600041 0.603061 0.539210 0.692991 0.478556 0.541127 0.759397 0.361245 0.533428 0.804983 0.259726 0.514803 0.841583 0.163452 0.480379 0.875570 0.051121 0.425212 0.900592 -0.090161 0.349157 0.902522 -0.252078 0.260345 0.874117 -0.410049 0.171426 0.822362 -0.542526 0.090643 0.758608 -0.645211 0.017872 0.685778 -0.727592 -0.051281 0.598198 -0.799706 -0.118891 0.491547 -0.862697 -0.182311 0.370798 -0.910643 -0.237517 0.247991 -0.939194 -0.282365 0.135441 -0.949698 -0.309398 0.054562 -0.949366 0.333731 0.068411 0.940183 0.343128 0.153986 0.926580 0.349062 0.269025 0.897653 0.353518 0.390819 0.849874 0.356002 0.516165 0.778997 0.354844 0.637221 0.684131 0.349561 0.740522 0.573964 0.341457 0.817928 0.463034 0.330465 0.873128 0.358385 0.312196 0.916227 0.251121 0.279592 0.952110 0.123753 0.227781 0.973162 -0.032732 0.158548 0.965377 -0.207146 0.081089 0.924199 -0.373203 0.006417 0.860726 -0.509028 -0.059759 0.789215 -0.611203 -0.118289 0.713000 -0.691114 -0.172250 0.624778 -0.761566 -0.222153 0.517771 -0.826173 -0.264979 0.394850 -0.879704 -0.297404 0.267158 -0.916612 -0.318993 0.147827 -0.936157 -0.330362 0.062898 -0.941756 0.315929 0.067305 0.946393 0.304457 0.157039 0.939492 0.278129 0.274436 0.920505 0.245925 0.396051 0.884684 0.210691 0.518858 0.828490 0.174508 0.636812 0.751011 0.140995 0.738819 0.658989 0.113759 0.818231 0.563522 0.092205 0.878719 0.468349 0.069647 0.929219 0.362906 0.037131 0.972498 0.229933 -0.009906 0.998044 0.061723 -0.067769 0.989428 -0.128218 -0.126860 0.942222 -0.310040 -0.178975 0.870461 -0.458548 -0.222157 0.791887 -0.568825 -0.259002 0.711937 -0.652735 -0.292054 0.623591 -0.725147 -0.320702 0.518922 -0.792382 -0.341647 0.398874 -0.850986 -0.351987 0.272668 -0.895409 -0.352127 0.152464 -0.923451 -0.349268 0.065939 -0.934700 0.305498 0.064316 0.950018 0.274365 0.155085 0.949038 0.220527 0.271729 0.936766 0.156247 0.389433 0.907705 0.086256 0.503790 0.859509 0.015662 0.609261 0.792815 -0.047970 0.697303 0.715169 -0.098301 0.764651 0.636903 -0.135694 0.817782 0.559303 -0.168530 0.867198 0.468577 -0.207218 0.915622 0.344525 -0.255249 0.950541 0.176975 -0.305843 0.951838 -0.021574 -0.348024 0.911601 -0.218776 -0.376266 0.842980 -0.384460 -0.392984 0.765299 -0.509785 -0.403486 0.686277 -0.605163 -0.410865 0.600601 -0.685907 -0.414429 0.500859 -0.759861 -0.411378 0.387152 -0.825156 -0.399559 0.266936 -0.876982 -0.379725 0.150647 -0.912751 -0.363131 0.065074 -0.929463 0.300122 0.061445 0.951920 0.252239 0.149407 0.956061 0.177456 0.263275 0.948259 0.089207 0.376624 0.922061 -0.007200 0.482611 0.875805 -0.104638 0.574391 0.811865 -0.192419 0.644217 0.740243 -0.262008 0.691304 0.673388 -0.313775 0.725374 0.612681 -0.358030 0.760397 0.541859 -0.407054 0.802115 0.436942 -0.463402 0.839604 0.283414 -0.516379 0.851675 0.089452 -0.551653 0.826265 -0.113863 -0.564264 0.771854 -0.292998 -0.559912 0.705543 -0.434405 -0.546550 0.635435 -0.545441 -0.528372 0.557851 -0.640020 -0.505559 0.466832 -0.725588 -0.476960 0.362770 -0.800566 -0.442223 0.252136 -0.860736 -0.402881 0.143813 -0.903883 -0.372283 0.062430 -0.926017 0.296006 0.058016 0.953423 0.234955 0.139078 0.962005 0.144957 0.247591 0.957959 0.040513 0.356827 0.933291 -0.073150 0.457943 0.885967 -0.187699 0.542072 0.819101 -0.290290 0.600396 0.745155 -0.371132 0.631923 0.680393 -0.431162 0.646831 0.629054 -0.482769 0.661077 0.574379 -0.540495 0.684468 0.489253 -0.606946 0.710913 0.355273 -0.668503 0.722573 0.176045 -0.707183 0.706711 -0.021240 -0.716527 0.667226 -0.203467 -0.703001 0.616469 -0.354622 -0.675477 0.560389 -0.479266 -0.638437 0.495568 -0.588906 -0.592895 0.417166 -0.688802 -0.540037 0.326149 -0.775878 -0.482509 0.228540 -0.845550 -0.423855 0.132080 -0.896048 -0.379158 0.058742 -0.923466 0.290852 0.051651 0.955373 0.219944 0.121701 0.967891 0.118578 0.220089 0.968246 0.003145 0.322569 0.946541 -0.121370 0.420082 0.899333 -0.245792 0.502745 0.828755 -0.355621 0.560410 0.747980 -0.440522 0.590010 0.676630 -0.502761 0.598605 0.623621 -0.556837 0.599645 0.574768 -0.618983 0.604250 0.501738 -0.692025 0.611705 0.383300 -0.760874 0.610465 0.220008 -0.805699 0.591253 0.035628 -0.818950 0.556672 -0.139414 -0.806445 0.515284 -0.290051 -0.775887 0.470337 -0.420456 -0.730189 0.417820 -0.540602 -0.669858 0.353213 -0.653093 -0.597862 0.277419 -0.752064 -0.520230 0.195739 -0.831293 -0.443667 0.114751 -0.888815 -0.385880 0.053144 -0.921017 0.284976 0.040731 0.957669 0.206913 0.095842 0.973654 0.096817 0.177136 0.979413 -0.026604 0.265861 0.963644 -0.158915 0.354926 0.921289 -0.290578 0.435487 0.852007 -0.405549 0.497326 0.766940 -0.492582 0.535274 0.686182 -0.555018 0.552022 0.622276 -0.609250 0.555482 0.565910 -0.672373 0.553575 0.491396 -0.746815 0.547728 0.377176 -0.816870 0.532184 0.222494 -0.863023 0.502753 0.049310 -0.878676 0.463465 -0.114585 -0.869612 0.421628 -0.256912 -0.841727 0.379584 -0.383942 -0.795141 0.333791 -0.506295 -0.728334 0.280278 -0.625279 -0.644525 0.219376 -0.732436 -0.552168 0.154969 -0.819204 -0.461197 0.091958 -0.882520 -0.392749 0.044711 -0.918558 0.280183 0.025967 0.959595 0.197286 0.062852 0.978329 0.081091 0.119759 0.989486 -0.047722 0.185126 0.981555 -0.185790 0.255293 0.948845 -0.324333 0.324585 0.888512 -0.446603 0.384895 0.807714 -0.539943 0.430161 0.723480 -0.607140 0.459161 0.648499 -0.664751 0.474406 0.577100 -0.729241 0.479231 0.488411 -0.801721 0.474019 0.364073 -0.866235 0.455675 0.204932 -0.905419 0.423202 0.033407 -0.915990 0.381568 -0.123972 -0.905388 0.337597 -0.257490 -0.878476 0.294379 -0.376326 -0.832774 0.250800 -0.493546 -0.764285 0.204939 -0.611448 -0.675149 0.157123 -0.720754 -0.574503 0.109693 -0.811119 -0.474270 0.065539 -0.877937 -0.398633 0.033898 -0.916484 0.277915 0.009751 0.960556 0.192500 0.026420 0.980941 0.073332 0.053877 0.995851 -0.057525 0.087517 0.994501 -0.197830 0.127062 0.971966 -0.340616 0.171003 0.924521 -0.470247 0.215559 0.855805 -0.573648 0.256273 0.777979 -0.652230 0.289790 0.700441 -0.720737 0.314468 0.617777 -0.792933 0.329875 0.512289 -0.866742 0.334945 0.369554 -0.924682 0.327415 0.194325 -0.951682 0.306838 0.012353 -0.949441 0.276532 -0.148636 -0.929301 0.241056 -0.279807 -0.897056 0.203536 -0.392254 -0.849022 0.165666 -0.501714 -0.779385 0.128691 -0.613187 -0.688746 0.094088 -0.718872 -0.585390 0.063420 -0.808267 -0.481394 0.038056 -0.875678 -0.402456 0.022328 -0.915167 0.278458 -0.005873 0.960430 0.192966 -0.009690 0.981158 0.074079 -0.013029 0.997167 -0.055192 -0.014827 0.998366 -0.192807 -0.013156 0.981148 -0.333376 -0.006049 0.942775 -0.463654 0.007565 0.885984 -0.572400 0.026886 0.819533 -0.661275 0.049120 0.748534 -0.743573 0.070793 0.664896 -0.829903 0.089560 0.550672 -0.913673 0.104383 0.392819 -0.973279 0.114193 0.199220 -0.993063 0.117585 0.000342 -0.978451 0.113658 -0.172381 -0.945589 0.102428 -0.308819 -0.903410 0.085188 -0.420230 -0.849374 0.064852 -0.523792 -0.777467 0.045019 -0.627310 -0.687205 0.028482 -0.725905 -0.585283 0.016810 -0.810655 -0.482428 0.010825 -0.875868 -0.404072 0.011160 -0.914659 0.281598 -0.020583 0.959312 0.198472 -0.043666 0.979133 0.082774 -0.075933 0.993671 -0.042131 -0.111574 0.992863 -0.173054 -0.147534 0.973800 -0.304601 -0.179622 0.935390 -0.425284 -0.203068 0.881985 -0.526738 -0.215367 0.822292 -0.613205 -0.217904 0.759274 -0.699232 -0.214391 0.681991 -0.794953 -0.207067 0.570239 -0.891485 -0.194276 0.409282 -0.963029 -0.173030 0.206486 -0.989489 -0.144510 -0.005327 -0.974917 -0.115070 -0.190516 -0.937541 -0.091205 -0.335705 -0.889636 -0.075134 -0.450447 -0.831589 -0.064584 -0.551624 -0.759098 -0.055609 -0.648597 -0.671801 -0.045436 -0.739337 -0.575086 -0.032816 -0.817435 -0.477759 -0.017040 -0.878326 -0.403727 -0.000211 -0.914880 0.287618 -0.035221 0.957097 0.209220 -0.075695 0.974934 0.099462 -0.133576 0.986035 -0.019315 -0.198258 0.979960 -0.142089 -0.265871 0.953479 -0.261862 -0.330672 0.906689 -0.367063 -0.385438 0.846583 -0.450949 -0.425967 0.784345 -0.520381 -0.453524 0.723546 -0.592718 -0.472728 0.652084 -0.680738 -0.485969 0.548115 -0.778045 -0.488507 0.394978 -0.859717 -0.471216 0.197083 -0.902146 -0.431162 -0.015213 -0.903150 -0.376959 -0.205478 -0.877233 -0.320811 -0.357131 -0.836948 -0.269136 -0.476533 -0.785022 -0.221667 -0.578450 -0.719446 -0.176015 -0.671875 -0.640919 -0.131433 -0.756272 -0.554401 -0.088483 -0.827533 -0.467161 -0.047415 -0.882900 -0.400917 -0.013600 -0.916013 0.297240 -0.050012 0.953492 0.226023 -0.106198 0.968316 0.125547 -0.186386 0.974422 0.014852 -0.274722 0.961409 -0.099841 -0.366289 0.925129 -0.209583 -0.453891 0.866059 -0.301347 -0.528560 0.793609 -0.367742 -0.585735 0.722275 -0.415884 -0.627979 0.657787 -0.464761 -0.661862 0.588163 -0.530465 -0.691149 0.490836 -0.611633 -0.710185 0.348630 -0.689027 -0.705929 0.164031 -0.740912 -0.670581 -0.037006 -0.760414 -0.610463 -0.221597 -0.755411 -0.538735 -0.372986 -0.734956 -0.463534 -0.494950 -0.701398 -0.385962 -0.599228 -0.653388 -0.305715 -0.692548 -0.592016 -0.225465 -0.773745 -0.522072 -0.149429 -0.839709 -0.449852 -0.080678 -0.889451 -0.394218 -0.029942 -0.918529 0.310349 -0.063478 0.948501 0.249131 -0.134099 0.959141 0.162274 -0.233488 0.958723 0.063204 -0.340694 0.938047 -0.042358 -0.449634 0.892208 -0.144747 -0.551646 0.821423 -0.229648 -0.636254 0.736507 -0.287499 -0.699155 0.654619 -0.322609 -0.744965 0.583909 -0.352381 -0.782604 0.513185 -0.394563 -0.817530 0.419482 -0.452689 -0.844627 0.285793 -0.514173 -0.850002 0.114554 -0.562274 -0.823890 -0.071087 -0.589830 -0.770152 -0.242830 -0.600666 -0.699718 -0.386775 -0.600288 -0.618767 -0.506737 -0.589256 -0.526899 -0.612499 -0.564962 -0.423952 -0.707872 -0.527036 -0.315297 -0.789190 -0.479017 -0.209515 -0.852435 -0.425999 -0.114181 -0.897489 -0.382665 -0.047606 -0.922660 0.324863 -0.073275 0.942918 0.276770 -0.156854 0.948048 0.208134 -0.271837 0.939566 0.125818 -0.393333 0.910746 0.033288 -0.514568 0.856803 -0.061193 -0.625835 0.777551 -0.143757 -0.715223 0.683952 -0.203023 -0.778344 0.594106 -0.238959 -0.821593 0.517574 -0.264088 -0.856149 0.444148 -0.294330 -0.888930 0.350961 -0.335924 -0.915484 0.221460 -0.381665 -0.922408 0.059118 -0.419708 -0.900532 -0.113523 -0.444746 -0.853580 -0.271298 -0.459875 -0.790787 -0.403943 -0.469716 -0.715253 -0.517475 -0.474520 -0.623083 -0.621770 -0.470741 -0.511736 -0.718700 -0.455769 -0.386822 -0.801651 -0.430630 -0.259930 -0.864288 -0.398287 -0.143202 -0.906013 -0.367590 -0.062909 -0.927858 0.337259 -0.078218 0.938157 0.305074 -0.172189 0.936633 0.257929 -0.298214 0.918989 0.197304 -0.428912 0.881536 0.123702 -0.557718 0.820761 0.042233 -0.674981 0.736625 -0.035963 -0.767956 0.639492 -0.099603 -0.831504 0.546516 -0.145222 -0.872422 0.466680 -0.179705 -0.903119 0.389977 -0.214400 -0.931363 0.294273 -0.254858 -0.952921 0.164282 -0.296349 -0.955065 0.005235 -0.329778 -0.930475 -0.159569 -0.351066 -0.884776 -0.306472 -0.363749 -0.827297 -0.428097 -0.373791 -0.758976 -0.533138 -0.383644 -0.672531 -0.632866 -0.390971 -0.562224 -0.728729 -0.392081 -0.431999 -0.812188 -0.385499 -0.294161 -0.874563 -0.371640 -0.163713 -0.913828 -0.352954 -0.072637 -0.932817 0.344808 -0.079431 0.935306 0.330000 -0.179749 0.926709 0.305015 -0.311806 0.899857 0.268590 -0.446410 0.853568 0.218951 -0.577705 0.786332 0.157664 -0.697302 0.699222 0.091675 -0.793028 0.602248 0.030001 -0.859283 0.510620 -0.022734 -0.902131 0.430862 -0.069555 -0.933564 0.351598 -0.117560 -0.960742 0.251307 -0.170135 -0.978467 0.116863 -0.222417 -0.973964 -0.043879 -0.265017 -0.941967 -0.206070 -0.292389 -0.891266 -0.346632 -0.306900 -0.833139 -0.460100 -0.315746 -0.768079 -0.557099 -0.324957 -0.686648 -0.650321 -0.335594 -0.580521 -0.741870 -0.344964 -0.451519 -0.822879 -0.350407 -0.310995 -0.883457 -0.350593 -0.174601 -0.920108 -0.343225 -0.076460 -0.936136 0.347878 -0.079242 0.934185 0.349967 -0.180883 0.919133 0.345375 -0.314440 0.884219 0.332389 -0.448636 0.829604 0.308384 -0.577853 0.755636 0.272322 -0.695239 0.665194 0.227109 -0.790457 0.568858 0.178469 -0.858797 0.480225 0.130111 -0.906055 0.402661 0.080270 -0.943290 0.322118 0.023705 -0.975940 0.216746 -0.042189 -0.996260 0.075408 -0.112357 -0.989494 -0.090981 -0.175574 -0.950831 -0.255134 -0.222375 -0.891972 -0.393617 -0.251325 -0.827487 -0.502097 -0.268446 -0.759702 -0.592275 -0.281944 -0.679139 -0.677700 -0.296477 -0.576237 -0.761612 -0.311700 -0.451074 -0.836286 -0.325411 -0.313262 -0.892174 -0.336120 -0.177426 -0.924956 -0.340109 -0.076957 -0.937232 0.350204 -0.078581 0.933371 0.367056 -0.176599 0.913281 0.380294 -0.307883 0.872115 0.388042 -0.439001 0.810371 0.387893 -0.563496 0.729391 0.377511 -0.675084 0.633835 0.357102 -0.765179 0.535704 0.329780 -0.830869 0.448220 0.297825 -0.879013 0.372340 0.259039 -0.920952 0.291112 0.207573 -0.961273 0.181295 0.138828 -0.989785 0.032439 0.055696 -0.988271 -0.142192 -0.029616 -0.949522 -0.312299 -0.102864 -0.885722 -0.452677 -0.157208 -0.814150 -0.558968 -0.195422 -0.740307 -0.643239 -0.225251 -0.657016 -0.719438 -0.252771 -0.555523 -0.792150 -0.279216 -0.435199 -0.855944 -0.303333 -0.303810 -0.903155 -0.324623 -0.173972 -0.929706 -0.340823 -0.077000 -0.936969 0.356442 -0.075289 0.931279 0.385501 -0.165651 0.907716 0.415170 -0.290755 0.862030 0.441486 -0.416749 0.794613 0.462246 -0.535663 0.706678 0.474465 -0.640378 0.603985 0.476923 -0.722679 0.500280 0.471724 -0.780732 0.409798 0.460931 -0.822674 0.332791 0.442199 -0.861291 0.250275 0.408328 -0.902479 0.137111 0.350884 -0.936248 -0.017915 0.267540 -0.942401 -0.200757 0.168431 -0.910075 -0.378675 0.071296 -0.848821 -0.523850 -0.011340 -0.776016 -0.630611 -0.078133 -0.699417 -0.710430 -0.134748 -0.614902 -0.777006 -0.186288 -0.516105 -0.836022 -0.233417 -0.403053 -0.884910 -0.274698 -0.282219 -0.919181 -0.310300 -0.163849 -0.936412 -0.339685 -0.076673 -0.937409 0.368626 -0.065299 0.927282 0.408278 -0.144869 0.901289 0.454825 -0.258342 0.852287 0.499606 -0.375531 0.780622 0.539734 -0.487505 0.686313 0.571160 -0.585638 0.575156 0.591450 -0.660617 0.462354 0.602822 -0.709930 0.364150 0.608884 -0.741442 0.282000 0.608789 -0.768610 0.196505 0.595151 -0.799525 0.080961 0.556304 -0.827376 -0.077298 0.483953 -0.834078 -0.264770 0.383434 -0.807656 -0.447962 0.272774 -0.754122 -0.597406 0.168220 -0.688080 -0.705867 0.074476 -0.617069 -0.783377 -0.011848 -0.538801 -0.842350 -0.093600 -0.449181 -0.888524 -0.168919 -0.349377 -0.921630 -0.234373 -0.245176 -0.940722 -0.289238 -0.144508 -0.946287 -0.332052 -0.072563 -0.940466 0.384386 -0.046135 0.922019 0.434440 -0.111975 0.893713 0.498817 -0.206250 0.841809 0.563015 -0.307561 0.767086 0.622709 -0.407862 0.667744 0.671912 -0.497777 0.548408 0.706034 -0.566598 0.424834 0.727101 -0.609785 0.315414 0.741119 -0.632848 0.224159 0.750328 -0.647527 0.133102 0.748857 -0.662557 0.015212 0.723823 -0.674959 -0.143216 0.663208 -0.671986 -0.329529 0.568321 -0.644758 -0.511174 0.455475 -0.597924 -0.659567 0.341281 -0.542638 -0.767510 0.230932 -0.484418 -0.843806 0.121538 -0.421105 -0.898832 0.012032 -0.349502 -0.936858 -0.092439 -0.271047 -0.958117 -0.184989 -0.190673 -0.964066 -0.262134 -0.113957 -0.958280 -0.317602 -0.060419 -0.946297 0.398555 -0.020023 0.916926 0.459457 -0.068816 0.885530 0.540779 -0.135633 0.830158 0.623382 -0.211237 0.752844 0.701863 -0.290726 0.650282 0.768240 -0.366060 0.525173 0.814811 -0.426660 0.392485 0.841950 -0.466122 0.271754 0.857148 -0.486373 0.169524 0.865941 -0.495167 0.070395 0.864973 -0.499191 -0.051293 0.841916 -0.497546 -0.208868 0.784087 -0.482984 -0.389788 0.692121 -0.451557 -0.563085 0.581739 -0.408687 -0.703246 0.468193 -0.363336 -0.805470 0.354254 -0.319422 -0.878905 0.234649 -0.274748 -0.932445 0.107801 -0.226238 -0.968089 -0.019042 -0.174480 -0.984477 -0.135392 -0.122786 -0.983154 -0.233835 -0.074021 -0.969454 -0.300483 -0.039208 -0.952981 0.406993 0.006230 0.913410 0.478407 -0.022206 0.877858 0.572784 -0.055806 0.817804 0.668606 -0.096934 0.737272 0.760623 -0.144980 0.632798 0.840354 -0.195393 0.505596 0.897814 -0.240509 0.368897 0.930872 -0.274134 0.241510 0.946475 -0.295068 0.130840 0.951693 -0.306150 0.023518 0.945009 -0.310125 -0.103830 0.915168 -0.305866 -0.262513 0.850743 -0.289493 -0.438668 0.754674 -0.260416 -0.602204 0.644494 -0.224333 -0.730960 0.534810 -0.188725 -0.823627 0.425317 -0.157269 -0.891275 0.306799 -0.129085 -0.942980 0.174910 -0.102053 -0.979281 0.036647 -0.076010 -0.996433 -0.095408 -0.052377 -0.994059 -0.210267 -0.031198 -0.977146 -0.286381 -0.013213 -0.958025 0.000000 0.000000 0.000000 0.464704 -0.010248 0.885407 0.564005 -0.024951 0.825394 0.665374 -0.044405 0.745189 0.762481 -0.070979 0.643105 0.848849 -0.102901 0.518524 0.914270 -0.135241 0.381863 0.954127 -0.163006 0.251139 0.973448 -0.183934 0.136262 0.979770 -0.198259 0.027271 0.973539 -0.206254 -0.098391 0.944887 -0.206036 -0.254437 0.881723 -0.194357 -0.429873 0.785506 -0.170762 -0.594828 0.674510 -0.139980 -0.724874 0.566213 -0.108727 -0.817057 0.461835 -0.081254 -0.883236 0.350144 -0.058189 -0.934887 0.222523 -0.038511 -0.974167 0.082695 -0.022045 -0.996331 -0.057035 -0.009660 -0.998325 -0.186004 -0.001007 -0.982548 -0.278690 0.009846 -0.960331</float_array>
          <technique_common>
            <accessor source="#Cyan-norm-array" count="3375" stride="3">
              <param name="X" type="float"/><param name="Y" type="float"/><param name="Z" type="float"/>
            </accessor>
          </technique_common>
        </source>
        <source id="Cyan-uv">
          <float_array id="Cyan-uv-array" count="6750">0.000000 1.000000 0.000000 0.968750 0.000000 0.937500 0.000000 0.906250 0.000000 0.875000 0.000000 0.843750 0.000000 0.812500 0.000000 0.781250 0.000000 0.750000 0.000000 0.718750 0.000000 0.687500 0.000000 0.656250 0.000000 0.625000 0.000000 0.593750 0.000000 0.562500 0.000000 0.531250 0.000000 0.500000 0.000000 0.468750 0.000000 0.437500 0.000000 0.406250 0.000000 0.375000 0.000000 0.343750 0.000000 0.312500 0.000000 0.281250 0.000000 0.250000 0.000000 0.218750 0.000000 0.187500 0.000000 0.156250 0.000000 0.125000 0.000000 0.093750 0.000000 0.062500 0.000000 0.031250 0.000000 0.000000 0.020833 1.000000 0.020833 0.968750 0.020833 0.937500 0.020833 0.906250 0.020833 0.875000 0.020833 0.843750 0.020833 0.812500 0.020833 0.781250 0.020833 0.750000 0.020833 0.718750 0.020833 0.687500 0.020833 0.656250 0.020833 0.625000 0.020833 0.593750 0.020833 0.562500 0.020833 0.531250 0.020833 0.500000 0.020833 0.468750 0.020833 0.437500 0.020833 0.406250 0.020833 0.375000 0.020833 0.343750 0.020833 0.312500 0.020833 0.281250 0.020833 0.250000 0.020833 0.218750 0.020833 0.187500 0.020833 0.156250 0.020833 0.125000 0.020833 0.093750 0.020833 0.062500 0.020833 0.031250 0.020833 0.000000 0.041667 1.000000 0.041667 0.968750 0.041667 0.937500 0.041667 0.906250 0.041667 0.875000 0.041667 0.843750 0.041667 0.812500 0.041667 0.781250 0.041667 0.750000 0.041667 0.718750 0.041667 0.687500 0.041667 0.656250 0.041667 0.625000 0.041667 0.593750 0.041667 0.562500 0.041667 0.531250 0.041667 0.500000 0.041667 0.468750 0.041667 0.437500 0.041667 0.406250 0.041667 0.375000 0.041667 0.343750 0.041667 0.312500 0.041667 0.281250 0.041667 0.250000 0.041667 0.218750 0.041667 0.187500 0.041667 0.156250 0.041667 0.125000 0.041667 0.093750 0.041667 0.062500 0.041667 0.031250 0.041667 0.000000 0.062500 1.000000 0.062500 0.968750 0.062500 0.937500 0.062500 0.906250 0.062500 0.875000 0.062500 0.843750 0.062500 0.812500 0.062500 0.781250 0.062500 0.750000 0.062500 0.718750 0.062500 0.687500 0.062500 0.656250 0.062500 0.625000 0.062500 0.593750 0.062500 0.562500 0.062500 0.531250 0.062500 0.500000 0.062500 0.468750 0.062500 0.437500 0.062500 0.406250 0.062500 0.375000 0.062500 0.343750 0.062500 0.312500 0.062500 0.281250 0.062500 0.250000 0.062500 0.218750 0.062500 0.187500 0.062500 0.156250 0.062500 0.125000 0.062500 0.093750 0.062500 0.062500 0.062500 0.031250 0.062500 0.000000 0.083333 1.000000 0.083333 0.968750 0.083333 0.937500 0.083333 0.906250 0.083333 0.875000 0.083333 0.843750 0.083333 0.812500 0.083333 0.781250 0.083333 0.750000 0.083333 0.718750 0.083333 0.687500 0.083333 0.656250 0.083333 0.625000 0.083333 0.593750 0.083333 0.562500 0.083333 0.531250 0.083333 0.500000 0.083333 0.468750 0.083333 0.437500 0.083333 0.406250 0.083333 0.375000 0.083333 0.343750 0.083333 0.312500 0.083333 0.281250 0.083333 0.250000 0.083333 0.218750 0.083333 0.187500 0.083333 0.156250 0.083333 0.125000 0.083333 0.093750 0.083333 0.062500 0.083333 0.031250 0.083333 0.000000 0.104167 1.000000 0.104167 0.968750 0.104167 0.937500 0.104167 0.906250 0.104167 0.875000 0.104167 0.843750 0.104167 0.812500 0.104167 0.781250 0.104167 0.750000 0.104167 0.718750 0.104167 0.687500 0.104167 0.656250 0.104167 0.625000 0.104167 0.593750 0.104167 0.562500 0.104167 0.531250 0.104167 0.500000 0.104167 0.468750 0.104167 0.437500 0.104167 0.406250 0.104167 0.375000 0.104167 0.343750 0.104167 0.312500 0.104167 0.281250 0.104167 0.250000 0.104167 0.218750 0.104167 0.187500 0.104167 0.156250 0.104167 0.125000 0.104167 0.093750 0.104167 0.062500 0.104167 0.031250 0.104167 0.000000 0.125000 1.000000 0.125000 0.968750 0.125000 0.937500 0.125000 0.906250 0.125000 0.875000 0.125000 0.843750 0.125000 0.812500 0.125000 0.781250 0.125000 0.750000 0.125000 0.718750 0.125000 0.687500 0.125000 0.656250 0.125000 0.625000 0.125000 0.593750 0.125000 0.562500 0.125000 0.531250 0.125000 0.500000 0.125000 0.468750 0.125000 0.437500 0.125000 0.406250 0.125000 0.375000 0.125000 0.343750 0.125000 0.312500 0.125000 0.281250 0.125000 0.250000 0.125000 0.218750 0.125000 0.187500 0.125000 0.156250 0.125000 0.125000 0.125000 0.093750 0.125000 0.062500 0.125000 0.031250 0.125000 0.000000 0.145833 1.000000 0.145833 0.968750 0.145833 0.937500 0.145833 0.906250 0.145833 0.875000 0.145833 0.843750 0.145833 0.812500 0.145833 0.781250 0.145833 0.750000 0.145833 0.718750 0.145833 0.687500 0.145833 0.656250 0.145833 0.625000 0.145833 0.593750 0.145833 0.562500 0.145833 0.531250 0.145833 0.500000 0.145833 0.468750 0.145833 0.437500 0.145833 0.406250 0.145833 0.375000 0.145833 0.343750 0.145833 0.312500 0.145833 0.281250 0.145833 0.250000 0.145833 0.218750 0.145833 0.187500 0.145833 0.156250 0.145833 0.125000 0.145833 0.093750 0.145833 0.062500 0.145833 0.031250 0.145833 0.000000 0.166667 1.000000 0.166667 0.968750 0.166667 0.937500 0.166667 0.906250 0.166667 0.875000 0.166667 0.843750 0.166667 0.812500 0.166667 0.781250 0.166667 0.750000 0.166667 0.718750 0.166667 0.687500 0.166667 0.656250 0.166667 0.625000 0.166667 0.593750 0.166667 0.562500 0.166667 0.531250 0.166667 0.500000 0.166667 0.468750 0.166667 0.437500 0.166667 0.406250 0.166667 0.375000 0.166667 0.343750 0.166667 0.312500 0.166667 0.281250 0.166667 0.250000 0.166667 0.218750 0.166667 0.187500 0.166667 0.156250 0.166667 0.125000 0.166667 0.093750 0.166667 0.062500 0.166667 0.031250 0.166667 0.000000 0.187500 1.000000 0.187500 0.968750 0.187500 0.937500 0.187500 0.906250 0.187500 0.875000 0.187500 0.843750 0.187500 0.812500 0.187500 0.781250 0.187500 0.750000 0.187500 0.718750 0.187500 0.687500 0.187500 0.656250 0.187500 0.625000 0.187500 0.593750 0.187500 0.562500 0.187500 0.531250 0.187500 0.500000 0.187500 0.468750 0.187500 0.437500 0.187500 0.406250 0.187500 0.375000 0.187500 0.343750 0.187500 0.312500 0.187500 0.281250 0.187500 0.250000 0.187500 0.218750 0.187500 0.187500 0.187500 0.156250 0.187500 0.125000 0.187500 0.093750 0.187500 0.062500 0.187500 0.031250 0.187500 0.000000 0.208333 1.000000 0.208333 0.968750 0.208333 0.937500 0.208333 0.906250 0.208333 0.875000 0.208333 0.843750 0.208333 0.812500 0.208333 0.781250 0.208333 0.750000 0.208333 0.718750 0.208333 0.687500 0.208333 0.656250 0.208333 0.625000 0.208333 0.593750 0.208333 0.562500 0.208333 0.531250 0.208333 0.500000 0.208333 0.468750 0.208333 0.437500 0.208333 0.406250 0.208333 0.375000 0.208333 0.343750 0.208333 0.312500 0.208333 0.281250 0.208333 0.250000 0.208333 0.218750 0.208333 0.187500 0.208333 0.156250 0.208333 0.125000 0.208333 0.093750 0.208333 0.062500 0.208333 0.031250 0.208333 0.000000 0.229167 1.000000 0.229167 0.968750 0.229167 0.937500 0.229167 0.906250 0.229167 0.875000 0.229167 0.843750 0.229167 0.812500 0.229167 0.781250 0.229167 0.750000 0.229167 0.718750 0.229167 0.687500 0.229167 0.656250 0.229167 0.625000 0.229167 0.593750 0.229167 0.562500 0.229167 0.531250 0.229167 0.500000 0.229167 0.468750 0.229167 0.437500 0.229167 0.406250 0.229167 0.375000 0.229167 0.343750 0.229167 0.312500 0.229167 0.281250 0.229167 0.250000 0.229167 0.218750 0.229167 0.187500 0.229167 0.156250 0.229167 0.125000 0.229167 0.093750 0.229167 0.062500 0.229167 0.031250 0.229167 0.000000 0.250000 1.000000 0.250000 0.968750 0.250000 0.937500 0.250000 0.906250 0.250000 0.875000 0.250000 0.843750 0.250000 0.812500 0.250000 0.781250 0.250000 0.750000 0.250000 0.718750 0.250000 0.687500 0.250000 0.656250 0.250000 0.625000 0.250000 0.593750 0.250000 0.562500 0.250000 0.531250 0.250000 0.500000 0.250000 0.468750 0.250000 0.437500 0.250000 0.406250 0.250000 0.375000 0.250000 0.343750 0.250000 0.312500 0.250000 0.281250 0.250000 0.250000 0.250000 0.218750 0.250000 0.187500 0.250000 0.156250 0.250000 0.125000 0.250000 0.093750 0.250000 0.062500 0.250000 0.031250 0.250000 0.000000 0.270833 1.000000 0.270833 0.968750 0.270833 0.937500 0.270833 0.906250 0.270833 0.875000 0.270833 0.843750 0.270833 0.812500 0.270833 0.781250 0.270833 0.750000 0.270833 0.718750 0.270833 0.687500 0.270833 0.656250 0.270833 0.625000 0.270833 0.593750 0.270833 0.562500 0.270833 0.531250 0.270833 0.500000 0.270833 0.468750 0.270833 0.437500 0.270833 0.406250 0.270833 0.375000 0.270833 0.343750 0.270833 0.312500 0.270833 0.281250 0.270833 0.250000 0.270833 0.218750 0.270833 0.187500 0.270833 0.156250 0.270833 0.125000 0.270833 0.093750 0.270833 0.062500 0.270833 0.031250 0.270833 0.000000 0.291667 1.000000 0.291667 0.968750 0.291667 0.937500 0.291667 0.906250 0.291667 0.875000 0.291667 0.843750 0.291667 0.812500 0.291667 0.781250 0.291667 0.750000 0.291667 0.718750 0.291667 0.687500 0.291667 0.656250 0.291667 0.625000 0.291667 0.593750 0.291667 0.562500 0.291667 0.531250 0.291667 0.500000 0.291667 0.468750 0.291667 0.437500 0.291667 0.406250 0.291667 0.375000 0.291667 0.343750 0.291667 0.312500 0.291667 0.281250 0.291667 0.250000 0.291667 0.218750 0.291667 0.187500 0.291667 0.156250 0.291667 0.125000 0.291667 0.093750 0.291667 0.062500 0.291667 0.031250 0.291667 0.000000 0.312500 1.000000 0.312500 0.968750 0.312500 0.937500 0.312500 0.906250 0.312500 0.875000 0.312500 0.843750 0.312500 0.812500 0.312500 0.781250 0.312500 0.750000 0.312500 0.718750 0.312500 0.687500 0.312500 0.656250 0.312500 0.625000 0.312500 0.593750 0.312500 0.562500 0.312500 0.531250 0.312500 0.500000 0.312500 0.468750 0.312500 0.437500 0.312500 0.406250 0.312500 0.375000 0.312500 0.343750 0.312500 0.312500 0.312500 0.281250 0.312500 0.250000 0.312500 0.218750 0.312500 0.187500 0.312500 0.156250 0.312500 0.125000 0.312500 0.093750 0.312500 0.062500 0.312500 0.031250 0.312500 0.000000 0.333333 1.000000 0.333333 0.968750 0.333333 0.937500 0.333333 0.906250 0.333333 0.875000 0.333333 0.843750 0.333333 0.812500 0.333333 0.781250 0.333333 0.750000 0.333333 0.718750 0.333333 0.687500 0.333333 0.656250 0.333333 0.625000 0.333333 0.593750 0.333333 0.562500 0.333333 0.531250 0.333333 0.500000 0.333333 0.468750 0.333333 0.437500 0.333333 0.406250 0.333333 0.375000 0.333333 0.343750 0.333333 0.312500 0.333333 0.281250 0.333333 0.250000 0.333333 0.218750 0.333333 0.187500 0.333333 0.156250 0.333333 0.125000 0.333333 0.093750 0.333333 0.062500 0.333333 0.031250 0.333333 0.000000 0.354167 1.000000 0.354167 0.968750 0.354167 0.937500 0.354167 0.906250 0.354167 0.875000 0.354167 0.843750 0.354167 0.812500 0.354167 0.781250 0.354167 0.750000 0.354167 0.718750 0.354167 0.687500 0.354167 0.656250 0.354167 0.625000 0.354167 0.593750 0.354167 0.562500 0.354167 0.531250 0.354167 0.500000 0.354167 0.468750 0.354167 0.437500 0.354167 0.406250 0.354167 0.375000 0.354167 0.343750 0.354167 0.312500 0.354167 0.281250 0.354167 0.250000 0.354167 0.218750 0.354167 0.187500 0.354167 0.156250 0.354167 0.125000 0.354167 0.093750 0.354167 0.062500 0.354167 0.031250 0.354167 0.000000 0.375000 1.000000 0.375000 0.968750 0.375000 0.937500 0.375000 0.906250 0.375000 0.875000 0.375000 0.843750 0.375000 0.812500 0.375000 0.781250 0.375000 0.750000 0.375000 0.718750 0.375000 0.687500 0.375000 0.656250 0.375000 0.625000 0.375000 0.593750 0.375000 0.562500 0.375000 0.531250 0.375000 0.500000 0.375000 0.468750 0.375000 0.437500 0.375000 0.406250 0.375000 0.375000 0.375000 0.343750 0.375000 0.312500 0.375000 0.281250 0.375000 0.250000 0.375000 0.218750 0.375000 0.187500 0.375000 0.156250 0.375000 0.125000 0.375000 0.093750 0.375000 0.062500 0.375000 0.031250 0.375000 0.000000 0.395833 1.000000 0.395833 0.968750 0.395833 0.937500 0.395833 0.906250 0.395833 0.875000 0.395833 0.843750 0.395833 0.812500 0.395833 0.781250 0.395833 0.750000 0.395833 0.718750 0.395833 0.687500 0.395833 0.656250 0.395833 0.625000 0.395833 0.593750 0.395833 0.562500 0.395833 0.531250 0.395833 0.500000 0.395833 0.468750 0.395833 0.437500 0.395833 0.406250 0.395833 0.375000 0.395833 0.343750 0.395833 0.312500 0.395833 0.281250 0.395833 0.250000 0.395833 0.218750 0.395833 0.187500 0.395833 0.156250 0.395833 0.125000 0.395833 0.093750 0.395833 0.062500 0.395833 0.031250 0.395833 0.000000 0.416667 1.000000 0.416667 0.968750 0.416667 0.937500 0.416667 0.906250 0.416667 0.875000 0.416667 0.843750 0.416667 0.812500 0.416667 0.781250 0.416667 0.750000 0.416667 0.718750 0.416667 0.687500 0.416667 0.656250 0.416667 0.625000 0.416667 0.593750 0.416667 0.562500 0.416667 0.531250 0.416667 0.500000 0.416667 0.468750 0.416667 0.437500 0.416667 0.406250 0.416667 0.375000 0.416667 0.343750 0.416667 0.312500 0.416667 0.281250 0.416667 0.250000 0.416667 0.218750 0.416667 0.187500 0.416667 0.156250 0.416667 0.125000 0.416667 0.093750 0.416667 0.062500 0.416667 0.031250 0.416667 0.000000 0.437500 1.000000 0.437500 0.968750 0.437500 0.937500 0.437500 0.906250 0.437500 0.875000 0.437500 0.843750 0.437500 0.812500 0.437500 0.781250 0.437500 0.750000 0.437500 0.718750 0.437500 0.687500 0.437500 0.656250 0.437500 0.625000 0.437500 0.593750 0.437500 0.562500 0.437500 0.531250 0.437500 0.500000 0.437500 0.468750 0.437500 0.437500 0.437500 0.406250 0.437500 0.375000 0.437500 0.343750 0.437500 0.312500 0.437500 0.281250 0.437500 0.250000 0.437500 0.218750 0.437500 0.187500 0.437500 0.156250 0.437500 0.125000 0.437500 0.093750 0.437500 0.062500 0.437500 0.031250 0.437500 0.000000 0.458333 1.000000 0.458333 0.968750 0.458333 0.937500 0.458333 0.906250 0.458333 0.875000 0.458333 0.843750 0.458333 0.812500 0.458333 0.781250 0.458333 0.750000 0.458333 0.718750 0.458333 0.687500 0.458333 0.656250 0.458333 0.625000 0.458333 0.593750 0.458333 0.562500 0.458333 0.531250 0.458333 0.500000 0.458333 0.468750 0.458333 0.437500 0.458333 0.406250 0.458333 0.375000 0.458333 0.343750 0.458333 0.312500 0.458333 0.281250 0.458333 0.250000 0.458333 0.218750 0.458333 0.187500 0.458333 0.156250 0.458333 0.125000 0.458333 0.093750 0.458333 0.062500 0.458333 0.031250 0.458333 0.000000 0.479167 1.000000 0.479167 0.968750 0.479167 0.937500 0.479167 0.906250 0.479167 0.875000 0.479167 0.843750 0.479167 0.812500 0.479167 0.781250 0.479167 0.750000 0.479167 0.718750 0.479167 0.687500 0.479167 0.656250 0.479167 0.625000 0.479167 0.593750 0.479167 0.562500 0.479167 0.531250 0.479167 0.500000 0.479167 0.468750 0.479167 0.437500 0.479167 0.406250 0.479167 0.375000 0.479167 0.343750 0.479167 0.312500 0.479167 0.281250 0.479167 0.250000 0.479167 0.218750 0.479167 0.187500 0.479167 0.156250 0.479167 0.125000 0.479167 0.093750 0.479167 0.062500 0.479167 0.031250 0.479167 0.000000 0.500000 1.000000 0.500000 0.968750 0.500000 0.937500 0.500000 0.906250 0.500000 0.875000 0.500000 0.843750 0.500000 0.812500 0.500000 0.781250 0.500000 0.750000 0.500000 0.718750 0.500000 0.687500 0.500000 0.656250 0.500000 0.625000 0.500000 0.593750 0.500000 0.562500 0.500000 0.531250 0.500000 0.500000 0.500000 0.468750 0.500000 0.437500 0.500000 0.406250 0.500000 0.375000 0.500000 0.343750 0.500000 0.312500 0.500000 0.281250 0.500000 0.250000 0.500000 0.218750 0.500000 0.187500 0.500000 0.156250 0.500000 0.125000 0.500000 0.093750 0.500000 0.062500 0.500000 0.031250 0.500000 0.000000 0.520833 1.000000 0.520833 0.968750 0.520833 0.937500 0.520833 0.906250 0.520833 0.875000 0.520833 0.843750 0.520833 0.812500 0.520833 0.781250 0.520833 0.750000 0.520833 0.718750 0.520833 0.687500 0.520833 0.656250 0.520833 0.625000 0.520833 0.593750 0.520833 0.562500 0.520833 0.531250 0.520833 0.500000 0.520833 0.468750 0.520833 0.437500 0.520833 0.406250 0.520833 0.375000 0.520833 0.343750 0.520833 0.312500 0.520833 0.281250 0.520833 0.250000 0.520833 0.218750 0.520833 0.187500 0.520833 0.156250 0.520833 0.125000 0.520833 0.093750 0.520833 0.062500 0.520833 0.031250 0.520833 0.000000 0.541667 1.000000 0.541667 0.968750 0.541667 0.937500 0.541667 0.906250 0.541667 0.875000 0.541667 0.843750 0.541667 0.812500 0.541667 0.781250 0.541667 0.750000 0.541667 0.718750 0.541667 0.687500 0.541667 0.656250 0.541667 0.625000 0.541667 0.593750 0.541667 0.562500 0.541667 0.531250 0.541667 0.500000 0.541667 0.468750 0.541667 0.437500 0.541667 0.406250 0.541667 0.375000 0.541667 0.343750 0.541667 0.312500 0.541667 0.281250 0.541667 0.250000 0.541667 0.218750 0.541667 0.187500 0.541667 0.156250 0.541667 0.125000 0.541667 0.093750 0.541667 0.062500 0.541667 0.031250 0.541667 0.000000 0.562500 1.000000 0.562500 0.968750 0.562500 0.937500 0.562500 0.906250 0.562500 0.875000 0.562500 0.843750 0.562500 0.812500 0.562500 0.781250 0.562500 0.750000 0.562500 0.718750 0.562500 0.687500 0.562500 0.656250 0.562500 0.625000 0.562500 0.593750 0.562500 0.562500 0.562500 0.531250 0.562500 0.500000 0.562500 0.468750 0.562500 0.437500 0.562500 0.406250 0.562500 0.375000 0.562500 0.343750 0.562500 0.312500 0.562500 0.281250 0.562500 0.250000 0.562500 0.218750 0.562500 0.187500 0.562500 0.156250 0.562500 0.125000 0.562500 0.093750 0.562500 0.062500 0.562500 0.031250 0.562500 0.000000 0.583333 1.000000 0.583333 0.968750 0.583333 0.937500 0.583333 0.906250 0.583333 0.875000 0.583333 0.843750 0.583333 0.812500 0.583333 0.781250 0.583333 0.750000 0.583333 0.718750 0.583333 0.687500 0.583333 0.656250 0.583333 0.625000 0.583333 0.593750 0.583333 0.562500 0.583333 0.531250 0.583333 0.500000 0.583333 0.468750 0.583333 0.437500 0.583333 0.406250 0.583333 0.375000 0.583333 0.343750 0.583333 0.312500 0.583333 0.281250 0.583333 0.250000 0.583333 0.218750 0.583333 0.187500 0.583333 0.156250 0.583333 0.125000 0.583333 0.093750 0.583333 0.062500 0.583333 0.031250 0.583333 0.000000 0.604167 1.000000 0.604167 0.968750 0.604167 0.937500 0.604167 0.906250 0.604167 0.875000 0.604167 0.843750 0.604167 0.812500 0.604167 0.781250 0.604167 0.750000 0.604167 0.718750 0.604167 0.687500 0.604167 0.656250 0.604167 0.625000 0.604167 0.593750 0.604167 0.562500 0.604167 0.531250 0.604167 0.500000 0.604167 0.468750 0.604167 0.437500 0.604167 0.406250 0.604167 0.375000 0.604167 0.343750 0.604167 0.312500 0.604167 0.281250 0.604167 0.250000 0.604167 0.218750 0.604167 0.187500 0.604167 0.156250 0.604167 0.125000 0.604167 0.093750 0.604167 0.062500 0.604167 0.031250 0.604167 0.000000 0.625000 1.000000 0.625000 0.968750 0.625000 0.937500 0.625000 0.906250 0.625000 0.875000 0.625000 0.843750 0.625000 0.812500 0.625000 0.781250 0.625000 0.750000 0.625000 0.718750 0.625000 0.687500 0.625000 0.656250 0.625000 0.625000 0.625000 0.593750 0.625000 0.562500 0.625000 0.531250 0.625000 0.500000 0.625000 0.468750 0.625000 0.437500 0.625000 0.406250 0.625000 0.375000 0.625000 0.343750 0.625000 0.312500 0.625000 0.281250 0.625000 0.250000 0.625000 0.218750 0.625000 0.187500 0.625000 0.156250 0.625000 0.125000 0.625000 0.093750 0.625000 0.062500 0.625000 0.031250 0.625000 0.000000 0.645833 1.000000 0.645833 0.968750 0.645833 0.937500 0.645833 0.906250 0.645833 0.875000 0.645833 0.843750 0.645833 0.812500 0.645833 0.781250 0.645833 0.750000 0.645833 0.718750 0.645833 0.687500 0.645833 0.656250 0.645833 0.625000 0.645833 0.593750 0.645833 0.562500 0.645833 0.531250 0.645833 0.500000 0.645833 0.468750 0.645833 0.437500 0.645833 0.406250 0.645833 0.375000 0.645833 0.343750 0.645833 0.312500 0.645833 0.281250 0.645833 0.250000 0.645833 0.218750 0.645833 0.187500 0.645833 0.156250 0.645833 0.125000 0.645833 0.093750 0.645833 0.062500 0.645833 0.031250 0.645833 0.000000 0.666667 1.000000 0.666667 0.968750 0.666667 0.937500 0.666667 0.906250 0.666667 0.875000 0.666667 0.843750 0.666667 0.812500 0.666667 0.781250 0.666667 0.750000 0.666667 0.718750 0.666667 0.687500 0.666667 0.656250 0.666667 0.625000 0.666667 0.593750 0.666667 0.562500 0.666667 0.531250 0.666667 0.500000 0.666667 0.468750 0.666667 0.437500 0.666667 0.406250 0.666667 0.375000 0.666667 0.343750 0.666667 0.312500 0.666667 0.281250 0.666667 0.250000 0.666667 0.218750 0.666667 0.187500 0.666667 0.156250 0.666667 0.125000 0.666667 0.093750 0.666667 0.062500 0.666667 0.031250 0.666667 0.000000 0.687500 1.000000 0.687500 0.968750 0.687500 0.937500 0.687500 0.906250 0.687500 0.875000 0.687500 0.843750 0.687500 0.812500 0.687500 0.781250 0.687500 0.750000 0.687500 0.718750 0.687500 0.687500 0.687500 0.656250 0.687500 0.625000 0.687500 0.593750 0.687500 0.562500 0.687500 0.531250 0.687500 0.500000 0.687500 0.468750 0.687500 0.437500 0.687500 0.406250 0.687500 0.375000 0.687500 0.343750 0.687500 0.312500 0.687500 0.281250 0.687500 0.250000 0.687500 0.218750 0.687500 0.187500 0.687500 0.156250 0.687500 0.125000 0.687500 0.093750 0.687500 0.062500 0.687500 0.031250 0.687500 0.000000 0.708333 1.000000 0.708333 0.968750 0.708333 0.937500 0.708333 0.906250 0.708333 0.875000 0.708333 0.843750 0.708333 0.812500 0.708333 0.781250 0.708333 0.750000 0.708333 0.718750 0.708333 0.687500 0.708333 0.656250 0.708333 0.625000 0.708333 0.593750 0.708333 0.562500 0.708333 0.531250 0.708333 0.500000 0.708333 0.468750 0.708333 0.437500 0.708333 0.406250 0.708333 0.375000 0.708333 0.343750 0.708333 0.312500 0.708333 0.281250 0.708333 0.250000 0.708333 0.218750 0.708333 0.187500 0.708333 0.156250 0.708333 0.125000 0.708333 0.093750 0.708333 0.062500 0.708333 0.031250 0.708333 0.000000 0.729167 1.000000 0.729167 0.968750 0.729167 0.937500 0.729167 0.906250 0.729167 0.875000 0.729167 0.843750 0.729167 0.812500 0.729167 0.781250 0.729167 0.750000 0.729167 0.718750 0.729167 0.687500 0.729167 0.656250 0.729167 0.625000 0.729167 0.593750 0.729167 0.562500 0.729167 0.531250 0.729167 0.500000 0.729167 0.468750 0.729167 0.437500 0.729167 0.406250 0.729167 0.375000 0.729167 0.343750 0.729167 0.312500 0.729167 0.281250 0.729167 0.250000 0.729167 0.218750 0.729167 0.187500 0.729167 0.156250 0.729167 0.125000 0.729167 0.093750 0.729167 0.062500 0.729167 0.031250 0.729167 0.000000 0.750000 1.000000 0.750000 0.968750 0.750000 0.937500 0.750000 0.906250 0.750000 0.875000 0.750000 0.843750 0.750000 0.812500 0.750000 0.781250 0.750000 0.750000 0.750000 0.718750 0.750000 0.687500 0.750000 0.656250 0.750000 0.625000 0.750000 0.593750 0.750000 0.562500 0.750000 0.531250 0.750000 0.500000 0.750000 0.468750 0.750000 0.437500 0.750000 0.406250 0.750000 0.375000 0.750000 0.343750 0.750000 0.312500 0.750000 0.281250 0.750000 0.250000 0.750000 0.218750 0.750000 0.187500 0.750000 0.156250 0.750000 0.125000 0.750000 0.093750 0.750000 0.062500 0.750000 0.031250 0.750000 0.000000 0.770833 1.000000 0.770833 0.968750 0.770833 0.937500 0.770833 0.906250 0.770833 0.875000 0.770833 0.843750 0.770833 0.812500 0.770833 0.781250 0.770833 0.750000 0.770833 0.718750 0.770833 0.687500 0.770833 0.656250 0.770833 0.625000 0.770833 0.593750 0.770833 0.562500 0.770833 0.531250 0.770833 0.500000 0.770833 0.468750 0.770833 0.437500 0.770833 0.406250 0.770833 0.375000 0.770833 0.343750 0.770833 0.312500 0.770833 0.281250 0.770833 0.250000 0.770833 0.218750 0.770833 0.187500 0.770833 0.156250 0.770833 0.125000 0.770833 0.093750 0.770833 0.062500 0.770833 0.031250 0.770833 0.000000 0.791667 1.000000 0.791667 0.968750 0.791667 0.937500 0.791667 0.906250 0.791667 0.875000 0.791667 0.843750 0.791667 0.812500 0.791667 0.781250 0.791667 0.750000 0.791667 0.718750 0.791667 0.687500 0.791667 0.656250 0.791667 0.625000 0.791667 0.593750 0.791667 0.562500 0.791667 0.531250 0.791667 0.500000 0.791667 0.468750 0.791667 0.437500 0.791667 0.406250 0.791667 0.375000 0.791667 0.343750 0.791667 0.312500 0.791667 0.281250 0.791667 0.250000 0.791667 0.218750 0.791667 0.187500 0.791667 0.156250 0.791667 0.125000 0.791667 0.093750 0.791667 0.062500 0.791667 0.031250 0.791667 0.000000 0.812500 1.000000 0.812500 0.968750 0.812500 0.937500 0.812500 0.906250 0.812500 0.875000 0.812500 0.843750 0.812500 0.812500 0.812500 0.781250 0.812500 0.750000 0.812500 0.718750 0.812500 0.687500 0.812500 0.656250 0.812500 0.625000 0.812500 0.593750 0.812500 0.562500 0.812500 0.531250 0.812500 0.500000 0.812500 0.468750 0.812500 0.437500 0.812500 0.406250 0.812500 0.375000 0.812500 0.343750 0.812500 0.312500 0.812500 0.281250 0.812500 0.250000 0.812500 0.218750 0.812500 0.187500 0.812500 0.156250 0.812500 0.125000 0.812500 0.093750 0.812500 0.062500 0.812500 0.031250 0.812500 0.000000 0.833333 1.000000 0.833333 0.968750 0.833333 0.937500 0.833333 0.906250 0.833333 0.875000 0.833333 0.843750 0.833333 0.812500 0.833333 0.781250 0.833333 0.750000 0.833333 0.718750 0.833333 0.687500 0.833333 0.656250 0.833333 0.625000 0.833333 0.593750 0.833333 0.562500 0.833333 0.531250 0.833333 0.500000 0.833333 0.468750 0.833333 0.437500 0.833333 0.406250 0.833333 0.375000 0.833333 0.343750 0.833333 0.312500 0.833333 0.281250 0.833333 0.250000 0.833333 0.218750 0.833333 0.187500 0.833333 0.156250 0.833333 0.125000 0.833333 0.093750 0.833333 0.062500 0.833333 0.031250 0.833333 0.000000 0.854167 1.000000 0.854167 0.968750 0.854167 0.937500 0.854167 0.906250 0.854167 0.875000 0.854167 0.843750 0.854167 0.812500 0.854167 0.781250 0.854167 0.750000 0.854167 0.718750 0.854167 0.687500 0.854167 0.656250 0.854167 0.625000 0.854167 0.593750 0.854167 0.562500 0.854167 0.531250 0.854167 0.500000 0.854167 0.468750 0.854167 0.437500 0.854167 0.406250 0.854167 0.375000 0.854167 0.343750 0.854167 0.312500 0.854167 0.281250 0.854167 0.250000 0.854167 0.218750 0.854167 0.187500 0.854167 0.156250 0.854167 0.125000 0.854167 0.093750 0.854167 0.062500 0.854167 0.031250 0.854167 0.000000 0.875000 1.000000 0.875000 0.968750 0.875000 0.937500 0.875000 0.906250 0.875000 0.875000 0.875000 0.843750 0.875000 0.812500 0.875000 0.781250 0.875000 0.750000 0.875000 0.718750 0.875000 0.687500 0.875000 0.656250 0.875000 0.625000 0.875000 0.593750 0.875000 0.562500 0.875000 0.531250 0.875000 0.500000 0.875000 0.468750 0.875000 0.437500 0.875000 0.406250 0.875000 0.375000 0.875000 0.343750 0.875000 0.312500 0.875000 0.281250 0.875000 0.250000 0.875000 0.218750 0.875000 0.187500 0.875000 0.156250 0.875000 0.125000 0.875000 0.093750 0.875000 0.062500 0.875000 0.031250 0.875000 0.000000 0.895833 1.000000 0.895833 0.968750 0.895833 0.937500 0.895833 0.906250 0.895833 0.875000 0.895833 0.843750 0.895833 0.812500 0.895833 0.781250 0.895833 0.750000 0.895833 0.718750 0.895833 0.687500 0.895833 0.656250 0.895833 0.625000 0.895833 0.593750 0.895833 0.562500 0.895833 0.531250 0.895833 0.500000 0.895833 0.468750 0.895833 0.437500 0.895833 0.406250 0.895833 0.375000 0.895833 0.343750 0.895833 0.312500 0.895833 0.281250 0.895833 0.250000 0.895833 0.218750 0.895833 0.187500 0.895833 0.156250 0.895833 0.125000 0.895833 0.093750 0.895833 0.062500 0.895833 0.031250 0.895833 0.000000 0.916667 1.000000 0.916667 0.968750 0.916667 0.937500 0.916667 0.906250 0.916667 0.875000 0.916667 0.843750 0.916667 0.812500 0.916667 0.781250 0.916667 0.750000 0.916667 0.718750 0.916667 0.687500 0.916667 0.656250 0.916667 0.625000 0.916667 0.593750 0.916667 0.562500 0.916667 0.531250 0.916667 0.500000 0.916667 0.468750 0.916667 0.437500 0.916667 0.406250 0.916667 0.375000 0.916667 0.343750 0.916667 0.312500 0.916667 0.281250 0.916667 0.250000 0.916667 0.218750 0.916667 0.187500 0.916667 0.156250 0.916667 0.125000 0.916667 0.093750 0.916667 0.062500 0.916667 0.031250 0.916667 0.000000 0.937500 1.000000 0.937500 0.968750 0.937500 0.937500 0.937500 0.906250 0.937500 0.875000 0.937500 0.843750 0.937500 0.812500 0.937500 0.781250 0.937500 0.750000 0.937500 0.718750 0.937500 0.687500 0.937500 0.656250 0.937500 0.625000 0.937500 0.593750 0.937500 0.562500 0.937500 0.531250 0.937500 0.500000 0.937500 0.468750 0.937500 0.437500 0.937500 0.406250 0.937500 0.375000 0.937500 0.343750 0.937500 0.312500 0.937500 0.281250 0.937500 0.250000 0.937500 0.218750 0.937500 0.187500 0.937500 0.156250 0.937500 0.125000 0.937500 0.093750 0.937500 0.062500 0.937500 0.031250 0.937500 0.000000 0.958333 1.000000 0.958333 0.968750 0.958333 0.937500 0.958333 0.906250 0.958333 0.875000 0.958333 0.843750 0.958333 0.812500 0.958333 0.781250 0.958333 0.750000 0.958333 0.718750 0.958333 0.687500 0.958333 0.656250 0.958333 0.625000 0.958333 0.593750 0.958333 0.562500 0.958333 0.531250 0.958333 0.500000 0.958333 0.468750 0.958333 0.437500 0.958333 0.406250 0.958333 0.375000 0.958333 0.343750 0.958333 0.312500 0.958333 0.281250 0.958333 0.250000 0.958333 0.218750 0.958333 0.187500 0.958333 0.156250 0.958333 0.125000 0.958333 0.093750 0.958333 0.062500 0.958333 0.031250 0.958333 0.000000 0.979167 1.000000 0.979167 0.968750 0.979167 0.937500 0.979167 0.906250 0.979167 0.875000 0.979167 0.843750 0.979167 0.812500 0.979167 0.781250 0.979167 0.750000 0.979167 0.718750 0.979167 0.687500 0.979167 0.656250 0.979167 0.625000 0.979167 0.593750 0.979167 0.562500 0.979167 0.531250 0.979167 0.500000 0.979167 0.468750 0.979167 0.437500 0.979167 0.406250 0.979167 0.375000 0.979167 0.343750 0.979167 0.312500 0.979167 0.281250 0.979167 0.250000 0.979167 0.218750 0.979167 0.187500 0.979167 0.156250 0.979167 0.125000 0.979167 0.093750 0.979167 0.062500 0.979167 0.031250 0.979167 0.000000 1.000000 1.000000 1.000000 0.968750 1.000000 0.937500 1.000000 0.906250 1.000000 0.875000 1.000000 0.843750 1.000000 0.812500 1.000000 0.781250 1.000000 0.750000 1.000000 0.718750 1.000000 0.687500 1.000000 0.656250 1.000000 0.625000 1.000000 0.593750 1.000000 0.562500 1.000000 0.531250 1.000000 0.500000 1.000000 0.468750 1.000000 0.437500 1.000000 0.406250 1.000000 0.375000 1.000000 0.343750 1.000000 0.312500 1.000000 0.281250 1.000000 0.250000 1.000000 0.218750 1.000000 0.187500 1.000000 0.156250 1.000000 0.125000 1.000000 0.093750 1.000000 0.062500 1.000000 0.031250 1.000000 0.000000 0.000000 1.000000 0.000000 0.961538 0.000000 0.923077 0.000000 0.884615 0.000000 0.846154 0.000000 0.807692 0.000000 0.769231 0.000000 0.730769 0.000000 0.692308 0.000000 0.653846 0.000000 0.615385 0.000000 0.576923 0.000000 0.538462 0.000000 0.500000 0.000000 0.461538 0.000000 0.423077 0.000000 0.384615 0.000000 0.346154 0.000000 0.307692 0.000000 0.269231 0.000000 0.230769 0.000000 0.192308 0.000000 0.153846 0.000000 0.115385 0.000000 0.076923 0.000000 0.038462 0.000000 0.000000 0.027778 1.000000 0.027778 0.961538 0.027778 0.923077 0.027778 0.884615 0.027778 0.846154 0.027778 0.807692 0.027778 0.769231 0.027778 0.730769 0.027778 0.692308 0.027778 0.653846 0.027778 0.615385 0.027778 0.576923 0.027778 0.538462 0.027778 0.500000 0.027778 0.461538 0.027778 0.423077 0.027778 0.384615 0.027778 0.346154 0.027778 0.307692 0.027778 0.269231 0.027778 0.230769 0.027778 0.192308 0.027778 0.153846 0.027778 0.115385 0.027778 0.076923 0.027778 0.038462 0.027778 0.000000 0.055556 1.000000 0.055556 0.961538 0.055556 0.923077 0.055556 0.884615 0.055556 0.846154 0.055556 0.807692 0.055556 0.769231 0.055556 0.730769 0.055556 0.692308 0.055556 0.653846 0.055556 0.615385 0.055556 0.576923 0.055556 0.538462 0.055556 0.500000 0.055556 0.461538 0.055556 0.423077 0.055556 0.384615 0.055556 0.346154 0.055556 0.307692 0.055556 0.269231 0.055556 0.230769 0.055556 0.192308 0.055556 0.153846 0.055556 0.115385 0.055556 0.076923 0.055556 0.038462 0.055556 0.000000 0.083333 1.000000 0.083333 0.961538 0.083333 0.923077 0.083333 0.884615 0.083333 0.846154 0.083333 0.807692 0.083333 0.769231 0.083333 0.730769 0.083333 0.692308 0.083333 0.653846 0.083333 0.615385 0.083333 0.576923 0.083333 0.538462 0.083333 0.500000 0.083333 0.461538 0.083333 0.423077 0.083333 0.384615 0.083333 0.346154 0.083333 0.307692 0.083333 0.269231 0.083333 0.230769 0.083333 0.192308 0.083333 0.153846 0.083333 0.115385 0.083333 0.076923 0.083333 0.038462 0.083333 0.000000 0.111111 1.000000 0.111111 0.961538 0.111111 0.923077 0.111111 0.884615 0.111111 0.846154 0.111111 0.807692 0.111111 0.769231 0.111111 0.730769 0.111111 0.692308 0.111111 0.653846 0.111111 0.615385 0.111111 0.576923 0.111111 0.538462 0.111111 0.500000 0.111111 0.461538 0.111111 0.423077 0.111111 0.384615 0.111111 0.346154 0.111111 0.307692 0.111111 0.269231 0.111111 0.230769 0.111111 0.192308 0.111111 0.153846 0.111111 0.115385 0.111111 0.076923 0.111111 0.038462 0.111111 0.000000 0.138889 1.000000 0.138889 0.961538 0.138889 0.923077 0.138889 0.884615 0.138889 0.846154 0.138889 0.807692 0.138889 0.769231 0.138889 0.730769 0.138889 0.692308 0.138889 0.653846 0.138889 0.615385 0.138889 0.576923 0.138889 0.538462 0.138889 0.500000 0.138889 0.461538 0.138889 0.423077 0.138889 0.384615 0.138889 0.346154 0.138889 0.307692 0.138889 0.269231 0.138889 0.230769 0.138889 0.192308 0.138889 0.153846 0.138889 0.115385 0.138889 0.076923 0.138889 0.038462 0.138889 0.000000 0.166667 1.000000 0.166667 0.961538 0.166667 0.923077 0.166667 0.884615 0.166667 0.846154 0.166667 0.807692 0.166667 0.769231 0.166667 0.730769 0.166667 0.692308 0.166667 0.653846 0.166667 0.615385 0.166667 0.576923 0.166667 0.538462 0.166667 0.500000 0.166667 0.461538 0.166667 0.423077 0.166667 0.384615 0.166667 0.346154 0.166667 0.307692 0.166667 0.269231 0.166667 0.230769 0.166667 0.192308 0.166667 0.153846 0.166667 0.115385 0.166667 0.076923 0.166667 0.038462 0.166667 0.000000 0.194444 1.000000 0.194444 0.961538 0.194444 0.923077 0.194444 0.884615 0.194444 0.846154 0.194444 0.807692 0.194444 0.769231 0.194444 0.730769 0.194444 0.692308 0.194444 0.653846 0.194444 0.615385 0.194444 0.576923 0.194444 0.538462 0.194444 0.500000 0.194444 0.461538 0.194444 0.423077 0.194444 0.384615 0.194444 0.346154 0.194444 0.307692 0.194444 0.269231 0.194444 0.230769 0.194444 0.192308 0.194444 0.153846 0.194444 0.115385 0.194444 0.076923 0.194444 0.038462 0.194444 0.000000 0.222222 1.000000 0.222222 0.961538 0.222222 0.923077 0.222222 0.884615 0.222222 0.846154 0.222222 0.807692 0.222222 0.769231 0.222222 0.730769 0.222222 0.692308 0.222222 0.653846 0.222222 0.615385 0.222222 0.576923 0.222222 0.538462 0.222222 0.500000 0.222222 0.461538 0.222222 0.423077 0.222222 0.384615 0.222222 0.346154 0.222222 0.307692 0.222222 0.269231 0.222222 0.230769 0.222222 0.192308 0.222222 0.153846 0.222222 0.115385 0.222222 0.076923 0.222222 0.038462 0.222222 0.000000 0.250000 1.000000 0.250000 0.961538 0.250000 0.923077 0.250000 0.884615 0.250000 0.846154 0.250000 0.807692 0.250000 0.769231 0.250000 0.730769 0.250000 0.692308 0.250000 0.653846 0.250000 0.615385 0.250000 0.576923 0.250000 0.538462 0.250000 0.500000 0.250000 0.461538 0.250000 0.423077 0.250000 0.384615 0.250000 0.346154 0.250000 0.307692 0.250000 0.269231 0.250000 0.230769 0.250000 0.192308 0.250000 0.153846 0.250000 0.115385 0.250000 0.076923 0.250000 0.038462 0.250000 0.000000 0.277778 1.000000 0.277778 0.961538 0.277778 0.923077 0.277778 0.884615 0.277778 0.846154 0.277778 0.807692 0.277778 0.769231 0.277778 0.730769 0.277778 0.692308 0.277778 0.653846 0.277778 0.615385 0.277778 0.576923 0.277778 0.538462 0.277778 0.500000 0.277778 0.461538 0.277778 0.423077 0.277778 0.384615 0.277778 0.346154 0.277778 0.307692 0.277778 0.269231 0.277778 0.230769 0.277778 0.192308 0.277778 0.153846 0.277778 0.115385 0.277778 0.076923 0.277778 0.038462 0.277778 0.000000 0.305556 1.000000 0.305556 0.961538 0.305556 0.923077 0.305556 0.884615 0.305556 0.846154 0.305556 0.807692 0.305556 0.769231 0.305556 0.730769 0.305556 0.692308 0.305556 0.653846 0.305556 0.615385 0.305556 0.576923 0.305556 0.538462 0.305556 0.500000 0.305556 0.461538 0.305556 0.423077 0.305556 0.384615 0.305556 0.346154 0.305556 0.307692 0.305556 0.269231 0.305556 0.230769 0.305556 0.192308 0.305556 0.153846 0.305556 0.115385 0.305556 0.076923 0.305556 0.038462 0.305556 0.000000 0.333333 1.000000 0.333333 0.961538 0.333333 0.923077 0.333333 0.884615 0.333333 0.846154 0.333333 0.807692 0.333333 0.769231 0.333333 0.730769 0.333333 0.692308 0.333333 0.653846 0.333333 0.615385 0.333333 0.576923 0.333333 0.538462 0.333333 0.500000 0.333333 0.461538 0.333333 0.423077 0.333333 0.384615 0.333333 0.346154 0.333333 0.307692 0.333333 0.269231 0.333333 0.230769 0.333333 0.192308 0.333333 0.153846 0.333333 0.115385 0.333333 0.076923 0.333333 0.038462 0.333333 0.000000 0.361111 1.000000 0.361111 0.961538 0.361111 0.923077 0.361111 0.884615 0.361111 0.846154 0.361111 0.807692 0.361111 0.769231 0.361111 0.730769 0.361111 0.692308 0.361111 0.653846 0.361111 0.615385 0.361111 0.576923 0.361111 0.538462 0.361111 0.500000 0.361111 0.461538 0.361111 0.423077 0.361111 0.384615 0.361111 0.346154 0.361111 0.307692 0.361111 0.269231 0.361111 0.230769 0.361111 0.192308 0.361111 0.153846 0.361111 0.115385 0.361111 0.076923 0.361111 0.038462 0.361111 0.000000 0.388889 1.000000 0.388889 0.961538 0.388889 0.923077 0.388889 0.884615 0.388889 0.846154 0.388889 0.807692 0.388889 0.769231 0.388889 0.730769 0.388889 0.692308 0.388889 0.653846 0.388889 0.615385 0.388889 0.576923 0.388889 0.538462 0.388889 0.500000 0.388889 0.461538 0.388889 0.423077 0.388889 0.384615 0.388889 0.346154 0.388889 0.307692 0.388889 0.269231 0.388889 0.230769 0.388889 0.192308 0.388889 0.153846 0.388889 0.115385 0.388889 0.076923 0.388889 0.038462 0.388889 0.000000 0.416667 1.000000 0.416667 0.961538 0.416667 0.923077 0.416667 0.884615 0.416667 0.846154 0.416667 0.807692 0.416667 0.769231 0.416667 0.730769 0.416667 0.692308 0.416667 0.653846 0.416667 0.615385 0.416667 0.576923 0.416667 0.538462 0.416667 0.500000 0.416667 0.461538 0.416667 0.423077 0.416667 0.384615 0.416667 0.346154 0.416667 0.307692 0.416667 0.269231 0.416667 0.230769 0.416667 0.192308 0.416667 0.153846 0.416667 0.115385 0.416667 0.076923 0.416667 0.038462 0.416667 0.000000 0.444444 1.000000 0.444444 0.961538 0.444444 0.923077 0.444444 0.884615 0.444444 0.846154 0.444444 0.807692 0.444444 0.769231 0.444444 0.730769 0.444444 0.692308 0.444444 0.653846 0.444444 0.615385 0.444444 0.576923 0.444444 0.538462 0.444444 0.500000 0.444444 0.461538 0.444444 0.423077 0.444444 0.384615 0.444444 0.346154 0.444444 0.307692 0.444444 0.269231 0.444444 0.230769 0.444444 0.192308 0.444444 0.153846 0.444444 0.115385 0.444444 0.076923 0.444444 0.038462 0.444444 0.000000 0.472222 1.000000 0.472222 0.961538 0.472222 0.923077 0.472222 0.884615 0.472222 0.846154 0.472222 0.807692 0.472222 0.769231 0.472222 0.730769 0.472222 0.692308 0.472222 0.653846 0.472222 0.615385 0.472222 0.576923 0.472222 0.538462 0.472222 0.500000 0.472222 0.461538 0.472222 0.423077 0.472222 0.384615 0.472222 0.346154 0.472222 0.307692 0.472222 0.269231 0.472222 0.230769 0.472222 0.192308 0.472222 0.153846 0.472222 0.115385 0.472222 0.076923 0.472222 0.038462 0.472222 0.000000 0.500000 1.000000 0.500000 0.961538 0.500000 0.923077 0.500000 0.884615 0.500000 0.846154 0.500000 0.807692 0.500000 0.769231 0.500000 0.730769 0.500000 0.692308 0.500000 0.653846 0.500000 0.615385 0.500000 0.576923 0.500000 0.538462 0.500000 0.500000 0.500000 0.461538 0.500000 0.423077 0.500000 0.384615 0.500000 0.346154 0.500000 0.307692 0.500000 0.269231 0.500000 0.230769 0.500000 0.192308 0.500000 0.153846 0.500000 0.115385 0.500000 0.076923 0.500000 0.038462 0.500000 0.000000 0.527778 1.000000 0.527778 0.961538 0.527778 0.923077 0.527778 0.884615 0.527778 0.846154 0.527778 0.807692 0.527778 0.769231 0.527778 0.730769 0.527778 0.692308 0.527778 0.653846 0.527778 0.615385 0.527778 0.576923 0.527778 0.538462 0.527778 0.500000 0.527778 0.461538 0.527778 0.423077 0.527778 0.384615 0.527778 0.346154 0.527778 0.307692 0.527778 0.269231 0.527778 0.230769 0.527778 0.192308 0.527778 0.153846 0.527778 0.115385 0.527778 0.076923 0.527778 0.038462 0.527778 0.000000 0.555556 1.000000 0.555556 0.961538 0.555556 0.923077 0.555556 0.884615 0.555556 0.846154 0.555556 0.807692 0.555556 0.769231 0.555556 0.730769 0.555556 0.692308 0.555556 0.653846 0.555556 0.615385 0.555556 0.576923 0.555556 0.538462 0.555556 0.500000 0.555556 0.461538 0.555556 0.423077 0.555556 0.384615 0.555556 0.346154 0.555556 0.307692 0.555556 0.269231 0.555556 0.230769 0.555556 0.192308 0.555556 0.153846 0.555556 0.115385 0.555556 0.076923 0.555556 0.038462 0.555556 0.000000 0.583333 1.000000 0.583333 0.961538 0.583333 0.923077 0.583333 0.884615 0.583333 0.846154 0.583333 0.807692 0.583333 0.769231 0.583333 0.730769 0.583333 0.692308 0.583333 0.653846 0.583333 0.615385 0.583333 0.576923 0.583333 0.538462 0.583333 0.500000 0.583333 0.461538 0.583333 0.423077 0.583333 0.384615 0.583333 0.346154 0.583333 0.307692 0.583333 0.269231 0.583333 0.230769 0.583333 0.192308 0.583333 0.153846 0.583333 0.115385 0.583333 0.076923 0.583333 0.038462 0.583333 0.000000 0.611111 1.000000 0.611111 0.961538 0.611111 0.923077 0.611111 0.884615 0.611111 0.846154 0.611111 0.807692 0.611111 0.769231 0.611111 0.730769 0.611111 0.692308 0.611111 0.653846 0.611111 0.615385 0.611111 0.576923 0.611111 0.538462 0.611111 0.500000 0.611111 0.461538 0.611111 0.423077 0.611111 0.384615 0.611111 0.346154 0.611111 0.307692 0.611111 0.269231 0.611111 0.230769 0.611111 0.192308 0.611111 0.153846 0.611111 0.115385 0.611111 0.076923 0.611111 0.038462 0.611111 0.000000 0.638889 1.000000 0.638889 0.961538 0.638889 0.923077 0.638889 0.884615 0.638889 0.846154 0.638889 0.807692 0.638889 0.769231 0.638889 0.730769 0.638889 0.692308 0.638889 0.653846 0.638889 0.615385 0.638889 0.576923 0.638889 0.538462 0.638889 0.500000 0.638889 0.461538 0.638889 0.423077 0.638889 0.384615 0.638889 0.346154 0.638889 0.307692 0.638889 0.269231 0.638889 0.230769 0.638889 0.192308 0.638889 0.153846 0.638889 0.115385 0.638889 0.076923 0.638889 0.038462 0.638889 0.000000 0.666667 1.000000 0.666667 0.961538 0.666667 0.923077 0.666667 0.884615 0.666667 0.846154 0.666667 0.807692 0.666667 0.769231 0.666667 0.730769 0.666667 0.692308 0.666667 0.653846 0.666667 0.615385 0.666667 0.576923 0.666667 0.538462 0.666667 0.500000 0.666667 0.461538 0.666667 0.423077 0.666667 0.384615 0.666667 0.346154 0.666667 0.307692 0.666667 0.269231 0.666667 0.230769 0.666667 0.192308 0.666667 0.153846 0.666667 0.115385 0.666667 0.076923 0.666667 0.038462 0.666667 0.000000 0.694444 1.000000 0.694444 0.961538 0.694444 0.923077 0.694444 0.884615 0.694444 0.846154 0.694444 0.807692 0.694444 0.769231 0.694444 0.730769 0.694444 0.692308 0.694444 0.653846 0.694444 0.615385 0.694444 0.576923 0.694444 0.538462 0.694444 0.500000 0.694444 0.461538 0.694444 0.423077 0.694444 0.384615 0.694444 0.346154 0.694444 0.307692 0.694444 0.269231 0.694444 0.230769 0.694444 0.192308 0.694444 0.153846 0.694444 0.115385 0.694444 0.076923 0.694444 0.038462 0.694444 0.000000 0.722222 1.000000 0.722222 0.961538 0.722222 0.923077 0.722222 0.884615 0.722222 0.846154 0.722222 0.807692 0.722222 0.769231 0.722222 0.730769 0.722222 0.692308 0.722222 0.653846 0.722222 0.615385 0.722222 0.576923 0.722222 0.538462 0.722222 0.500000 0.722222 0.461538 0.722222 0.423077 0.722222 0.384615 0.722222 0.346154 0.722222 0.307692 0.722222 0.269231 0.722222 0.230769 0.722222 0.192308 0.722222 0.153846 0.722222 0.115385 0.722222 0.076923 0.722222 0.038462 0.722222 0.000000 0.750000 1.000000 0.750000 0.961538 0.750000 0.923077 0.750000 0.884615 0.750000 0.846154 0.750000 0.807692 0.750000 0.769231 0.750000 0.730769 0.750000 0.692308 0.750000 0.653846 0.750000 0.615385 0.750000 0.576923 0.750000 0.538462 0.750000 0.500000 0.750000 0.461538 0.750000 0.423077 0.750000 0.384615 0.750000 0.346154 0.750000 0.307692 0.750000 0.269231 0.750000 0.230769 0.750000 0.192308 0.750000 0.153846 0.750000 0.115385 0.750000 0.076923 0.750000 0.038462 0.750000 0.000000 0.777778 1.000000 0.777778 0.961538 0.777778 0.923077 0.777778 0.884615 0.777778 0.846154 0.777778 0.807692 0.777778 0.769231 0.777778 0.730769 0.777778 0.692308 0.777778 0.653846 0.777778 0.615385 0.777778 0.576923 0.777778 0.538462 0.777778 0.500000 0.777778 0.461538 0.777778 0.423077 0.777778 0.384615 0.777778 0.346154 0.777778 0.307692 0.777778 0.269231 0.777778 0.230769 0.777778 0.192308 0.777778 0.153846 0.777778 0.115385 0.777778 0.076923 0.777778 0.038462 0.777778 0.000000 0.805556 1.000000 0.805556 0.961538 0.805556 0.923077 0.805556 0.884615 0.805556 0.846154 0.805556 0.807692 0.805556 0.769231 0.805556 0.730769 0.805556 0.692308 0.805556 0.653846 0.805556 0.615385 0.805556 0.576923 0.805556 0.538462 0.805556 0.500000 0.805556 0.461538 0.805556 0.423077 0.805556 0.384615 0.805556 0.346154 0.805556 0.307692 0.805556 0.269231 0.805556 0.230769 0.805556 0.192308 0.805556 0.153846 0.805556 0.115385 0.805556 0.076923 0.805556 0.038462 0.805556 0.000000 0.833333 1.000000 0.833333 0.961538 0.833333 0.923077 0.833333 0.884615 0.833333 0.846154 0.833333 0.807692 0.833333 0.769231 0.833333 0.730769 0.833333 0.692308 0.833333 0.653846 0.833333 0.615385 0.833333 0.576923 0.833333 0.538462 0.833333 0.500000 0.833333 0.461538 0.833333 0.423077 0.833333 0.384615 0.833333 0.346154 0.833333 0.307692 0.833333 0.269231 0.833333 0.230769 0.833333 0.192308 0.833333 0.153846 0.833333 0.115385 0.833333 0.076923 0.833333 0.038462 0.833333 0.000000 0.861111 1.000000 0.861111 0.961538 0.861111 0.923077 0.861111 0.884615 0.861111 0.846154 0.861111 0.807692 0.861111 0.769231 0.861111 0.730769 0.861111 0.692308 0.861111 0.653846 0.861111 0.615385 0.861111 0.576923 0.861111 0.538462 0.861111 0.500000 0.861111 0.461538 0.861111 0.423077 0.861111 0.384615 0.861111 0.346154 0.861111 0.307692 0.861111 0.269231 0.861111 0.230769 0.861111 0.192308 0.861111 0.153846 0.861111 0.115385 0.861111 0.076923 0.861111 0.038462 0.861111 0.000000 0.888889 1.000000 0.888889 0.961538 0.888889 0.923077 0.888889 0.884615 0.888889 0.846154 0.888889 0.807692 0.888889 0.769231 0.888889 0.730769 0.888889 0.692308 0.888889 0.653846 0.888889 0.615385 0.888889 0.576923 0.888889 0.538462 0.888889 0.500000 0.888889 0.461538 0.888889 0.423077 0.888889 0.384615 0.888889 0.346154 0.888889 0.307692 0.888889 0.269231 0.888889 0.230769 0.888889 0.192308 0.888889 0.153846 0.888889 0.115385 0.888889 0.076923 0.888889 0.038462 0.888889 0.000000 0.916667 1.000000 0.916667 0.961538 0.916667 0.923077 0.916667 0.884615 0.916667 0.846154 0.916667 0.807692 0.916667 0.769231 0.916667 0.730769 0.916667 0.692308 0.916667 0.653846 0.916667 0.615385 0.916667 0.576923 0.916667 0.538462 0.916667 0.500000 0.916667 0.461538 0.916667 0.423077 0.916667 0.384615 0.916667 0.346154 0.916667 0.307692 0.916667 0.269231 0.916667 0.230769 0.916667 0.192308 0.916667 0.153846 0.916667 0.115385 0.916667 0.076923 0.916667 0.038462 0.916667 0.000000 0.944444 1.000000 0.944444 0.961538 0.944444 0.923077 0.944444 0.884615 0.944444 0.846154 0.944444 0.807692 0.944444 0.769231 0.944444 0.730769 0.944444 0.692308 0.944444 0.653846 0.944444 0.615385 0.944444 0.576923 0.944444 0.538462 0.944444 0.500000 0.944444 0.461538 0.944444 0.423077 0.944444 0.384615 0.944444 0.346154 0.944444 0.307692 0.944444 0.269231 0.944444 0.230769 0.944444 0.192308 0.944444 0.153846 0.944444 0.115385 0.944444 0.076923 0.944444 0.038462 0.944444 0.000000 0.972222 1.000000 0.972222 0.961538 0.972222 0.923077 0.972222 0.884615 0.972222 0.846154 0.972222 0.807692 0.972222 0.769231 0.972222 0.730769 0.972222 0.692308 0.972222 0.653846 0.972222 0.615385 0.972222 0.576923 0.972222 0.538462 0.972222 0.500000 0.972222 0.461538 0.972222 0.423077 0.972222 0.384615 0.972222 0.346154 0.972222 0.307692 0.972222 0.269231 0.972222 0.230769 0.972222 0.192308 0.972222 0.153846 0.972222 0.115385 0.972222 0.076923 0.972222 0.038462 0.972222 0.000000 1.000000 1.000000 1.000000 0.961538 1.000000 0.923077 1.000000 0.884615 1.000000 0.846154 1.000000 0.807692 1.000000 0.769231 1.000000 0.730769 1.000000 0.692308 1.000000 0.653846 1.000000 0.615385 1.000000 0.576923 1.000000 0.538462 1.000000 0.500000 1.000000 0.461538 1.000000 0.423077 1.000000 0.384615 1.000000 0.346154 1.000000 0.307692 1.000000 0.269231 1.000000 0.230769 1.000000 0.192308 1.000000 0.153846 1.000000 0.115385 1.000000 0.076923 1.000000 0.038462 1.000000 0.000000 0.000000 1.000000 0.000000 0.954545 0.000000 0.909091 0.000000 0.863636 0.000000 0.818182 0.000000 0.772727 0.000000 0.727273 0.000000 0.681818 0.000000 0.636364 0.000000 0.590909 0.000000 0.545455 0.000000 0.500000 0.000000 0.454545 0.000000 0.409091 0.000000 0.363636 0.000000 0.318182 0.000000 0.272727 0.000000 0.227273 0.000000 0.181818 0.000000 0.136364 0.000000 0.090909 0.000000 0.045455 0.000000 0.000000 0.031250 1.000000 0.031250 0.954545 0.031250 0.909091 0.031250 0.863636 0.031250 0.818182 0.031250 0.772727 0.031250 0.727273 0.031250 0.681818 0.031250 0.636364 0.031250 0.590909 0.031250 0.545455 0.031250 0.500000 0.031250 0.454545 0.031250 0.409091 0.031250 0.363636 0.031250 0.318182 0.031250 0.272727 0.031250 0.227273 0.031250 0.181818 0.031250 0.136364 0.031250 0.090909 0.031250 0.045455 0.031250 0.000000 0.062500 1.000000 0.062500 0.954545 0.062500 0.909091 0.062500 0.863636 0.062500 0.818182 0.062500 0.772727 0.062500 0.727273 0.062500 0.681818 0.062500 0.636364 0.062500 0.590909 0.062500 0.545455 0.062500 0.500000 0.062500 0.454545 0.062500 0.409091 0.062500 0.363636 0.062500 0.318182 0.062500 0.272727 0.062500 0.227273 0.062500 0.181818 0.062500 0.136364 0.062500 0.090909 0.062500 0.045455 0.062500 0.000000 0.093750 1.000000 0.093750 0.954545 0.093750 0.909091 0.093750 0.863636 0.093750 0.818182 0.093750 0.772727 0.093750 0.727273 0.093750 0.681818 0.093750 0.636364 0.093750 0.590909 0.093750 0.545455 0.093750 0.500000 0.093750 0.454545 0.093750 0.409091 0.093750 0.363636 0.093750 0.318182 0.093750 0.272727 0.093750 0.227273 0.093750 0.181818 0.093750 0.136364 0.093750 0.090909 0.093750 0.045455 0.093750 0.000000 0.125000 1.000000 0.125000 0.954545 0.125000 0.909091 0.125000 0.863636 0.125000 0.818182 0.125000 0.772727 0.125000 0.727273 0.125000 0.681818 0.125000 0.636364 0.125000 0.590909 0.125000 0.545455 0.125000 0.500000 0.125000 0.454545 0.125000 0.409091 0.125000 0.363636 0.125000 0.318182 0.125000 0.272727 0.125000 0.227273 0.125000 0.181818 0.125000 0.136364 0.125000 0.090909 0.125000 0.045455 0.125000 0.000000 0.156250 1.000000 0.156250 0.954545 0.156250 0.909091 0.156250 0.863636 0.156250 0.818182 0.156250 0.772727 0.156250 0.727273 0.156250 0.681818 0.156250 0.636364 0.156250 0.590909 0.156250 0.545455 0.156250 0.500000 0.156250 0.454545 0.156250 0.409091 0.156250 0.363636 0.156250 0.318182 0.156250 0.272727 0.156250 0.227273 0.156250 0.181818 0.156250 0.136364 0.156250 0.090909 0.156250 0.045455 0.156250 0.000000 0.187500 1.000000 0.187500 0.954545 0.187500 0.909091 0.187500 0.863636 0.187500 0.818182 0.187500 0.772727 0.187500 0.727273 0.187500 0.681818 0.187500 0.636364 0.187500 0.590909 0.187500 0.545455 0.187500 0.500000 0.187500 0.454545 0.187500 0.409091 0.187500 0.363636 0.187500 0.318182 0.187500 0.272727 0.187500 0.227273 0.187500 0.181818 0.187500 0.136364 0.187500 0.090909 0.187500 0.045455 0.187500 0.000000 0.218750 1.000000 0.218750 0.954545 0.218750 0.909091 0.218750 0.863636 0.218750 0.818182 0.218750 0.772727 0.218750 0.727273 0.218750 0.681818 0.218750 0.636364 0.218750 0.590909 0.218750 0.545455 0.218750 0.500000 0.218750 0.454545 0.218750 0.409091 0.218750 0.363636 0.218750 0.318182 0.218750 0.272727 0.218750 0.227273 0.218750 0.181818 0.218750 0.136364 0.218750 0.090909 0.218750 0.045455 0.218750 0.000000 0.250000 1.000000 0.250000 0.954545 0.250000 0.909091 0.250000 0.863636 0.250000 0.818182 0.250000 0.772727 0.250000 0.727273 0.250000 0.681818 0.250000 0.636364 0.250000 0.590909 0.250000 0.545455 0.250000 0.500000 0.250000 0.454545 0.250000 0.409091 0.250000 0.363636 0.250000 0.318182 0.250000 0.272727 0.250000 0.227273 0.250000 0.181818 0.250000 0.136364 0.250000 0.090909 0.250000 0.045455 0.250000 0.000000 0.281250 1.000000 0.281250 0.954545 0.281250 0.909091 0.281250 0.863636 0.281250 0.818182 0.281250 0.772727 0.281250 0.727273 0.281250 0.681818 0.281250 0.636364 0.281250 0.590909 0.281250 0.545455 0.281250 0.500000 0.281250 0.454545 0.281250 0.409091 0.281250 0.363636 0.281250 0.318182 0.281250 0.272727 0.281250 0.227273 0.281250 0.181818 0.281250 0.136364 0.281250 0.090909 0.281250 0.045455 0.281250 0.000000 0.312500 1.000000 0.312500 0.954545 0.312500 0.909091 0.312500 0.863636 0.312500 0.818182 0.312500 0.772727 0.312500 0.727273 0.312500 0.681818 0.312500 0.636364 0.312500 0.590909 0.312500 0.545455 0.312500 0.500000 0.312500 0.454545 0.312500 0.409091 0.312500 0.363636 0.312500 0.318182 0.312500 0.272727 0.312500 0.227273 0.312500 0.181818 0.312500 0.136364 0.312500 0.090909 0.312500 0.045455 0.312500 0.000000 0.343750 1.000000 0.343750 0.954545 0.343750 0.909091 0.343750 0.863636 0.343750 0.818182 0.343750 0.772727 0.343750 0.727273 0.343750 0.681818 0.343750 0.636364 0.343750 0.590909 0.343750 0.545455 0.343750 0.500000 0.343750 0.454545 0.343750 0.409091 0.343750 0.363636 0.343750 0.318182 0.343750 0.272727 0.343750 0.227273 0.343750 0.181818 0.343750 0.136364 0.343750 0.090909 0.343750 0.045455 0.343750 0.000000 0.375000 1.000000 0.375000 0.954545 0.375000 0.909091 0.375000 0.863636 0.375000 0.818182 0.375000 0.772727 0.375000 0.727273 0.375000 0.681818 0.375000 0.636364 0.375000 0.590909 0.375000 0.545455 0.375000 0.500000 0.375000 0.454545 0.375000 0.409091 0.375000 0.363636 0.375000 0.318182 0.375000 0.272727 0.375000 0.227273 0.375000 0.181818 0.375000 0.136364 0.375000 0.090909 0.375000 0.045455 0.375000 0.000000 0.406250 1.000000 0.406250 0.954545 0.406250 0.909091 0.406250 0.863636 0.406250 0.818182 0.406250 0.772727 0.406250 0.727273 0.406250 0.681818 0.406250 0.636364 0.406250 0.590909 0.406250 0.545455 0.406250 0.500000 0.406250 0.454545 0.406250 0.409091 0.406250 0.363636 0.406250 0.318182 0.406250 0.272727 0.406250 0.227273 0.406250 0.181818 0.406250 0.136364 0.406250 0.090909 0.406250 0.045455 0.406250 0.000000 0.437500 1.000000 0.437500 0.954545 0.437500 0.909091 0.437500 0.863636 0.437500 0.818182 0.437500 0.772727 0.437500 0.727273 0.437500 0.681818 0.437500 0.636364 0.437500 0.590909 0.437500 0.545455 0.437500 0.500000 0.437500 0.454545 0.437500 0.409091 0.437500 0.363636 0.437500 0.318182 0.437500 0.272727 0.437500 0.227273 0.437500 0.181818 0.437500 0.136364 0.437500 0.090909 0.437500 0.045455 0.437500 0.000000 0.468750 1.000000 0.468750 0.954545 0.468750 0.909091 0.468750 0.863636 0.468750 0.818182 0.468750 0.772727 0.468750 0.727273 0.468750 0.681818 0.468750 0.636364 0.468750 0.590909 0.468750 0.545455 0.468750 0.500000 0.468750 0.454545 0.468750 0.409091 0.468750 0.363636 0.468750 0.318182 0.468750 0.272727 0.468750 0.227273 0.468750 0.181818 0.468750 0.136364 0.468750 0.090909 0.468750 0.045455 0.468750 0.000000 0.500000 1.000000 0.500000 0.954545 0.500000 0.909091 0.500000 0.863636 0.500000 0.818182 0.500000 0.772727 0.500000 0.727273 0.500000 0.681818 0.500000 0.636364 0.500000 0.590909 0.500000 0.545455 0.500000 0.500000 0.500000 0.454545 0.500000 0.409091 0.500000 0.363636 0.500000 0.318182 0.500000 0.272727 0.500000 0.227273 0.500000 0.181818 0.500000 0.136364 0.500000 0.090909 0.500000 0.045455 0.500000 0.000000 0.531250 1.000000 0.531250 0.954545 0.531250 0.909091 0.531250 0.863636 0.531250 0.818182 0.531250 0.772727 0.531250 0.727273 0.531250 0.681818 0.531250 0.636364 0.531250 0.590909 0.531250 0.545455 0.531250 0.500000 0.531250 0.454545 0.531250 0.409091 0.531250 0.363636 0.531250 0.318182 0.531250 0.272727 0.531250 0.227273 0.531250 0.181818 0.531250 0.136364 0.531250 0.090909 0.531250 0.045455 0.531250 0.000000 0.562500 1.000000 0.562500 0.954545 0.562500 0.909091 0.562500 0.863636 0.562500 0.818182 0.562500 0.772727 0.562500 0.727273 0.562500 0.681818 0.562500 0.636364 0.562500 0.590909 0.562500 0.545455 0.562500 0.500000 0.562500 0.454545 0.562500 0.409091 0.562500 0.363636 0.562500 0.318182 0.562500 0.272727 0.562500 0.227273 0.562500 0.181818 0.562500 0.136364 0.562500 0.090909 0.562500 0.045455 0.562500 0.000000 0.593750 1.000000 0.593750 0.954545 0.593750 0.909091 0.593750 0.863636 0.593750 0.818182 0.593750 0.772727 0.593750 0.727273 0.593750 0.681818 0.593750 0.636364 0.593750 0.590909 0.593750 0.545455 0.593750 0.500000 0.593750 0.454545 0.593750 0.409091 0.593750 0.363636 0.593750 0.318182 0.593750 0.272727 0.593750 0.227273 0.593750 0.181818 0.593750 0.136364 0.593750 0.090909 0.593750 0.045455 0.593750 0.000000 0.625000 1.000000 0.625000 0.954545 0.625000 0.909091 0.625000 0.863636 0.625000 0.818182 0.625000 0.772727 0.625000 0.727273 0.625000 0.681818 0.625000 0.636364 0.625000 0.590909 0.625000 0.545455 0.625000 0.500000 0.625000 0.454545 0.625000 0.409091 0.625000 0.363636 0.625000 0.318182 0.625000 0.272727 0.625000 0.227273 0.625000 0.181818 0.625000 0.136364 0.625000 0.090909 0.625000 0.045455 0.625000 0.000000 0.656250 1.000000 0.656250 0.954545 0.656250 0.909091 0.656250 0.863636 0.656250 0.818182 0.656250 0.772727 0.656250 0.727273 0.656250 0.681818 0.656250 0.636364 0.656250 0.590909 0.656250 0.545455 0.656250 0.500000 0.656250 0.454545 0.656250 0.409091 0.656250 0.363636 0.656250 0.318182 0.656250 0.272727 0.656250 0.227273 0.656250 0.181818 0.656250 0.136364 0.656250 0.090909 0.656250 0.045455 0.656250 0.000000 0.687500 1.000000 0.687500 0.954545 0.687500 0.909091 0.687500 0.863636 0.687500 0.818182 0.687500 0.772727 0.687500 0.727273 0.687500 0.681818 0.687500 0.636364 0.687500 0.590909 0.687500 0.545455 0.687500 0.500000 0.687500 0.454545 0.687500 0.409091 0.687500 0.363636 0.687500 0.318182 0.687500 0.272727 0.687500 0.227273 0.687500 0.181818 0.687500 0.136364 0.687500 0.090909 0.687500 0.045455 0.687500 0.000000 0.718750 1.000000 0.718750 0.954545 0.718750 0.909091 0.718750 0.863636 0.718750 0.818182 0.718750 0.772727 0.718750 0.727273 0.718750 0.681818 0.718750 0.636364 0.718750 0.590909 0.718750 0.545455 0.718750 0.500000 0.718750 0.454545 0.718750 0.409091 0.718750 0.363636 0.718750 0.318182 0.718750 0.272727 0.718750 0.227273 0.718750 0.181818 0.718750 0.136364 0.718750 0.090909 0.718750 0.045455 0.718750 0.000000 0.750000 1.000000 0.750000 0.954545 0.750000 0.909091 0.750000 0.863636 0.750000 0.818182 0.750000 0.772727 0.750000 0.727273 0.750000 0.681818 0.750000 0.636364 0.750000 0.590909 0.750000 0.545455 0.750000 0.500000 0.750000 0.454545 0.750000 0.409091 0.750000 0.363636 0.750000 0.318182 0.750000 0.272727 0.750000 0.227273 0.750000 0.181818 0.750000 0.136364 0.750000 0.090909 0.750000 0.045455 0.750000 0.000000 0.781250 1.000000 0.781250 0.954545 0.781250 0.909091 0.781250 0.863636 0.781250 0.818182 0.781250 0.772727 0.781250 0.727273 0.781250 0.681818 0.781250 0.636364 0.781250 0.590909 0.781250 0.545455 0.781250 0.500000 0.781250 0.454545 0.781250 0.409091 0.781250 0.363636 0.781250 0.318182 0.781250 0.272727 0.781250 0.227273 0.781250 0.181818 0.781250 0.136364 0.781250 0.090909 0.781250 0.045455 0.781250 0.000000 0.812500 1.000000 0.812500 0.954545 0.812500 0.909091 0.812500 0.863636 0.812500 0.818182 0.812500 0.772727 0.812500 0.727273 0.812500 0.681818 0.812500 0.636364 0.812500 0.590909 0.812500 0.545455 0.812500 0.500000 0.812500 0.454545 0.812500 0.409091 0.812500 0.363636 0.812500 0.318182 0.812500 0.272727 0.812500 0.227273 0.812500 0.181818 0.812500 0.136364 0.812500 0.090909 0.812500 0.045455 0.812500 0.000000 0.843750 1.000000 0.843750 0.954545 0.843750 0.909091 0.843750 0.863636 0.843750 0.818182 0.843750 0.772727 0.843750 0.727273 0.843750 0.681818 0.843750 0.636364 0.843750 0.590909 0.843750 0.545455 0.843750 0.500000 0.843750 0.454545 0.843750 0.409091 0.843750 0.363636 0.843750 0.318182 0.843750 0.272727 0.843750 0.227273 0.843750 0.181818 0.843750 0.136364 0.843750 0.090909 0.843750 0.045455 0.843750 0.000000 0.875000 1.000000 0.875000 0.954545 0.875000 0.909091 0.875000 0.863636 0.875000 0.818182 0.875000 0.772727 0.875000 0.727273 0.875000 0.681818 0.875000 0.636364 0.875000 0.590909 0.875000 0.545455 0.875000 0.500000 0.875000 0.454545 0.875000 0.409091 0.875000 0.363636 0.875000 0.318182 0.875000 0.272727 0.875000 0.227273 0.875000 0.181818 0.875000 0.136364 0.875000 0.090909 0.875000 0.045455 0.875000 0.000000 0.906250 1.000000 0.906250 0.954545 0.906250 0.909091 0.906250 0.863636 0.906250 0.818182 0.906250 0.772727 0.906250 0.727273 0.906250 0.681818 0.906250 0.636364 0.906250 0.590909 0.906250 0.545455 0.906250 0.500000 0.906250 0.454545 0.906250 0.409091 0.906250 0.363636 0.906250 0.318182 0.906250 0.272727 0.906250 0.227273 0.906250 0.181818 0.906250 0.136364 0.906250 0.090909 0.906250 0.045455 0.906250 0.000000 0.937500 1.000000 0.937500 0.954545 0.937500 0.909091 0.937500 0.863636 0.937500 0.818182 0.937500 0.772727 0.937500 0.727273 0.937500 0.681818 0.937500 0.636364 0.937500 0.590909 0.937500 0.545455 0.937500 0.500000 0.937500 0.454545 0.937500 0.409091 0.937500 0.363636 0.937500 0.318182 0.937500 0.272727 0.937500 0.227273 0.937500 0.181818 0.937500 0.136364 0.937500 0.090909 0.937500 0.045455 0.937500 0.000000 0.968750 1.000000 0.968750 0.954545 0.968750 0.909091 0.968750 0.863636 0.968750 0.818182 0.968750 0.772727 0.968750 0.727273 0.968750 0.681818 0.968750 0.636364 0.968750 0.590909 0.968750 0.545455 0.968750 0.500000 0.968750 0.454545 0.968750 0.409091 0.968750 0.363636 0.968750 0.318182 0.968750 0.272727 0.968750 0.227273 0.968750 0.181818 0.968750 0.136364 0.968750 0.090909 0.968750 0.045455 0.968750 0.000000 1.000000 1.000000 1.000000 0.954545 1.000000 0.909091 1.000000 0.863636 1.000000 0.818182 1.000000 0.772727 1.000000 0.727273 1.000000 0.681818 1.000000 0.636364 1.000000 0.590909 1.000000 0.545455 1.000000 0.500000 1.000000 0.454545 1.000000 0.409091 1.000000 0.363636 1.000000 0.318182 1.000000 0.272727 1.000000 0.227273 1.000000 0.181818 1.000000 0.136364 1.000000 0.090909 1.000000 0.045455 1.000000 0.000000</float_array>
          <technique_common>
            <accessor source="#Cyan-uv-array" count="3375" stride="2">
              <param name="S" type="float"/><param name="T" type="float"/>
            </accessor>
          </technique_common>
        </source>
        <vertices id="Cyan-vtx"><input semantic="POSITION" source="#Cyan-pos"/></vertices>
        <triangles material="Cyan" count="6352">
          <input semantic="VERTEX" source="#Cyan-vtx" offset="0"/>
          <input semantic="NORMAL" source="#Cyan-norm" offset="1"/>
          <input semantic="TEXCOORD" source="#Cyan-uv" offset="2" set="0"/>
          <p>0 0 0 1 1 1 34 34 34 0 0 0 34 34 34 33 33 33 1 1 1 2 2 2 35 35 35 1 1 1 35 35 35 34 34 34 2 2 2 3 3 3 36 36 36 2 2 2 36 36 36 35 35 35 3 3 3 4 4 4 37 37 37 3 3 3 37 37 37 36 36 36 4 4 4 5 5 5 38 38 38 4 4 4 38 38 38 37 37 37 5 5 5 6 6 6 39 39 39 5 5 5 39 39 39 38 38 38 6 6 6 7 7 7 40 40 40 6 6 6 40 40 40 39 39 39 7 7 7 8 8 8 41 41 41 7 7 7 41 41 41 40 40 40 8 8 8 9 9 9 42 42 42 8 8 8 42 42 42 41 41 41 9 9 9 10 10 10 43 43 43 9 9 9 43 43 43 42 42 42 10 10 10 11 11 11 44 44 44 10 10 10 44 44 44 43 43 43 11 11 11 12 12 12 45 45 45 11 11 11 45 45 45 44 44 44 12 12 12 13 13 13 46 46 46 12 12 12 46 46 46 45 45 45 13 13 13 14 14 14 47 47 47 13 13 13 47 47 47 46 46 46 14 14 14 15 15 15 48 48 48 14 14 14 48 48 48 47 47 47 15 15 15 16 16 16 49 49 49 15 15 15 49 49 49 48 48 48 16 16 16 17 17 17 50 50 50 16 16 16 50 50 50 49 49 49 17 17 17 18 18 18 51 51 51 17 17 17 51 51 51 50 50 50 18 18 18 19 19 19 52 52 52 18 18 18 52 52 52 51 51 51 19 19 19 20 20 20 53 53 53 19 19 19 53 53 53 52 52 52 20 20 20 21 21 21 54 54 54 20 20 20 54 54 54 53 53 53 21 21 21 22 22 22 55 55 55 21 21 21 55 55 55 54 54 54 22 22 22 23 23 23 56 56 56 22 22 22 56 56 56 55 55 55 23 23 23 24 24 24 57 57 57 23 23 23 57 57 57 56 56 56 24 24 24 25 25 25 58 58 58 24 24 24 58 58 58 57 57 57 25 25 25 26 26 26 59 59 59 25 25 25 59 59 59 58 58 58 26 26 26 27 27 27 60 60 60 26 26 26 60 60 60 59 59 59 27 27 27 28 28 28 61 61 61 27 27 27 61 61 61 60 60 60 28 28 28 29 29 29 62 62 62 28 28 28 62 62 62 61 61 61 29 29 29 30 30 30 63 63 63 29 29 29 63 63 63 62 62 62 30 30 30 31 31 31 64 64 64 30 30 30 64 64 64 63 63 63 31 31 31 32 32 32 65 65 65 31 31 31 65 65 65 64 64 64 33 33 33 34 34 34 67 67 67 33 33 33 67 67 67 66 66 66 34 34 34 35 35 35 68 68 68 34 34 34 68 68 68 67 67 67 35 35 35 36 36 36 69 69 69 35 35 35 69 69 69 68 68 68 36 36 36 37 37 37 70 70 70 36 36 36 70 70 70 69 69 69 37 37 37 38 38 38 71 71 71 37 37 37 71 71 71 70 70 70 38 38 38 39 39 39 72 72 72 38 38 38 72 72 72 71 71 71 39 39 39 40 40 40 73 73 73 39 39 39 73 73 73 72 72 72 40 40 40 41 41 41 74 74 74 40 40 40 74 74 74 73 73 73 41 41 41 42 42 42 75 75 75 41 41 41 75 75 75 74 74 74 42 42 42 43 43 43 76 76 76 42 42 42 76 76 76 75 75 75 43 43 43 44 44 44 77 77 77 43 43 43 77 77 77 76 76 76 44 44 44 45 45 45 78 78 78 44 44 44 78 78 78 77 77 77 45 45 45 46 46 46 79 79 79 45 45 45 79 79 79 78 78 78 46 46 46 47 47 47 80 80 80 46 46 46 80 80 80 79 79 79 47 47 47 48 48 48 81 81 81 47 47 47 81 81 81 80 80 80 48 48 48 49 49 49 82 82 82 48 48 48 82 82 82 81 81 81 49 49 49 50 50 50 83 83 83 49 49 49 83 83 83 82 82 82 50 50 50 51 51 51 84 84 84 50 50 50 84 84 84 83 83 83 51 51 51 52 52 52 85 85 85 51 51 51 85 85 85 84 84 84 52 52 52 53 53 53 86 86 86 52 52 52 86 86 86 85 85 85 53 53 53 54 54 54 87 87 87 53 53 53 87 87 87 86 86 86 54 54 54 55 55 55 88 88 88 54 54 54 88 88 88 87 87 87 55 55 55 56 56 56 89 89 89 55 55 55 89 89 89 88 88 88 56 56 56 57 57 57 90 90 90 56 56 56 90 90 90 89 89 89 57 57 57 58 58 58 91 91 91 57 57 57 91 91 91 90 90 90 58 58 58 59 59 59 92 92 92 58 58 58 92 92 92 91 91 91 59 59 59 60 60 60 93 93 93 59 59 59 93 93 93 92 92 92 60 60 60 61 61 61 94 94 94 60 60 60 94 94 94 93 93 93 61 61 61 62 62 62 95 95 95 61 61 61 95 95 95 94 94 94 62 62 62 63 63 63 96 96 96 62 62 62 96 96 96 95 95 95 63 63 63 64 64 64 97 97 97 63 63 63 97 97 97 96 96 96 64 64 64 65 65 65 98 98 98 64 64 64 98 98 98 97 97 97 66 66 66 67 67 67 100 100 100 66 66 66 100 100 100 99 99 99 67 67 67 68 68 68 101 101 101 67 67 67 101 101 101 100 100 100 68 68 68 69 69 69 102 102 102 68 68 68 102 102 102 101 101 101 69 69 69 70 70 70 103 103 103 69 69 69 103 103 103 102 102 102 70 70 70 71 71 71 104 104 104 70 70 70 104 104 104 103 103 103 71 71 71 72 72 72 105 105 105 71 71 71 105 105 105 104 104 104 72 72 72 73 73 73 106 106 106 72 72 72 106 106 106 105 105 105 73 73 73 74 74 74 107 107 107 73 73 73 107 107 107 106 106 106 74 74 74 75 75 75 108 108 108 74 74 74 108 108 108 107 107 107 75 75 75 76 76 76 109 109 109 75 75 75 109 109 109 108 108 108 76 76 76 77 77 77 110 110 110 76 76 76 110 110 110 109 109 109 77 77 77 78 78 78 111 111 111 77 77 77 111 111 111 110 110 110 78 78 78 79 79 79 112 112 112 78 78 78 112 112 112 111 111 111 79 79 79 80 80 80 113 113 113 79 79 79 113 113 113 112 112 112 80 80 80 81 81 81 114 114 114 80 80 80 114 114 114 113 113 113 81 81 81 82 82 82 115 115 115 81 81 81 115 115 115 114 114 114 82 82 82 83 83 83 116 116 116 82 82 82 116 116 116 115 115 115 83 83 83 84 84 84 117 117 117 83 83 83 117 117 117 116 116 116 84 84 84 85 85 85 118 118 118 84 84 84 118 118 118 117 117 117 85 85 85 86 86 86 119 119 119 85 85 85 119 119 119 118 118 118 86 86 86 87 87 87 120 120 120 86 86 86 120 120 120 119 119 119 87 87 87 88 88 88 121 121 121 87 87 87 121 121 121 120 120 120 88 88 88 89 89 89 122 122 122 88 88 88 122 122 122 121 121 121 89 89 89 90 90 90 123 123 123 89 89 89 123 123 123 122 122 122 90 90 90 91 91 91 124 124 124 90 90 90 124 124 124 123 123 123 91 91 91 92 92 92 125 125 125 91 91 91 125 125 125 124 124 124 92 92 92 93 93 93 126 126 126 92 92 92 126 126 126 125 125 125 93 93 93 94 94 94 127 127 127 93 93 93 127 127 127 126 126 126 94 94 94 95 95 95 128 128 128 94 94 94 128 128 128 127 127 127 95 95 95 96 96 96 129 129 129 95 95 95 129 129 129 128 128 128 96 96 96 97 97 97 130 130 130 96 96 96 130 130 130 129 129 129 97 97 97 98 98 98 131 131 131 97 97 97 131 131 131 130 130 130 99 99 99 100 100 100 133 133 133 99 99 99 133 133 133 132 132 132 100 100 100 101 101 101 134 134 134 100 100 100 134 134 134 133 133 133 101 101 101 102 102 102 135 135 135 101 101 101 135 135 135 134 134 134 102 102 102 103 103 103 136 136 136 102 102 102 136 136 136 135 135 135 103 103 103 104 104 104 137 137 137 103 103 103 137 137 137 136 136 136 104 104 104 105 105 105 138 138 138 104 104 104 138 138 138 137 137 137 105 105 105 106 106 106 139 139 139 105 105 105 139 139 139 138 138 138 106 106 106 107 107 107 140 140 140 106 106 106 140 140 140 139 139 139 107 107 107 108 108 108 141 141 141 107 107 107 141 141 141 140 140 140 108 108 108 109 109 109 142 142 142 108 108 108 142 142 142 141 141 141 109 109 109 110 110 110 143 143 143 109 109 109 143 143 143 142 142 142 110 110 110 111 111 111 144 144 144 110 110 110 144 144 144 143 143 143 111 111 111 112 112 112 145 145 145 111 111 111 145 145 145 144 144 144 112 112 112 113 113 113 146 146 146 112 112 112 146 146 146 145 145 145 113 113 113 114 114 114 147 147 147 113 113 113 147 147 147 146 146 146 114 114 114 115 115 115 148 148 148 114 114 114 148 148 148 147 147 147 115 115 115 116 116 116 149 149 149 115 115 115 149 149 149 148 148 148 116 116 116 117 117 117 150 150 150 116 116 116 150 150 150 149 149 149 117 117 117 118 118 118 151 151 151 117 117 117 151 151 151 150 150 150 118 118 118 119 119 119 152 152 152 118 118 118 152 152 152 151 151 151 119 119 119 120 120 120 153 153 153 119 119 119 153 153 153 152 152 152 120 120 120 121 121 121 154 154 154 120 120 120 154 154 154 153 153 153 121 121 121 122 122 122 155 155 155 121 121 121 155 155 155 154 154 154 122 122 122 123 123 123 156 156 156 122 122 122 156 156 156 155 155 155 123 123 123 124 124 124 157 157 157 123 123 123 157 157 157 156 156 156 124 124 124 125 125 125 158 158 158 124 124 124 158 158 158 157 157 157 125 125 125 126 126 126 159 159 159 125 125 125 159 159 159 158 158 158 126 126 126 127 127 127 160 160 160 126 126 126 160 160 160 159 159 159 127 127 127 128 128 128 161 161 161 127 127 127 161 161 161 160 160 160 128 128 128 129 129 129 162 162 162 128 128 128 162 162 162 161 161 161 129 129 129 130 130 130 163 163 163 129 129 129 163 163 163 162 162 162 130 130 130 131 131 131 164 164 164 130 130 130 164 164 164 163 163 163 132 132 132 133 133 133 166 166 166 132 132 132 166 166 166 165 165 165 133 133 133 134 134 134 167 167 167 133 133 133 167 167 167 166 166 166 134 134 134 135 135 135 168 168 168 134 134 134 168 168 168 167 167 167 135 135 135 136 136 136 169 169 169 135 135 135 169 169 169 168 168 168 136 136 136 137 137 137 170 170 170 136 136 136 170 170 170 169 169 169 137 137 137 138 138 138 171 171 171 137 137 137 171 171 171 170 170 170 138 138 138 139 139 139 172 172 172 138 138 138 172 172 172 171 171 171 139 139 139 140 140 140 173 173 173 139 139 139 173 173 173 172 172 172 140 140 140 141 141 141 174 174 174 140 140 140 174 174 174 173 173 173 141 141 141 142 142 142 175 175 175 141 141 141 175 175 175 174 174 174 142 142 142 143 143 143 176 176 176 142 142 142 176 176 176 175 175 175 143 143 143 144 144 144 177 177 177 143 143 143 177 177 177 176 176 176 144 144 144 145 145 145 178 178 178 144 144 144 178 178 178 177 177 177 145 145 145 146 146 146 179 179 179 145 145 145 179 179 179 178 178 178 146 146 146 147 147 147 180 180 180 146 146 146 180 180 180 179 179 179 147 147 147 148 148 148 181 181 181 147 147 147 181 181 181 180 180 180 148 148 148 149 149 149 182 182 182 148 148 148 182 182 182 181 181 181 149 149 149 150 150 150 183 183 183 149 149 149 183 183 183 182 182 182 150 150 150 151 151 151 184 184 184 150 150 150 184 184 184 183 183 183 151 151 151 152 152 152 185 185 185 151 151 151 185 185 185 184 184 184 152 152 152 153 153 153 186 186 186 152 152 152 186 186 186 185 185 185 153 153 153 154 154 154 187 187 187 153 153 153 187 187 187 186 186 186 154 154 154 155 155 155 188 188 188 154 154 154 188 188 188 187 187 187 155 155 155 156 156 156 189 189 189 155 155 155 189 189 189 188 188 188 156 156 156 157 157 157 190 190 190 156 156 156 190 190 190 189 189 189 157 157 157 158 158 158 191 191 191 157 157 157 191 191 191 190 190 190 158 158 158 159 159 159 192 192 192 158 158 158 192 192 192 191 191 191 159 159 159 160 160 160 193 193 193 159 159 159 193 193 193 192 192 192 160 160 160 161 161 161 194 194 194 160 160 160 194 194 194 193 193 193 161 161 161 162 162 162 195 195 195 161 161 161 195 195 195 194 194 194 162 162 162 163 163 163 196 196 196 162 162 162 196 196 196 195 195 195 163 163 163 164 164 164 197 197 197 163 163 163 197 197 197 196 196 196 165 165 165 166 166 166 199 199 199 165 165 165 199 199 199 198 198 198 166 166 166 167 167 167 200 200 200 166 166 166 200 200 200 199 199 199 167 167 167 168 168 168 201 201 201 167 167 167 201 201 201 200 200 200 168 168 168 169 169 169 202 202 202 168 168 168 202 202 202 201 201 201 169 169 169 170 170 170 203 203 203 169 169 169 203 203 203 202 202 202 170 170 170 171 171 171 204 204 204 170 170 170 204 204 204 203 203 203 171 171 171 172 172 172 205 205 205 171 171 171 205 205 205 204 204 204 172 172 172 173 173 173 206 206 206 172 172 172 206 206 206 205 205 205 173 173 173 174 174 174 207 207 207 173 173 173 207 207 207 206 206 206 174 174 174 175 175 175 208 208 208 174 174 174 208 208 208 207 207 207 175 175 175 176 176 176 209 209 209 175 175 175 209 209 209 208 208 208 176 176 176 177 177 177 210 210 210 176 176 176 210 210 210 209 209 209 177 177 177 178 178 178 211 211 211 177 177 177 211 211 211 210 210 210 178 178 178 179 179 179 212 212 212 178 178 178 212 212 212 211 211 211 179 179 179 180 180 180 213 213 213 179 179 179 213 213 213 212 212 212 180 180 180 181 181 181 214 214 214 180 180 180 214 214 214 213 213 213 181 181 181 182 182 182 215 215 215 181 181 181 215 215 215 214 214 214 182 182 182 183 183 183 216 216 216 182 182 182 216 216 216 215 215 215 183 183 183 184 184 184 217 217 217 183 183 183 217 217 217 216 216 216 184 184 184 185 185 185 218 218 218 184 184 184 218 218 218 217 217 217 185 185 185 186 186 186 219 219 219 185 185 185 219 219 219 218 218 218 186 186 186 187 187 187 220 220 220 186 186 186 220 220 220 219 219 219 187 187 187 188 188 188 221 221 221 187 187 187 221 221 221 220 220 220 188 188 188 189 189 189 222 222 222 188 188 188 222 222 222 221 221 221 189 189 189 190 190 190 223 223 223 189 189 189 223 223 223 222 222 222 190 190 190 191 191 191 224 224 224 190 190 190 224 224 224 223 223 223 191 191 191 192 192 192 225 225 225 191 191 191 225 225 225 224 224 224 192 192 192 193 193 193 226 226 226 192 192 192 226 226 226 225 225 225 193 193 193 194 194 194 227 227 227 193 193 193 227 227 227 226 226 226 194 194 194 195 195 195 228 228 228 194 194 194 228 228 228 227 227 227 195 195 195 196 196 196 229 229 229 195 195 195 229 229 229 228 228 228 196 196 196 197 197 197 230 230 230 196 196 196 230 230 230 229 229 229 198 198 198 199 199 199 232 232 232 198 198 198 232 232 232 231 231 231 199 199 199 200 200 200 233 233 233 199 199 199 233 233 233 232 232 232 200 200 200 201 201 201 234 234 234 200 200 200 234 234 234 233 233 233 201 201 201 202 202 202 235 235 235 201 201 201 235 235 235 234 234 234 202 202 202 203 203 203 236 236 236 202 202 202 236 236 236 235 235 235 203 203 203 204 204 204 237 237 237 203 203 203 237 237 237 236 236 236 204 204 204 205 205 205 238 238 238 204 204 204 238 238 238 237 237 237 205 205 205 206 206 206 239 239 239 205 205 205 239 239 239 238 238 238 206 206 206 207 207 207 240 240 240 206 206 206 240 240 240 239 239 239 207 207 207 208 208 208 241 241 241 207 207 207 241 241 241 240 240 240 208 208 208 209 209 209 242 242 242 208 208 208 242 242 242 241 241 241 209 209 209 210 210 210 243 243 243 209 209 209 243 243 243 242 242 242 210 210 210 211 211 211 244 244 244 210 210 210 244 244 244 243 243 243 211 211 211 212 212 212 245 245 245 211 211 211 245 245 245 244 244 244 212 212 212 213 213 213 246 246 246 212 212 212 246 246 246 245 245 245 213 213 213 214 214 214 247 247 247 213 213 213 247 247 247 246 246 246 214 214 214 215 215 215 248 248 248 214 214 214 248 248 248 247 247 247 215 215 215 216 216 216 249 249 249 215 215 215 249 249 249 248 248 248 216 216 216 217 217 217 250 250 250 216 216 216 250 250 250 249 249 249 217 217 217 218 218 218 251 251 251 217 217 217 251 251 251 250 250 250 218 218 218 219 219 219 252 252 252 218 218 218 252 252 252 251 251 251 219 219 219 220 220 220 253 253 253 219 219 219 253 253 253 252 252 252 220 220 220 221 221 221 254 254 254 220 220 220 254 254 254 253 253 253 221 221 221 222 222 222 255 255 255 221 221 221 255 255 255 254 254 254 222 222 222 223 223 223 256 256 256 222 222 222 256 256 256 255 255 255 223 223 223 224 224 224 257 257 257 223 223 223 257 257 257 256 256 256 224 224 224 225 225 225 258 258 258 224 224 224 258 258 258 257 257 257 225 225 225 226 226 226 259 259 259 225 225 225 259 259 259 258 258 258 226 226 226 227 227 227 260 260 260 226 226 226 260 260 260 259 259 259 227 227 227 228 228 228 261 261 261 227 227 227 261 261 261 260 260 260 228 228 228 229 229 229 262 262 262 228 228 228 262 262 262 261 261 261 229 229 229 230 230 230 263 263 263 229 229 229 263 263 263 262 262 262 231 231 231 232 232 232 265 265 265 231 231 231 265 265 265 264 264 264 232 232 232 233 233 233 266 266 266 232 232 232 266 266 266 265 265 265 233 233 233 234 234 234 267 267 267 233 233 233 267 267 267 266 266 266 234 234 234 235 235 235 268 268 268 234 234 234 268 268 268 267 267 267 235 235 235 236 236 236 269 269 269 235 235 235 269 269 269 268 268 268 236 236 236 237 237 237 270 270 270 236 236 236 270 270 270 269 269 269 237 237 237 238 238 238 271 271 271 237 237 237 271 271 271 270 270 270 238 238 238 239 239 239 272 272 272 238 238 238 272 272 272 271 271 271 239 239 239 240 240 240 273 273 273 239 239 239 273 273 273 272 272 272 240 240 240 241 241 241 274 274 274 240 240 240 274 274 274 273 273 273 241 241 241 242 242 242 275 275 275 241 241 241 275 275 275 274 274 274 242 242 242 243 243 243 276 276 276 242 242 242 276 276 276 275 275 275 243 243 243 244 244 244 277 277 277 243 243 243 277 277 277 276 276 276 244 244 244 245 245 245 278 278 278 244 244 244 278 278 278 277 277 277 245 245 245 246 246 246 279 279 279 245 245 245 279 279 279 278 278 278 246 246 246 247 247 247 280 280 280 246 246 246 280 280 280 279 279 279 247 247 247 248 248 248 281 281 281 247 247 247 281 281 281 280 280 280 248 248 248 249 249 249 282 282 282 248 248 248 282 282 282 281 281 281 249 249 249 250 250 250 283 283 283 249 249 249 283 283 283 282 282 282 250 250 250 251 251 251 284 284 284 250 250 250 284 284 284 283 283 283 251 251 251 252 252 252 285 285 285 251 251 251 285 285 285 284 284 284 252 252 252 253 253 253 286 286 286 252 252 252 286 286 286 285 285 285 253 253 253 254 254 254 287 287 287 253 253 253 287 287 287 286 286 286 254 254 254 255 255 255 288 288 288 254 254 254 288 288 288 287 287 287 255 255 255 256 256 256 289 289 289 255 255 255 289 289 289 288 288 288 256 256 256 257 257 257 290 290 290 256 256 256 290 290 290 289 289 289 257 257 257 258 258 258 291 291 291 257 257 257 291 291 291 290 290 290 258 258 258 259 259 259 292 292 292 258 258 258 292 292 292 291 291 291 259 259 259 260 260 260 293 293 293 259 259 259 293 293 293 292 292 292 260 260 260 261 261 261 294 294 294 260 260 260 294 294 294 293 293 293 261 261 261 262 262 262 295 295 295 261 261 261 295 295 295 294 294 294 262 262 262 263 263 263 296 296 296 262 262 262 296 296 296 295 295 295 264 264 264 265 265 265 298 298 298 264 264 264 298 298 298 297 297 297 265 265 265 266 266 266 299 299 299 265 265 265 299 299 299 298 298 298 266 266 266 267 267 267 300 300 300 266 266 266 300 300 300 299 299 299 267 267 267 268 268 268 301 301 301 267 267 267 301 301 301 300 300 300 268 268 268 269 269 269 302 302 302 268 268 268 302 302 302 301 301 301 269 269 269 270 270 270 303 303 303 269 269 269 303 303 303 302 302 302 270 270 270 271 271 271 304 304 304 270 270 270 304 304 304 303 303 303 271 271 271 272 272 272 305 305 305 271 271 271 305 305 305 304 304 304 272 272 272 273 273 273 306 306 306 272 272 272 306 306 306 305 305 305 273 273 273 274 274 274 307 307 307 273 273 273 307 307 307 306 306 306 274 274 274 275 275 275 308 308 308 274 274 274 308 308 308 307 307 307 275 275 275 276 276 276 309 309 309 275 275 275 309 309 309 308 308 308 276 276 276 277 277 277 310 310 310 276 276 276 310 310 310 309 309 309 277 277 277 278 278 278 311 311 311 277 277 277 311 311 311 310 310 310 278 278 278 279 279 279 312 312 312 278 278 278 312 312 312 311 311 311 279 279 279 280 280 280 313 313 313 279 279 279 313 313 313 312 312 312 280 280 280 281 281 281 314 314 314 280 280 280 314 314 314 313 313 313 281 281 281 282 282 282 315 315 315 281 281 281 315 315 315 314 314 314 282 282 282 283 283 283 316 316 316 282 282 282 316 316 316 315 315 315 283 283 283 284 284 284 317 317 317 283 283 283 317 317 317 316 316 316 284 284 284 285 285 285 318 318 318 284 284 284 318 318 318 317 317 317 285 285 285 286 286 286 319 319 319 285 285 285 319 319 319 318 318 318 286 286 286 287 287 287 320 320 320 286 286 286 320 320 320 319 319 319 287 287 287 288 288 288 321 321 321 287 287 287 321 321 321 320 320 320 288 288 288 289 289 289 322 322 322 288 288 288 322 322 322 321 321 321 289 289 289 290 290 290 323 323 323 289 289 289 323 323 323 322 322 322 290 290 290 291 291 291 324 324 324 290 290 290 324 324 324 323 323 323 291 291 291 292 292 292 325 325 325 291 291 291 325 325 325 324 324 324 292 292 292 293 293 293 326 326 326 292 292 292 326 326 326 325 325 325 293 293 293 294 294 294 327 327 327 293 293 293 327 327 327 326 326 326 294 294 294 295 295 295 328 328 328 294 294 294 328 328 328 327 327 327 295 295 295 296 296 296 329 329 329 295 295 295 329 329 329 328 328 328 297 297 297 298 298 298 331 331 331 297 297 297 331 331 331 330 330 330 298 298 298 299 299 299 332 332 332 298 298 298 332 332 332 331 331 331 299 299 299 300 300 300 333 333 333 299 299 299 333 333 333 332 332 332 300 300 300 301 301 301 334 334 334 300 300 300 334 334 334 333 333 333 301 301 301 302 302 302 335 335 335 301 301 301 335 335 335 334 334 334 302 302 302 303 303 303 336 336 336 302 302 302 336 336 336 335 335 335 303 303 303 304 304 304 337 337 337 303 303 303 337 337 337 336 336 336 304 304 304 305 305 305 338 338 338 304 304 304 338 338 338 337 337 337 305 305 305 306 306 306 339 339 339 305 305 305 339 339 339 338 338 338 306 306 306 307 307 307 340 340 340 306 306 306 340 340 340 339 339 339 307 307 307 308 308 308 341 341 341 307 307 307 341 341 341 340 340 340 308 308 308 309 309 309 342 342 342 308 308 308 342 342 342 341 341 341 309 309 309 310 310 310 343 343 343 309 309 309 343 343 343 342 342 342 310 310 310 311 311 311 344 344 344 310 310 310 344 344 344 343 343 343 311 311 311 312 312 312 345 345 345 311 311 311 345 345 345 344 344 344 312 312 312 313 313 313 346 346 346 312 312 312 346 346 346 345 345 345 313 313 313 314 314 314 347 347 347 313 313 313 347 347 347 346 346 346 314 314 314 315 315 315 348 348 348 314 314 314 348 348 348 347 347 347 315 315 315 316 316 316 349 349 349 315 315 315 349 349 349 348 348 348 316 316 316 317 317 317 350 350 350 316 316 316 350 350 350 349 349 349 317 317 317 318 318 318 351 351 351 317 317 317 351 351 351 350 350 350 318 318 318 319 319 319 352 352 352 318 318 318 352 352 352 351 351 351 319 319 319 320 320 320 353 353 353 319 319 319 353 353 353 352 352 352 320 320 320 321 321 321 354 354 354 320 320 320 354 354 354 353 353 353 321 321 321 322 322 322 355 355 355 321 321 321 355 355 355 354 354 354 322 322 322 323 323 323 356 356 356 322 322 322 356 356 356 355 355 355 323 323 323 324 324 324 357 357 357 323 323 323 357 357 357 356 356 356 324 324 324 325 325 325 358 358 358 324 324 324 358 358 358 357 357 357 325 325 325 326 326 326 359 359 359 325 325 325 359 359 359 358 358 358 326 326 326 327 327 327 360 360 360 326 326 326 360 360 360 359 359 359 327 327 327 328 328 328 361 361 361 327 327 327 361 361 361 360 360 360 328 328 328 329 329 329 362 362 362 328 328 328 362 362 362 361 361 361 330 330 330 331 331 331 364 364 364 330 330 330 364 364 364 363 363 363 331 331 331 332 332 332 365 365 365 331 331 331 365 365 365 364 364 364 332 332 332 333 333 333 366 366 366 332 332 332 366 366 366 365 365 365 333 333 333 334 334 334 367 367 367 333 333 333 367 367 367 366 366 366 334 334 334 335 335 335 368 368 368 334 334 334 368 368 368 367 367 367 335 335 335 336 336 336 369 369 369 335 335 335 369 369 369 368 368 368 336 336 336 337 337 337 370 370 370 336 336 336 370 370 370 369 369 369 337 337 337 338 338 338 371 371 371 337 337 337 371 371 371 370 370 370 338 338 338 339 339 339 372 372 372 338 338 338 372 372 372 371 371 371 339 339 339 340 340 340 373 373 373 339 339 339 373 373 373 372 372 372 340 340 340 341 341 341 374 374 374 340 340 340 374 374 374 373 373 373 341 341 341 342 342 342 375 375 375 341 341 341 375 375 375 374 374 374 342 342 342 343 343 343 376 376 376 342 342 342 376 376 376 375 375 375 343 343 343 344 344 344 377 377 377 343 343 343 377 377 377 376 376 376 344 344 344 345 345 345 378 378 378 344 344 344 378 378 378 377 377 377 345 345 345 346 346 346 379 379 379 345 345 345 379 379 379 378 378 378 346 346 346 347 347 347 380 380 380 346 346 346 380 380 380 379 379 379 347 347 347 348 348 348 381 381 381 347 347 347 381 381 381 380 380 380 348 348 348 349 349 349 382 382 382 348 348 348 382 382 382 381 381 381 349 349 349 350 350 350 383 383 383 349 349 349 383 383 383 382 382 382 350 350 350 351 351 351 384 384 384 350 350 350 384 384 384 383 383 383 351 351 351 352 352 352 385 385 385 351 351 351 385 385 385 384 384 384 352 352 352 353 353 353 386 386 386 352 352 352 386 386 386 385 385 385 353 353 353 354 354 354 387 387 387 353 353 353 387 387 387 386 386 386 354 354 354 355 355 355 388 388 388 354 354 354 388 388 388 387 387 387 355 355 355 356 356 356 389 389 389 355 355 355 389 389 389 388 388 388 356 356 356 357 357 357 390 390 390 356 356 356 390 390 390 389 389 389 357 357 357 358 358 358 391 391 391 357 357 357 391 391 391 390 390 390 358 358 358 359 359 359 392 392 392 358 358 358 392 392 392 391 391 391 359 359 359 360 360 360 393 393 393 359 359 359 393 393 393 392 392 392 360 360 360 361 361 361 394 394 394 360 360 360 394 394 394 393 393 393 361 361 361 362 362 362 395 395 395 361 361 361 395 395 395 394 394 394 363 363 363 364 364 364 397 397 397 363 363 363 397 397 397 396 396 396 364 364 364 365 365 365 398 398 398 364 364 364 398 398 398 397 397 397 365 365 365 366 366 366 399 399 399 365 365 365 399 399 399 398 398 398 366 366 366 367 367 367 400 400 400 366 366 366 400 400 400 399 399 399 367 367 367 368 368 368 401 401 401 367 367 367 401 401 401 400 400 400 368 368 368 369 369 369 402 402 402 368 368 368 402 402 402 401 401 401 369 369 369 370 370 370 403 403 403 369 369 369 403 403 403 402 402 402 370 370 370 371 371 371 404 404 404 370 370 370 404 404 404 403 403 403 371 371 371 372 372 372 405 405 405 371 371 371 405 405 405 404 404 404 372 372 372 373 373 373 406 406 406 372 372 372 406 406 406 405 405 405 373 373 373 374 374 374 407 407 407 373 373 373 407 407 407 406 406 406 374 374 374 375 375 375 408 408 408 374 374 374 408 408 408 407 407 407 375 375 375 376 376 376 409 409 409 375 375 375 409 409 409 408 408 408 376 376 376 377 377 377 410 410 410 376 376 376 410 410 410 409 409 409 377 377 377 378 378 378 411 411 411 377 377 377 411 411 411 410 410 410 378 378 378 379 379 379 412 412 412 378 378 378 412 412 412 411 411 411 379 379 379 380 380 380 413 413 413 379 379 379 413 413 413 412 412 412 380 380 380 381 381 381 414 414 414 380 380 380 414 414 414 413 413 413 381 381 381 382 382 382 415 415 415 381 381 381 415 415 415 414 414 414 382 382 382 383 383 383 416 416 416 382 382 382 416 416 416 415 415 415 383 383 383 384 384 384 417 417 417 383 383 383 417 417 417 416 416 416 384 384 384 385 385 385 418 418 418 384 384 384 418 418 418 417 417 417 385 385 385 386 386 386 419 419 419 385 385 385 419 419 419 418 418 418 386 386 386 387 387 387 420 420 420 386 386 386 420 420 420 419 419 419 387 387 387 388 388 388 421 421 421 387 387 387 421 421 421 420 420 420 388 388 388 389 389 389 422 422 422 388 388 388 422 422 422 421 421 421 389 389 389 390 390 390 423 423 423 389 389 389 423 423 423 422 422 422 390 390 390 391 391 391 424 424 424 390 390 390 424 424 424 423 423 423 391 391 391 392 392 392 425 425 425 391 391 391 425 425 425 424 424 424 392 392 392 393 393 393 426 426 426 392 392 392 426 426 426 425 425 425 393 393 393 394 394 394 427 427 427 393 393 393 427 427 427 426 426 426 394 394 394 395 395 395 428 428 428 394 394 394 428 428 428 427 427 427 396 396 396 397 397 397 430 430 430 396 396 396 430 430 430 429 429 429 397 397 397 398 398 398 431 431 431 397 397 397 431 431 431 430 430 430 398 398 398 399 399 399 432 432 432 398 398 398 432 432 432 431 431 431 399 399 399 400 400 400 433 433 433 399 399 399 433 433 433 432 432 432 400 400 400 401 401 401 434 434 434 400 400 400 434 434 434 433 433 433 401 401 401 402 402 402 435 435 435 401 401 401 435 435 435 434 434 434 402 402 402 403 403 403 436 436 436 402 402 402 436 436 436 435 435 435 403 403 403 404 404 404 437 437 437 403 403 403 437 437 437 436 436 436 404 404 404 405 405 405 438 438 438 404 404 404 438 438 438 437 437 437 405 405 405 406 406 406 439 439 439 405 405 405 439 439 439 438 438 438 406 406 406 407 407 407 440 440 440 406 406 406 440 440 440 439 439 439 407 407 407 408 408 408 441 441 441 407 407 407 441 441 441 440 440 440 408 408 408 409 409 409 442 442 442 408 408 408 442 442 442 441 441 441 409 409 409 410 410 410 443 443 443 409 409 409 443 443 443 442 442 442 410 410 410 411 411 411 444 444 444 410 410 410 444 444 444 443 443 443 411 411 411 412 412 412 445 445 445 411 411 411 445 445 445 444 444 444 412 412 412 413 413 413 446 446 446 412 412 412 446 446 446 445 445 445 413 413 413 414 414 414 447 447 447 413 413 413 447 447 447 446 446 446 414 414 414 415 415 415 448 448 448 414 414 414 448 448 448 447 447 447 415 415 415 416 416 416 449 449 449 415 415 415 449 449 449 448 448 448 416 416 416 417 417 417 450 450 450 416 416 416 450 450 450 449 449 449 417 417 417 418 418 418 451 451 451 417 417 417 451 451 451 450 450 450 418 418 418 419 419 419 452 452 452 418 418 418 452 452 452 451 451 451 419 419 419 420 420 420 453 453 453 419 419 419 453 453 453 452 452 452 420 420 420 421 421 421 454 454 454 420 420 420 454 454 454 453 453 453 421 421 421 422 422 422 455 455 455 421 421 421 455 455 455 454 454 454 422 422 422 423 423 423 456 456 456 422 422 422 456 456 456 455 455 455 423 423 423 424 424 424 457 457 457 423 423 423 457 457 457 456 456 456 424 424 424 425 425 425 458 458 458 424 424 424 458 458 458 457 457 457 425 425 425 426 426 426 459 459 459 425 425 425 459 459 459 458 458 458 426 426 426 427 427 427 460 460 460 426 426 426 460 460 460 459 459 459 427 427 427 428 428 428 461 461 461 427 427 427 461 461 461 460 460 460 429 429 429 430 430 430 463 463 463 429 429 429 463 463 463 462 462 462 430 430 430 431 431 431 464 464 464 430 430 430 464 464 464 463 463 463 431 431 431 432 432 432 465 465 465 431 431 431 465 465 465 464 464 464 432 432 432 433 433 433 466 466 466 432 432 432 466 466 466 465 465 465 433 433 433 434 434 434 467 467 467 433 433 433 467 467 467 466 466 466 434 434 434 435 435 435 468 468 468 434 434 434 468 468 468 467 467 467 435 435 435 436 436 436 469 469 469 435 435 435 469 469 469 468 468 468 436 436 436 437 437 437 470 470 470 436 436 436 470 470 470 469 469 469 437 437 437 438 438 438 471 471 471 437 437 437 471 471 471 470 470 470 438 438 438 439 439 439 472 472 472 438 438 438 472 472 472 471 471 471 439 439 439 440 440 440 473 473 473 439 439 439 473 473 473 472 472 472 440 440 440 441 441 441 474 474 474 440 440 440 474 474 474 473 473 473 441 441 441 442 442 442 475 475 475 441 441 441 475 475 475 474 474 474 442 442 442 443 443 443 476 476 476 442 442 442 476 476 476 475 475 475 443 443 443 444 444 444 477 477 477 443 443 443 477 477 477 476 476 476 444 444 444 445 445 445 478 478 478 444 444 444 478 478 478 477 477 477 445 445 445 446 446 446 479 479 479 445 445 445 479 479 479 478 478 478 446 446 446 447 447 447 480 480 480 446 446 446 480 480 480 479 479 479 447 447 447 448 448 448 481 481 481 447 447 447 481 481 481 480 480 480 448 448 448 449 449 449 482 482 482 448 448 448 482 482 482 481 481 481 449 449 449 450 450 450 483 483 483 449 449 449 483 483 483 482 482 482 450 450 450 451 451 451 484 484 484 450 450 450 484 484 484 483 483 483 451 451 451 452 452 452 485 485 485 451 451 451 485 485 485 484 484 484 452 452 452 453 453 453 486 486 486 452 452 452 486 486 486 485 485 485 453 453 453 454 454 454 487 487 487 453 453 453 487 487 487 486 486 486 454 454 454 455 455 455 488 488 488 454 454 454 488 488 488 487 487 487 455 455 455 456 456 456 489 489 489 455 455 455 489 489 489 488 488 488 456 456 456 457 457 457 490 490 490 456 456 456 490 490 490 489 489 489 457 457 457 458 458 458 491 491 491 457 457 457 491 491 491 490 490 490 458 458 458 459 459 459 492 492 492 458 458 458 492 492 492 491 491 491 459 459 459 460 460 460 493 493 493 459 459 459 493 493 493 492 492 492 460 460 460 461 461 461 494 494 494 460 460 460 494 494 494 493 493 493 462 462 462 463 463 463 496 496 496 462 462 462 496 496 496 495 495 495 463 463 463 464 464 464 497 497 497 463 463 463 497 497 497 496 496 496 464 464 464 465 465 465 498 498 498 464 464 464 498 498 498 497 497 497 465 465 465 466 466 466 499 499 499 465 465 465 499 499 499 498 498 498 466 466 466 467 467 467 500 500 500 466 466 466 500 500 500 499 499 499 467 467 467 468 468 468 501 501 501 467 467 467 501 501 501 500 500 500 468 468 468 469 469 469 502 502 502 468 468 468 502 502 502 501 501 501 469 469 469 470 470 470 503 503 503 469 469 469 503 503 503 502 502 502 470 470 470 471 471 471 504 504 504 470 470 470 504 504 504 503 503 503 471 471 471 472 472 472 505 505 505 471 471 471 505 505 505 504 504 504 472 472 472 473 473 473 506 506 506 472 472 472 506 506 506 505 505 505 473 473 473 474 474 474 507 507 507 473 473 473 507 507 507 506 506 506 474 474 474 475 475 475 508 508 508 474 474 474 508 508 508 507 507 507 475 475 475 476 476 476 509 509 509 475 475 475 509 509 509 508 508 508 476 476 476 477 477 477 510 510 510 476 476 476 510 510 510 509 509 509 477 477 477 478 478 478 511 511 511 477 477 477 511 511 511 510 510 510 478 478 478 479 479 479 512 512 512 478 478 478 512 512 512 511 511 511 479 479 479 480 480 480 513 513 513 479 479 479 513 513 513 512 512 512 480 480 480 481 481 481 514 514 514 480 480 480 514 514 514 513 513 513 481 481 481 482 482 482 515 515 515 481 481 481 515 515 515 514 514 514 482 482 482 483 483 483 516 516 516 482 482 482 516 516 516 515 515 515 483 483 483 484 484 484 517 517 517 483 483 483 517 517 517 516 516 516 484 484 484 485 485 485 518 518 518 484 484 484 518 518 518 517 517 517 485 485 485 486 486 486 519 519 519 485 485 485 519 519 519 518 518 518 486 486 486 487 487 487 520 520 520 486 486 486 520 520 520 519 519 519 487 487 487 488 488 488 521 521 521 487 487 487 521 521 521 520 520 520 488 488 488 489 489 489 522 522 522 488 488 488 522 522 522 521 521 521 489 489 489 490 490 490 523 523 523 489 489 489 523 523 523 522 522 522 490 490 490 491 491 491 524 524 524 490 490 490 524 524 524 523 523 523 491 491 491 492 492 492 525 525 525 491 491 491 525 525 525 524 524 524 492 492 492 493 493 493 526 526 526 492 492 492 526 526 526 525 525 525 493 493 493 494 494 494 527 527 527 493 493 493 527 527 527 526 526 526 495 495 495 496 496 496 529 529 529 495 495 495 529 529 529 528 528 528 496 496 496 497 497 497 530 530 530 496 496 496 530 530 530 529 529 529 497 497 497 498 498 498 531 531 531 497 497 497 531 531 531 530 530 530 498 498 498 499 499 499 532 532 532 498 498 498 532 532 532 531 531 531 499 499 499 500 500 500 533 533 533 499 499 499 533 533 533 532 532 532 500 500 500 501 501 501 534 534 534 500 500 500 534 534 534 533 533 533 501 501 501 502 502 502 535 535 535 501 501 501 535 535 535 534 534 534 502 502 502 503 503 503 536 536 536 502 502 502 536 536 536 535 535 535 503 503 503 504 504 504 537 537 537 503 503 503 537 537 537 536 536 536 504 504 504 505 505 505 538 538 538 504 504 504 538 538 538 537 537 537 505 505 505 506 506 506 539 539 539 505 505 505 539 539 539 538 538 538 506 506 506 507 507 507 540 540 540 506 506 506 540 540 540 539 539 539 507 507 507 508 508 508 541 541 541 507 507 507 541 541 541 540 540 540 508 508 508 509 509 509 542 542 542 508 508 508 542 542 542 541 541 541 509 509 509 510 510 510 543 543 543 509 509 509 543 543 543 542 542 542 510 510 510 511 511 511 544 544 544 510 510 510 544 544 544 543 543 543 511 511 511 512 512 512 545 545 545 511 511 511 545 545 545 544 544 544 512 512 512 513 513 513 546 546 546 512 512 512 546 546 546 545 545 545 513 513 513 514 514 514 547 547 547 513 513 513 547 547 547 546 546 546 514 514 514 515 515 515 548 548 548 514 514 514 548 548 548 547 547 547 515 515 515 516 516 516 549 549 549 515 515 515 549 549 549 548 548 548 516 516 516 517 517 517 550 550 550 516 516 516 550 550 550 549 549 549 517 517 517 518 518 518 551 551 551 517 517 517 551 551 551 550 550 550 518 518 518 519 519 519 552 552 552 518 518 518 552 552 552 551 551 551 519 519 519 520 520 520 553 553 553 519 519 519 553 553 553 552 552 552 520 520 520 521 521 521 554 554 554 520 520 520 554 554 554 553 553 553 521 521 521 522 522 522 555 555 555 521 521 521 555 555 555 554 554 554 522 522 522 523 523 523 556 556 556 522 522 522 556 556 556 555 555 555 523 523 523 524 524 524 557 557 557 523 523 523 557 557 557 556 556 556 524 524 524 525 525 525 558 558 558 524 524 524 558 558 558 557 557 557 525 525 525 526 526 526 559 559 559 525 525 525 559 559 559 558 558 558 526 526 526 527 527 527 560 560 560 526 526 526 560 560 560 559 559 559 528 528 528 529 529 529 562 562 562 528 528 528 562 562 562 561 561 561 529 529 529 530 530 530 563 563 563 529 529 529 563 563 563 562 562 562 530 530 530 531 531 531 564 564 564 530 530 530 564 564 564 563 563 563 531 531 531 532 532 532 565 565 565 531 531 531 565 565 565 564 564 564 532 532 532 533 533 533 566 566 566 532 532 532 566 566 566 565 565 565 533 533 533 534 534 534 567 567 567 533 533 533 567 567 567 566 566 566 534 534 534 535 535 535 568 568 568 534 534 534 568 568 568 567 567 567 535 535 535 536 536 536 569 569 569 535 535 535 569 569 569 568 568 568 536 536 536 537 537 537 570 570 570 536 536 536 570 570 570 569 569 569 537 537 537 538 538 538 571 571 571 537 537 537 571 571 571 570 570 570 538 538 538 539 539 539 572 572 572 538 538 538 572 572 572 571 571 571 539 539 539 540 540 540 573 573 573 539 539 539 573 573 573 572 572 572 540 540 540 541 541 541 574 574 574 540 540 540 574 574 574 573 573 573 541 541 541 542 542 542 575 575 575 541 541 541 575 575 575 574 574 574 542 542 542 543 543 543 576 576 576 542 542 542 576 576 576 575 575 575 543 543 543 544 544 544 577 577 577 543 543 543 577 577 577 576 576 576 544 544 544 545 545 545 578 578 578 544 544 544 578 578 578 577 577 577 545 545 545 546 546 546 579 579 579 545 545 545 579 579 579 578 578 578 546 546 546 547 547 547 580 580 580 546 546 546 580 580 580 579 579 579 547 547 547 548 548 548 581 581 581 547 547 547 581 581 581 580 580 580 548 548 548 549 549 549 582 582 582 548 548 548 582 582 582 581 581 581 549 549 549 550 550 550 583 583 583 549 549 549 583 583 583 582 582 582 550 550 550 551 551 551 584 584 584 550 550 550 584 584 584 583 583 583 551 551 551 552 552 552 585 585 585 551 551 551 585 585 585 584 584 584 552 552 552 553 553 553 586 586 586 552 552 552 586 586 586 585 585 585 553 553 553 554 554 554 587 587 587 553 553 553 587 587 587 586 586 586 554 554 554 555 555 555 588 588 588 554 554 554 588 588 588 587 587 587 555 555 555 556 556 556 589 589 589 555 555 555 589 589 589 588 588 588 556 556 556 557 557 557 590 590 590 556 556 556 590 590 590 589 589 589 557 557 557 558 558 558 591 591 591 557 557 557 591 591 591 590 590 590 558 558 558 559 559 559 592 592 592 558 558 558 592 592 592 591 591 591 559 559 559 560 560 560 593 593 593 559 559 559 593 593 593 592 592 592 561 561 561 562 562 562 595 595 595 561 561 561 595 595 595 594 594 594 562 562 562 563 563 563 596 596 596 562 562 562 596 596 596 595 595 595 563 563 563 564 564 564 597 597 597 563 563 563 597 597 597 596 596 596 564 564 564 565 565 565 598 598 598 564 564 564 598 598 598 597 597 597 565 565 565 566 566 566 599 599 599 565 565 565 599 599 599 598 598 598 566 566 566 567 567 567 600 600 600 566 566 566 600 600 600 599 599 599 567 567 567 568 568 568 601 601 601 567 567 567 601 601 601 600 600 600 568 568 568 569 569 569 602 602 602 568 568 568 602 602 602 601 601 601 569 569 569 570 570 570 603 603 603 569 569 569 603 603 603 602 602 602 570 570 570 571 571 571 604 604 604 570 570 570 604 604 604 603 603 603 571 571 571 572 572 572 605 605 605 571 571 571 605 605 605 604 604 604 572 572 572 573 573 573 606 606 606 572 572 572 606 606 606 605 605 605 573 573 573 574 574 574 607 607 607 573 573 573 607 607 607 606 606 606 574 574 574 575 575 575 608 608 608 574 574 574 608 608 608 607 607 607 575 575 575 576 576 576 609 609 609 575 575 575 609 609 609 608 608 608 576 576 576 577 577 577 610 610 610 576 576 576 610 610 610 609 609 609 577 577 577 578 578 578 611 611 611 577 577 577 611 611 611 610 610 610 578 578 578 579 579 579 612 612 612 578 578 578 612 612 612 611 611 611 579 579 579 580 580 580 613 613 613 579 579 579 613 613 613 612 612 612 580 580 580 581 581 581 614 614 614 580 580 580 614 614 614 613 613 613 581 581 581 582 582 582 615 615 615 581 581 581 615 615 615 614 614 614 582 582 582 583 583 583 616 616 616 582 582 582 616 616 616 615 615 615 583 583 583 584 584 584 617 617 617 583 583 583 617 617 617 616 616 616 584 584 584 585 585 585 618 618 618 584 584 584 618 618 618 617 617 617 585 585 585 586 586 586 619 619 619 585 585 585 619 619 619 618 618 618 586 586 586 587 587 587 620 620 620 586 586 586 620 620 620 619 619 619 587 587 587 588 588 588 621 621 621 587 587 587 621 621 621 620 620 620 588 588 588 589 589 589 622 622 622 588 588 588 622 622 622 621 621 621 589 589 589 590 590 590 623 623 623 589 589 589 623 623 623 622 622 622 590 590 590 591 591 591 624 624 624 590 590 590 624 624 624 623 623 623 591 591 591 592 592 592 625 625 625 591 591 591 625 625 625 624 624 624 592 592 592 593 593 593 626 626 626 592 592 592 626 626 626 625 625 625 594 594 594 595 595 595 628 628 628 594 594 594 628 628 628 627 627 627 595 595 595 596 596 596 629 629 629 595 595 595 629 629 629 628 628 628 596 596 596 597 597 597 630 630 630 596 596 596 630 630 630 629 629 629 597 597 597 598 598 598 631 631 631 597 597 597 631 631 631 630 630 630 598 598 598 599 599 599 632 632 632 598 598 598 632 632 632 631 631 631 599 599 599 600 600 600 633 633 633 599 599 599 633 633 633 632 632 632 600 600 600 601 601 601 634 634 634 600 600 600 634 634 634 633 633 633 601 601 601 602 602 602 635 635 635 601 601 601 635 635 635 634 634 634 602 602 602 603 603 603 636 636 636 602 602 602 636 636 636 635 635 635 603 603 603 604 604 604 637 637 637 603 603 603 637 637 637 636 636 636 604 604 604 605 605 605 638 638 638 604 604 604 638 638 638 637 637 637 605 605 605 606 606 606 639 639 639 605 605 605 639 639 639 638 638 638 606 606 606 607 607 607 640 640 640 606 606 606 640 640 640 639 639 639 607 607 607 608 608 608 641 641 641 607 607 607 641 641 641 640 640 640 608 608 608 609 609 609 642 642 642 608 608 608 642 642 642 641 641 641 609 609 609 610 610 610 643 643 643 609 609 609 643 643 643 642 642 642 610 610 610 611 611 611 644 644 644 610 610 610 644 644 644 643 643 643 611 611 611 612 612 612 645 645 645 611 611 611 645 645 645 644 644 644 612 612 612 613 613 613 646 646 646 612 612 612 646 646 646 645 645 645 613 613 613 614 614 614 647 647 647 613 613 613 647 647 647 646 646 646 614 614 614 615 615 615 648 648 648 614 614 614 648 648 648 647 647 647 615 615 615 616 616 616 649 649 649 615 615 615 649 649 649 648 648 648 616 616 616 617 617 617 650 650 650 616 616 616 650 650 650 649 649 649 617 617 617 618 618 618 651 651 651 617 617 617 651 651 651 650 650 650 618 618 618 619 619 619 652 652 652 618 618 618 652 652 652 651 651 651 619 619 619 620 620 620 653 653 653 619 619 619 653 653 653 652 652 652 620 620 620 621 621 621 654 654 654 620 620 620 654 654 654 653 653 653 621 621 621 622 622 622 655 655 655 621 621 621 655 655 655 654 654 654 622 622 622 623 623 623 656 656 656 622 622 622 656 656 656 655 655 655 623 623 623 624 624 624 657 657 657 623 623 623 657 657 657 656 656 656 624 624 624 625 625 625 658 658 658 624 624 624 658 658 658 657 657 657 625 625 625 626 626 626 659 659 659 625 625 625 659 659 659 658 658 658 627 627 627 628 628 628 661 661 661 627 627 627 661 661 661 660 660 660 628 628 628 629 629 629 662 662 662 628 628 628 662 662 662 661 661 661 629 629 629 630 630 630 663 663 663 629 629 629 663 663 663 662 662 662 630 630 630 631 631 631 664 664 664 630 630 630 664 664 664 663 663 663 631 631 631 632 632 632 665 665 665 631 631 631 665 665 665 664 664 664 632 632 632 633 633 633 666 666 666 632 632 632 666 666 666 665 665 665 633 633 633 634 634 634 667 667 667 633 633 633 667 667 667 666 666 666 634 634 634 635 635 635 668 668 668 634 634 634 668 668 668 667 667 667 635 635 635 636 636 636 669 669 669 635 635 635 669 669 669 668 668 668 636 636 636 637 637 637 670 670 670 636 636 636 670 670 670 669 669 669 637 637 637 638 638 638 671 671 671 637 637 637 671 671 671 670 670 670 638 638 638 639 639 639 672 672 672 638 638 638 672 672 672 671 671 671 639 639 639 640 640 640 673 673 673 639 639 639 673 673 673 672 672 672 640 640 640 641 641 641 674 674 674 640 640 640 674 674 674 673 673 673 641 641 641 642 642 642 675 675 675 641 641 641 675 675 675 674 674 674 642 642 642 643 643 643 676 676 676 642 642 642 676 676 676 675 675 675 643 643 643 644 644 644 677 677 677 643 643 643 677 677 677 676 676 676 644 644 644 645 645 645 678 678 678 644 644 644 678 678 678 677 677 677 645 645 645 646 646 646 679 679 679 645 645 645 679 679 679 678 678 678 646 646 646 647 647 647 680 680 680 646 646 646 680 680 680 679 679 679 647 647 647 648 648 648 681 681 681 647 647 647 681 681 681 680 680 680 648 648 648 649 649 649 682 682 682 648 648 648 682 682 682 681 681 681 649 649 649 650 650 650 683 683 683 649 649 649 683 683 683 682 682 682 650 650 650 651 651 651 684 684 684 650 650 650 684 684 684 683 683 683 651 651 651 652 652 652 685 685 685 651 651 651 685 685 685 684 684 684 652 652 652 653 653 653 686 686 686 652 652 652 686 686 686 685 685 685 653 653 653 654 654 654 687 687 687 653 653 653 687 687 687 686 686 686 654 654 654 655 655 655 688 688 688 654 654 654 688 688 688 687 687 687 655 655 655 656 656 656 689 689 689 655 655 655 689 689 689 688 688 688 656 656 656 657 657 657 690 690 690 656 656 656 690 690 690 689 689 689 657 657 657 658 658 658 691 691 691 657 657 657 691 691 691 690 690 690 658 658 658 659 659 659 692 692 692 658 658 658 692 692 692 691 691 691 660 660 660 661 661 661 694 694 694 660 660 660 694 694 694 693 693 693 661 661 661 662 662 662 695 695 695 661 661 661 695 695 695 694 694 694 662 662 662 663 663 663 696 696 696 662 662 662 696 696 696 695 695 695 663 663 663 664 664 664 697 697 697 663 663 663 697 697 697 696 696 696 664 664 664 665 665 665 698 698 698 664 664 664 698 698 698 697 697 697 665 665 665 666 666 666 699 699 699 665 665 665 699 699 699 698 698 698 666 666 666 667 667 667 700 700 700 666 666 666 700 700 700 699 699 699 667 667 667 668 668 668 701 701 701 667 667 667 701 701 701 700 700 700 668 668 668 669 669 669 702 702 702 668 668 668 702 702 702 701 701 701 669 669 669 670 670 670 703 703 703 669 669 669 703 703 703 702 702 702 670 670 670 671 671 671 704 704 704 670 670 670 704 704 704 703 703 703 671 671 671 672 672 672 705 705 705 671 671 671 705 705 705 704 704 704 672 672 672 673 673 673 706 706 706 672 672 672 706 706 706 705 705 705 673 673 673 674 674 674 707 707 707 673 673 673 707 707 707 706 706 706 674 674 674 675 675 675 708 708 708 674 674 674 708 708 708 707 707 707 675 675 675 676 676 676 709 709 709 675 675 675 709 709 709 708 708 708 676 676 676 677 677 677 710 710 710 676 676 676 710 710 710 709 709 709 677 677 677 678 678 678 711 711 711 677 677 677 711 711 711 710 710 710 678 678 678 679 679 679 712 712 712 678 678 678 712 712 712 711 711 711 679 679 679 680 680 680 713 713 713 679 679 679 713 713 713 712 712 712 680 680 680 681 681 681 714 714 714 680 680 680 714 714 714 713 713 713 681 681 681 682 682 682 715 715 715 681 681 681 715 715 715 714 714 714 682 682 682 683 683 683 716 716 716 682 682 682 716 716 716 715 715 715 683 683 683 684 684 684 717 717 717 683 683 683 717 717 717 716 716 716 684 684 684 685 685 685 718 718 718 684 684 684 718 718 718 717 717 717 685 685 685 686 686 686 719 719 719 685 685 685 719 719 719 718 718 718 686 686 686 687 687 687 720 720 720 686 686 686 720 720 720 719 719 719 687 687 687 688 688 688 721 721 721 687 687 687 721 721 721 720 720 720 688 688 688 689 689 689 722 722 722 688 688 688 722 722 722 721 721 721 689 689 689 690 690 690 723 723 723 689 689 689 723 723 723 722 722 722 690 690 690 691 691 691 724 724 724 690 690 690 724 724 724 723 723 723 691 691 691 692 692 692 725 725 725 691 691 691 725 725 725 724 724 724 693 693 693 694 694 694 727 727 727 693 693 693 727 727 727 726 726 726 694 694 694 695 695 695 728 728 728 694 694 694 728 728 728 727 727 727 695 695 695 696 696 696 729 729 729 695 695 695 729 729 729 728 728 728 696 696 696 697 697 697 730 730 730 696 696 696 730 730 730 729 729 729 697 697 697 698 698 698 731 731 731 697 697 697 731 731 731 730 730 730 698 698 698 699 699 699 732 732 732 698 698 698 732 732 732 731 731 731 699 699 699 700 700 700 733 733 733 699 699 699 733 733 733 732 732 732 700 700 700 701 701 701 734 734 734 700 700 700 734 734 734 733 733 733 701 701 701 702 702 702 735 735 735 701 701 701 735 735 735 734 734 734 702 702 702 703 703 703 736 736 736 702 702 702 736 736 736 735 735 735 703 703 703 704 704 704 737 737 737 703 703 703 737 737 737 736 736 736 704 704 704 705 705 705 738 738 738 704 704 704 738 738 738 737 737 737 705 705 705 706 706 706 739 739 739 705 705 705 739 739 739 738 738 738 706 706 706 707 707 707 740 740 740 706 706 706 740 740 740 739 739 739 707 707 707 708 708 708 741 741 741 707 707 707 741 741 741 740 740 740 708 708 708 709 709 709 742 742 742 708 708 708 742 742 742 741 741 741 709 709 709 710 710 710 743 743 743 709 709 709 743 743 743 742 742 742 710 710 710 711 711 711 744 744 744 710 710 710 744 744 744 743 743 743 711 711 711 712 712 712 745 745 745 711 711 711 745 745 745 744 744 744 712 712 712 713 713 713 746 746 746 712 712 712 746 746 746 745 745 745 713 713 713 714 714 714 747 747 747 713 713 713 747 747 747 746 746 746 714 714 714 715 715 715 748 748 748 714 714 714 748 748 748 747 747 747 715 715 715 716 716 716 749 749 749 715 715 715 749 749 749 748 748 748 716 716 716 717 717 717 750 750 750 716 716 716 750 750 750 749 749 749 717 717 717 718 718 718 751 751 751 717 717 717 751 751 751 750 750 750 718 718 718 719 719 719 752 752 752 718 718 718 752 752 752 751 751 751 719 719 719 720 720 720 753 753 753 719 719 719 753 753 753 752 752 752 720 720 720 721 721 721 754 754 754 720 720 720 754 754 754 753 753 753 721 721 721 722 722 722 755 755 755 721 721 721 755 755 755 754 754 754 722 722 722 723 723 723 756 756 756 722 722 722 756 756 756 755 755 755 723 723 723 724 724 724 757 757 757 723 723 723 757 757 757 756 756 756 724 724 724 725 725 725 758 758 758 724 724 724 758 758 758 757 757 757 726 726 726 727 727 727 760 760 760 726 726 726 760 760 760 759 759 759 727 727 727 728 728 728 761 761 761 727 727 727 761 761 761 760 760 760 728 728 728 729 729 729 762 762 762 728 728 728 762 762 762 761 761 761 729 729 729 730 730 730 763 763 763 729 729 729 763 763 763 762 762 762 730 730 730 731 731 731 764 764 764 730 730 730 764 764 764 763 763 763 731 731 731 732 732 732 765 765 765 731 731 731 765 765 765 764 764 764 732 732 732 733 733 733 766 766 766 732 732 732 766 766 766 765 765 765 733 733 733 734 734 734 767 767 767 733 733 733 767 767 767 766 766 766 734 734 734 735 735 735 768 768 768 734 734 734 768 768 768 767 767 767 735 735 735 736 736 736 769 769 769 735 735 735 769 769 769 768 768 768 736 736 736 737 737 737 770 770 770 736 736 736 770 770 770 769 769 769 737 737 737 738 738 738 771 771 771 737 737 737 771 771 771 770 770 770 738 738 738 739 739 739 772 772 772 738 738 738 772 772 772 771 771 771 739 739 739 740 740 740 773 773 773 739 739 739 773 773 773 772 772 772 740 740 740 741 741 741 774 774 774 740 740 740 774 774 774 773 773 773 741 741 741 742 742 742 775 775 775 741 741 741 775 775 775 774 774 774 742 742 742 743 743 743 776 776 776 742 742 742 776 776 776 775 775 775 743 743 743 744 744 744 777 777 777 743 743 743 777 777 777 776 776 776 744 744 744 745 745 745 778 778 778 744 744 744 778 778 778 777 777 777 745 745 745 746 746 746 779 779 779 745 745 745 779 779 779 778 778 778 746 746 746 747 747 747 780 780 780 746 746 746 780 780 780 779 779 779 747 747 747 748 748 748 781 781 781 747 747 747 781 781 781 780 780 780 748 748 748 749 749 749 782 782 782 748 748 748 782 782 782 781 781 781 749 749 749 750 750 750 783 783 783 749 749 749 783 783 783 782 782 782 750 750 750 751 751 751 784 784 784 750 750 750 784 784 784 783 783 783 751 751 751 752 752 752 785 785 785 751 751 751 785 785 785 784 784 784 752 752 752 753 753 753 786 786 786 752 752 752 786 786 786 785 785 785 753 753 753 754 754 754 787 787 787 753 753 753 787 787 787 786 786 786 754 754 754 755 755 755 788 788 788 754 754 754 788 788 788 787 787 787 755 755 755 756 756 756 789 789 789 755 755 755 789 789 789 788 788 788 756 756 756 757 757 757 790 790 790 756 756 756 790 790 790 789 789 789 757 757 757 758 758 758 791 791 791 757 757 757 791 791 791 790 790 790 759 759 759 760 760 760 793 793 793 759 759 759 793 793 793 792 792 792 760 760 760 761 761 761 794 794 794 760 760 760 794 794 794 793 793 793 761 761 761 762 762 762 795 795 795 761 761 761 795 795 795 794 794 794 762 762 762 763 763 763 796 796 796 762 762 762 796 796 796 795 795 795 763 763 763 764 764 764 797 797 797 763 763 763 797 797 797 796 796 796 764 764 764 765 765 765 798 798 798 764 764 764 798 798 798 797 797 797 765 765 765 766 766 766 799 799 799 765 765 765 799 799 799 798 798 798 766 766 766 767 767 767 800 800 800 766 766 766 800 800 800 799 799 799 767 767 767 768 768 768 801 801 801 767 767 767 801 801 801 800 800 800 768 768 768 769 769 769 802 802 802 768 768 768 802 802 802 801 801 801 769 769 769 770 770 770 803 803 803 769 769 769 803 803 803 802 802 802 770 770 770 771 771 771 804 804 804 770 770 770 804 804 804 803 803 803 771 771 771 772 772 772 805 805 805 771 771 771 805 805 805 804 804 804 772 772 772 773 773 773 806 806 806 772 772 772 806 806 806 805 805 805 773 773 773 774 774 774 807 807 807 773 773 773 807 807 807 806 806 806 774 774 774 775 775 775 808 808 808 774 774 774 808 808 808 807 807 807 775 775 775 776 776 776 809 809 809 775 775 775 809 809 809 808 808 808 776 776 776 777 777 777 810 810 810 776 776 776 810 810 810 809 809 809 777 777 777 778 778 778 811 811 811 777 777 777 811 811 811 810 810 810 778 778 778 779 779 779 812 812 812 778 778 778 812 812 812 811 811 811 779 779 779 780 780 780 813 813 813 779 779 779 813 813 813 812 812 812 780 780 780 781 781 781 814 814 814 780 780 780 814 814 814 813 813 813 781 781 781 782 782 782 815 815 815 781 781 781 815 815 815 814 814 814 782 782 782 783 783 783 816 816 816 782 782 782 816 816 816 815 815 815 783 783 783 784 784 784 817 817 817 783 783 783 817 817 817 816 816 816 784 784 784 785 785 785 818 818 818 784 784 784 818 818 818 817 817 817 785 785 785 786 786 786 819 819 819 785 785 785 819 819 819 818 818 818 786 786 786 787 787 787 820 820 820 786 786 786 820 820 820 819 819 819 787 787 787 788 788 788 821 821 821 787 787 787 821 821 821 820 820 820 788 788 788 789 789 789 822 822 822 788 788 788 822 822 822 821 821 821 789 789 789 790 790 790 823 823 823 789 789 789 823 823 823 822 822 822 790 790 790 791 791 791 824 824 824 790 790 790 824 824 824 823 823 823 792 792 792 793 793 793 826 826 826 792 792 792 826 826 826 825 825 825 793 793 793 794 794 794 827 827 827 793 793 793 827 827 827 826 826 826 794 794 794 795 795 795 828 828 828 794 794 794 828 828 828 827 827 827 795 795 795 796 796 796 829 829 829 795 795 795 829 829 829 828 828 828 796 796 796 797 797 797 830 830 830 796 796 796 830 830 830 829 829 829 797 797 797 798 798 798 831 831 831 797 797 797 831 831 831 830 830 830 798 798 798 799 799 799 832 832 832 798 798 798 832 832 832 831 831 831 799 799 799 800 800 800 833 833 833 799 799 799 833 833 833 832 832 832 800 800 800 801 801 801 834 834 834 800 800 800 834 834 834 833 833 833 801 801 801 802 802 802 835 835 835 801 801 801 835 835 835 834 834 834 802 802 802 803 803 803 836 836 836 802 802 802 836 836 836 835 835 835 803 803 803 804 804 804 837 837 837 803 803 803 837 837 837 836 836 836 804 804 804 805 805 805 838 838 838 804 804 804 838 838 838 837 837 837 805 805 805 806 806 806 839 839 839 805 805 805 839 839 839 838 838 838 806 806 806 807 807 807 840 840 840 806 806 806 840 840 840 839 839 839 807 807 807 808 808 808 841 841 841 807 807 807 841 841 841 840 840 840 808 808 808 809 809 809 842 842 842 808 808 808 842 842 842 841 841 841 809 809 809 810 810 810 843 843 843 809 809 809 843 843 843 842 842 842 810 810 810 811 811 811 844 844 844 810 810 810 844 844 844 843 843 843 811 811 811 812 812 812 845 845 845 811 811 811 845 845 845 844 844 844 812 812 812 813 813 813 846 846 846 812 812 812 846 846 846 845 845 845 813 813 813 814 814 814 847 847 847 813 813 813 847 847 847 846 846 846 814 814 814 815 815 815 848 848 848 814 814 814 848 848 848 847 847 847 815 815 815 816 816 816 849 849 849 815 815 815 849 849 849 848 848 848 816 816 816 817 817 817 850 850 850 816 816 816 850 850 850 849 849 849 817 817 817 818 818 818 851 851 851 817 817 817 851 851 851 850 850 850 818 818 818 819 819 819 852 852 852 818 818 818 852 852 852 851 851 851 819 819 819 820 820 820 853 853 853 819 819 819 853 853 853 852 852 852 820 820 820 821 821 821 854 854 854 820 820 820 854 854 854 853 853 853 821 821 821 822 822 822 855 855 855 821 821 821 855 855 855 854 854 854 822 822 822 823 823 823 856 856 856 822 822 822 856 856 856 855 855 855 823 823 823 824 824 824 857 857 857 823 823 823 857 857 857 856 856 856 825 825 825 826 826 826 859 859 859 825 825 825 859 859 859 858 858 858 826 826 826 827 827 827 860 860 860 826 826 826 860 860 860 859 859 859 827 827 827 828 828 828 861 861 861 827 827 827 861 861 861 860 860 860 828 828 828 829 829 829 862 862 862 828 828 828 862 862 862 861 861 861 829 829 829 830 830 830 863 863 863 829 829 829 863 863 863 862 862 862 830 830 830 831 831 831 864 864 864 830 830 830 864 864 864 863 863 863 831 831 831 832 832 832 865 865 865 831 831 831 865 865 865 864 864 864 832 832 832 833 833 833 866 866 866 832 832 832 866 866 866 865 865 865 833 833 833 834 834 834 867 867 867 833 833 833 867 867 867 866 866 866 834 834 834 835 835 835 868 868 868 834 834 834 868 868 868 867 867 867 835 835 835 836 836 836 869 869 869 835 835 835 869 869 869 868 868 868 836 836 836 837 837 837 870 870 870 836 836 836 870 870 870 869 869 869 837 837 837 838 838 838 871 871 871 837 837 837 871 871 871 870 870 870 838 838 838 839 839 839 872 872 872 838 838 838 872 872 872 871 871 871 839 839 839 840 840 840 873 873 873 839 839 839 873 873 873 872 872 872 840 840 840 841 841 841 874 874 874 840 840 840 874 874 874 873 873 873 841 841 841 842 842 842 875 875 875 841 841 841 875 875 875 874 874 874 842 842 842 843 843 843 876 876 876 842 842 842 876 876 876 875 875 875 843 843 843 844 844 844 877 877 877 843 843 843 877 877 877 876 876 876 844 844 844 845 845 845 878 878 878 844 844 844 878 878 878 877 877 877 845 845 845 846 846 846 879 879 879 845 845 845 879 879 879 878 878 878 846 846 846 847 847 847 880 880 880 846 846 846 880 880 880 879 879 879 847 847 847 848 848 848 881 881 881 847 847 847 881 881 881 880 880 880 848 848 848 849 849 849 882 882 882 848 848 848 882 882 882 881 881 881 849 849 849 850 850 850 883 883 883 849 849 849 883 883 883 882 882 882 850 850 850 851 851 851 884 884 884 850 850 850 884 884 884 883 883 883 851 851 851 852 852 852 885 885 885 851 851 851 885 885 885 884 884 884 852 852 852 853 853 853 886 886 886 852 852 852 886 886 886 885 885 885 853 853 853 854 854 854 887 887 887 853 853 853 887 887 887 886 886 886 854 854 854 855 855 855 888 888 888 854 854 854 888 888 888 887 887 887 855 855 855 856 856 856 889 889 889 855 855 855 889 889 889 888 888 888 856 856 856 857 857 857 890 890 890 856 856 856 890 890 890 889 889 889 858 858 858 859 859 859 892 892 892 858 858 858 892 892 892 891 891 891 859 859 859 860 860 860 893 893 893 859 859 859 893 893 893 892 892 892 860 860 860 861 861 861 894 894 894 860 860 860 894 894 894 893 893 893 861 861 861 862 862 862 895 895 895 861 861 861 895 895 895 894 894 894 862 862 862 863 863 863 896 896 896 862 862 862 896 896 896 895 895 895 863 863 863 864 864 864 897 897 897 863 863 863 897 897 897 896 896 896 864 864 864 865 865 865 898 898 898 864 864 864 898 898 898 897 897 897 865 865 865 866 866 866 899 899 899 865 865 865 899 899 899 898 898 898 866 866 866 867 867 867 900 900 900 866 866 866 900 900 900 899 899 899 867 867 867 868 868 868 901 901 901 867 867 867 901 901 901 900 900 900 868 868 868 869 869 869 902 902 902 868 868 868 902 902 902 901 901 901 869 869 869 870 870 870 903 903 903 869 869 869 903 903 903 902 902 902 870 870 870 871 871 871 904 904 904 870 870 870 904 904 904 903 903 903 871 871 871 872 872 872 905 905 905 871 871 871 905 905 905 904 904 904 872 872 872 873 873 873 906 906 906 872 872 872 906 906 906 905 905 905 873 873 873 874 874 874 907 907 907 873 873 873 907 907 907 906 906 906 874 874 874 875 875 875 908 908 908 874 874 874 908 908 908 907 907 907 875 875 875 876 876 876 909 909 909 875 875 875 909 909 909 908 908 908 876 876 876 877 877 877 910 910 910 876 876 876 910 910 910 909 909 909 877 877 877 878 878 878 911 911 911 877 877 877 911 911 911 910 910 910 878 878 878 879 879 879 912 912 912 878 878 878 912 912 912 911 911 911 879 879 879 880 880 880 913 913 913 879 879 879 913 913 913 912 912 912 880 880 880 881 881 881 914 914 914 880 880 880 914 914 914 913 913 913 881 881 881 882 882 882 915 915 915 881 881 881 915 915 915 914 914 914 882 882 882 883 883 883 916 916 916 882 882 882 916 916 916 915 915 915 883 883 883 884 884 884 917 917 917 883 883 883 917 917 917 916 916 916 884 884 884 885 885 885 918 918 918 884 884 884 918 918 918 917 917 917 885 885 885 886 886 886 919 919 919 885 885 885 919 919 919 918 918 918 886 886 886 887 887 887 920 920 920 886 886 886 920 920 920 919 919 919 887 887 887 888 888 888 921 921 921 887 887 887 921 921 921 920 920 920 888 888 888 889 889 889 922 922 922 888 888 888 922 922 922 921 921 921 889 889 889 890 890 890 923 923 923 889 889 889 923 923 923 922 922 922 891 891 891 892 892 892 925 925 925 891 891 891 925 925 925 924 924 924 892 892 892 893 893 893 926 926 926 892 892 892 926 926 926 925 925 925 893 893 893 894 894 894 927 927 927 893 893 893 927 927 927 926 926 926 894 894 894 895 895 895 928 928 928 894 894 894 928 928 928 927 927 927 895 895 895 896 896 896 929 929 929 895 895 895 929 929 929 928 928 928 896 896 896 897 897 897 930 930 930 896 896 896 930 930 930 929 929 929 897 897 897 898 898 898 931 931 931 897 897 897 931 931 931 930 930 930 898 898 898 899 899 899 932 932 932 898 898 898 932 932 932 931 931 931 899 899 899 900 900 900 933 933 933 899 899 899 933 933 933 932 932 932 900 900 900 901 901 901 934 934 934 900 900 900 934 934 934 933 933 933 901 901 901 902 902 902 935 935 935 901 901 901 935 935 935 934 934 934 902 902 902 903 903 903 936 936 936 902 902 902 936 936 936 935 935 935 903 903 903 904 904 904 937 937 937 903 903 903 937 937 937 936 936 936 904 904 904 905 905 905 938 938 938 904 904 904 938 938 938 937 937 937 905 905 905 906 906 906 939 939 939 905 905 905 939 939 939 938 938 938 906 906 906 907 907 907 940 940 940 906 906 906 940 940 940 939 939 939 907 907 907 908 908 908 941 941 941 907 907 907 941 941 941 940 940 940 908 908 908 909 909 909 942 942 942 908 908 908 942 942 942 941 941 941 909 909 909 910 910 910 943 943 943 909 909 909 943 943 943 942 942 942 910 910 910 911 911 911 944 944 944 910 910 910 944 944 944 943 943 943 911 911 911 912 912 912 945 945 945 911 911 911 945 945 945 944 944 944 912 912 912 913 913 913 946 946 946 912 912 912 946 946 946 945 945 945 913 913 913 914 914 914 947 947 947 913 913 913 947 947 947 946 946 946 914 914 914 915 915 915 948 948 948 914 914 914 948 948 948 947 947 947 915 915 915 916 916 916 949 949 949 915 915 915 949 949 949 948 948 948 916 916 916 917 917 917 950 950 950 916 916 916 950 950 950 949 949 949 917 917 917 918 918 918 951 951 951 917 917 917 951 951 951 950 950 950 918 918 918 919 919 919 952 952 952 918 918 918 952 952 952 951 951 951 919 919 919 920 920 920 953 953 953 919 919 919 953 953 953 952 952 952 920 920 920 921 921 921 954 954 954 920 920 920 954 954 954 953 953 953 921 921 921 922 922 922 955 955 955 921 921 921 955 955 955 954 954 954 922 922 922 923 923 923 956 956 956 922 922 922 956 956 956 955 955 955 924 924 924 925 925 925 958 958 958 924 924 924 958 958 958 957 957 957 925 925 925 926 926 926 959 959 959 925 925 925 959 959 959 958 958 958 926 926 926 927 927 927 960 960 960 926 926 926 960 960 960 959 959 959 927 927 927 928 928 928 961 961 961 927 927 927 961 961 961 960 960 960 928 928 928 929 929 929 962 962 962 928 928 928 962 962 962 961 961 961 929 929 929 930 930 930 963 963 963 929 929 929 963 963 963 962 962 962 930 930 930 931 931 931 964 964 964 930 930 930 964 964 964 963 963 963 931 931 931 932 932 932 965 965 965 931 931 931 965 965 965 964 964 964 932 932 932 933 933 933 966 966 966 932 932 932 966 966 966 965 965 965 933 933 933 934 934 934 967 967 967 933 933 933 967 967 967 966 966 966 934 934 934 935 935 935 968 968 968 934 934 934 968 968 968 967 967 967 935 935 935 936 936 936 969 969 969 935 935 935 969 969 969 968 968 968 936 936 936 937 937 937 970 970 970 936 936 936 970 970 970 969 969 969 937 937 937 938 938 938 971 971 971 937 937 937 971 971 971 970 970 970 938 938 938 939 939 939 972 972 972 938 938 938 972 972 972 971 971 971 939 939 939 940 940 940 973 973 973 939 939 939 973 973 973 972 972 972 940 940 940 941 941 941 974 974 974 940 940 940 974 974 974 973 973 973 941 941 941 942 942 942 975 975 975 941 941 941 975 975 975 974 974 974 942 942 942 943 943 943 976 976 976 942 942 942 976 976 976 975 975 975 943 943 943 944 944 944 977 977 977 943 943 943 977 977 977 976 976 976 944 944 944 945 945 945 978 978 978 944 944 944 978 978 978 977 977 977 945 945 945 946 946 946 979 979 979 945 945 945 979 979 979 978 978 978 946 946 946 947 947 947 980 980 980 946 946 946 980 980 980 979 979 979 947 947 947 948 948 948 981 981 981 947 947 947 981 981 981 980 980 980 948 948 948 949 949 949 982 982 982 948 948 948 982 982 982 981 981 981 949 949 949 950 950 950 983 983 983 949 949 949 983 983 983 982 982 982 950 950 950 951 951 951 984 984 984 950 950 950 984 984 984 983 983 983 951 951 951 952 952 952 985 985 985 951 951 951 985 985 985 984 984 984 952 952 952 953 953 953 986 986 986 952 952 952 986 986 986 985 985 985 953 953 953 954 954 954 987 987 987 953 953 953 987 987 987 986 986 986 954 954 954 955 955 955 988 988 988 954 954 954 988 988 988 987 987 987 955 955 955 956 956 956 989 989 989 955 955 955 989 989 989 988 988 988 957 957 957 958 958 958 991 991 991 957 957 957 991 991 991 990 990 990 958 958 958 959 959 959 992 992 992 958 958 958 992 992 992 991 991 991 959 959 959 960 960 960 993 993 993 959 959 959 993 993 993 992 992 992 960 960 960 961 961 961 994 994 994 960 960 960 994 994 994 993 993 993 961 961 961 962 962 962 995 995 995 961 961 961 995 995 995 994 994 994 962 962 962 963 963 963 996 996 996 962 962 962 996 996 996 995 995 995 963 963 963 964 964 964 997 997 997 963 963 963 997 997 997 996 996 996 964 964 964 965 965 965 998 998 998 964 964 964 998 998 998 997 997 997 965 965 965 966 966 966 999 999 999 965 965 965 999 999 999 998 998 998 966 966 966 967 967 967 1000 1000 1000 966 966 966 1000 1000 1000 999 999 999 967 967 967 968 968 968 1001 1001 1001 967 967 967 1001 1001 1001 1000 1000 1000 968 968 968 969 969 969 1002 1002 1002 968 968 968 1002 1002 1002 1001 1001 1001 969 969 969 970 970 970 1003 1003 1003 969 969 969 1003 1003 1003 1002 1002 1002 970 970 970 971 971 971 1004 1004 1004 970 970 970 1004 1004 1004 1003 1003 1003 971 971 971 972 972 972 1005 1005 1005 971 971 971 1005 1005 1005 1004 1004 1004 972 972 972 973 973 973 1006 1006 1006 972 972 972 1006 1006 1006 1005 1005 1005 973 973 973 974 974 974 1007 1007 1007 973 973 973 1007 1007 1007 1006 1006 1006 974 974 974 975 975 975 1008 1008 1008 974 974 974 1008 1008 1008 1007 1007 1007 975 975 975 976 976 976 1009 1009 1009 975 975 975 1009 1009 1009 1008 1008 1008 976 976 976 977 977 977 1010 1010 1010 976 976 976 1010 1010 1010 1009 1009 1009 977 977 977 978 978 978 1011 1011 1011 977 977 977 1011 1011 1011 1010 1010 1010 978 978 978 979 979 979 1012 1012 1012 978 978 978 1012 1012 1012 1011 1011 1011 979 979 979 980 980 980 1013 1013 1013 979 979 979 1013 1013 1013 1012 1012 1012 980 980 980 981 981 981 1014 1014 1014 980 980 980 1014 1014 1014 1013 1013 1013 981 981 981 982 982 982 1015 1015 1015 981 981 981 1015 1015 1015 1014 1014 1014 982 982 982 983 983 983 1016 1016 1016 982 982 982 1016 1016 1016 1015 1015 1015 983 983 983 984 984 984 1017 1017 1017 983 983 983 1017 1017 1017 1016 1016 1016 984 984 984 985 985 985 1018 1018 1018 984 984 984 1018 1018 1018 1017 1017 1017 985 985 985 986 986 986 1019 1019 1019 985 985 985 1019 1019 1019 1018 1018 1018 986 986 986 987 987 987 1020 1020 1020 986 986 986 1020 1020 1020 1019 1019 1019 987 987 987 988 988 988 1021 1021 1021 987 987 987 1021 1021 1021 1020 1020 1020 988 988 988 989 989 989 1022 1022 1022 988 988 988 1022 1022 1022 1021 1021 1021 990 990 990 991 991 991 1024 1024 1024 990 990 990 1024 1024 1024 1023 1023 1023 991 991 991 992 992 992 1025 1025 1025 991 991 991 1025 1025 1025 1024 1024 1024 992 992 992 993 993 993 1026 1026 1026 992 992 992 1026 1026 1026 1025 1025 1025 993 993 993 994 994 994 1027 1027 1027 993 993 993 1027 1027 1027 1026 1026 1026 994 994 994 995 995 995 1028 1028 1028 994 994 994 1028 1028 1028 1027 1027 1027 995 995 995 996 996 996 1029 1029 1029 995 995 995 1029 1029 1029 1028 1028 1028 996 996 996 997 997 997 1030 1030 1030 996 996 996 1030 1030 1030 1029 1029 1029 997 997 997 998 998 998 1031 1031 1031 997 997 997 1031 1031 1031 1030 1030 1030 998 998 998 999 999 999 1032 1032 1032 998 998 998 1032 1032 1032 1031 1031 1031 999 999 999 1000 1000 1000 1033 1033 1033 999 999 999 1033 1033 1033 1032 1032 1032 1000 1000 1000 1001 1001 1001 1034 1034 1034 1000 1000 1000 1034 1034 1034 1033 1033 1033 1001 1001 1001 1002 1002 1002 1035 1035 1035 1001 1001 1001 1035 1035 1035 1034 1034 1034 1002 1002 1002 1003 1003 1003 1036 1036 1036 1002 1002 1002 1036 1036 1036 1035 1035 1035 1003 1003 1003 1004 1004 1004 1037 1037 1037 1003 1003 1003 1037 1037 1037 1036 1036 1036 1004 1004 1004 1005 1005 1005 1038 1038 1038 1004 1004 1004 1038 1038 1038 1037 1037 1037 1005 1005 1005 1006 1006 1006 1039 1039 1039 1005 1005 1005 1039 1039 1039 1038 1038 1038 1006 1006 1006 1007 1007 1007 1040 1040 1040 1006 1006 1006 1040 1040 1040 1039 1039 1039 1007 1007 1007 1008 1008 1008 1041 1041 1041 1007 1007 1007 1041 1041 1041 1040 1040 1040 1008 1008 1008 1009 1009 1009 1042 1042 1042 1008 1008 1008 1042 1042 1042 1041 1041 1041 1009 1009 1009 1010 1010 1010 1043 1043 1043 1009 1009 1009 1043 1043 1043 1042 1042 1042 1010 1010 1010 1011 1011 1011 1044 1044 1044 1010 1010 1010 1044 1044 1044 1043 1043 1043 1011 1011 1011 1012 1012 1012 1045 1045 1045 1011 1011 1011 1045 1045 1045 1044 1044 1044 1012 1012 1012 1013 1013 1013 1046 1046 1046 1012 1012 1012 1046 1046 1046 1045 1045 1045 1013 1013 1013 1014 1014 1014 1047 1047 1047 1013 1013 1013 1047 1047 1047 1046 1046 1046 1014 1014 1014 1015 1015 1015 1048 1048 1048 1014 1014 1014 1048 1048 1048 1047 1047 1047 1015 1015 1015 1016 1016 1016 1049 1049 1049 1015 1015 1015 1049 1049 1049 1048 1048 1048 1016 1016 1016 1017 1017 1017 1050 1050 1050 1016 1016 1016 1050 1050 1050 1049 1049 1049 1017 1017 1017 1018 1018 1018 1051 1051 1051 1017 1017 1017 1051 1051 1051 1050 1050 1050 1018 1018 1018 1019 1019 1019 1052 1052 1052 1018 1018 1018 1052 1052 1052 1051 1051 1051 1019 1019 1019 1020 1020 1020 1053 1053 1053 1019 1019 1019 1053 1053 1053 1052 1052 1052 1020 1020 1020 1021 1021 1021 1054 1054 1054 1020 1020 1020 1054 1054 1054 1053 1053 1053 1021 1021 1021 1022 1022 1022 1055 1055 1055 1021 1021 1021 1055 1055 1055 1054 1054 1054 1023 1023 1023 1024 1024 1024 1057 1057 1057 1023 1023 1023 1057 1057 1057 1056 1056 1056 1024 1024 1024 1025 1025 1025 1058 1058 1058 1024 1024 1024 1058 1058 1058 1057 1057 1057 1025 1025 1025 1026 1026 1026 1059 1059 1059 1025 1025 1025 1059 1059 1059 1058 1058 1058 1026 1026 1026 1027 1027 1027 1060 1060 1060 1026 1026 1026 1060 1060 1060 1059 1059 1059 1027 1027 1027 1028 1028 1028 1061 1061 1061 1027 1027 1027 1061 1061 1061 1060 1060 1060 1028 1028 1028 1029 1029 1029 1062 1062 1062 1028 1028 1028 1062 1062 1062 1061 1061 1061 1029 1029 1029 1030 1030 1030 1063 1063 1063 1029 1029 1029 1063 1063 1063 1062 1062 1062 1030 1030 1030 1031 1031 1031 1064 1064 1064 1030 1030 1030 1064 1064 1064 1063 1063 1063 1031 1031 1031 1032 1032 1032 1065 1065 1065 1031 1031 1031 1065 1065 1065 1064 1064 1064 1032 1032 1032 1033 1033 1033 1066 1066 1066 1032 1032 1032 1066 1066 1066 1065 1065 1065 1033 1033 1033 1034 1034 1034 1067 1067 1067 1033 1033 1033 1067 1067 1067 1066 1066 1066 1034 1034 1034 1035 1035 1035 1068 1068 1068 1034 1034 1034 1068 1068 1068 1067 1067 1067 1035 1035 1035 1036 1036 1036 1069 1069 1069 1035 1035 1035 1069 1069 1069 1068 1068 1068 1036 1036 1036 1037 1037 1037 1070 1070 1070 1036 1036 1036 1070 1070 1070 1069 1069 1069 1037 1037 1037 1038 1038 1038 1071 1071 1071 1037 1037 1037 1071 1071 1071 1070 1070 1070 1038 1038 1038 1039 1039 1039 1072 1072 1072 1038 1038 1038 1072 1072 1072 1071 1071 1071 1039 1039 1039 1040 1040 1040 1073 1073 1073 1039 1039 1039 1073 1073 1073 1072 1072 1072 1040 1040 1040 1041 1041 1041 1074 1074 1074 1040 1040 1040 1074 1074 1074 1073 1073 1073 1041 1041 1041 1042 1042 1042 1075 1075 1075 1041 1041 1041 1075 1075 1075 1074 1074 1074 1042 1042 1042 1043 1043 1043 1076 1076 1076 1042 1042 1042 1076 1076 1076 1075 1075 1075 1043 1043 1043 1044 1044 1044 1077 1077 1077 1043 1043 1043 1077 1077 1077 1076 1076 1076 1044 1044 1044 1045 1045 1045 1078 1078 1078 1044 1044 1044 1078 1078 1078 1077 1077 1077 1045 1045 1045 1046 1046 1046 1079 1079 1079 1045 1045 1045 1079 1079 1079 1078 1078 1078 1046 1046 1046 1047 1047 1047 1080 1080 1080 1046 1046 1046 1080 1080 1080 1079 1079 1079 1047 1047 1047 1048 1048 1048 1081 1081 1081 1047 1047 1047 1081 1081 1081 1080 1080 1080 1048 1048 1048 1049 1049 1049 1082 1082 1082 1048 1048 1048 1082 1082 1082 1081 1081 1081 1049 1049 1049 1050 1050 1050 1083 1083 1083 1049 1049 1049 1083 1083 1083 1082 1082 1082 1050 1050 1050 1051 1051 1051 1084 1084 1084 1050 1050 1050 1084 1084 1084 1083 1083 1083 1051 1051 1051 1052 1052 1052 1085 1085 1085 1051 1051 1051 1085 1085 1085 1084 1084 1084 1052 1052 1052 1053 1053 1053 1086 1086 1086 1052 1052 1052 1086 1086 1086 1085 1085 1085 1053 1053 1053 1054 1054 1054 1087 1087 1087 1053 1053 1053 1087 1087 1087 1086 1086 1086 1054 1054 1054 1055 1055 1055 1088 1088 1088 1054 1054 1054 1088 1088 1088 1087 1087 1087 1056 1056 1056 1057 1057 1057 1090 1090 1090 1056 1056 1056 1090 1090 1090 1089 1089 1089 1057 1057 1057 1058 1058 1058 1091 1091 1091 1057 1057 1057 1091 1091 1091 1090 1090 1090 1058 1058 1058 1059 1059 1059 1092 1092 1092 1058 1058 1058 1092 1092 1092 1091 1091 1091 1059 1059 1059 1060 1060 1060 1093 1093 1093 1059 1059 1059 1093 1093 1093 1092 1092 1092 1060 1060 1060 1061 1061 1061 1094 1094 1094 1060 1060 1060 1094 1094 1094 1093 1093 1093 1061 1061 1061 1062 1062 1062 1095 1095 1095 1061 1061 1061 1095 1095 1095 1094 1094 1094 1062 1062 1062 1063 1063 1063 1096 1096 1096 1062 1062 1062 1096 1096 1096 1095 1095 1095 1063 1063 1063 1064 1064 1064 1097 1097 1097 1063 1063 1063 1097 1097 1097 1096 1096 1096 1064 1064 1064 1065 1065 1065 1098 1098 1098 1064 1064 1064 1098 1098 1098 1097 1097 1097 1065 1065 1065 1066 1066 1066 1099 1099 1099 1065 1065 1065 1099 1099 1099 1098 1098 1098 1066 1066 1066 1067 1067 1067 1100 1100 1100 1066 1066 1066 1100 1100 1100 1099 1099 1099 1067 1067 1067 1068 1068 1068 1101 1101 1101 1067 1067 1067 1101 1101 1101 1100 1100 1100 1068 1068 1068 1069 1069 1069 1102 1102 1102 1068 1068 1068 1102 1102 1102 1101 1101 1101 1069 1069 1069 1070 1070 1070 1103 1103 1103 1069 1069 1069 1103 1103 1103 1102 1102 1102 1070 1070 1070 1071 1071 1071 1104 1104 1104 1070 1070 1070 1104 1104 1104 1103 1103 1103 1071 1071 1071 1072 1072 1072 1105 1105 1105 1071 1071 1071 1105 1105 1105 1104 1104 1104 1072 1072 1072 1073 1073 1073 1106 1106 1106 1072 1072 1072 1106 1106 1106 1105 1105 1105 1073 1073 1073 1074 1074 1074 1107 1107 1107 1073 1073 1073 1107 1107 1107 1106 1106 1106 1074 1074 1074 1075 1075 1075 1108 1108 1108 1074 1074 1074 1108 1108 1108 1107 1107 1107 1075 1075 1075 1076 1076 1076 1109 1109 1109 1075 1075 1075 1109 1109 1109 1108 1108 1108 1076 1076 1076 1077 1077 1077 1110 1110 1110 1076 1076 1076 1110 1110 1110 1109 1109 1109 1077 1077 1077 1078 1078 1078 1111 1111 1111 1077 1077 1077 1111 1111 1111 1110 1110 1110 1078 1078 1078 1079 1079 1079 1112 1112 1112 1078 1078 1078 1112 1112 1112 1111 1111 1111 1079 1079 1079 1080 1080 1080 1113 1113 1113 1079 1079 1079 1113 1113 1113 1112 1112 1112 1080 1080 1080 1081 1081 1081 1114 1114 1114 1080 1080 1080 1114 1114 1114 1113 1113 1113 1081 1081 1081 1082 1082 1082 1115 1115 1115 1081 1081 1081 1115 1115 1115 1114 1114 1114 1082 1082 1082 1083 1083 1083 1116 1116 1116 1082 1082 1082 1116 1116 1116 1115 1115 1115 1083 1083 1083 1084 1084 1084 1117 1117 1117 1083 1083 1083 1117 1117 1117 1116 1116 1116 1084 1084 1084 1085 1085 1085 1118 1118 1118 1084 1084 1084 1118 1118 1118 1117 1117 1117 1085 1085 1085 1086 1086 1086 1119 1119 1119 1085 1085 1085 1119 1119 1119 1118 1118 1118 1086 1086 1086 1087 1087 1087 1120 1120 1120 1086 1086 1086 1120 1120 1120 1119 1119 1119 1087 1087 1087 1088 1088 1088 1121 1121 1121 1087 1087 1087 1121 1121 1121 1120 1120 1120 1089 1089 1089 1090 1090 1090 1123 1123 1123 1089 1089 1089 1123 1123 1123 1122 1122 1122 1090 1090 1090 1091 1091 1091 1124 1124 1124 1090 1090 1090 1124 1124 1124 1123 1123 1123 1091 1091 1091 1092 1092 1092 1125 1125 1125 1091 1091 1091 1125 1125 1125 1124 1124 1124 1092 1092 1092 1093 1093 1093 1126 1126 1126 1092 1092 1092 1126 1126 1126 1125 1125 1125 1093 1093 1093 1094 1094 1094 1127 1127 1127 1093 1093 1093 1127 1127 1127 1126 1126 1126 1094 1094 1094 1095 1095 1095 1128 1128 1128 1094 1094 1094 1128 1128 1128 1127 1127 1127 1095 1095 1095 1096 1096 1096 1129 1129 1129 1095 1095 1095 1129 1129 1129 1128 1128 1128 1096 1096 1096 1097 1097 1097 1130 1130 1130 1096 1096 1096 1130 1130 1130 1129 1129 1129 1097 1097 1097 1098 1098 1098 1131 1131 1131 1097 1097 1097 1131 1131 1131 1130 1130 1130 1098 1098 1098 1099 1099 1099 1132 1132 1132 1098 1098 1098 1132 1132 1132 1131 1131 1131 1099 1099 1099 1100 1100 1100 1133 1133 1133 1099 1099 1099 1133 1133 1133 1132 1132 1132 1100 1100 1100 1101 1101 1101 1134 1134 1134 1100 1100 1100 1134 1134 1134 1133 1133 1133 1101 1101 1101 1102 1102 1102 1135 1135 1135 1101 1101 1101 1135 1135 1135 1134 1134 1134 1102 1102 1102 1103 1103 1103 1136 1136 1136 1102 1102 1102 1136 1136 1136 1135 1135 1135 1103 1103 1103 1104 1104 1104 1137 1137 1137 1103 1103 1103 1137 1137 1137 1136 1136 1136 1104 1104 1104 1105 1105 1105 1138 1138 1138 1104 1104 1104 1138 1138 1138 1137 1137 1137 1105 1105 1105 1106 1106 1106 1139 1139 1139 1105 1105 1105 1139 1139 1139 1138 1138 1138 1106 1106 1106 1107 1107 1107 1140 1140 1140 1106 1106 1106 1140 1140 1140 1139 1139 1139 1107 1107 1107 1108 1108 1108 1141 1141 1141 1107 1107 1107 1141 1141 1141 1140 1140 1140 1108 1108 1108 1109 1109 1109 1142 1142 1142 1108 1108 1108 1142 1142 1142 1141 1141 1141 1109 1109 1109 1110 1110 1110 1143 1143 1143 1109 1109 1109 1143 1143 1143 1142 1142 1142 1110 1110 1110 1111 1111 1111 1144 1144 1144 1110 1110 1110 1144 1144 1144 1143 1143 1143 1111 1111 1111 1112 1112 1112 1145 1145 1145 1111 1111 1111 1145 1145 1145 1144 1144 1144 1112 1112 1112 1113 1113 1113 1146 1146 1146 1112 1112 1112 1146 1146 1146 1145 1145 1145 1113 1113 1113 1114 1114 1114 1147 1147 1147 1113 1113 1113 1147 1147 1147 1146 1146 1146 1114 1114 1114 1115 1115 1115 1148 1148 1148 1114 1114 1114 1148 1148 1148 1147 1147 1147 1115 1115 1115 1116 1116 1116 1149 1149 1149 1115 1115 1115 1149 1149 1149 1148 1148 1148 1116 1116 1116 1117 1117 1117 1150 1150 1150 1116 1116 1116 1150 1150 1150 1149 1149 1149 1117 1117 1117 1118 1118 1118 1151 1151 1151 1117 1117 1117 1151 1151 1151 1150 1150 1150 1118 1118 1118 1119 1119 1119 1152 1152 1152 1118 1118 1118 1152 1152 1152 1151 1151 1151 1119 1119 1119 1120 1120 1120 1153 1153 1153 1119 1119 1119 1153 1153 1153 1152 1152 1152 1120 1120 1120 1121 1121 1121 1154 1154 1154 1120 1120 1120 1154 1154 1154 1153 1153 1153 1122 1122 1122 1123 1123 1123 1156 1156 1156 1122 1122 1122 1156 1156 1156 1155 1155 1155 1123 1123 1123 1124 1124 1124 1157 1157 1157 1123 1123 1123 1157 1157 1157 1156 1156 1156 1124 1124 1124 1125 1125 1125 1158 1158 1158 1124 1124 1124 1158 1158 1158 1157 1157 1157 1125 1125 1125 1126 1126 1126 1159 1159 1159 1125 1125 1125 1159 1159 1159 1158 1158 1158 1126 1126 1126 1127 1127 1127 1160 1160 1160 1126 1126 1126 1160 1160 1160 1159 1159 1159 1127 1127 1127 1128 1128 1128 1161 1161 1161 1127 1127 1127 1161 1161 1161 1160 1160 1160 1128 1128 1128 1129 1129 1129 1162 1162 1162 1128 1128 1128 1162 1162 1162 1161 1161 1161 1129 1129 1129 1130 1130 1130 1163 1163 1163 1129 1129 1129 1163 1163 1163 1162 1162 1162 1130 1130 1130 1131 1131 1131 1164 1164 1164 1130 1130 1130 1164 1164 1164 1163 1163 1163 1131 1131 1131 1132 1132 1132 1165 1165 1165 1131 1131 1131 1165 1165 1165 1164 1164 1164 1132 1132 1132 1133 1133 1133 1166 1166 1166 1132 1132 1132 1166 1166 1166 1165 1165 1165 1133 1133 1133 1134 1134 1134 1167 1167 1167 1133 1133 1133 1167 1167 1167 1166 1166 1166 1134 1134 1134 1135 1135 1135 1168 1168 1168 1134 1134 1134 1168 1168 1168 1167 1167 1167 1135 1135 1135 1136 1136 1136 1169 1169 1169 1135 1135 1135 1169 1169 1169 1168 1168 1168 1136 1136 1136 1137 1137 1137 1170 1170 1170 1136 1136 1136 1170 1170 1170 1169 1169 1169 1137 1137 1137 1138 1138 1138 1171 1171 1171 1137 1137 1137 1171 1171 1171 1170 1170 1170 1138 1138 1138 1139 1139 1139 1172 1172 1172 1138 1138 1138 1172 1172 1172 1171 1171 1171 1139 1139 1139 1140 1140 1140 1173 1173 1173 1139 1139 1139 1173 1173 1173 1172 1172 1172 1140 1140 1140 1141 1141 1141 1174 1174 1174 1140 1140 1140 1174 1174 1174 1173 1173 1173 1141 1141 1141 1142 1142 1142 1175 1175 1175 1141 1141 1141 1175 1175 1175 1174 1174 1174 1142 1142 1142 1143 1143 1143 1176 1176 1176 1142 1142 1142 1176 1176 1176 1175 1175 1175 1143 1143 1143 1144 1144 1144 1177 1177 1177 1143 1143 1143 1177 1177 1177 1176 1176 1176 1144 1144 1144 1145 1145 1145 1178 1178 1178 1144 1144 1144 1178 1178 1178 1177 1177 1177 1145 1145 1145 1146 1146 1146 1179 1179 1179 1145 1145 1145 1179 1179 1179 1178 1178 1178 1146 1146 1146 1147 1147 1147 1180 1180 1180 1146 1146 1146 1180 1180 1180 1179 1179 1179 1147 1147 1147 1148 1148 1148 1181 1181 1181 1147 1147 1147 1181 1181 1181 1180 1180 1180 1148 1148 1148 1149 1149 1149 1182 1182 1182 1148 1148 1148 1182 1182 1182 1181 1181 1181 1149 1149 1149 1150 1150 1150 1183 1183 1183 1149 1149 1149 1183 1183 1183 1182 1182 1182 1150 1150 1150 1151 1151 1151 1184 1184 1184 1150 1150 1150 1184 1184 1184 1183 1183 1183 1151 1151 1151 1152 1152 1152 1185 1185 1185 1151 1151 1151 1185 1185 1185 1184 1184 1184 1152 1152 1152 1153 1153 1153 1186 1186 1186 1152 1152 1152 1186 1186 1186 1185 1185 1185 1153 1153 1153 1154 1154 1154 1187 1187 1187 1153 1153 1153 1187 1187 1187 1186 1186 1186 1155 1155 1155 1156 1156 1156 1189 1189 1189 1155 1155 1155 1189 1189 1189 1188 1188 1188 1156 1156 1156 1157 1157 1157 1190 1190 1190 1156 1156 1156 1190 1190 1190 1189 1189 1189 1157 1157 1157 1158 1158 1158 1191 1191 1191 1157 1157 1157 1191 1191 1191 1190 1190 1190 1158 1158 1158 1159 1159 1159 1192 1192 1192 1158 1158 1158 1192 1192 1192 1191 1191 1191 1159 1159 1159 1160 1160 1160 1193 1193 1193 1159 1159 1159 1193 1193 1193 1192 1192 1192 1160 1160 1160 1161 1161 1161 1194 1194 1194 1160 1160 1160 1194 1194 1194 1193 1193 1193 1161 1161 1161 1162 1162 1162 1195 1195 1195 1161 1161 1161 1195 1195 1195 1194 1194 1194 1162 1162 1162 1163 1163 1163 1196 1196 1196 1162 1162 1162 1196 1196 1196 1195 1195 1195 1163 1163 1163 1164 1164 1164 1197 1197 1197 1163 1163 1163 1197 1197 1197 1196 1196 1196 1164 1164 1164 1165 1165 1165 1198 1198 1198 1164 1164 1164 1198 1198 1198 1197 1197 1197 1165 1165 1165 1166 1166 1166 1199 1199 1199 1165 1165 1165 1199 1199 1199 1198 1198 1198 1166 1166 1166 1167 1167 1167 1200 1200 1200 1166 1166 1166 1200 1200 1200 1199 1199 1199 1167 1167 1167 1168 1168 1168 1201 1201 1201 1167 1167 1167 1201 1201 1201 1200 1200 1200 1168 1168 1168 1169 1169 1169 1202 1202 1202 1168 1168 1168 1202 1202 1202 1201 1201 1201 1169 1169 1169 1170 1170 1170 1203 1203 1203 1169 1169 1169 1203 1203 1203 1202 1202 1202 1170 1170 1170 1171 1171 1171 1204 1204 1204 1170 1170 1170 1204 1204 1204 1203 1203 1203 1171 1171 1171 1172 1172 1172 1205 1205 1205 1171 1171 1171 1205 1205 1205 1204 1204 1204 1172 1172 1172 1173 1173 1173 1206 1206 1206 1172 1172 1172 1206 1206 1206 1205 1205 1205 1173 1173 1173 1174 1174 1174 1207 1207 1207 1173 1173 1173 1207 1207 1207 1206 1206 1206 1174 1174 1174 1175 1175 1175 1208 1208 1208 1174 1174 1174 1208 1208 1208 1207 1207 1207 1175 1175 1175 1176 1176 1176 1209 1209 1209 1175 1175 1175 1209 1209 1209 1208 1208 1208 1176 1176 1176 1177 1177 1177 1210 1210 1210 1176 1176 1176 1210 1210 1210 1209 1209 1209 1177 1177 1177 1178 1178 1178 1211 1211 1211 1177 1177 1177 1211 1211 1211 1210 1210 1210 1178 1178 1178 1179 1179 1179 1212 1212 1212 1178 1178 1178 1212 1212 1212 1211 1211 1211 1179 1179 1179 1180 1180 1180 1213 1213 1213 1179 1179 1179 1213 1213 1213 1212 1212 1212 1180 1180 1180 1181 1181 1181 1214 1214 1214 1180 1180 1180 1214 1214 1214 1213 1213 1213 1181 1181 1181 1182 1182 1182 1215 1215 1215 1181 1181 1181 1215 1215 1215 1214 1214 1214 1182 1182 1182 1183 1183 1183 1216 1216 1216 1182 1182 1182 1216 1216 1216 1215 1215 1215 1183 1183 1183 1184 1184 1184 1217 1217 1217 1183 1183 1183 1217 1217 1217 1216 1216 1216 1184 1184 1184 1185 1185 1185 1218 1218 1218 1184 1184 1184 1218 1218 1218 1217 1217 1217 1185 1185 1185 1186 1186 1186 1219 1219 1219 1185 1185 1185 1219 1219 1219 1218 1218 1218 1186 1186 1186 1187 1187 1187 1220 1220 1220 1186 1186 1186 1220 1220 1220 1219 1219 1219 1188 1188 1188 1189 1189 1189 1222 1222 1222 1188 1188 1188 1222 1222 1222 1221 1221 1221 1189 1189 1189 1190 1190 1190 1223 1223 1223 1189 1189 1189 1223 1223 1223 1222 1222 1222 1190 1190 1190 1191 1191 1191 1224 1224 1224 1190 1190 1190 1224 1224 1224 1223 1223 1223 1191 1191 1191 1192 1192 1192 1225 1225 1225 1191 1191 1191 1225 1225 1225 1224 1224 1224 1192 1192 1192 1193 1193 1193 1226 1226 1226 1192 1192 1192 1226 1226 1226 1225 1225 1225 1193 1193 1193 1194 1194 1194 1227 1227 1227 1193 1193 1193 1227 1227 1227 1226 1226 1226 1194 1194 1194 1195 1195 1195 1228 1228 1228 1194 1194 1194 1228 1228 1228 1227 1227 1227 1195 1195 1195 1196 1196 1196 1229 1229 1229 1195 1195 1195 1229 1229 1229 1228 1228 1228 1196 1196 1196 1197 1197 1197 1230 1230 1230 1196 1196 1196 1230 1230 1230 1229 1229 1229 1197 1197 1197 1198 1198 1198 1231 1231 1231 1197 1197 1197 1231 1231 1231 1230 1230 1230 1198 1198 1198 1199 1199 1199 1232 1232 1232 1198 1198 1198 1232 1232 1232 1231 1231 1231 1199 1199 1199 1200 1200 1200 1233 1233 1233 1199 1199 1199 1233 1233 1233 1232 1232 1232 1200 1200 1200 1201 1201 1201 1234 1234 1234 1200 1200 1200 1234 1234 1234 1233 1233 1233 1201 1201 1201 1202 1202 1202 1235 1235 1235 1201 1201 1201 1235 1235 1235 1234 1234 1234 1202 1202 1202 1203 1203 1203 1236 1236 1236 1202 1202 1202 1236 1236 1236 1235 1235 1235 1203 1203 1203 1204 1204 1204 1237 1237 1237 1203 1203 1203 1237 1237 1237 1236 1236 1236 1204 1204 1204 1205 1205 1205 1238 1238 1238 1204 1204 1204 1238 1238 1238 1237 1237 1237 1205 1205 1205 1206 1206 1206 1239 1239 1239 1205 1205 1205 1239 1239 1239 1238 1238 1238 1206 1206 1206 1207 1207 1207 1240 1240 1240 1206 1206 1206 1240 1240 1240 1239 1239 1239 1207 1207 1207 1208 1208 1208 1241 1241 1241 1207 1207 1207 1241 1241 1241 1240 1240 1240 1208 1208 1208 1209 1209 1209 1242 1242 1242 1208 1208 1208 1242 1242 1242 1241 1241 1241 1209 1209 1209 1210 1210 1210 1243 1243 1243 1209 1209 1209 1243 1243 1243 1242 1242 1242 1210 1210 1210 1211 1211 1211 1244 1244 1244 1210 1210 1210 1244 1244 1244 1243 1243 1243 1211 1211 1211 1212 1212 1212 1245 1245 1245 1211 1211 1211 1245 1245 1245 1244 1244 1244 1212 1212 1212 1213 1213 1213 1246 1246 1246 1212 1212 1212 1246 1246 1246 1245 1245 1245 1213 1213 1213 1214 1214 1214 1247 1247 1247 1213 1213 1213 1247 1247 1247 1246 1246 1246 1214 1214 1214 1215 1215 1215 1248 1248 1248 1214 1214 1214 1248 1248 1248 1247 1247 1247 1215 1215 1215 1216 1216 1216 1249 1249 1249 1215 1215 1215 1249 1249 1249 1248 1248 1248 1216 1216 1216 1217 1217 1217 1250 1250 1250 1216 1216 1216 1250 1250 1250 1249 1249 1249 1217 1217 1217 1218 1218 1218 1251 1251 1251 1217 1217 1217 1251 1251 1251 1250 1250 1250 1218 1218 1218 1219 1219 1219 1252 1252 1252 1218 1218 1218 1252 1252 1252 1251 1251 1251 1219 1219 1219 1220 1220 1220 1253 1253 1253 1219 1219 1219 1253 1253 1253 1252 1252 1252 1221 1221 1221 1222 1222 1222 1255 1255 1255 1221 1221 1221 1255 1255 1255 1254 1254 1254 1222 1222 1222 1223 1223 1223 1256 1256 1256 1222 1222 1222 1256 1256 1256 1255 1255 1255 1223 1223 1223 1224 1224 1224 1257 1257 1257 1223 1223 1223 1257 1257 1257 1256 1256 1256 1224 1224 1224 1225 1225 1225 1258 1258 1258 1224 1224 1224 1258 1258 1258 1257 1257 1257 1225 1225 1225 1226 1226 1226 1259 1259 1259 1225 1225 1225 1259 1259 1259 1258 1258 1258 1226 1226 1226 1227 1227 1227 1260 1260 1260 1226 1226 1226 1260 1260 1260 1259 1259 1259 1227 1227 1227 1228 1228 1228 1261 1261 1261 1227 1227 1227 1261 1261 1261 1260 1260 1260 1228 1228 1228 1229 1229 1229 1262 1262 1262 1228 1228 1228 1262 1262 1262 1261 1261 1261 1229 1229 1229 1230 1230 1230 1263 1263 1263 1229 1229 1229 1263 1263 1263 1262 1262 1262 1230 1230 1230 1231 1231 1231 1264 1264 1264 1230 1230 1230 1264 1264 1264 1263 1263 1263 1231 1231 1231 1232 1232 1232 1265 1265 1265 1231 1231 1231 1265 1265 1265 1264 1264 1264 1232 1232 1232 1233 1233 1233 1266 1266 1266 1232 1232 1232 1266 1266 1266 1265 1265 1265 1233 1233 1233 1234 1234 1234 1267 1267 1267 1233 1233 1233 1267 1267 1267 1266 1266 1266 1234 1234 1234 1235 1235 1235 1268 1268 1268 1234 1234 1234 1268 1268 1268 1267 1267 1267 1235 1235 1235 1236 1236 1236 1269 1269 1269 1235 1235 1235 1269 1269 1269 1268 1268 1268 1236 1236 1236 1237 1237 1237 1270 1270 1270 1236 1236 1236 1270 1270 1270 1269 1269 1269 1237 1237 1237 1238 1238 1238 1271 1271 1271 1237 1237 1237 1271 1271 1271 1270 1270 1270 1238 1238 1238 1239 1239 1239 1272 1272 1272 1238 1238 1238 1272 1272 1272 1271 1271 1271 1239 1239 1239 1240 1240 1240 1273 1273 1273 1239 1239 1239 1273 1273 1273 1272 1272 1272 1240 1240 1240 1241 1241 1241 1274 1274 1274 1240 1240 1240 1274 1274 1274 1273 1273 1273 1241 1241 1241 1242 1242 1242 1275 1275 1275 1241 1241 1241 1275 1275 1275 1274 1274 1274 1242 1242 1242 1243 1243 1243 1276 1276 1276 1242 1242 1242 1276 1276 1276 1275 1275 1275 1243 1243 1243 1244 1244 1244 1277 1277 1277 1243 1243 1243 1277 1277 1277 1276 1276 1276 1244 1244 1244 1245 1245 1245 1278 1278 1278 1244 1244 1244 1278 1278 1278 1277 1277 1277 1245 1245 1245 1246 1246 1246 1279 1279 1279 1245 1245 1245 1279 1279 1279 1278 1278 1278 1246 1246 1246 1247 1247 1247 1280 1280 1280 1246 1246 1246 1280 1280 1280 1279 1279 1279 1247 1247 1247 1248 1248 1248 1281 1281 1281 1247 1247 1247 1281 1281 1281 1280 1280 1280 1248 1248 1248 1249 1249 1249 1282 1282 1282 1248 1248 1248 1282 1282 1282 1281 1281 1281 1249 1249 1249 1250 1250 1250 1283 1283 1283 1249 1249 1249 1283 1283 1283 1282 1282 1282 1250 1250 1250 1251 1251 1251 1284 1284 1284 1250 1250 1250 1284 1284 1284 1283 1283 1283 1251 1251 1251 1252 1252 1252 1285 1285 1285 1251 1251 1251 1285 1285 1285 1284 1284 1284 1252 1252 1252 1253 1253 1253 1286 1286 1286 1252 1252 1252 1286 1286 1286 1285 1285 1285 1254 1254 1254 1255 1255 1255 1288 1288 1288 1254 1254 1254 1288 1288 1288 1287 1287 1287 1255 1255 1255 1256 1256 1256 1289 1289 1289 1255 1255 1255 1289 1289 1289 1288 1288 1288 1256 1256 1256 1257 1257 1257 1290 1290 1290 1256 1256 1256 1290 1290 1290 1289 1289 1289 1257 1257 1257 1258 1258 1258 1291 1291 1291 1257 1257 1257 1291 1291 1291 1290 1290 1290 1258 1258 1258 1259 1259 1259 1292 1292 1292 1258 1258 1258 1292 1292 1292 1291 1291 1291 1259 1259 1259 1260 1260 1260 1293 1293 1293 1259 1259 1259 1293 1293 1293 1292 1292 1292 1260 1260 1260 1261 1261 1261 1294 1294 1294 1260 1260 1260 1294 1294 1294 1293 1293 1293 1261 1261 1261 1262 1262 1262 1295 1295 1295 1261 1261 1261 1295 1295 1295 1294 1294 1294 1262 1262 1262 1263 1263 1263 1296 1296 1296 1262 1262 1262 1296 1296 1296 1295 1295 1295 1263 1263 1263 1264 1264 1264 1297 1297 1297 1263 1263 1263 1297 1297 1297 1296 1296 1296 1264 1264 1264 1265 1265 1265 1298 1298 1298 1264 1264 1264 1298 1298 1298 1297 1297 1297 1265 1265 1265 1266 1266 1266 1299 1299 1299 1265 1265 1265 1299 1299 1299 1298 1298 1298 1266 1266 1266 1267 1267 1267 1300 1300 1300 1266 1266 1266 1300 1300 1300 1299 1299 1299 1267 1267 1267 1268 1268 1268 1301 1301 1301 1267 1267 1267 1301 1301 1301 1300 1300 1300 1268 1268 1268 1269 1269 1269 1302 1302 1302 1268 1268 1268 1302 1302 1302 1301 1301 1301 1269 1269 1269 1270 1270 1270 1303 1303 1303 1269 1269 1269 1303 1303 1303 1302 1302 1302 1270 1270 1270 1271 1271 1271 1304 1304 1304 1270 1270 1270 1304 1304 1304 1303 1303 1303 1271 1271 1271 1272 1272 1272 1305 1305 1305 1271 1271 1271 1305 1305 1305 1304 1304 1304 1272 1272 1272 1273 1273 1273 1306 1306 1306 1272 1272 1272 1306 1306 1306 1305 1305 1305 1273 1273 1273 1274 1274 1274 1307 1307 1307 1273 1273 1273 1307 1307 1307 1306 1306 1306 1274 1274 1274 1275 1275 1275 1308 1308 1308 1274 1274 1274 1308 1308 1308 1307 1307 1307 1275 1275 1275 1276 1276 1276 1309 1309 1309 1275 1275 1275 1309 1309 1309 1308 1308 1308 1276 1276 1276 1277 1277 1277 1310 1310 1310 1276 1276 1276 1310 1310 1310 1309 1309 1309 1277 1277 1277 1278 1278 1278 1311 1311 1311 1277 1277 1277 1311 1311 1311 1310 1310 1310 1278 1278 1278 1279 1279 1279 1312 1312 1312 1278 1278 1278 1312 1312 1312 1311 1311 1311 1279 1279 1279 1280 1280 1280 1313 1313 1313 1279 1279 1279 1313 1313 1313 1312 1312 1312 1280 1280 1280 1281 1281 1281 1314 1314 1314 1280 1280 1280 1314 1314 1314 1313 1313 1313 1281 1281 1281 1282 1282 1282 1315 1315 1315 1281 1281 1281 1315 1315 1315 1314 1314 1314 1282 1282 1282 1283 1283 1283 1316 1316 1316 1282 1282 1282 1316 1316 1316 1315 1315 1315 1283 1283 1283 1284 1284 1284 1317 1317 1317 1283 1283 1283 1317 1317 1317 1316 1316 1316 1284 1284 1284 1285 1285 1285 1318 1318 1318 1284 1284 1284 1318 1318 1318 1317 1317 1317 1285 1285 1285 1286 1286 1286 1319 1319 1319 1285 1285 1285 1319 1319 1319 1318 1318 1318 1287 1287 1287 1288 1288 1288 1321 1321 1321 1287 1287 1287 1321 1321 1321 1320 1320 1320 1288 1288 1288 1289 1289 1289 1322 1322 1322 1288 1288 1288 1322 1322 1322 1321 1321 1321 1289 1289 1289 1290 1290 1290 1323 1323 1323 1289 1289 1289 1323 1323 1323 1322 1322 1322 1290 1290 1290 1291 1291 1291 1324 1324 1324 1290 1290 1290 1324 1324 1324 1323 1323 1323 1291 1291 1291 1292 1292 1292 1325 1325 1325 1291 1291 1291 1325 1325 1325 1324 1324 1324 1292 1292 1292 1293 1293 1293 1326 1326 1326 1292 1292 1292 1326 1326 1326 1325 1325 1325 1293 1293 1293 1294 1294 1294 1327 1327 1327 1293 1293 1293 1327 1327 1327 1326 1326 1326 1294 1294 1294 1295 1295 1295 1328 1328 1328 1294 1294 1294 1328 1328 1328 1327 1327 1327 1295 1295 1295 1296 1296 1296 1329 1329 1329 1295 1295 1295 1329 1329 1329 1328 1328 1328 1296 1296 1296 1297 1297 1297 1330 1330 1330 1296 1296 1296 1330 1330 1330 1329 1329 1329 1297 1297 1297 1298 1298 1298 1331 1331 1331 1297 1297 1297 1331 1331 1331 1330 1330 1330 1298 1298 1298 1299 1299 1299 1332 1332 1332 1298 1298 1298 1332 1332 1332 1331 1331 1331 1299 1299 1299 1300 1300 1300 1333 1333 1333 1299 1299 1299 1333 1333 1333 1332 1332 1332 1300 1300 1300 1301 1301 1301 1334 1334 1334 1300 1300 1300 1334 1334 1334 1333 1333 1333 1301 1301 1301 1302 1302 1302 1335 1335 1335 1301 1301 1301 1335 1335 1335 1334 1334 1334 1302 1302 1302 1303 1303 1303 1336 1336 1336 1302 1302 1302 1336 1336 1336 1335 1335 1335 1303 1303 1303 1304 1304 1304 1337 1337 1337 1303 1303 1303 1337 1337 1337 1336 1336 1336 1304 1304 1304 1305 1305 1305 1338 1338 1338 1304 1304 1304 1338 1338 1338 1337 1337 1337 1305 1305 1305 1306 1306 1306 1339 1339 1339 1305 1305 1305 1339 1339 1339 1338 1338 1338 1306 1306 1306 1307 1307 1307 1340 1340 1340 1306 1306 1306 1340 1340 1340 1339 1339 1339 1307 1307 1307 1308 1308 1308 1341 1341 1341 1307 1307 1307 1341 1341 1341 1340 1340 1340 1308 1308 1308 1309 1309 1309 1342 1342 1342 1308 1308 1308 1342 1342 1342 1341 1341 1341 1309 1309 1309 1310 1310 1310 1343 1343 1343 1309 1309 1309 1343 1343 1343 1342 1342 1342 1310 1310 1310 1311 1311 1311 1344 1344 1344 1310 1310 1310 1344 1344 1344 1343 1343 1343 1311 1311 1311 1312 1312 1312 1345 1345 1345 1311 1311 1311 1345 1345 1345 1344 1344 1344 1312 1312 1312 1313 1313 1313 1346 1346 1346 1312 1312 1312 1346 1346 1346 1345 1345 1345 1313 1313 1313 1314 1314 1314 1347 1347 1347 1313 1313 1313 1347 1347 1347 1346 1346 1346 1314 1314 1314 1315 1315 1315 1348 1348 1348 1314 1314 1314 1348 1348 1348 1347 1347 1347 1315 1315 1315 1316 1316 1316 1349 1349 1349 1315 1315 1315 1349 1349 1349 1348 1348 1348 1316 1316 1316 1317 1317 1317 1350 1350 1350 1316 1316 1316 1350 1350 1350 1349 1349 1349 1317 1317 1317 1318 1318 1318 1351 1351 1351 1317 1317 1317 1351 1351 1351 1350 1350 1350 1318 1318 1318 1319 1319 1319 1352 1352 1352 1318 1318 1318 1352 1352 1352 1351 1351 1351 1320 1320 1320 1321 1321 1321 1354 1354 1354 1320 1320 1320 1354 1354 1354 1353 1353 1353 1321 1321 1321 1322 1322 1322 1355 1355 1355 1321 1321 1321 1355 1355 1355 1354 1354 1354 1322 1322 1322 1323 1323 1323 1356 1356 1356 1322 1322 1322 1356 1356 1356 1355 1355 1355 1323 1323 1323 1324 1324 1324 1357 1357 1357 1323 1323 1323 1357 1357 1357 1356 1356 1356 1324 1324 1324 1325 1325 1325 1358 1358 1358 1324 1324 1324 1358 1358 1358 1357 1357 1357 1325 1325 1325 1326 1326 1326 1359 1359 1359 1325 1325 1325 1359 1359 1359 1358 1358 1358 1326 1326 1326 1327 1327 1327 1360 1360 1360 1326 1326 1326 1360 1360 1360 1359 1359 1359 1327 1327 1327 1328 1328 1328 1361 1361 1361 1327 1327 1327 1361 1361 1361 1360 1360 1360 1328 1328 1328 1329 1329 1329 1362 1362 1362 1328 1328 1328 1362 1362 1362 1361 1361 1361 1329 1329 1329 1330 1330 1330 1363 1363 1363 1329 1329 1329 1363 1363 1363 1362 1362 1362 1330 1330 1330 1331 1331 1331 1364 1364 1364 1330 1330 1330 1364 1364 1364 1363 1363 1363 1331 1331 1331 1332 1332 1332 1365 1365 1365 1331 1331 1331 1365 1365 1365 1364 1364 1364 1332 1332 1332 1333 1333 1333 1366 1366 1366 1332 1332 1332 1366 1366 1366 1365 1365 1365 1333 1333 1333 1334 1334 1334 1367 1367 1367 1333 1333 1333 1367 1367 1367 1366 1366 1366 1334 1334 1334 1335 1335 1335 1368 1368 1368 1334 1334 1334 1368 1368 1368 1367 1367 1367 1335 1335 1335 1336 1336 1336 1369 1369 1369 1335 1335 1335 1369 1369 1369 1368 1368 1368 1336 1336 1336 1337 1337 1337 1370 1370 1370 1336 1336 1336 1370 1370 1370 1369 1369 1369 1337 1337 1337 1338 1338 1338 1371 1371 1371 1337 1337 1337 1371 1371 1371 1370 1370 1370 1338 1338 1338 1339 1339 1339 1372 1372 1372 1338 1338 1338 1372 1372 1372 1371 1371 1371 1339 1339 1339 1340 1340 1340 1373 1373 1373 1339 1339 1339 1373 1373 1373 1372 1372 1372 1340 1340 1340 1341 1341 1341 1374 1374 1374 1340 1340 1340 1374 1374 1374 1373 1373 1373 1341 1341 1341 1342 1342 1342 1375 1375 1375 1341 1341 1341 1375 1375 1375 1374 1374 1374 1342 1342 1342 1343 1343 1343 1376 1376 1376 1342 1342 1342 1376 1376 1376 1375 1375 1375 1343 1343 1343 1344 1344 1344 1377 1377 1377 1343 1343 1343 1377 1377 1377 1376 1376 1376 1344 1344 1344 1345 1345 1345 1378 1378 1378 1344 1344 1344 1378 1378 1378 1377 1377 1377 1345 1345 1345 1346 1346 1346 1379 1379 1379 1345 1345 1345 1379 1379 1379 1378 1378 1378 1346 1346 1346 1347 1347 1347 1380 1380 1380 1346 1346 1346 1380 1380 1380 1379 1379 1379 1347 1347 1347 1348 1348 1348 1381 1381 1381 1347 1347 1347 1381 1381 1381 1380 1380 1380 1348 1348 1348 1349 1349 1349 1382 1382 1382 1348 1348 1348 1382 1382 1382 1381 1381 1381 1349 1349 1349 1350 1350 1350 1383 1383 1383 1349 1349 1349 1383 1383 1383 1382 1382 1382 1350 1350 1350 1351 1351 1351 1384 1384 1384 1350 1350 1350 1384 1384 1384 1383 1383 1383 1351 1351 1351 1352 1352 1352 1385 1385 1385 1351 1351 1351 1385 1385 1385 1384 1384 1384 1353 1353 1353 1354 1354 1354 1387 1387 1387 1353 1353 1353 1387 1387 1387 1386 1386 1386 1354 1354 1354 1355 1355 1355 1388 1388 1388 1354 1354 1354 1388 1388 1388 1387 1387 1387 1355 1355 1355 1356 1356 1356 1389 1389 1389 1355 1355 1355 1389 1389 1389 1388 1388 1388 1356 1356 1356 1357 1357 1357 1390 1390 1390 1356 1356 1356 1390 1390 1390 1389 1389 1389 1357 1357 1357 1358 1358 1358 1391 1391 1391 1357 1357 1357 1391 1391 1391 1390 1390 1390 1358 1358 1358 1359 1359 1359 1392 1392 1392 1358 1358 1358 1392 1392 1392 1391 1391 1391 1359 1359 1359 1360 1360 1360 1393 1393 1393 1359 1359 1359 1393 1393 1393 1392 1392 1392 1360 1360 1360 1361 1361 1361 1394 1394 1394 1360 1360 1360 1394 1394 1394 1393 1393 1393 1361 1361 1361 1362 1362 1362 1395 1395 1395 1361 1361 1361 1395 1395 1395 1394 1394 1394 1362 1362 1362 1363 1363 1363 1396 1396 1396 1362 1362 1362 1396 1396 1396 1395 1395 1395 1363 1363 1363 1364 1364 1364 1397 1397 1397 1363 1363 1363 1397 1397 1397 1396 1396 1396 1364 1364 1364 1365 1365 1365 1398 1398 1398 1364 1364 1364 1398 1398 1398 1397 1397 1397 1365 1365 1365 1366 1366 1366 1399 1399 1399 1365 1365 1365 1399 1399 1399 1398 1398 1398 1366 1366 1366 1367 1367 1367 1400 1400 1400 1366 1366 1366 1400 1400 1400 1399 1399 1399 1367 1367 1367 1368 1368 1368 1401 1401 1401 1367 1367 1367 1401 1401 1401 1400 1400 1400 1368 1368 1368 1369 1369 1369 1402 1402 1402 1368 1368 1368 1402 1402 1402 1401 1401 1401 1369 1369 1369 1370 1370 1370 1403 1403 1403 1369 1369 1369 1403 1403 1403 1402 1402 1402 1370 1370 1370 1371 1371 1371 1404 1404 1404 1370 1370 1370 1404 1404 1404 1403 1403 1403 1371 1371 1371 1372 1372 1372 1405 1405 1405 1371 1371 1371 1405 1405 1405 1404 1404 1404 1372 1372 1372 1373 1373 1373 1406 1406 1406 1372 1372 1372 1406 1406 1406 1405 1405 1405 1373 1373 1373 1374 1374 1374 1407 1407 1407 1373 1373 1373 1407 1407 1407 1406 1406 1406 1374 1374 1374 1375 1375 1375 1408 1408 1408 1374 1374 1374 1408 1408 1408 1407 1407 1407 1375 1375 1375 1376 1376 1376 1409 1409 1409 1375 1375 1375 1409 1409 1409 1408 1408 1408 1376 1376 1376 1377 1377 1377 1410 1410 1410 1376 1376 1376 1410 1410 1410 1409 1409 1409 1377 1377 1377 1378 1378 1378 1411 1411 1411 1377 1377 1377 1411 1411 1411 1410 1410 1410 1378 1378 1378 1379 1379 1379 1412 1412 1412 1378 1378 1378 1412 1412 1412 1411 1411 1411 1379 1379 1379 1380 1380 1380 1413 1413 1413 1379 1379 1379 1413 1413 1413 1412 1412 1412 1380 1380 1380 1381 1381 1381 1414 1414 1414 1380 1380 1380 1414 1414 1414 1413 1413 1413 1381 1381 1381 1382 1382 1382 1415 1415 1415 1381 1381 1381 1415 1415 1415 1414 1414 1414 1382 1382 1382 1383 1383 1383 1416 1416 1416 1382 1382 1382 1416 1416 1416 1415 1415 1415 1383 1383 1383 1384 1384 1384 1417 1417 1417 1383 1383 1383 1417 1417 1417 1416 1416 1416 1384 1384 1384 1385 1385 1385 1418 1418 1418 1384 1384 1384 1418 1418 1418 1417 1417 1417 1386 1386 1386 1387 1387 1387 1420 1420 1420 1386 1386 1386 1420 1420 1420 1419 1419 1419 1387 1387 1387 1388 1388 1388 1421 1421 1421 1387 1387 1387 1421 1421 1421 1420 1420 1420 1388 1388 1388 1389 1389 1389 1422 1422 1422 1388 1388 1388 1422 1422 1422 1421 1421 1421 1389 1389 1389 1390 1390 1390 1423 1423 1423 1389 1389 1389 1423 1423 1423 1422 1422 1422 1390 1390 1390 1391 1391 1391 1424 1424 1424 1390 1390 1390 1424 1424 1424 1423 1423 1423 1391 1391 1391 1392 1392 1392 1425 1425 1425 1391 1391 1391 1425 1425 1425 1424 1424 1424 1392 1392 1392 1393 1393 1393 1426 1426 1426 1392 1392 1392 1426 1426 1426 1425 1425 1425 1393 1393 1393 1394 1394 1394 1427 1427 1427 1393 1393 1393 1427 1427 1427 1426 1426 1426 1394 1394 1394 1395 1395 1395 1428 1428 1428 1394 1394 1394 1428 1428 1428 1427 1427 1427 1395 1395 1395 1396 1396 1396 1429 1429 1429 1395 1395 1395 1429 1429 1429 1428 1428 1428 1396 1396 1396 1397 1397 1397 1430 1430 1430 1396 1396 1396 1430 1430 1430 1429 1429 1429 1397 1397 1397 1398 1398 1398 1431 1431 1431 1397 1397 1397 1431 1431 1431 1430 1430 1430 1398 1398 1398 1399 1399 1399 1432 1432 1432 1398 1398 1398 1432 1432 1432 1431 1431 1431 1399 1399 1399 1400 1400 1400 1433 1433 1433 1399 1399 1399 1433 1433 1433 1432 1432 1432 1400 1400 1400 1401 1401 1401 1434 1434 1434 1400 1400 1400 1434 1434 1434 1433 1433 1433 1401 1401 1401 1402 1402 1402 1435 1435 1435 1401 1401 1401 1435 1435 1435 1434 1434 1434 1402 1402 1402 1403 1403 1403 1436 1436 1436 1402 1402 1402 1436 1436 1436 1435 1435 1435 1403 1403 1403 1404 1404 1404 1437 1437 1437 1403 1403 1403 1437 1437 1437 1436 1436 1436 1404 1404 1404 1405 1405 1405 1438 1438 1438 1404 1404 1404 1438 1438 1438 1437 1437 1437 1405 1405 1405 1406 1406 1406 1439 1439 1439 1405 1405 1405 1439 1439 1439 1438 1438 1438 1406 1406 1406 1407 1407 1407 1440 1440 1440 1406 1406 1406 1440 1440 1440 1439 1439 1439 1407 1407 1407 1408 1408 1408 1441 1441 1441 1407 1407 1407 1441 1441 1441 1440 1440 1440 1408 1408 1408 1409 1409 1409 1442 1442 1442 1408 1408 1408 1442 1442 1442 1441 1441 1441 1409 1409 1409 1410 1410 1410 1443 1443 1443 1409 1409 1409 1443 1443 1443 1442 1442 1442 1410 1410 1410 1411 1411 1411 1444 1444 1444 1410 1410 1410 1444 1444 1444 1443 1443 1443 1411 1411 1411 1412 1412 1412 1445 1445 1445 1411 1411 1411 1445 1445 1445 1444 1444 1444 1412 1412 1412 1413 1413 1413 1446 1446 1446 1412 1412 1412 1446 1446 1446 1445 1445 1445 1413 1413 1413 1414 1414 1414 1447 1447 1447 1413 1413 1413 1447 1447 1447 1446 1446 1446 1414 1414 1414 1415 1415 1415 1448 1448 1448 1414 1414 1414 1448 1448 1448 1447 1447 1447 1415 1415 1415 1416 1416 1416 1449 1449 1449 1415 1415 1415 1449 1449 1449 1448 1448 1448 1416 1416 1416 1417 1417 1417 1450 1450 1450 1416 1416 1416 1450 1450 1450 1449 1449 1449 1417 1417 1417 1418 1418 1418 1451 1451 1451 1417 1417 1417 1451 1451 1451 1450 1450 1450 1419 1419 1419 1420 1420 1420 1453 1453 1453 1419 1419 1419 1453 1453 1453 1452 1452 1452 1420 1420 1420 1421 1421 1421 1454 1454 1454 1420 1420 1420 1454 1454 1454 1453 1453 1453 1421 1421 1421 1422 1422 1422 1455 1455 1455 1421 1421 1421 1455 1455 1455 1454 1454 1454 1422 1422 1422 1423 1423 1423 1456 1456 1456 1422 1422 1422 1456 1456 1456 1455 1455 1455 1423 1423 1423 1424 1424 1424 1457 1457 1457 1423 1423 1423 1457 1457 1457 1456 1456 1456 1424 1424 1424 1425 1425 1425 1458 1458 1458 1424 1424 1424 1458 1458 1458 1457 1457 1457 1425 1425 1425 1426 1426 1426 1459 1459 1459 1425 1425 1425 1459 1459 1459 1458 1458 1458 1426 1426 1426 1427 1427 1427 1460 1460 1460 1426 1426 1426 1460 1460 1460 1459 1459 1459 1427 1427 1427 1428 1428 1428 1461 1461 1461 1427 1427 1427 1461 1461 1461 1460 1460 1460 1428 1428 1428 1429 1429 1429 1462 1462 1462 1428 1428 1428 1462 1462 1462 1461 1461 1461 1429 1429 1429 1430 1430 1430 1463 1463 1463 1429 1429 1429 1463 1463 1463 1462 1462 1462 1430 1430 1430 1431 1431 1431 1464 1464 1464 1430 1430 1430 1464 1464 1464 1463 1463 1463 1431 1431 1431 1432 1432 1432 1465 1465 1465 1431 1431 1431 1465 1465 1465 1464 1464 1464 1432 1432 1432 1433 1433 1433 1466 1466 1466 1432 1432 1432 1466 1466 1466 1465 1465 1465 1433 1433 1433 1434 1434 1434 1467 1467 1467 1433 1433 1433 1467 1467 1467 1466 1466 1466 1434 1434 1434 1435 1435 1435 1468 1468 1468 1434 1434 1434 1468 1468 1468 1467 1467 1467 1435 1435 1435 1436 1436 1436 1469 1469 1469 1435 1435 1435 1469 1469 1469 1468 1468 1468 1436 1436 1436 1437 1437 1437 1470 1470 1470 1436 1436 1436 1470 1470 1470 1469 1469 1469 1437 1437 1437 1438 1438 1438 1471 1471 1471 1437 1437 1437 1471 1471 1471 1470 1470 1470 1438 1438 1438 1439 1439 1439 1472 1472 1472 1438 1438 1438 1472 1472 1472 1471 1471 1471 1439 1439 1439 1440 1440 1440 1473 1473 1473 1439 1439 1439 1473 1473 1473 1472 1472 1472 1440 1440 1440 1441 1441 1441 1474 1474 1474 1440 1440 1440 1474 1474 1474 1473 1473 1473 1441 1441 1441 1442 1442 1442 1475 1475 1475 1441 1441 1441 1475 1475 1475 1474 1474 1474 1442 1442 1442 1443 1443 1443 1476 1476 1476 1442 1442 1442 1476 1476 1476 1475 1475 1475 1443 1443 1443 1444 1444 1444 1477 1477 1477 1443 1443 1443 1477 1477 1477 1476 1476 1476 1444 1444 1444 1445 1445 1445 1478 1478 1478 1444 1444 1444 1478 1478 1478 1477 1477 1477 1445 1445 1445 1446 1446 1446 1479 1479 1479 1445 1445 1445 1479 1479 1479 1478 1478 1478 1446 1446 1446 1447 1447 1447 1480 1480 1480 1446 1446 1446 1480 1480 1480 1479 1479 1479 1447 1447 1447 1448 1448 1448 1481 1481 1481 1447 1447 1447 1481 1481 1481 1480 1480 1480 1448 1448 1448 1449 1449 1449 1482 1482 1482 1448 1448 1448 1482 1482 1482 1481 1481 1481 1449 1449 1449 1450 1450 1450 1483 1483 1483 1449 1449 1449 1483 1483 1483 1482 1482 1482 1450 1450 1450 1451 1451 1451 1484 1484 1484 1450 1450 1450 1484 1484 1484 1483 1483 1483 1452 1452 1452 1453 1453 1453 1486 1486 1486 1452 1452 1452 1486 1486 1486 1485 1485 1485 1453 1453 1453 1454 1454 1454 1487 1487 1487 1453 1453 1453 1487 1487 1487 1486 1486 1486 1454 1454 1454 1455 1455 1455 1488 1488 1488 1454 1454 1454 1488 1488 1488 1487 1487 1487 1455 1455 1455 1456 1456 1456 1489 1489 1489 1455 1455 1455 1489 1489 1489 1488 1488 1488 1456 1456 1456 1457 1457 1457 1490 1490 1490 1456 1456 1456 1490 1490 1490 1489 1489 1489 1457 1457 1457 1458 1458 1458 1491 1491 1491 1457 1457 1457 1491 1491 1491 1490 1490 1490 1458 1458 1458 1459 1459 1459 1492 1492 1492 1458 1458 1458 1492 1492 1492 1491 1491 1491 1459 1459 1459 1460 1460 1460 1493 1493 1493 1459 1459 1459 1493 1493 1493 1492 1492 1492 1460 1460 1460 1461 1461 1461 1494 1494 1494 1460 1460 1460 1494 1494 1494 1493 1493 1493 1461 1461 1461 1462 1462 1462 1495 1495 1495 1461 1461 1461 1495 1495 1495 1494 1494 1494 1462 1462 1462 1463 1463 1463 1496 1496 1496 1462 1462 1462 1496 1496 1496 1495 1495 1495 1463 1463 1463 1464 1464 1464 1497 1497 1497 1463 1463 1463 1497 1497 1497 1496 1496 1496 1464 1464 1464 1465 1465 1465 1498 1498 1498 1464 1464 1464 1498 1498 1498 1497 1497 1497 1465 1465 1465 1466 1466 1466 1499 1499 1499 1465 1465 1465 1499 1499 1499 1498 1498 1498 1466 1466 1466 1467 1467 1467 1500 1500 1500 1466 1466 1466 1500 1500 1500 1499 1499 1499 1467 1467 1467 1468 1468 1468 1501 1501 1501 1467 1467 1467 1501 1501 1501 1500 1500 1500 1468 1468 1468 1469 1469 1469 1502 1502 1502 1468 1468 1468 1502 1502 1502 1501 1501 1501 1469 1469 1469 1470 1470 1470 1503 1503 1503 1469 1469 1469 1503 1503 1503 1502 1502 1502 1470 1470 1470 1471 1471 1471 1504 1504 1504 1470 1470 1470 1504 1504 1504 1503 1503 1503 1471 1471 1471 1472 1472 1472 1505 1505 1505 1471 1471 1471 1505 1505 1505 1504 1504 1504 1472 1472 1472 1473 1473 1473 1506 1506 1506 1472 1472 1472 1506 1506 1506 1505 1505 1505 1473 1473 1473 1474 1474 1474 1507 1507 1507 1473 1473 1473 1507 1507 1507 1506 1506 1506 1474 1474 1474 1475 1475 1475 1508 1508 1508 1474 1474 1474 1508 1508 1508 1507 1507 1507 1475 1475 1475 1476 1476 1476 1509 1509 1509 1475 1475 1475 1509 1509 1509 1508 1508 1508 1476 1476 1476 1477 1477 1477 1510 1510 1510 1476 1476 1476 1510 1510 1510 1509 1509 1509 1477 1477 1477 1478 1478 1478 1511 1511 1511 1477 1477 1477 1511 1511 1511 1510 1510 1510 1478 1478 1478 1479 1479 1479 1512 1512 1512 1478 1478 1478 1512 1512 1512 1511 1511 1511 1479 1479 1479 1480 1480 1480 1513 1513 1513 1479 1479 1479 1513 1513 1513 1512 1512 1512 1480 1480 1480 1481 1481 1481 1514 1514 1514 1480 1480 1480 1514 1514 1514 1513 1513 1513 1481 1481 1481 1482 1482 1482 1515 1515 1515 1481 1481 1481 1515 1515 1515 1514 1514 1514 1482 1482 1482 1483 1483 1483 1516 1516 1516 1482 1482 1482 1516 1516 1516 1515 1515 1515 1483 1483 1483 1484 1484 1484 1517 1517 1517 1483 1483 1483 1517 1517 1517 1516 1516 1516 1485 1485 1485 1486 1486 1486 1519 1519 1519 1485 1485 1485 1519 1519 1519 1518 1518 1518 1486 1486 1486 1487 1487 1487 1520 1520 1520 1486 1486 1486 1520 1520 1520 1519 1519 1519 1487 1487 1487 1488 1488 1488 1521 1521 1521 1487 1487 1487 1521 1521 1521 1520 1520 1520 1488 1488 1488 1489 1489 1489 1522 1522 1522 1488 1488 1488 1522 1522 1522 1521 1521 1521 1489 1489 1489 1490 1490 1490 1523 1523 1523 1489 1489 1489 1523 1523 1523 1522 1522 1522 1490 1490 1490 1491 1491 1491 1524 1524 1524 1490 1490 1490 1524 1524 1524 1523 1523 1523 1491 1491 1491 1492 1492 1492 1525 1525 1525 1491 1491 1491 1525 1525 1525 1524 1524 1524 1492 1492 1492 1493 1493 1493 1526 1526 1526 1492 1492 1492 1526 1526 1526 1525 1525 1525 1493 1493 1493 1494 1494 1494 1527 1527 1527 1493 1493 1493 1527 1527 1527 1526 1526 1526 1494 1494 1494 1495 1495 1495 1528 1528 1528 1494 1494 1494 1528 1528 1528 1527 1527 1527 1495 1495 1495 1496 1496 1496 1529 1529 1529 1495 1495 1495 1529 1529 1529 1528 1528 1528 1496 1496 1496 1497 1497 1497 1530 1530 1530 1496 1496 1496 1530 1530 1530 1529 1529 1529 1497 1497 1497 1498 1498 1498 1531 1531 1531 1497 1497 1497 1531 1531 1531 1530 1530 1530 1498 1498 1498 1499 1499 1499 1532 1532 1532 1498 1498 1498 1532 1532 1532 1531 1531 1531 1499 1499 1499 1500 1500 1500 1533 1533 1533 1499 1499 1499 1533 1533 1533 1532 1532 1532 1500 1500 1500 1501 1501 1501 1534 1534 1534 1500 1500 1500 1534 1534 1534 1533 1533 1533 1501 1501 1501 1502 1502 1502 1535 1535 1535 1501 1501 1501 1535 1535 1535 1534 1534 1534 1502 1502 1502 1503 1503 1503 1536 1536 1536 1502 1502 1502 1536 1536 1536 1535 1535 1535 1503 1503 1503 1504 1504 1504 1537 1537 1537 1503 1503 1503 1537 1537 1537 1536 1536 1536 1504 1504 1504 1505 1505 1505 1538 1538 1538 1504 1504 1504 1538 1538 1538 1537 1537 1537 1505 1505 1505 1506 1506 1506 1539 1539 1539 1505 1505 1505 1539 1539 1539 1538 1538 1538 1506 1506 1506 1507 1507 1507 1540 1540 1540 1506 1506 1506 1540 1540 1540 1539 1539 1539 1507 1507 1507 1508 1508 1508 1541 1541 1541 1507 1507 1507 1541 1541 1541 1540 1540 1540 1508 1508 1508 1509 1509 1509 1542 1542 1542 1508 1508 1508 1542 1542 1542 1541 1541 1541 1509 1509 1509 1510 1510 1510 1543 1543 1543 1509 1509 1509 1543 1543 1543 1542 1542 1542 1510 1510 1510 1511 1511 1511 1544 1544 1544 1510 1510 1510 1544 1544 1544 1543 1543 1543 1511 1511 1511 1512 1512 1512 1545 1545 1545 1511 1511 1511 1545 1545 1545 1544 1544 1544 1512 1512 1512 1513 1513 1513 1546 1546 1546 1512 1512 1512 1546 1546 1546 1545 1545 1545 1513 1513 1513 1514 1514 1514 1547 1547 1547 1513 1513 1513 1547 1547 1547 1546 1546 1546 1514 1514 1514 1515 1515 1515 1548 1548 1548 1514 1514 1514 1548 1548 1548 1547 1547 1547 1515 1515 1515 1516 1516 1516 1549 1549 1549 1515 1515 1515 1549 1549 1549 1548 1548 1548 1516 1516 1516 1517 1517 1517 1550 1550 1550 1516 1516 1516 1550 1550 1550 1549 1549 1549 1518 1518 1518 1519 1519 1519 1552 1552 1552 1518 1518 1518 1552 1552 1552 1551 1551 1551 1519 1519 1519 1520 1520 1520 1553 1553 1553 1519 1519 1519 1553 1553 1553 1552 1552 1552 1520 1520 1520 1521 1521 1521 1554 1554 1554 1520 1520 1520 1554 1554 1554 1553 1553 1553 1521 1521 1521 1522 1522 1522 1555 1555 1555 1521 1521 1521 1555 1555 1555 1554 1554 1554 1522 1522 1522 1523 1523 1523 1556 1556 1556 1522 1522 1522 1556 1556 1556 1555 1555 1555 1523 1523 1523 1524 1524 1524 1557 1557 1557 1523 1523 1523 1557 1557 1557 1556 1556 1556 1524 1524 1524 1525 1525 1525 1558 1558 1558 1524 1524 1524 1558 1558 1558 1557 1557 1557 1525 1525 1525 1526 1526 1526 1559 1559 1559 1525 1525 1525 1559 1559 1559 1558 1558 1558 1526 1526 1526 1527 1527 1527 1560 1560 1560 1526 1526 1526 1560 1560 1560 1559 1559 1559 1527 1527 1527 1528 1528 1528 1561 1561 1561 1527 1527 1527 1561 1561 1561 1560 1560 1560 1528 1528 1528 1529 1529 1529 1562 1562 1562 1528 1528 1528 1562 1562 1562 1561 1561 1561 1529 1529 1529 1530 1530 1530 1563 1563 1563 1529 1529 1529 1563 1563 1563 1562 1562 1562 1530 1530 1530 1531 1531 1531 1564 1564 1564 1530 1530 1530 1564 1564 1564 1563 1563 1563 1531 1531 1531 1532 1532 1532 1565 1565 1565 1531 1531 1531 1565 1565 1565 1564 1564 1564 1532 1532 1532 1533 1533 1533 1566 1566 1566 1532 1532 1532 1566 1566 1566 1565 1565 1565 1533 1533 1533 1534 1534 1534 1567 1567 1567 1533 1533 1533 1567 1567 1567 1566 1566 1566 1534 1534 1534 1535 1535 1535 1568 1568 1568 1534 1534 1534 1568 1568 1568 1567 1567 1567 1535 1535 1535 1536 1536 1536 1569 1569 1569 1535 1535 1535 1569 1569 1569 1568 1568 1568 1536 1536 1536 1537 1537 1537 1570 1570 1570 1536 1536 1536 1570 1570 1570 1569 1569 1569 1537 1537 1537 1538 1538 1538 1571 1571 1571 1537 1537 1537 1571 1571 1571 1570 1570 1570 1538 1538 1538 1539 1539 1539 1572 1572 1572 1538 1538 1538 1572 1572 1572 1571 1571 1571 1539 1539 1539 1540 1540 1540 1573 1573 1573 1539 1539 1539 1573 1573 1573 1572 1572 1572 1540 1540 1540 1541 1541 1541 1574 1574 1574 1540 1540 1540 1574 1574 1574 1573 1573 1573 1541 1541 1541 1542 1542 1542 1575 1575 1575 1541 1541 1541 1575 1575 1575 1574 1574 1574 1542 1542 1542 1543 1543 1543 1576 1576 1576 1542 1542 1542 1576 1576 1576 1575 1575 1575 1543 1543 1543 1544 1544 1544 1577 1577 1577 1543 1543 1543 1577 1577 1577 1576 1576 1576 1544 1544 1544 1545 1545 1545 1578 1578 1578 1544 1544 1544 1578 1578 1578 1577 1577 1577 1545 1545 1545 1546 1546 1546 1579 1579 1579 1545 1545 1545 1579 1579 1579 1578 1578 1578 1546 1546 1546 1547 1547 1547 1580 1580 1580 1546 1546 1546 1580 1580 1580 1579 1579 1579 1547 1547 1547 1548 1548 1548 1581 1581 1581 1547 1547 1547 1581 1581 1581 1580 1580 1580 1548 1548 1548 1549 1549 1549 1582 1582 1582 1548 1548 1548 1582 1582 1582 1581 1581 1581 1549 1549 1549 1550 1550 1550 1583 1583 1583 1549 1549 1549 1583 1583 1583 1582 1582 1582 1551 1551 1551 1552 1552 1552 1585 1585 1585 1551 1551 1551 1585 1585 1585 1584 1584 1584 1552 1552 1552 1553 1553 1553 1586 1586 1586 1552 1552 1552 1586 1586 1586 1585 1585 1585 1553 1553 1553 1554 1554 1554 1587 1587 1587 1553 1553 1553 1587 1587 1587 1586 1586 1586 1554 1554 1554 1555 1555 1555 1588 1588 1588 1554 1554 1554 1588 1588 1588 1587 1587 1587 1555 1555 1555 1556 1556 1556 1589 1589 1589 1555 1555 1555 1589 1589 1589 1588 1588 1588 1556 1556 1556 1557 1557 1557 1590 1590 1590 1556 1556 1556 1590 1590 1590 1589 1589 1589 1557 1557 1557 1558 1558 1558 1591 1591 1591 1557 1557 1557 1591 1591 1591 1590 1590 1590 1558 1558 1558 1559 1559 1559 1592 1592 1592 1558 1558 1558 1592 1592 1592 1591 1591 1591 1559 1559 1559 1560 1560 1560 1593 1593 1593 1559 1559 1559 1593 1593 1593 1592 1592 1592 1560 1560 1560 1561 1561 1561 1594 1594 1594 1560 1560 1560 1594 1594 1594 1593 1593 1593 1561 1561 1561 1562 1562 1562 1595 1595 1595 1561 1561 1561 1595 1595 1595 1594 1594 1594 1562 1562 1562 1563 1563 1563 1596 1596 1596 1562 1562 1562 1596 1596 1596 1595 1595 1595 1563 1563 1563 1564 1564 1564 1597 1597 1597 1563 1563 1563 1597 1597 1597 1596 1596 1596 1564 1564 1564 1565 1565 1565 1598 1598 1598 1564 1564 1564 1598 1598 1598 1597 1597 1597 1565 1565 1565 1566 1566 1566 1599 1599 1599 1565 1565 1565 1599 1599 1599 1598 1598 1598 1566 1566 1566 1567 1567 1567 1600 1600 1600 1566 1566 1566 1600 1600 1600 1599 1599 1599 1567 1567 1567 1568 1568 1568 1601 1601 1601 1567 1567 1567 1601 1601 1601 1600 1600 1600 1568 1568 1568 1569 1569 1569 1602 1602 1602 1568 1568 1568 1602 1602 1602 1601 1601 1601 1569 1569 1569 1570 1570 1570 1603 1603 1603 1569 1569 1569 1603 1603 1603 1602 1602 1602 1570 1570 1570 1571 1571 1571 1604 1604 1604 1570 1570 1570 1604 1604 1604 1603 1603 1603 1571 1571 1571 1572 1572 1572 1605 1605 1605 1571 1571 1571 1605 1605 1605 1604 1604 1604 1572 1572 1572 1573 1573 1573 1606 1606 1606 1572 1572 1572 1606 1606 1606 1605 1605 1605 1573 1573 1573 1574 1574 1574 1607 1607 1607 1573 1573 1573 1607 1607 1607 1606 1606 1606 1574 1574 1574 1575 1575 1575 1608 1608 1608 1574 1574 1574 1608 1608 1608 1607 1607 1607 1575 1575 1575 1576 1576 1576 1609 1609 1609 1575 1575 1575 1609 1609 1609 1608 1608 1608 1576 1576 1576 1577 1577 1577 1610 1610 1610 1576 1576 1576 1610 1610 1610 1609 1609 1609 1577 1577 1577 1578 1578 1578 1611 1611 1611 1577 1577 1577 1611 1611 1611 1610 1610 1610 1578 1578 1578 1579 1579 1579 1612 1612 1612 1578 1578 1578 1612 1612 1612 1611 1611 1611 1579 1579 1579 1580 1580 1580 1613 1613 1613 1579 1579 1579 1613 1613 1613 1612 1612 1612 1580 1580 1580 1581 1581 1581 1614 1614 1614 1580 1580 1580 1614 1614 1614 1613 1613 1613 1581 1581 1581 1582 1582 1582 1615 1615 1615 1581 1581 1581 1615 1615 1615 1614 1614 1614 1582 1582 1582 1583 1583 1583 1616 1616 1616 1582 1582 1582 1616 1616 1616 1615 1615 1615 1617 1617 1617 1618 1618 1618 1645 1645 1645 1617 1617 1617 1645 1645 1645 1644 1644 1644 1618 1618 1618 1619 1619 1619 1646 1646 1646 1618 1618 1618 1646 1646 1646 1645 1645 1645 1619 1619 1619 1620 1620 1620 1647 1647 1647 1619 1619 1619 1647 1647 1647 1646 1646 1646 1620 1620 1620 1621 1621 1621 1648 1648 1648 1620 1620 1620 1648 1648 1648 1647 1647 1647 1621 1621 1621 1622 1622 1622 1649 1649 1649 1621 1621 1621 1649 1649 1649 1648 1648 1648 1622 1622 1622 1623 1623 1623 1650 1650 1650 1622 1622 1622 1650 1650 1650 1649 1649 1649 1623 1623 1623 1624 1624 1624 1651 1651 1651 1623 1623 1623 1651 1651 1651 1650 1650 1650 1624 1624 1624 1625 1625 1625 1652 1652 1652 1624 1624 1624 1652 1652 1652 1651 1651 1651 1625 1625 1625 1626 1626 1626 1653 1653 1653 1625 1625 1625 1653 1653 1653 1652 1652 1652 1626 1626 1626 1627 1627 1627 1654 1654 1654 1626 1626 1626 1654 1654 1654 1653 1653 1653 1627 1627 1627 1628 1628 1628 1655 1655 1655 1627 1627 1627 1655 1655 1655 1654 1654 1654 1628 1628 1628 1629 1629 1629 1656 1656 1656 1628 1628 1628 1656 1656 1656 1655 1655 1655 1629 1629 1629 1630 1630 1630 1657 1657 1657 1629 1629 1629 1657 1657 1657 1656 1656 1656 1630 1630 1630 1631 1631 1631 1658 1658 1658 1630 1630 1630 1658 1658 1658 1657 1657 1657 1631 1631 1631 1632 1632 1632 1659 1659 1659 1631 1631 1631 1659 1659 1659 1658 1658 1658 1632 1632 1632 1633 1633 1633 1660 1660 1660 1632 1632 1632 1660 1660 1660 1659 1659 1659 1633 1633 1633 1634 1634 1634 1661 1661 1661 1633 1633 1633 1661 1661 1661 1660 1660 1660 1634 1634 1634 1635 1635 1635 1662 1662 1662 1634 1634 1634 1662 1662 1662 1661 1661 1661 1635 1635 1635 1636 1636 1636 1663 1663 1663 1635 1635 1635 1663 1663 1663 1662 1662 1662 1636 1636 1636 1637 1637 1637 1664 1664 1664 1636 1636 1636 1664 1664 1664 1663 1663 1663 1637 1637 1637 1638 1638 1638 1665 1665 1665 1637 1637 1637 1665 1665 1665 1664 1664 1664 1638 1638 1638 1639 1639 1639 1666 1666 1666 1638 1638 1638 1666 1666 1666 1665 1665 1665 1639 1639 1639 1640 1640 1640 1667 1667 1667 1639 1639 1639 1667 1667 1667 1666 1666 1666 1640 1640 1640 1641 1641 1641 1668 1668 1668 1640 1640 1640 1668 1668 1668 1667 1667 1667 1641 1641 1641 1642 1642 1642 1669 1669 1669 1641 1641 1641 1669 1669 1669 1668 1668 1668 1642 1642 1642 1643 1643 1643 1670 1670 1670 1642 1642 1642 1670 1670 1670 1669 1669 1669 1644 1644 1644 1645 1645 1645 1672 1672 1672 1644 1644 1644 1672 1672 1672 1671 1671 1671 1645 1645 1645 1646 1646 1646 1673 1673 1673 1645 1645 1645 1673 1673 1673 1672 1672 1672 1646 1646 1646 1647 1647 1647 1674 1674 1674 1646 1646 1646 1674 1674 1674 1673 1673 1673 1647 1647 1647 1648 1648 1648 1675 1675 1675 1647 1647 1647 1675 1675 1675 1674 1674 1674 1648 1648 1648 1649 1649 1649 1676 1676 1676 1648 1648 1648 1676 1676 1676 1675 1675 1675 1649 1649 1649 1650 1650 1650 1677 1677 1677 1649 1649 1649 1677 1677 1677 1676 1676 1676 1650 1650 1650 1651 1651 1651 1678 1678 1678 1650 1650 1650 1678 1678 1678 1677 1677 1677 1651 1651 1651 1652 1652 1652 1679 1679 1679 1651 1651 1651 1679 1679 1679 1678 1678 1678 1652 1652 1652 1653 1653 1653 1680 1680 1680 1652 1652 1652 1680 1680 1680 1679 1679 1679 1653 1653 1653 1654 1654 1654 1681 1681 1681 1653 1653 1653 1681 1681 1681 1680 1680 1680 1654 1654 1654 1655 1655 1655 1682 1682 1682 1654 1654 1654 1682 1682 1682 1681 1681 1681 1655 1655 1655 1656 1656 1656 1683 1683 1683 1655 1655 1655 1683 1683 1683 1682 1682 1682 1656 1656 1656 1657 1657 1657 1684 1684 1684 1656 1656 1656 1684 1684 1684 1683 1683 1683 1657 1657 1657 1658 1658 1658 1685 1685 1685 1657 1657 1657 1685 1685 1685 1684 1684 1684 1658 1658 1658 1659 1659 1659 1686 1686 1686 1658 1658 1658 1686 1686 1686 1685 1685 1685 1659 1659 1659 1660 1660 1660 1687 1687 1687 1659 1659 1659 1687 1687 1687 1686 1686 1686 1660 1660 1660 1661 1661 1661 1688 1688 1688 1660 1660 1660 1688 1688 1688 1687 1687 1687 1661 1661 1661 1662 1662 1662 1689 1689 1689 1661 1661 1661 1689 1689 1689 1688 1688 1688 1662 1662 1662 1663 1663 1663 1690 1690 1690 1662 1662 1662 1690 1690 1690 1689 1689 1689 1663 1663 1663 1664 1664 1664 1691 1691 1691 1663 1663 1663 1691 1691 1691 1690 1690 1690 1664 1664 1664 1665 1665 1665 1692 1692 1692 1664 1664 1664 1692 1692 1692 1691 1691 1691 1665 1665 1665 1666 1666 1666 1693 1693 1693 1665 1665 1665 1693 1693 1693 1692 1692 1692 1666 1666 1666 1667 1667 1667 1694 1694 1694 1666 1666 1666 1694 1694 1694 1693 1693 1693 1667 1667 1667 1668 1668 1668 1695 1695 1695 1667 1667 1667 1695 1695 1695 1694 1694 1694 1668 1668 1668 1669 1669 1669 1696 1696 1696 1668 1668 1668 1696 1696 1696 1695 1695 1695 1669 1669 1669 1670 1670 1670 1697 1697 1697 1669 1669 1669 1697 1697 1697 1696 1696 1696 1671 1671 1671 1672 1672 1672 1699 1699 1699 1671 1671 1671 1699 1699 1699 1698 1698 1698 1672 1672 1672 1673 1673 1673 1700 1700 1700 1672 1672 1672 1700 1700 1700 1699 1699 1699 1673 1673 1673 1674 1674 1674 1701 1701 1701 1673 1673 1673 1701 1701 1701 1700 1700 1700 1674 1674 1674 1675 1675 1675 1702 1702 1702 1674 1674 1674 1702 1702 1702 1701 1701 1701 1675 1675 1675 1676 1676 1676 1703 1703 1703 1675 1675 1675 1703 1703 1703 1702 1702 1702 1676 1676 1676 1677 1677 1677 1704 1704 1704 1676 1676 1676 1704 1704 1704 1703 1703 1703 1677 1677 1677 1678 1678 1678 1705 1705 1705 1677 1677 1677 1705 1705 1705 1704 1704 1704 1678 1678 1678 1679 1679 1679 1706 1706 1706 1678 1678 1678 1706 1706 1706 1705 1705 1705 1679 1679 1679 1680 1680 1680 1707 1707 1707 1679 1679 1679 1707 1707 1707 1706 1706 1706 1680 1680 1680 1681 1681 1681 1708 1708 1708 1680 1680 1680 1708 1708 1708 1707 1707 1707 1681 1681 1681 1682 1682 1682 1709 1709 1709 1681 1681 1681 1709 1709 1709 1708 1708 1708 1682 1682 1682 1683 1683 1683 1710 1710 1710 1682 1682 1682 1710 1710 1710 1709 1709 1709 1683 1683 1683 1684 1684 1684 1711 1711 1711 1683 1683 1683 1711 1711 1711 1710 1710 1710 1684 1684 1684 1685 1685 1685 1712 1712 1712 1684 1684 1684 1712 1712 1712 1711 1711 1711 1685 1685 1685 1686 1686 1686 1713 1713 1713 1685 1685 1685 1713 1713 1713 1712 1712 1712 1686 1686 1686 1687 1687 1687 1714 1714 1714 1686 1686 1686 1714 1714 1714 1713 1713 1713 1687 1687 1687 1688 1688 1688 1715 1715 1715 1687 1687 1687 1715 1715 1715 1714 1714 1714 1688 1688 1688 1689 1689 1689 1716 1716 1716 1688 1688 1688 1716 1716 1716 1715 1715 1715 1689 1689 1689 1690 1690 1690 1717 1717 1717 1689 1689 1689 1717 1717 1717 1716 1716 1716 1690 1690 1690 1691 1691 1691 1718 1718 1718 1690 1690 1690 1718 1718 1718 1717 1717 1717 1691 1691 1691 1692 1692 1692 1719 1719 1719 1691 1691 1691 1719 1719 1719 1718 1718 1718 1692 1692 1692 1693 1693 1693 1720 1720 1720 1692 1692 1692 1720 1720 1720 1719 1719 1719 1693 1693 1693 1694 1694 1694 1721 1721 1721 1693 1693 1693 1721 1721 1721 1720 1720 1720 1694 1694 1694 1695 1695 1695 1722 1722 1722 1694 1694 1694 1722 1722 1722 1721 1721 1721 1695 1695 1695 1696 1696 1696 1723 1723 1723 1695 1695 1695 1723 1723 1723 1722 1722 1722 1696 1696 1696 1697 1697 1697 1724 1724 1724 1696 1696 1696 1724 1724 1724 1723 1723 1723 1698 1698 1698 1699 1699 1699 1726 1726 1726 1698 1698 1698 1726 1726 1726 1725 1725 1725 1699 1699 1699 1700 1700 1700 1727 1727 1727 1699 1699 1699 1727 1727 1727 1726 1726 1726 1700 1700 1700 1701 1701 1701 1728 1728 1728 1700 1700 1700 1728 1728 1728 1727 1727 1727 1701 1701 1701 1702 1702 1702 1729 1729 1729 1701 1701 1701 1729 1729 1729 1728 1728 1728 1702 1702 1702 1703 1703 1703 1730 1730 1730 1702 1702 1702 1730 1730 1730 1729 1729 1729 1703 1703 1703 1704 1704 1704 1731 1731 1731 1703 1703 1703 1731 1731 1731 1730 1730 1730 1704 1704 1704 1705 1705 1705 1732 1732 1732 1704 1704 1704 1732 1732 1732 1731 1731 1731 1705 1705 1705 1706 1706 1706 1733 1733 1733 1705 1705 1705 1733 1733 1733 1732 1732 1732 1706 1706 1706 1707 1707 1707 1734 1734 1734 1706 1706 1706 1734 1734 1734 1733 1733 1733 1707 1707 1707 1708 1708 1708 1735 1735 1735 1707 1707 1707 1735 1735 1735 1734 1734 1734 1708 1708 1708 1709 1709 1709 1736 1736 1736 1708 1708 1708 1736 1736 1736 1735 1735 1735 1709 1709 1709 1710 1710 1710 1737 1737 1737 1709 1709 1709 1737 1737 1737 1736 1736 1736 1710 1710 1710 1711 1711 1711 1738 1738 1738 1710 1710 1710 1738 1738 1738 1737 1737 1737 1711 1711 1711 1712 1712 1712 1739 1739 1739 1711 1711 1711 1739 1739 1739 1738 1738 1738 1712 1712 1712 1713 1713 1713 1740 1740 1740 1712 1712 1712 1740 1740 1740 1739 1739 1739 1713 1713 1713 1714 1714 1714 1741 1741 1741 1713 1713 1713 1741 1741 1741 1740 1740 1740 1714 1714 1714 1715 1715 1715 1742 1742 1742 1714 1714 1714 1742 1742 1742 1741 1741 1741 1715 1715 1715 1716 1716 1716 1743 1743 1743 1715 1715 1715 1743 1743 1743 1742 1742 1742 1716 1716 1716 1717 1717 1717 1744 1744 1744 1716 1716 1716 1744 1744 1744 1743 1743 1743 1717 1717 1717 1718 1718 1718 1745 1745 1745 1717 1717 1717 1745 1745 1745 1744 1744 1744 1718 1718 1718 1719 1719 1719 1746 1746 1746 1718 1718 1718 1746 1746 1746 1745 1745 1745 1719 1719 1719 1720 1720 1720 1747 1747 1747 1719 1719 1719 1747 1747 1747 1746 1746 1746 1720 1720 1720 1721 1721 1721 1748 1748 1748 1720 1720 1720 1748 1748 1748 1747 1747 1747 1721 1721 1721 1722 1722 1722 1749 1749 1749 1721 1721 1721 1749 1749 1749 1748 1748 1748 1722 1722 1722 1723 1723 1723 1750 1750 1750 1722 1722 1722 1750 1750 1750 1749 1749 1749 1723 1723 1723 1724 1724 1724 1751 1751 1751 1723 1723 1723 1751 1751 1751 1750 1750 1750 1725 1725 1725 1726 1726 1726 1753 1753 1753 1725 1725 1725 1753 1753 1753 1752 1752 1752 1726 1726 1726 1727 1727 1727 1754 1754 1754 1726 1726 1726 1754 1754 1754 1753 1753 1753 1727 1727 1727 1728 1728 1728 1755 1755 1755 1727 1727 1727 1755 1755 1755 1754 1754 1754 1728 1728 1728 1729 1729 1729 1756 1756 1756 1728 1728 1728 1756 1756 1756 1755 1755 1755 1729 1729 1729 1730 1730 1730 1757 1757 1757 1729 1729 1729 1757 1757 1757 1756 1756 1756 1730 1730 1730 1731 1731 1731 1758 1758 1758 1730 1730 1730 1758 1758 1758 1757 1757 1757 1731 1731 1731 1732 1732 1732 1759 1759 1759 1731 1731 1731 1759 1759 1759 1758 1758 1758 1732 1732 1732 1733 1733 1733 1760 1760 1760 1732 1732 1732 1760 1760 1760 1759 1759 1759 1733 1733 1733 1734 1734 1734 1761 1761 1761 1733 1733 1733 1761 1761 1761 1760 1760 1760 1734 1734 1734 1735 1735 1735 1762 1762 1762 1734 1734 1734 1762 1762 1762 1761 1761 1761 1735 1735 1735 1736 1736 1736 1763 1763 1763 1735 1735 1735 1763 1763 1763 1762 1762 1762 1736 1736 1736 1737 1737 1737 1764 1764 1764 1736 1736 1736 1764 1764 1764 1763 1763 1763 1737 1737 1737 1738 1738 1738 1765 1765 1765 1737 1737 1737 1765 1765 1765 1764 1764 1764 1738 1738 1738 1739 1739 1739 1766 1766 1766 1738 1738 1738 1766 1766 1766 1765 1765 1765 1739 1739 1739 1740 1740 1740 1767 1767 1767 1739 1739 1739 1767 1767 1767 1766 1766 1766 1740 1740 1740 1741 1741 1741 1768 1768 1768 1740 1740 1740 1768 1768 1768 1767 1767 1767 1741 1741 1741 1742 1742 1742 1769 1769 1769 1741 1741 1741 1769 1769 1769 1768 1768 1768 1742 1742 1742 1743 1743 1743 1770 1770 1770 1742 1742 1742 1770 1770 1770 1769 1769 1769 1743 1743 1743 1744 1744 1744 1771 1771 1771 1743 1743 1743 1771 1771 1771 1770 1770 1770 1744 1744 1744 1745 1745 1745 1772 1772 1772 1744 1744 1744 1772 1772 1772 1771 1771 1771 1745 1745 1745 1746 1746 1746 1773 1773 1773 1745 1745 1745 1773 1773 1773 1772 1772 1772 1746 1746 1746 1747 1747 1747 1774 1774 1774 1746 1746 1746 1774 1774 1774 1773 1773 1773 1747 1747 1747 1748 1748 1748 1775 1775 1775 1747 1747 1747 1775 1775 1775 1774 1774 1774 1748 1748 1748 1749 1749 1749 1776 1776 1776 1748 1748 1748 1776 1776 1776 1775 1775 1775 1749 1749 1749 1750 1750 1750 1777 1777 1777 1749 1749 1749 1777 1777 1777 1776 1776 1776 1750 1750 1750 1751 1751 1751 1778 1778 1778 1750 1750 1750 1778 1778 1778 1777 1777 1777 1752 1752 1752 1753 1753 1753 1780 1780 1780 1752 1752 1752 1780 1780 1780 1779 1779 1779 1753 1753 1753 1754 1754 1754 1781 1781 1781 1753 1753 1753 1781 1781 1781 1780 1780 1780 1754 1754 1754 1755 1755 1755 1782 1782 1782 1754 1754 1754 1782 1782 1782 1781 1781 1781 1755 1755 1755 1756 1756 1756 1783 1783 1783 1755 1755 1755 1783 1783 1783 1782 1782 1782 1756 1756 1756 1757 1757 1757 1784 1784 1784 1756 1756 1756 1784 1784 1784 1783 1783 1783 1757 1757 1757 1758 1758 1758 1785 1785 1785 1757 1757 1757 1785 1785 1785 1784 1784 1784 1758 1758 1758 1759 1759 1759 1786 1786 1786 1758 1758 1758 1786 1786 1786 1785 1785 1785 1759 1759 1759 1760 1760 1760 1787 1787 1787 1759 1759 1759 1787 1787 1787 1786 1786 1786 1760 1760 1760 1761 1761 1761 1788 1788 1788 1760 1760 1760 1788 1788 1788 1787 1787 1787 1761 1761 1761 1762 1762 1762 1789 1789 1789 1761 1761 1761 1789 1789 1789 1788 1788 1788 1762 1762 1762 1763 1763 1763 1790 1790 1790 1762 1762 1762 1790 1790 1790 1789 1789 1789 1763 1763 1763 1764 1764 1764 1791 1791 1791 1763 1763 1763 1791 1791 1791 1790 1790 1790 1764 1764 1764 1765 1765 1765 1792 1792 1792 1764 1764 1764 1792 1792 1792 1791 1791 1791 1765 1765 1765 1766 1766 1766 1793 1793 1793 1765 1765 1765 1793 1793 1793 1792 1792 1792 1766 1766 1766 1767 1767 1767 1794 1794 1794 1766 1766 1766 1794 1794 1794 1793 1793 1793 1767 1767 1767 1768 1768 1768 1795 1795 1795 1767 1767 1767 1795 1795 1795 1794 1794 1794 1768 1768 1768 1769 1769 1769 1796 1796 1796 1768 1768 1768 1796 1796 1796 1795 1795 1795 1769 1769 1769 1770 1770 1770 1797 1797 1797 1769 1769 1769 1797 1797 1797 1796 1796 1796 1770 1770 1770 1771 1771 1771 1798 1798 1798 1770 1770 1770 1798 1798 1798 1797 1797 1797 1771 1771 1771 1772 1772 1772 1799 1799 1799 1771 1771 1771 1799 1799 1799 1798 1798 1798 1772 1772 1772 1773 1773 1773 1800 1800 1800 1772 1772 1772 1800 1800 1800 1799 1799 1799 1773 1773 1773 1774 1774 1774 1801 1801 1801 1773 1773 1773 1801 1801 1801 1800 1800 1800 1774 1774 1774 1775 1775 1775 1802 1802 1802 1774 1774 1774 1802 1802 1802 1801 1801 1801 1775 1775 1775 1776 1776 1776 1803 1803 1803 1775 1775 1775 1803 1803 1803 1802 1802 1802 1776 1776 1776 1777 1777 1777 1804 1804 1804 1776 1776 1776 1804 1804 1804 1803 1803 1803 1777 1777 1777 1778 1778 1778 1805 1805 1805 1777 1777 1777 1805 1805 1805 1804 1804 1804 1779 1779 1779 1780 1780 1780 1807 1807 1807 1779 1779 1779 1807 1807 1807 1806 1806 1806 1780 1780 1780 1781 1781 1781 1808 1808 1808 1780 1780 1780 1808 1808 1808 1807 1807 1807 1781 1781 1781 1782 1782 1782 1809 1809 1809 1781 1781 1781 1809 1809 1809 1808 1808 1808 1782 1782 1782 1783 1783 1783 1810 1810 1810 1782 1782 1782 1810 1810 1810 1809 1809 1809 1783 1783 1783 1784 1784 1784 1811 1811 1811 1783 1783 1783 1811 1811 1811 1810 1810 1810 1784 1784 1784 1785 1785 1785 1812 1812 1812 1784 1784 1784 1812 1812 1812 1811 1811 1811 1785 1785 1785 1786 1786 1786 1813 1813 1813 1785 1785 1785 1813 1813 1813 1812 1812 1812 1786 1786 1786 1787 1787 1787 1814 1814 1814 1786 1786 1786 1814 1814 1814 1813 1813 1813 1787 1787 1787 1788 1788 1788 1815 1815 1815 1787 1787 1787 1815 1815 1815 1814 1814 1814 1788 1788 1788 1789 1789 1789 1816 1816 1816 1788 1788 1788 1816 1816 1816 1815 1815 1815 1789 1789 1789 1790 1790 1790 1817 1817 1817 1789 1789 1789 1817 1817 1817 1816 1816 1816 1790 1790 1790 1791 1791 1791 1818 1818 1818 1790 1790 1790 1818 1818 1818 1817 1817 1817 1791 1791 1791 1792 1792 1792 1819 1819 1819 1791 1791 1791 1819 1819 1819 1818 1818 1818 1792 1792 1792 1793 1793 1793 1820 1820 1820 1792 1792 1792 1820 1820 1820 1819 1819 1819 1793 1793 1793 1794 1794 1794 1821 1821 1821 1793 1793 1793 1821 1821 1821 1820 1820 1820 1794 1794 1794 1795 1795 1795 1822 1822 1822 1794 1794 1794 1822 1822 1822 1821 1821 1821 1795 1795 1795 1796 1796 1796 1823 1823 1823 1795 1795 1795 1823 1823 1823 1822 1822 1822 1796 1796 1796 1797 1797 1797 1824 1824 1824 1796 1796 1796 1824 1824 1824 1823 1823 1823 1797 1797 1797 1798 1798 1798 1825 1825 1825 1797 1797 1797 1825 1825 1825 1824 1824 1824 1798 1798 1798 1799 1799 1799 1826 1826 1826 1798 1798 1798 1826 1826 1826 1825 1825 1825 1799 1799 1799 1800 1800 1800 1827 1827 1827 1799 1799 1799 1827 1827 1827 1826 1826 1826 1800 1800 1800 1801 1801 1801 1828 1828 1828 1800 1800 1800 1828 1828 1828 1827 1827 1827 1801 1801 1801 1802 1802 1802 1829 1829 1829 1801 1801 1801 1829 1829 1829 1828 1828 1828 1802 1802 1802 1803 1803 1803 1830 1830 1830 1802 1802 1802 1830 1830 1830 1829 1829 1829 1803 1803 1803 1804 1804 1804 1831 1831 1831 1803 1803 1803 1831 1831 1831 1830 1830 1830 1804 1804 1804 1805 1805 1805 1832 1832 1832 1804 1804 1804 1832 1832 1832 1831 1831 1831 1806 1806 1806 1807 1807 1807 1834 1834 1834 1806 1806 1806 1834 1834 1834 1833 1833 1833 1807 1807 1807 1808 1808 1808 1835 1835 1835 1807 1807 1807 1835 1835 1835 1834 1834 1834 1808 1808 1808 1809 1809 1809 1836 1836 1836 1808 1808 1808 1836 1836 1836 1835 1835 1835 1809 1809 1809 1810 1810 1810 1837 1837 1837 1809 1809 1809 1837 1837 1837 1836 1836 1836 1810 1810 1810 1811 1811 1811 1838 1838 1838 1810 1810 1810 1838 1838 1838 1837 1837 1837 1811 1811 1811 1812 1812 1812 1839 1839 1839 1811 1811 1811 1839 1839 1839 1838 1838 1838 1812 1812 1812 1813 1813 1813 1840 1840 1840 1812 1812 1812 1840 1840 1840 1839 1839 1839 1813 1813 1813 1814 1814 1814 1841 1841 1841 1813 1813 1813 1841 1841 1841 1840 1840 1840 1814 1814 1814 1815 1815 1815 1842 1842 1842 1814 1814 1814 1842 1842 1842 1841 1841 1841 1815 1815 1815 1816 1816 1816 1843 1843 1843 1815 1815 1815 1843 1843 1843 1842 1842 1842 1816 1816 1816 1817 1817 1817 1844 1844 1844 1816 1816 1816 1844 1844 1844 1843 1843 1843 1817 1817 1817 1818 1818 1818 1845 1845 1845 1817 1817 1817 1845 1845 1845 1844 1844 1844 1818 1818 1818 1819 1819 1819 1846 1846 1846 1818 1818 1818 1846 1846 1846 1845 1845 1845 1819 1819 1819 1820 1820 1820 1847 1847 1847 1819 1819 1819 1847 1847 1847 1846 1846 1846 1820 1820 1820 1821 1821 1821 1848 1848 1848 1820 1820 1820 1848 1848 1848 1847 1847 1847 1821 1821 1821 1822 1822 1822 1849 1849 1849 1821 1821 1821 1849 1849 1849 1848 1848 1848 1822 1822 1822 1823 1823 1823 1850 1850 1850 1822 1822 1822 1850 1850 1850 1849 1849 1849 1823 1823 1823 1824 1824 1824 1851 1851 1851 1823 1823 1823 1851 1851 1851 1850 1850 1850 1824 1824 1824 1825 1825 1825 1852 1852 1852 1824 1824 1824 1852 1852 1852 1851 1851 1851 1825 1825 1825 1826 1826 1826 1853 1853 1853 1825 1825 1825 1853 1853 1853 1852 1852 1852 1826 1826 1826 1827 1827 1827 1854 1854 1854 1826 1826 1826 1854 1854 1854 1853 1853 1853 1827 1827 1827 1828 1828 1828 1855 1855 1855 1827 1827 1827 1855 1855 1855 1854 1854 1854 1828 1828 1828 1829 1829 1829 1856 1856 1856 1828 1828 1828 1856 1856 1856 1855 1855 1855 1829 1829 1829 1830 1830 1830 1857 1857 1857 1829 1829 1829 1857 1857 1857 1856 1856 1856 1830 1830 1830 1831 1831 1831 1858 1858 1858 1830 1830 1830 1858 1858 1858 1857 1857 1857 1831 1831 1831 1832 1832 1832 1859 1859 1859 1831 1831 1831 1859 1859 1859 1858 1858 1858 1833 1833 1833 1834 1834 1834 1861 1861 1861 1833 1833 1833 1861 1861 1861 1860 1860 1860 1834 1834 1834 1835 1835 1835 1862 1862 1862 1834 1834 1834 1862 1862 1862 1861 1861 1861 1835 1835 1835 1836 1836 1836 1863 1863 1863 1835 1835 1835 1863 1863 1863 1862 1862 1862 1836 1836 1836 1837 1837 1837 1864 1864 1864 1836 1836 1836 1864 1864 1864 1863 1863 1863 1837 1837 1837 1838 1838 1838 1865 1865 1865 1837 1837 1837 1865 1865 1865 1864 1864 1864 1838 1838 1838 1839 1839 1839 1866 1866 1866 1838 1838 1838 1866 1866 1866 1865 1865 1865 1839 1839 1839 1840 1840 1840 1867 1867 1867 1839 1839 1839 1867 1867 1867 1866 1866 1866 1840 1840 1840 1841 1841 1841 1868 1868 1868 1840 1840 1840 1868 1868 1868 1867 1867 1867 1841 1841 1841 1842 1842 1842 1869 1869 1869 1841 1841 1841 1869 1869 1869 1868 1868 1868 1842 1842 1842 1843 1843 1843 1870 1870 1870 1842 1842 1842 1870 1870 1870 1869 1869 1869 1843 1843 1843 1844 1844 1844 1871 1871 1871 1843 1843 1843 1871 1871 1871 1870 1870 1870 1844 1844 1844 1845 1845 1845 1872 1872 1872 1844 1844 1844 1872 1872 1872 1871 1871 1871 1845 1845 1845 1846 1846 1846 1873 1873 1873 1845 1845 1845 1873 1873 1873 1872 1872 1872 1846 1846 1846 1847 1847 1847 1874 1874 1874 1846 1846 1846 1874 1874 1874 1873 1873 1873 1847 1847 1847 1848 1848 1848 1875 1875 1875 1847 1847 1847 1875 1875 1875 1874 1874 1874 1848 1848 1848 1849 1849 1849 1876 1876 1876 1848 1848 1848 1876 1876 1876 1875 1875 1875 1849 1849 1849 1850 1850 1850 1877 1877 1877 1849 1849 1849 1877 1877 1877 1876 1876 1876 1850 1850 1850 1851 1851 1851 1878 1878 1878 1850 1850 1850 1878 1878 1878 1877 1877 1877 1851 1851 1851 1852 1852 1852 1879 1879 1879 1851 1851 1851 1879 1879 1879 1878 1878 1878 1852 1852 1852 1853 1853 1853 1880 1880 1880 1852 1852 1852 1880 1880 1880 1879 1879 1879 1853 1853 1853 1854 1854 1854 1881 1881 1881 1853 1853 1853 1881 1881 1881 1880 1880 1880 1854 1854 1854 1855 1855 1855 1882 1882 1882 1854 1854 1854 1882 1882 1882 1881 1881 1881 1855 1855 1855 1856 1856 1856 1883 1883 1883 1855 1855 1855 1883 1883 1883 1882 1882 1882 1856 1856 1856 1857 1857 1857 1884 1884 1884 1856 1856 1856 1884 1884 1884 1883 1883 1883 1857 1857 1857 1858 1858 1858 1885 1885 1885 1857 1857 1857 1885 1885 1885 1884 1884 1884 1858 1858 1858 1859 1859 1859 1886 1886 1886 1858 1858 1858 1886 1886 1886 1885 1885 1885 1860 1860 1860 1861 1861 1861 1888 1888 1888 1860 1860 1860 1888 1888 1888 1887 1887 1887 1861 1861 1861 1862 1862 1862 1889 1889 1889 1861 1861 1861 1889 1889 1889 1888 1888 1888 1862 1862 1862 1863 1863 1863 1890 1890 1890 1862 1862 1862 1890 1890 1890 1889 1889 1889 1863 1863 1863 1864 1864 1864 1891 1891 1891 1863 1863 1863 1891 1891 1891 1890 1890 1890 1864 1864 1864 1865 1865 1865 1892 1892 1892 1864 1864 1864 1892 1892 1892 1891 1891 1891 1865 1865 1865 1866 1866 1866 1893 1893 1893 1865 1865 1865 1893 1893 1893 1892 1892 1892 1866 1866 1866 1867 1867 1867 1894 1894 1894 1866 1866 1866 1894 1894 1894 1893 1893 1893 1867 1867 1867 1868 1868 1868 1895 1895 1895 1867 1867 1867 1895 1895 1895 1894 1894 1894 1868 1868 1868 1869 1869 1869 1896 1896 1896 1868 1868 1868 1896 1896 1896 1895 1895 1895 1869 1869 1869 1870 1870 1870 1897 1897 1897 1869 1869 1869 1897 1897 1897 1896 1896 1896 1870 1870 1870 1871 1871 1871 1898 1898 1898 1870 1870 1870 1898 1898 1898 1897 1897 1897 1871 1871 1871 1872 1872 1872 1899 1899 1899 1871 1871 1871 1899 1899 1899 1898 1898 1898 1872 1872 1872 1873 1873 1873 1900 1900 1900 1872 1872 1872 1900 1900 1900 1899 1899 1899 1873 1873 1873 1874 1874 1874 1901 1901 1901 1873 1873 1873 1901 1901 1901 1900 1900 1900 1874 1874 1874 1875 1875 1875 1902 1902 1902 1874 1874 1874 1902 1902 1902 1901 1901 1901 1875 1875 1875 1876 1876 1876 1903 1903 1903 1875 1875 1875 1903 1903 1903 1902 1902 1902 1876 1876 1876 1877 1877 1877 1904 1904 1904 1876 1876 1876 1904 1904 1904 1903 1903 1903 1877 1877 1877 1878 1878 1878 1905 1905 1905 1877 1877 1877 1905 1905 1905 1904 1904 1904 1878 1878 1878 1879 1879 1879 1906 1906 1906 1878 1878 1878 1906 1906 1906 1905 1905 1905 1879 1879 1879 1880 1880 1880 1907 1907 1907 1879 1879 1879 1907 1907 1907 1906 1906 1906 1880 1880 1880 1881 1881 1881 1908 1908 1908 1880 1880 1880 1908 1908 1908 1907 1907 1907 1881 1881 1881 1882 1882 1882 1909 1909 1909 1881 1881 1881 1909 1909 1909 1908 1908 1908 1882 1882 1882 1883 1883 1883 1910 1910 1910 1882 1882 1882 1910 1910 1910 1909 1909 1909 1883 1883 1883 1884 1884 1884 1911 1911 1911 1883 1883 1883 1911 1911 1911 1910 1910 1910 1884 1884 1884 1885 1885 1885 1912 1912 1912 1884 1884 1884 1912 1912 1912 1911 1911 1911 1885 1885 1885 1886 1886 1886 1913 1913 1913 1885 1885 1885 1913 1913 1913 1912 1912 1912 1887 1887 1887 1888 1888 1888 1915 1915 1915 1887 1887 1887 1915 1915 1915 1914 1914 1914 1888 1888 1888 1889 1889 1889 1916 1916 1916 1888 1888 1888 1916 1916 1916 1915 1915 1915 1889 1889 1889 1890 1890 1890 1917 1917 1917 1889 1889 1889 1917 1917 1917 1916 1916 1916 1890 1890 1890 1891 1891 1891 1918 1918 1918 1890 1890 1890 1918 1918 1918 1917 1917 1917 1891 1891 1891 1892 1892 1892 1919 1919 1919 1891 1891 1891 1919 1919 1919 1918 1918 1918 1892 1892 1892 1893 1893 1893 1920 1920 1920 1892 1892 1892 1920 1920 1920 1919 1919 1919 1893 1893 1893 1894 1894 1894 1921 1921 1921 1893 1893 1893 1921 1921 1921 1920 1920 1920 1894 1894 1894 1895 1895 1895 1922 1922 1922 1894 1894 1894 1922 1922 1922 1921 1921 1921 1895 1895 1895 1896 1896 1896 1923 1923 1923 1895 1895 1895 1923 1923 1923 1922 1922 1922 1896 1896 1896 1897 1897 1897 1924 1924 1924 1896 1896 1896 1924 1924 1924 1923 1923 1923 1897 1897 1897 1898 1898 1898 1925 1925 1925 1897 1897 1897 1925 1925 1925 1924 1924 1924 1898 1898 1898 1899 1899 1899 1926 1926 1926 1898 1898 1898 1926 1926 1926 1925 1925 1925 1899 1899 1899 1900 1900 1900 1927 1927 1927 1899 1899 1899 1927 1927 1927 1926 1926 1926 1900 1900 1900 1901 1901 1901 1928 1928 1928 1900 1900 1900 1928 1928 1928 1927 1927 1927 1901 1901 1901 1902 1902 1902 1929 1929 1929 1901 1901 1901 1929 1929 1929 1928 1928 1928 1902 1902 1902 1903 1903 1903 1930 1930 1930 1902 1902 1902 1930 1930 1930 1929 1929 1929 1903 1903 1903 1904 1904 1904 1931 1931 1931 1903 1903 1903 1931 1931 1931 1930 1930 1930 1904 1904 1904 1905 1905 1905 1932 1932 1932 1904 1904 1904 1932 1932 1932 1931 1931 1931 1905 1905 1905 1906 1906 1906 1933 1933 1933 1905 1905 1905 1933 1933 1933 1932 1932 1932 1906 1906 1906 1907 1907 1907 1934 1934 1934 1906 1906 1906 1934 1934 1934 1933 1933 1933 1907 1907 1907 1908 1908 1908 1935 1935 1935 1907 1907 1907 1935 1935 1935 1934 1934 1934 1908 1908 1908 1909 1909 1909 1936 1936 1936 1908 1908 1908 1936 1936 1936 1935 1935 1935 1909 1909 1909 1910 1910 1910 1937 1937 1937 1909 1909 1909 1937 1937 1937 1936 1936 1936 1910 1910 1910 1911 1911 1911 1938 1938 1938 1910 1910 1910 1938 1938 1938 1937 1937 1937 1911 1911 1911 1912 1912 1912 1939 1939 1939 1911 1911 1911 1939 1939 1939 1938 1938 1938 1912 1912 1912 1913 1913 1913 1940 1940 1940 1912 1912 1912 1940 1940 1940 1939 1939 1939 1914 1914 1914 1915 1915 1915 1942 1942 1942 1914 1914 1914 1942 1942 1942 1941 1941 1941 1915 1915 1915 1916 1916 1916 1943 1943 1943 1915 1915 1915 1943 1943 1943 1942 1942 1942 1916 1916 1916 1917 1917 1917 1944 1944 1944 1916 1916 1916 1944 1944 1944 1943 1943 1943 1917 1917 1917 1918 1918 1918 1945 1945 1945 1917 1917 1917 1945 1945 1945 1944 1944 1944 1918 1918 1918 1919 1919 1919 1946 1946 1946 1918 1918 1918 1946 1946 1946 1945 1945 1945 1919 1919 1919 1920 1920 1920 1947 1947 1947 1919 1919 1919 1947 1947 1947 1946 1946 1946 1920 1920 1920 1921 1921 1921 1948 1948 1948 1920 1920 1920 1948 1948 1948 1947 1947 1947 1921 1921 1921 1922 1922 1922 1949 1949 1949 1921 1921 1921 1949 1949 1949 1948 1948 1948 1922 1922 1922 1923 1923 1923 1950 1950 1950 1922 1922 1922 1950 1950 1950 1949 1949 1949 1923 1923 1923 1924 1924 1924 1951 1951 1951 1923 1923 1923 1951 1951 1951 1950 1950 1950 1924 1924 1924 1925 1925 1925 1952 1952 1952 1924 1924 1924 1952 1952 1952 1951 1951 1951 1925 1925 1925 1926 1926 1926 1953 1953 1953 1925 1925 1925 1953 1953 1953 1952 1952 1952 1926 1926 1926 1927 1927 1927 1954 1954 1954 1926 1926 1926 1954 1954 1954 1953 1953 1953 1927 1927 1927 1928 1928 1928 1955 1955 1955 1927 1927 1927 1955 1955 1955 1954 1954 1954 1928 1928 1928 1929 1929 1929 1956 1956 1956 1928 1928 1928 1956 1956 1956 1955 1955 1955 1929 1929 1929 1930 1930 1930 1957 1957 1957 1929 1929 1929 1957 1957 1957 1956 1956 1956 1930 1930 1930 1931 1931 1931 1958 1958 1958 1930 1930 1930 1958 1958 1958 1957 1957 1957 1931 1931 1931 1932 1932 1932 1959 1959 1959 1931 1931 1931 1959 1959 1959 1958 1958 1958 1932 1932 1932 1933 1933 1933 1960 1960 1960 1932 1932 1932 1960 1960 1960 1959 1959 1959 1933 1933 1933 1934 1934 1934 1961 1961 1961 1933 1933 1933 1961 1961 1961 1960 1960 1960 1934 1934 1934 1935 1935 1935 1962 1962 1962 1934 1934 1934 1962 1962 1962 1961 1961 1961 1935 1935 1935 1936 1936 1936 1963 1963 1963 1935 1935 1935 1963 1963 1963 1962 1962 1962 1936 1936 1936 1937 1937 1937 1964 1964 1964 1936 1936 1936 1964 1964 1964 1963 1963 1963 1937 1937 1937 1938 1938 1938 1965 1965 1965 1937 1937 1937 1965 1965 1965 1964 1964 1964 1938 1938 1938 1939 1939 1939 1966 1966 1966 1938 1938 1938 1966 1966 1966 1965 1965 1965 1939 1939 1939 1940 1940 1940 1967 1967 1967 1939 1939 1939 1967 1967 1967 1966 1966 1966 1941 1941 1941 1942 1942 1942 1969 1969 1969 1941 1941 1941 1969 1969 1969 1968 1968 1968 1942 1942 1942 1943 1943 1943 1970 1970 1970 1942 1942 1942 1970 1970 1970 1969 1969 1969 1943 1943 1943 1944 1944 1944 1971 1971 1971 1943 1943 1943 1971 1971 1971 1970 1970 1970 1944 1944 1944 1945 1945 1945 1972 1972 1972 1944 1944 1944 1972 1972 1972 1971 1971 1971 1945 1945 1945 1946 1946 1946 1973 1973 1973 1945 1945 1945 1973 1973 1973 1972 1972 1972 1946 1946 1946 1947 1947 1947 1974 1974 1974 1946 1946 1946 1974 1974 1974 1973 1973 1973 1947 1947 1947 1948 1948 1948 1975 1975 1975 1947 1947 1947 1975 1975 1975 1974 1974 1974 1948 1948 1948 1949 1949 1949 1976 1976 1976 1948 1948 1948 1976 1976 1976 1975 1975 1975 1949 1949 1949 1950 1950 1950 1977 1977 1977 1949 1949 1949 1977 1977 1977 1976 1976 1976 1950 1950 1950 1951 1951 1951 1978 1978 1978 1950 1950 1950 1978 1978 1978 1977 1977 1977 1951 1951 1951 1952 1952 1952 1979 1979 1979 1951 1951 1951 1979 1979 1979 1978 1978 1978 1952 1952 1952 1953 1953 1953 1980 1980 1980 1952 1952 1952 1980 1980 1980 1979 1979 1979 1953 1953 1953 1954 1954 1954 1981 1981 1981 1953 1953 1953 1981 1981 1981 1980 1980 1980 1954 1954 1954 1955 1955 1955 1982 1982 1982 1954 1954 1954 1982 1982 1982 1981 1981 1981 1955 1955 1955 1956 1956 1956 1983 1983 1983 1955 1955 1955 1983 1983 1983 1982 1982 1982 1956 1956 1956 1957 1957 1957 1984 1984 1984 1956 1956 1956 1984 1984 1984 1983 1983 1983 1957 1957 1957 1958 1958 1958 1985 1985 1985 1957 1957 1957 1985 1985 1985 1984 1984 1984 1958 1958 1958 1959 1959 1959 1986 1986 1986 1958 1958 1958 1986 1986 1986 1985 1985 1985 1959 1959 1959 1960 1960 1960 1987 1987 1987 1959 1959 1959 1987 1987 1987 1986 1986 1986 1960 1960 1960 1961 1961 1961 1988 1988 1988 1960 1960 1960 1988 1988 1988 1987 1987 1987 1961 1961 1961 1962 1962 1962 1989 1989 1989 1961 1961 1961 1989 1989 1989 1988 1988 1988 1962 1962 1962 1963 1963 1963 1990 1990 1990 1962 1962 1962 1990 1990 1990 1989 1989 1989 1963 1963 1963 1964 1964 1964 1991 1991 1991 1963 1963 1963 1991 1991 1991 1990 1990 1990 1964 1964 1964 1965 1965 1965 1992 1992 1992 1964 1964 1964 1992 1992 1992 1991 1991 1991 1965 1965 1965 1966 1966 1966 1993 1993 1993 1965 1965 1965 1993 1993 1993 1992 1992 1992 1966 1966 1966 1967 1967 1967 1994 1994 1994 1966 1966 1966 1994 1994 1994 1993 1993 1993 1968 1968 1968 1969 1969 1969 1996 1996 1996 1968 1968 1968 1996 1996 1996 1995 1995 1995 1969 1969 1969 1970 1970 1970 1997 1997 1997 1969 1969 1969 1997 1997 1997 1996 1996 1996 1970 1970 1970 1971 1971 1971 1998 1998 1998 1970 1970 1970 1998 1998 1998 1997 1997 1997 1971 1971 1971 1972 1972 1972 1999 1999 1999 1971 1971 1971 1999 1999 1999 1998 1998 1998 1972 1972 1972 1973 1973 1973 2000 2000 2000 1972 1972 1972 2000 2000 2000 1999 1999 1999 1973 1973 1973 1974 1974 1974 2001 2001 2001 1973 1973 1973 2001 2001 2001 2000 2000 2000 1974 1974 1974 1975 1975 1975 2002 2002 2002 1974 1974 1974 2002 2002 2002 2001 2001 2001 1975 1975 1975 1976 1976 1976 2003 2003 2003 1975 1975 1975 2003 2003 2003 2002 2002 2002 1976 1976 1976 1977 1977 1977 2004 2004 2004 1976 1976 1976 2004 2004 2004 2003 2003 2003 1977 1977 1977 1978 1978 1978 2005 2005 2005 1977 1977 1977 2005 2005 2005 2004 2004 2004 1978 1978 1978 1979 1979 1979 2006 2006 2006 1978 1978 1978 2006 2006 2006 2005 2005 2005 1979 1979 1979 1980 1980 1980 2007 2007 2007 1979 1979 1979 2007 2007 2007 2006 2006 2006 1980 1980 1980 1981 1981 1981 2008 2008 2008 1980 1980 1980 2008 2008 2008 2007 2007 2007 1981 1981 1981 1982 1982 1982 2009 2009 2009 1981 1981 1981 2009 2009 2009 2008 2008 2008 1982 1982 1982 1983 1983 1983 2010 2010 2010 1982 1982 1982 2010 2010 2010 2009 2009 2009 1983 1983 1983 1984 1984 1984 2011 2011 2011 1983 1983 1983 2011 2011 2011 2010 2010 2010 1984 1984 1984 1985 1985 1985 2012 2012 2012 1984 1984 1984 2012 2012 2012 2011 2011 2011 1985 1985 1985 1986 1986 1986 2013 2013 2013 1985 1985 1985 2013 2013 2013 2012 2012 2012 1986 1986 1986 1987 1987 1987 2014 2014 2014 1986 1986 1986 2014 2014 2014 2013 2013 2013 1987 1987 1987 1988 1988 1988 2015 2015 2015 1987 1987 1987 2015 2015 2015 2014 2014 2014 1988 1988 1988 1989 1989 1989 2016 2016 2016 1988 1988 1988 2016 2016 2016 2015 2015 2015 1989 1989 1989 1990 1990 1990 2017 2017 2017 1989 1989 1989 2017 2017 2017 2016 2016 2016 1990 1990 1990 1991 1991 1991 2018 2018 2018 1990 1990 1990 2018 2018 2018 2017 2017 2017 1991 1991 1991 1992 1992 1992 2019 2019 2019 1991 1991 1991 2019 2019 2019 2018 2018 2018 1992 1992 1992 1993 1993 1993 2020 2020 2020 1992 1992 1992 2020 2020 2020 2019 2019 2019 1993 1993 1993 1994 1994 1994 2021 2021 2021 1993 1993 1993 2021 2021 2021 2020 2020 2020 1995 1995 1995 1996 1996 1996 2023 2023 2023 1995 1995 1995 2023 2023 2023 2022 2022 2022 1996 1996 1996 1997 1997 1997 2024 2024 2024 1996 1996 1996 2024 2024 2024 2023 2023 2023 1997 1997 1997 1998 1998 1998 2025 2025 2025 1997 1997 1997 2025 2025 2025 2024 2024 2024 1998 1998 1998 1999 1999 1999 2026 2026 2026 1998 1998 1998 2026 2026 2026 2025 2025 2025 1999 1999 1999 2000 2000 2000 2027 2027 2027 1999 1999 1999 2027 2027 2027 2026 2026 2026 2000 2000 2000 2001 2001 2001 2028 2028 2028 2000 2000 2000 2028 2028 2028 2027 2027 2027 2001 2001 2001 2002 2002 2002 2029 2029 2029 2001 2001 2001 2029 2029 2029 2028 2028 2028 2002 2002 2002 2003 2003 2003 2030 2030 2030 2002 2002 2002 2030 2030 2030 2029 2029 2029 2003 2003 2003 2004 2004 2004 2031 2031 2031 2003 2003 2003 2031 2031 2031 2030 2030 2030 2004 2004 2004 2005 2005 2005 2032 2032 2032 2004 2004 2004 2032 2032 2032 2031 2031 2031 2005 2005 2005 2006 2006 2006 2033 2033 2033 2005 2005 2005 2033 2033 2033 2032 2032 2032 2006 2006 2006 2007 2007 2007 2034 2034 2034 2006 2006 2006 2034 2034 2034 2033 2033 2033 2007 2007 2007 2008 2008 2008 2035 2035 2035 2007 2007 2007 2035 2035 2035 2034 2034 2034 2008 2008 2008 2009 2009 2009 2036 2036 2036 2008 2008 2008 2036 2036 2036 2035 2035 2035 2009 2009 2009 2010 2010 2010 2037 2037 2037 2009 2009 2009 2037 2037 2037 2036 2036 2036 2010 2010 2010 2011 2011 2011 2038 2038 2038 2010 2010 2010 2038 2038 2038 2037 2037 2037 2011 2011 2011 2012 2012 2012 2039 2039 2039 2011 2011 2011 2039 2039 2039 2038 2038 2038 2012 2012 2012 2013 2013 2013 2040 2040 2040 2012 2012 2012 2040 2040 2040 2039 2039 2039 2013 2013 2013 2014 2014 2014 2041 2041 2041 2013 2013 2013 2041 2041 2041 2040 2040 2040 2014 2014 2014 2015 2015 2015 2042 2042 2042 2014 2014 2014 2042 2042 2042 2041 2041 2041 2015 2015 2015 2016 2016 2016 2043 2043 2043 2015 2015 2015 2043 2043 2043 2042 2042 2042 2016 2016 2016 2017 2017 2017 2044 2044 2044 2016 2016 2016 2044 2044 2044 2043 2043 2043 2017 2017 2017 2018 2018 2018 2045 2045 2045 2017 2017 2017 2045 2045 2045 2044 2044 2044 2018 2018 2018 2019 2019 2019 2046 2046 2046 2018 2018 2018 2046 2046 2046 2045 2045 2045 2019 2019 2019 2020 2020 2020 2047 2047 2047 2019 2019 2019 2047 2047 2047 2046 2046 2046 2020 2020 2020 2021 2021 2021 2048 2048 2048 2020 2020 2020 2048 2048 2048 2047 2047 2047 2022 2022 2022 2023 2023 2023 2050 2050 2050 2022 2022 2022 2050 2050 2050 2049 2049 2049 2023 2023 2023 2024 2024 2024 2051 2051 2051 2023 2023 2023 2051 2051 2051 2050 2050 2050 2024 2024 2024 2025 2025 2025 2052 2052 2052 2024 2024 2024 2052 2052 2052 2051 2051 2051 2025 2025 2025 2026 2026 2026 2053 2053 2053 2025 2025 2025 2053 2053 2053 2052 2052 2052 2026 2026 2026 2027 2027 2027 2054 2054 2054 2026 2026 2026 2054 2054 2054 2053 2053 2053 2027 2027 2027 2028 2028 2028 2055 2055 2055 2027 2027 2027 2055 2055 2055 2054 2054 2054 2028 2028 2028 2029 2029 2029 2056 2056 2056 2028 2028 2028 2056 2056 2056 2055 2055 2055 2029 2029 2029 2030 2030 2030 2057 2057 2057 2029 2029 2029 2057 2057 2057 2056 2056 2056 2030 2030 2030 2031 2031 2031 2058 2058 2058 2030 2030 2030 2058 2058 2058 2057 2057 2057 2031 2031 2031 2032 2032 2032 2059 2059 2059 2031 2031 2031 2059 2059 2059 2058 2058 2058 2032 2032 2032 2033 2033 2033 2060 2060 2060 2032 2032 2032 2060 2060 2060 2059 2059 2059 2033 2033 2033 2034 2034 2034 2061 2061 2061 2033 2033 2033 2061 2061 2061 2060 2060 2060 2034 2034 2034 2035 2035 2035 2062 2062 2062 2034 2034 2034 2062 2062 2062 2061 2061 2061 2035 2035 2035 2036 2036 2036 2063 2063 2063 2035 2035 2035 2063 2063 2063 2062 2062 2062 2036 2036 2036 2037 2037 2037 2064 2064 2064 2036 2036 2036 2064 2064 2064 2063 2063 2063 2037 2037 2037 2038 2038 2038 2065 2065 2065 2037 2037 2037 2065 2065 2065 2064 2064 2064 2038 2038 2038 2039 2039 2039 2066 2066 2066 2038 2038 2038 2066 2066 2066 2065 2065 2065 2039 2039 2039 2040 2040 2040 2067 2067 2067 2039 2039 2039 2067 2067 2067 2066 2066 2066 2040 2040 2040 2041 2041 2041 2068 2068 2068 2040 2040 2040 2068 2068 2068 2067 2067 2067 2041 2041 2041 2042 2042 2042 2069 2069 2069 2041 2041 2041 2069 2069 2069 2068 2068 2068 2042 2042 2042 2043 2043 2043 2070 2070 2070 2042 2042 2042 2070 2070 2070 2069 2069 2069 2043 2043 2043 2044 2044 2044 2071 2071 2071 2043 2043 2043 2071 2071 2071 2070 2070 2070 2044 2044 2044 2045 2045 2045 2072 2072 2072 2044 2044 2044 2072 2072 2072 2071 2071 2071 2045 2045 2045 2046 2046 2046 2073 2073 2073 2045 2045 2045 2073 2073 2073 2072 2072 2072 2046 2046 2046 2047 2047 2047 2074 2074 2074 2046 2046 2046 2074 2074 2074 2073 2073 2073 2047 2047 2047 2048 2048 2048 2075 2075 2075 2047 2047 2047 2075 2075 2075 2074 2074 2074 2049 2049 2049 2050 2050 2050 2077 2077 2077 2049 2049 2049 2077 2077 2077 2076 2076 2076 2050 2050 2050 2051 2051 2051 2078 2078 2078 2050 2050 2050 2078 2078 2078 2077 2077 2077 2051 2051 2051 2052 2052 2052 2079 2079 2079 2051 2051 2051 2079 2079 2079 2078 2078 2078 2052 2052 2052 2053 2053 2053 2080 2080 2080 2052 2052 2052 2080 2080 2080 2079 2079 2079 2053 2053 2053 2054 2054 2054 2081 2081 2081 2053 2053 2053 2081 2081 2081 2080 2080 2080 2054 2054 2054 2055 2055 2055 2082 2082 2082 2054 2054 2054 2082 2082 2082 2081 2081 2081 2055 2055 2055 2056 2056 2056 2083 2083 2083 2055 2055 2055 2083 2083 2083 2082 2082 2082 2056 2056 2056 2057 2057 2057 2084 2084 2084 2056 2056 2056 2084 2084 2084 2083 2083 2083 2057 2057 2057 2058 2058 2058 2085 2085 2085 2057 2057 2057 2085 2085 2085 2084 2084 2084 2058 2058 2058 2059 2059 2059 2086 2086 2086 2058 2058 2058 2086 2086 2086 2085 2085 2085 2059 2059 2059 2060 2060 2060 2087 2087 2087 2059 2059 2059 2087 2087 2087 2086 2086 2086 2060 2060 2060 2061 2061 2061 2088 2088 2088 2060 2060 2060 2088 2088 2088 2087 2087 2087 2061 2061 2061 2062 2062 2062 2089 2089 2089 2061 2061 2061 2089 2089 2089 2088 2088 2088 2062 2062 2062 2063 2063 2063 2090 2090 2090 2062 2062 2062 2090 2090 2090 2089 2089 2089 2063 2063 2063 2064 2064 2064 2091 2091 2091 2063 2063 2063 2091 2091 2091 2090 2090 2090 2064 2064 2064 2065 2065 2065 2092 2092 2092 2064 2064 2064 2092 2092 2092 2091 2091 2091 2065 2065 2065 2066 2066 2066 2093 2093 2093 2065 2065 2065 2093 2093 2093 2092 2092 2092 2066 2066 2066 2067 2067 2067 2094 2094 2094 2066 2066 2066 2094 2094 2094 2093 2093 2093 2067 2067 2067 2068 2068 2068 2095 2095 2095 2067 2067 2067 2095 2095 2095 2094 2094 2094 2068 2068 2068 2069 2069 2069 2096 2096 2096 2068 2068 2068 2096 2096 2096 2095 2095 2095 2069 2069 2069 2070 2070 2070 2097 2097 2097 2069 2069 2069 2097 2097 2097 2096 2096 2096 2070 2070 2070 2071 2071 2071 2098 2098 2098 2070 2070 2070 2098 2098 2098 2097 2097 2097 2071 2071 2071 2072 2072 2072 2099 2099 2099 2071 2071 2071 2099 2099 2099 2098 2098 2098 2072 2072 2072 2073 2073 2073 2100 2100 2100 2072 2072 2072 2100 2100 2100 2099 2099 2099 2073 2073 2073 2074 2074 2074 2101 2101 2101 2073 2073 2073 2101 2101 2101 2100 2100 2100 2074 2074 2074 2075 2075 2075 2102 2102 2102 2074 2074 2074 2102 2102 2102 2101 2101 2101 2076 2076 2076 2077 2077 2077 2104 2104 2104 2076 2076 2076 2104 2104 2104 2103 2103 2103 2077 2077 2077 2078 2078 2078 2105 2105 2105 2077 2077 2077 2105 2105 2105 2104 2104 2104 2078 2078 2078 2079 2079 2079 2106 2106 2106 2078 2078 2078 2106 2106 2106 2105 2105 2105 2079 2079 2079 2080 2080 2080 2107 2107 2107 2079 2079 2079 2107 2107 2107 2106 2106 2106 2080 2080 2080 2081 2081 2081 2108 2108 2108 2080 2080 2080 2108 2108 2108 2107 2107 2107 2081 2081 2081 2082 2082 2082 2109 2109 2109 2081 2081 2081 2109 2109 2109 2108 2108 2108 2082 2082 2082 2083 2083 2083 2110 2110 2110 2082 2082 2082 2110 2110 2110 2109 2109 2109 2083 2083 2083 2084 2084 2084 2111 2111 2111 2083 2083 2083 2111 2111 2111 2110 2110 2110 2084 2084 2084 2085 2085 2085 2112 2112 2112 2084 2084 2084 2112 2112 2112 2111 2111 2111 2085 2085 2085 2086 2086 2086 2113 2113 2113 2085 2085 2085 2113 2113 2113 2112 2112 2112 2086 2086 2086 2087 2087 2087 2114 2114 2114 2086 2086 2086 2114 2114 2114 2113 2113 2113 2087 2087 2087 2088 2088 2088 2115 2115 2115 2087 2087 2087 2115 2115 2115 2114 2114 2114 2088 2088 2088 2089 2089 2089 2116 2116 2116 2088 2088 2088 2116 2116 2116 2115 2115 2115 2089 2089 2089 2090 2090 2090 2117 2117 2117 2089 2089 2089 2117 2117 2117 2116 2116 2116 2090 2090 2090 2091 2091 2091 2118 2118 2118 2090 2090 2090 2118 2118 2118 2117 2117 2117 2091 2091 2091 2092 2092 2092 2119 2119 2119 2091 2091 2091 2119 2119 2119 2118 2118 2118 2092 2092 2092 2093 2093 2093 2120 2120 2120 2092 2092 2092 2120 2120 2120 2119 2119 2119 2093 2093 2093 2094 2094 2094 2121 2121 2121 2093 2093 2093 2121 2121 2121 2120 2120 2120 2094 2094 2094 2095 2095 2095 2122 2122 2122 2094 2094 2094 2122 2122 2122 2121 2121 2121 2095 2095 2095 2096 2096 2096 2123 2123 2123 2095 2095 2095 2123 2123 2123 2122 2122 2122 2096 2096 2096 2097 2097 2097 2124 2124 2124 2096 2096 2096 2124 2124 2124 2123 2123 2123 2097 2097 2097 2098 2098 2098 2125 2125 2125 2097 2097 2097 2125 2125 2125 2124 2124 2124 2098 2098 2098 2099 2099 2099 2126 2126 2126 2098 2098 2098 2126 2126 2126 2125 2125 2125 2099 2099 2099 2100 2100 2100 2127 2127 2127 2099 2099 2099 2127 2127 2127 2126 2126 2126 2100 2100 2100 2101 2101 2101 2128 2128 2128 2100 2100 2100 2128 2128 2128 2127 2127 2127 2101 2101 2101 2102 2102 2102 2129 2129 2129 2101 2101 2101 2129 2129 2129 2128 2128 2128 2103 2103 2103 2104 2104 2104 2131 2131 2131 2103 2103 2103 2131 2131 2131 2130 2130 2130 2104 2104 2104 2105 2105 2105 2132 2132 2132 2104 2104 2104 2132 2132 2132 2131 2131 2131 2105 2105 2105 2106 2106 2106 2133 2133 2133 2105 2105 2105 2133 2133 2133 2132 2132 2132 2106 2106 2106 2107 2107 2107 2134 2134 2134 2106 2106 2106 2134 2134 2134 2133 2133 2133 2107 2107 2107 2108 2108 2108 2135 2135 2135 2107 2107 2107 2135 2135 2135 2134 2134 2134 2108 2108 2108 2109 2109 2109 2136 2136 2136 2108 2108 2108 2136 2136 2136 2135 2135 2135 2109 2109 2109 2110 2110 2110 2137 2137 2137 2109 2109 2109 2137 2137 2137 2136 2136 2136 2110 2110 2110 2111 2111 2111 2138 2138 2138 2110 2110 2110 2138 2138 2138 2137 2137 2137 2111 2111 2111 2112 2112 2112 2139 2139 2139 2111 2111 2111 2139 2139 2139 2138 2138 2138 2112 2112 2112 2113 2113 2113 2140 2140 2140 2112 2112 2112 2140 2140 2140 2139 2139 2139 2113 2113 2113 2114 2114 2114 2141 2141 2141 2113 2113 2113 2141 2141 2141 2140 2140 2140 2114 2114 2114 2115 2115 2115 2142 2142 2142 2114 2114 2114 2142 2142 2142 2141 2141 2141 2115 2115 2115 2116 2116 2116 2143 2143 2143 2115 2115 2115 2143 2143 2143 2142 2142 2142 2116 2116 2116 2117 2117 2117 2144 2144 2144 2116 2116 2116 2144 2144 2144 2143 2143 2143 2117 2117 2117 2118 2118 2118 2145 2145 2145 2117 2117 2117 2145 2145 2145 2144 2144 2144 2118 2118 2118 2119 2119 2119 2146 2146 2146 2118 2118 2118 2146 2146 2146 2145 2145 2145 2119 2119 2119 2120 2120 2120 2147 2147 2147 2119 2119 2119 2147 2147 2147 2146 2146 2146 2120 2120 2120 2121 2121 2121 2148 2148 2148 2120 2120 2120 2148 2148 2148 2147 2147 2147 2121 2121 2121 2122 2122 2122 2149 2149 2149 2121 2121 2121 2149 2149 2149 2148 2148 2148 2122 2122 2122 2123 2123 2123 2150 2150 2150 2122 2122 2122 2150 2150 2150 2149 2149 2149 2123 2123 2123 2124 2124 2124 2151 2151 2151 2123 2123 2123 2151 2151 2151 2150 2150 2150 2124 2124 2124 2125 2125 2125 2152 2152 2152 2124 2124 2124 2152 2152 2152 2151 2151 2151 2125 2125 2125 2126 2126 2126 2153 2153 2153 2125 2125 2125 2153 2153 2153 2152 2152 2152 2126 2126 2126 2127 2127 2127 2154 2154 2154 2126 2126 2126 2154 2154 2154 2153 2153 2153 2127 2127 2127 2128 2128 2128 2155 2155 2155 2127 2127 2127 2155 2155 2155 2154 2154 2154 2128 2128 2128 2129 2129 2129 2156 2156 2156 2128 2128 2128 2156 2156 2156 2155 2155 2155 2130 2130 2130 2131 2131 2131 2158 2158 2158 2130 2130 2130 2158 2158 2158 2157 2157 2157 2131 2131 2131 2132 2132 2132 2159 2159 2159 2131 2131 2131 2159 2159 2159 2158 2158 2158 2132 2132 2132 2133 2133 2133 2160 2160 2160 2132 2132 2132 2160 2160 2160 2159 2159 2159 2133 2133 2133 2134 2134 2134 2161 2161 2161 2133 2133 2133 2161 2161 2161 2160 2160 2160 2134 2134 2134 2135 2135 2135 2162 2162 2162 2134 2134 2134 2162 2162 2162 2161 2161 2161 2135 2135 2135 2136 2136 2136 2163 2163 2163 2135 2135 2135 2163 2163 2163 2162 2162 2162 2136 2136 2136 2137 2137 2137 2164 2164 2164 2136 2136 2136 2164 2164 2164 2163 2163 2163 2137 2137 2137 2138 2138 2138 2165 2165 2165 2137 2137 2137 2165 2165 2165 2164 2164 2164 2138 2138 2138 2139 2139 2139 2166 2166 2166 2138 2138 2138 2166 2166 2166 2165 2165 2165 2139 2139 2139 2140 2140 2140 2167 2167 2167 2139 2139 2139 2167 2167 2167 2166 2166 2166 2140 2140 2140 2141 2141 2141 2168 2168 2168 2140 2140 2140 2168 2168 2168 2167 2167 2167 2141 2141 2141 2142 2142 2142 2169 2169 2169 2141 2141 2141 2169 2169 2169 2168 2168 2168 2142 2142 2142 2143 2143 2143 2170 2170 2170 2142 2142 2142 2170 2170 2170 2169 2169 2169 2143 2143 2143 2144 2144 2144 2171 2171 2171 2143 2143 2143 2171 2171 2171 2170 2170 2170 2144 2144 2144 2145 2145 2145 2172 2172 2172 2144 2144 2144 2172 2172 2172 2171 2171 2171 2145 2145 2145 2146 2146 2146 2173 2173 2173 2145 2145 2145 2173 2173 2173 2172 2172 2172 2146 2146 2146 2147 2147 2147 2174 2174 2174 2146 2146 2146 2174 2174 2174 2173 2173 2173 2147 2147 2147 2148 2148 2148 2175 2175 2175 2147 2147 2147 2175 2175 2175 2174 2174 2174 2148 2148 2148 2149 2149 2149 2176 2176 2176 2148 2148 2148 2176 2176 2176 2175 2175 2175 2149 2149 2149 2150 2150 2150 2177 2177 2177 2149 2149 2149 2177 2177 2177 2176 2176 2176 2150 2150 2150 2151 2151 2151 2178 2178 2178 2150 2150 2150 2178 2178 2178 2177 2177 2177 2151 2151 2151 2152 2152 2152 2179 2179 2179 2151 2151 2151 2179 2179 2179 2178 2178 2178 2152 2152 2152 2153 2153 2153 2180 2180 2180 2152 2152 2152 2180 2180 2180 2179 2179 2179 2153 2153 2153 2154 2154 2154 2181 2181 2181 2153 2153 2153 2181 2181 2181 2180 2180 2180 2154 2154 2154 2155 2155 2155 2182 2182 2182 2154 2154 2154 2182 2182 2182 2181 2181 2181 2155 2155 2155 2156 2156 2156 2183 2183 2183 2155 2155 2155 2183 2183 2183 2182 2182 2182 2157 2157 2157 2158 2158 2158 2185 2185 2185 2157 2157 2157 2185 2185 2185 2184 2184 2184 2158 2158 2158 2159 2159 2159 2186 2186 2186 2158 2158 2158 2186 2186 2186 2185 2185 2185 2159 2159 2159 2160 2160 2160 2187 2187 2187 2159 2159 2159 2187 2187 2187 2186 2186 2186 2160 2160 2160 2161 2161 2161 2188 2188 2188 2160 2160 2160 2188 2188 2188 2187 2187 2187 2161 2161 2161 2162 2162 2162 2189 2189 2189 2161 2161 2161 2189 2189 2189 2188 2188 2188 2162 2162 2162 2163 2163 2163 2190 2190 2190 2162 2162 2162 2190 2190 2190 2189 2189 2189 2163 2163 2163 2164 2164 2164 2191 2191 2191 2163 2163 2163 2191 2191 2191 2190 2190 2190 2164 2164 2164 2165 2165 2165 2192 2192 2192 2164 2164 2164 2192 2192 2192 2191 2191 2191 2165 2165 2165 2166 2166 2166 2193 2193 2193 2165 2165 2165 2193 2193 2193 2192 2192 2192 2166 2166 2166 2167 2167 2167 2194 2194 2194 2166 2166 2166 2194 2194 2194 2193 2193 2193 2167 2167 2167 2168 2168 2168 2195 2195 2195 2167 2167 2167 2195 2195 2195 2194 2194 2194 2168 2168 2168 2169 2169 2169 2196 2196 2196 2168 2168 2168 2196 2196 2196 2195 2195 2195 2169 2169 2169 2170 2170 2170 2197 2197 2197 2169 2169 2169 2197 2197 2197 2196 2196 2196 2170 2170 2170 2171 2171 2171 2198 2198 2198 2170 2170 2170 2198 2198 2198 2197 2197 2197 2171 2171 2171 2172 2172 2172 2199 2199 2199 2171 2171 2171 2199 2199 2199 2198 2198 2198 2172 2172 2172 2173 2173 2173 2200 2200 2200 2172 2172 2172 2200 2200 2200 2199 2199 2199 2173 2173 2173 2174 2174 2174 2201 2201 2201 2173 2173 2173 2201 2201 2201 2200 2200 2200 2174 2174 2174 2175 2175 2175 2202 2202 2202 2174 2174 2174 2202 2202 2202 2201 2201 2201 2175 2175 2175 2176 2176 2176 2203 2203 2203 2175 2175 2175 2203 2203 2203 2202 2202 2202 2176 2176 2176 2177 2177 2177 2204 2204 2204 2176 2176 2176 2204 2204 2204 2203 2203 2203 2177 2177 2177 2178 2178 2178 2205 2205 2205 2177 2177 2177 2205 2205 2205 2204 2204 2204 2178 2178 2178 2179 2179 2179 2206 2206 2206 2178 2178 2178 2206 2206 2206 2205 2205 2205 2179 2179 2179 2180 2180 2180 2207 2207 2207 2179 2179 2179 2207 2207 2207 2206 2206 2206 2180 2180 2180 2181 2181 2181 2208 2208 2208 2180 2180 2180 2208 2208 2208 2207 2207 2207 2181 2181 2181 2182 2182 2182 2209 2209 2209 2181 2181 2181 2209 2209 2209 2208 2208 2208 2182 2182 2182 2183 2183 2183 2210 2210 2210 2182 2182 2182 2210 2210 2210 2209 2209 2209 2184 2184 2184 2185 2185 2185 2212 2212 2212 2184 2184 2184 2212 2212 2212 2211 2211 2211 2185 2185 2185 2186 2186 2186 2213 2213 2213 2185 2185 2185 2213 2213 2213 2212 2212 2212 2186 2186 2186 2187 2187 2187 2214 2214 2214 2186 2186 2186 2214 2214 2214 2213 2213 2213 2187 2187 2187 2188 2188 2188 2215 2215 2215 2187 2187 2187 2215 2215 2215 2214 2214 2214 2188 2188 2188 2189 2189 2189 2216 2216 2216 2188 2188 2188 2216 2216 2216 2215 2215 2215 2189 2189 2189 2190 2190 2190 2217 2217 2217 2189 2189 2189 2217 2217 2217 2216 2216 2216 2190 2190 2190 2191 2191 2191 2218 2218 2218 2190 2190 2190 2218 2218 2218 2217 2217 2217 2191 2191 2191 2192 2192 2192 2219 2219 2219 2191 2191 2191 2219 2219 2219 2218 2218 2218 2192 2192 2192 2193 2193 2193 2220 2220 2220 2192 2192 2192 2220 2220 2220 2219 2219 2219 2193 2193 2193 2194 2194 2194 2221 2221 2221 2193 2193 2193 2221 2221 2221 2220 2220 2220 2194 2194 2194 2195 2195 2195 2222 2222 2222 2194 2194 2194 2222 2222 2222 2221 2221 2221 2195 2195 2195 2196 2196 2196 2223 2223 2223 2195 2195 2195 2223 2223 2223 2222 2222 2222 2196 2196 2196 2197 2197 2197 2224 2224 2224 2196 2196 2196 2224 2224 2224 2223 2223 2223 2197 2197 2197 2198 2198 2198 2225 2225 2225 2197 2197 2197 2225 2225 2225 2224 2224 2224 2198 2198 2198 2199 2199 2199 2226 2226 2226 2198 2198 2198 2226 2226 2226 2225 2225 2225 2199 2199 2199 2200 2200 2200 2227 2227 2227 2199 2199 2199 2227 2227 2227 2226 2226 2226 2200 2200 2200 2201 2201 2201 2228 2228 2228 2200 2200 2200 2228 2228 2228 2227 2227 2227 2201 2201 2201 2202 2202 2202 2229 2229 2229 2201 2201 2201 2229 2229 2229 2228 2228 2228 2202 2202 2202 2203 2203 2203 2230 2230 2230 2202 2202 2202 2230 2230 2230 2229 2229 2229 2203 2203 2203 2204 2204 2204 2231 2231 2231 2203 2203 2203 2231 2231 2231 2230 2230 2230 2204 2204 2204 2205 2205 2205 2232 2232 2232 2204 2204 2204 2232 2232 2232 2231 2231 2231 2205 2205 2205 2206 2206 2206 2233 2233 2233 2205 2205 2205 2233 2233 2233 2232 2232 2232 2206 2206 2206 2207 2207 2207 2234 2234 2234 2206 2206 2206 2234 2234 2234 2233 2233 2233 2207 2207 2207 2208 2208 2208 2235 2235 2235 2207 2207 2207 2235 2235 2235 2234 2234 2234 2208 2208 2208 2209 2209 2209 2236 2236 2236 2208 2208 2208 2236 2236 2236 2235 2235 2235 2209 2209 2209 2210 2210 2210 2237 2237 2237 2209 2209 2209 2237 2237 2237 2236 2236 2236 2211 2211 2211 2212 2212 2212 2239 2239 2239 2211 2211 2211 2239 2239 2239 2238 2238 2238 2212 2212 2212 2213 2213 2213 2240 2240 2240 2212 2212 2212 2240 2240 2240 2239 2239 2239 2213 2213 2213 2214 2214 2214 2241 2241 2241 2213 2213 2213 2241 2241 2241 2240 2240 2240 2214 2214 2214 2215 2215 2215 2242 2242 2242 2214 2214 2214 2242 2242 2242 2241 2241 2241 2215 2215 2215 2216 2216 2216 2243 2243 2243 2215 2215 2215 2243 2243 2243 2242 2242 2242 2216 2216 2216 2217 2217 2217 2244 2244 2244 2216 2216 2216 2244 2244 2244 2243 2243 2243 2217 2217 2217 2218 2218 2218 2245 2245 2245 2217 2217 2217 2245 2245 2245 2244 2244 2244 2218 2218 2218 2219 2219 2219 2246 2246 2246 2218 2218 2218 2246 2246 2246 2245 2245 2245 2219 2219 2219 2220 2220 2220 2247 2247 2247 2219 2219 2219 2247 2247 2247 2246 2246 2246 2220 2220 2220 2221 2221 2221 2248 2248 2248 2220 2220 2220 2248 2248 2248 2247 2247 2247 2221 2221 2221 2222 2222 2222 2249 2249 2249 2221 2221 2221 2249 2249 2249 2248 2248 2248 2222 2222 2222 2223 2223 2223 2250 2250 2250 2222 2222 2222 2250 2250 2250 2249 2249 2249 2223 2223 2223 2224 2224 2224 2251 2251 2251 2223 2223 2223 2251 2251 2251 2250 2250 2250 2224 2224 2224 2225 2225 2225 2252 2252 2252 2224 2224 2224 2252 2252 2252 2251 2251 2251 2225 2225 2225 2226 2226 2226 2253 2253 2253 2225 2225 2225 2253 2253 2253 2252 2252 2252 2226 2226 2226 2227 2227 2227 2254 2254 2254 2226 2226 2226 2254 2254 2254 2253 2253 2253 2227 2227 2227 2228 2228 2228 2255 2255 2255 2227 2227 2227 2255 2255 2255 2254 2254 2254 2228 2228 2228 2229 2229 2229 2256 2256 2256 2228 2228 2228 2256 2256 2256 2255 2255 2255 2229 2229 2229 2230 2230 2230 2257 2257 2257 2229 2229 2229 2257 2257 2257 2256 2256 2256 2230 2230 2230 2231 2231 2231 2258 2258 2258 2230 2230 2230 2258 2258 2258 2257 2257 2257 2231 2231 2231 2232 2232 2232 2259 2259 2259 2231 2231 2231 2259 2259 2259 2258 2258 2258 2232 2232 2232 2233 2233 2233 2260 2260 2260 2232 2232 2232 2260 2260 2260 2259 2259 2259 2233 2233 2233 2234 2234 2234 2261 2261 2261 2233 2233 2233 2261 2261 2261 2260 2260 2260 2234 2234 2234 2235 2235 2235 2262 2262 2262 2234 2234 2234 2262 2262 2262 2261 2261 2261 2235 2235 2235 2236 2236 2236 2263 2263 2263 2235 2235 2235 2263 2263 2263 2262 2262 2262 2236 2236 2236 2237 2237 2237 2264 2264 2264 2236 2236 2236 2264 2264 2264 2263 2263 2263 2238 2238 2238 2239 2239 2239 2266 2266 2266 2238 2238 2238 2266 2266 2266 2265 2265 2265 2239 2239 2239 2240 2240 2240 2267 2267 2267 2239 2239 2239 2267 2267 2267 2266 2266 2266 2240 2240 2240 2241 2241 2241 2268 2268 2268 2240 2240 2240 2268 2268 2268 2267 2267 2267 2241 2241 2241 2242 2242 2242 2269 2269 2269 2241 2241 2241 2269 2269 2269 2268 2268 2268 2242 2242 2242 2243 2243 2243 2270 2270 2270 2242 2242 2242 2270 2270 2270 2269 2269 2269 2243 2243 2243 2244 2244 2244 2271 2271 2271 2243 2243 2243 2271 2271 2271 2270 2270 2270 2244 2244 2244 2245 2245 2245 2272 2272 2272 2244 2244 2244 2272 2272 2272 2271 2271 2271 2245 2245 2245 2246 2246 2246 2273 2273 2273 2245 2245 2245 2273 2273 2273 2272 2272 2272 2246 2246 2246 2247 2247 2247 2274 2274 2274 2246 2246 2246 2274 2274 2274 2273 2273 2273 2247 2247 2247 2248 2248 2248 2275 2275 2275 2247 2247 2247 2275 2275 2275 2274 2274 2274 2248 2248 2248 2249 2249 2249 2276 2276 2276 2248 2248 2248 2276 2276 2276 2275 2275 2275 2249 2249 2249 2250 2250 2250 2277 2277 2277 2249 2249 2249 2277 2277 2277 2276 2276 2276 2250 2250 2250 2251 2251 2251 2278 2278 2278 2250 2250 2250 2278 2278 2278 2277 2277 2277 2251 2251 2251 2252 2252 2252 2279 2279 2279 2251 2251 2251 2279 2279 2279 2278 2278 2278 2252 2252 2252 2253 2253 2253 2280 2280 2280 2252 2252 2252 2280 2280 2280 2279 2279 2279 2253 2253 2253 2254 2254 2254 2281 2281 2281 2253 2253 2253 2281 2281 2281 2280 2280 2280 2254 2254 2254 2255 2255 2255 2282 2282 2282 2254 2254 2254 2282 2282 2282 2281 2281 2281 2255 2255 2255 2256 2256 2256 2283 2283 2283 2255 2255 2255 2283 2283 2283 2282 2282 2282 2256 2256 2256 2257 2257 2257 2284 2284 2284 2256 2256 2256 2284 2284 2284 2283 2283 2283 2257 2257 2257 2258 2258 2258 2285 2285 2285 2257 2257 2257 2285 2285 2285 2284 2284 2284 2258 2258 2258 2259 2259 2259 2286 2286 2286 2258 2258 2258 2286 2286 2286 2285 2285 2285 2259 2259 2259 2260 2260 2260 2287 2287 2287 2259 2259 2259 2287 2287 2287 2286 2286 2286 2260 2260 2260 2261 2261 2261 2288 2288 2288 2260 2260 2260 2288 2288 2288 2287 2287 2287 2261 2261 2261 2262 2262 2262 2289 2289 2289 2261 2261 2261 2289 2289 2289 2288 2288 2288 2262 2262 2262 2263 2263 2263 2290 2290 2290 2262 2262 2262 2290 2290 2290 2289 2289 2289 2263 2263 2263 2264 2264 2264 2291 2291 2291 2263 2263 2263 2291 2291 2291 2290 2290 2290 2265 2265 2265 2266 2266 2266 2293 2293 2293 2265 2265 2265 2293 2293 2293 2292 2292 2292 2266 2266 2266 2267 2267 2267 2294 2294 2294 2266 2266 2266 2294 2294 2294 2293 2293 2293 2267 2267 2267 2268 2268 2268 2295 2295 2295 2267 2267 2267 2295 2295 2295 2294 2294 2294 2268 2268 2268 2269 2269 2269 2296 2296 2296 2268 2268 2268 2296 2296 2296 2295 2295 2295 2269 2269 2269 2270 2270 2270 2297 2297 2297 2269 2269 2269 2297 2297 2297 2296 2296 2296 2270 2270 2270 2271 2271 2271 2298 2298 2298 2270 2270 2270 2298 2298 2298 2297 2297 2297 2271 2271 2271 2272 2272 2272 2299 2299 2299 2271 2271 2271 2299 2299 2299 2298 2298 2298 2272 2272 2272 2273 2273 2273 2300 2300 2300 2272 2272 2272 2300 2300 2300 2299 2299 2299 2273 2273 2273 2274 2274 2274 2301 2301 2301 2273 2273 2273 2301 2301 2301 2300 2300 2300 2274 2274 2274 2275 2275 2275 2302 2302 2302 2274 2274 2274 2302 2302 2302 2301 2301 2301 2275 2275 2275 2276 2276 2276 2303 2303 2303 2275 2275 2275 2303 2303 2303 2302 2302 2302 2276 2276 2276 2277 2277 2277 2304 2304 2304 2276 2276 2276 2304 2304 2304 2303 2303 2303 2277 2277 2277 2278 2278 2278 2305 2305 2305 2277 2277 2277 2305 2305 2305 2304 2304 2304 2278 2278 2278 2279 2279 2279 2306 2306 2306 2278 2278 2278 2306 2306 2306 2305 2305 2305 2279 2279 2279 2280 2280 2280 2307 2307 2307 2279 2279 2279 2307 2307 2307 2306 2306 2306 2280 2280 2280 2281 2281 2281 2308 2308 2308 2280 2280 2280 2308 2308 2308 2307 2307 2307 2281 2281 2281 2282 2282 2282 2309 2309 2309 2281 2281 2281 2309 2309 2309 2308 2308 2308 2282 2282 2282 2283 2283 2283 2310 2310 2310 2282 2282 2282 2310 2310 2310 2309 2309 2309 2283 2283 2283 2284 2284 2284 2311 2311 2311 2283 2283 2283 2311 2311 2311 2310 2310 2310 2284 2284 2284 2285 2285 2285 2312 2312 2312 2284 2284 2284 2312 2312 2312 2311 2311 2311 2285 2285 2285 2286 2286 2286 2313 2313 2313 2285 2285 2285 2313 2313 2313 2312 2312 2312 2286 2286 2286 2287 2287 2287 2314 2314 2314 2286 2286 2286 2314 2314 2314 2313 2313 2313 2287 2287 2287 2288 2288 2288 2315 2315 2315 2287 2287 2287 2315 2315 2315 2314 2314 2314 2288 2288 2288 2289 2289 2289 2316 2316 2316 2288 2288 2288 2316 2316 2316 2315 2315 2315 2289 2289 2289 2290 2290 2290 2317 2317 2317 2289 2289 2289 2317 2317 2317 2316 2316 2316 2290 2290 2290 2291 2291 2291 2318 2318 2318 2290 2290 2290 2318 2318 2318 2317 2317 2317 2292 2292 2292 2293 2293 2293 2320 2320 2320 2292 2292 2292 2320 2320 2320 2319 2319 2319 2293 2293 2293 2294 2294 2294 2321 2321 2321 2293 2293 2293 2321 2321 2321 2320 2320 2320 2294 2294 2294 2295 2295 2295 2322 2322 2322 2294 2294 2294 2322 2322 2322 2321 2321 2321 2295 2295 2295 2296 2296 2296 2323 2323 2323 2295 2295 2295 2323 2323 2323 2322 2322 2322 2296 2296 2296 2297 2297 2297 2324 2324 2324 2296 2296 2296 2324 2324 2324 2323 2323 2323 2297 2297 2297 2298 2298 2298 2325 2325 2325 2297 2297 2297 2325 2325 2325 2324 2324 2324 2298 2298 2298 2299 2299 2299 2326 2326 2326 2298 2298 2298 2326 2326 2326 2325 2325 2325 2299 2299 2299 2300 2300 2300 2327 2327 2327 2299 2299 2299 2327 2327 2327 2326 2326 2326 2300 2300 2300 2301 2301 2301 2328 2328 2328 2300 2300 2300 2328 2328 2328 2327 2327 2327 2301 2301 2301 2302 2302 2302 2329 2329 2329 2301 2301 2301 2329 2329 2329 2328 2328 2328 2302 2302 2302 2303 2303 2303 2330 2330 2330 2302 2302 2302 2330 2330 2330 2329 2329 2329 2303 2303 2303 2304 2304 2304 2331 2331 2331 2303 2303 2303 2331 2331 2331 2330 2330 2330 2304 2304 2304 2305 2305 2305 2332 2332 2332 2304 2304 2304 2332 2332 2332 2331 2331 2331 2305 2305 2305 2306 2306 2306 2333 2333 2333 2305 2305 2305 2333 2333 2333 2332 2332 2332 2306 2306 2306 2307 2307 2307 2334 2334 2334 2306 2306 2306 2334 2334 2334 2333 2333 2333 2307 2307 2307 2308 2308 2308 2335 2335 2335 2307 2307 2307 2335 2335 2335 2334 2334 2334 2308 2308 2308 2309 2309 2309 2336 2336 2336 2308 2308 2308 2336 2336 2336 2335 2335 2335 2309 2309 2309 2310 2310 2310 2337 2337 2337 2309 2309 2309 2337 2337 2337 2336 2336 2336 2310 2310 2310 2311 2311 2311 2338 2338 2338 2310 2310 2310 2338 2338 2338 2337 2337 2337 2311 2311 2311 2312 2312 2312 2339 2339 2339 2311 2311 2311 2339 2339 2339 2338 2338 2338 2312 2312 2312 2313 2313 2313 2340 2340 2340 2312 2312 2312 2340 2340 2340 2339 2339 2339 2313 2313 2313 2314 2314 2314 2341 2341 2341 2313 2313 2313 2341 2341 2341 2340 2340 2340 2314 2314 2314 2315 2315 2315 2342 2342 2342 2314 2314 2314 2342 2342 2342 2341 2341 2341 2315 2315 2315 2316 2316 2316 2343 2343 2343 2315 2315 2315 2343 2343 2343 2342 2342 2342 2316 2316 2316 2317 2317 2317 2344 2344 2344 2316 2316 2316 2344 2344 2344 2343 2343 2343 2317 2317 2317 2318 2318 2318 2345 2345 2345 2317 2317 2317 2345 2345 2345 2344 2344 2344 2319 2319 2319 2320 2320 2320 2347 2347 2347 2319 2319 2319 2347 2347 2347 2346 2346 2346 2320 2320 2320 2321 2321 2321 2348 2348 2348 2320 2320 2320 2348 2348 2348 2347 2347 2347 2321 2321 2321 2322 2322 2322 2349 2349 2349 2321 2321 2321 2349 2349 2349 2348 2348 2348 2322 2322 2322 2323 2323 2323 2350 2350 2350 2322 2322 2322 2350 2350 2350 2349 2349 2349 2323 2323 2323 2324 2324 2324 2351 2351 2351 2323 2323 2323 2351 2351 2351 2350 2350 2350 2324 2324 2324 2325 2325 2325 2352 2352 2352 2324 2324 2324 2352 2352 2352 2351 2351 2351 2325 2325 2325 2326 2326 2326 2353 2353 2353 2325 2325 2325 2353 2353 2353 2352 2352 2352 2326 2326 2326 2327 2327 2327 2354 2354 2354 2326 2326 2326 2354 2354 2354 2353 2353 2353 2327 2327 2327 2328 2328 2328 2355 2355 2355 2327 2327 2327 2355 2355 2355 2354 2354 2354 2328 2328 2328 2329 2329 2329 2356 2356 2356 2328 2328 2328 2356 2356 2356 2355 2355 2355 2329 2329 2329 2330 2330 2330 2357 2357 2357 2329 2329 2329 2357 2357 2357 2356 2356 2356 2330 2330 2330 2331 2331 2331 2358 2358 2358 2330 2330 2330 2358 2358 2358 2357 2357 2357 2331 2331 2331 2332 2332 2332 2359 2359 2359 2331 2331 2331 2359 2359 2359 2358 2358 2358 2332 2332 2332 2333 2333 2333 2360 2360 2360 2332 2332 2332 2360 2360 2360 2359 2359 2359 2333 2333 2333 2334 2334 2334 2361 2361 2361 2333 2333 2333 2361 2361 2361 2360 2360 2360 2334 2334 2334 2335 2335 2335 2362 2362 2362 2334 2334 2334 2362 2362 2362 2361 2361 2361 2335 2335 2335 2336 2336 2336 2363 2363 2363 2335 2335 2335 2363 2363 2363 2362 2362 2362 2336 2336 2336 2337 2337 2337 2364 2364 2364 2336 2336 2336 2364 2364 2364 2363 2363 2363 2337 2337 2337 2338 2338 2338 2365 2365 2365 2337 2337 2337 2365 2365 2365 2364 2364 2364 2338 2338 2338 2339 2339 2339 2366 2366 2366 2338 2338 2338 2366 2366 2366 2365 2365 2365 2339 2339 2339 2340 2340 2340 2367 2367 2367 2339 2339 2339 2367 2367 2367 2366 2366 2366 2340 2340 2340 2341 2341 2341 2368 2368 2368 2340 2340 2340 2368 2368 2368 2367 2367 2367 2341 2341 2341 2342 2342 2342 2369 2369 2369 2341 2341 2341 2369 2369 2369 2368 2368 2368 2342 2342 2342 2343 2343 2343 2370 2370 2370 2342 2342 2342 2370 2370 2370 2369 2369 2369 2343 2343 2343 2344 2344 2344 2371 2371 2371 2343 2343 2343 2371 2371 2371 2370 2370 2370 2344 2344 2344 2345 2345 2345 2372 2372 2372 2344 2344 2344 2372 2372 2372 2371 2371 2371 2346 2346 2346 2347 2347 2347 2374 2374 2374 2346 2346 2346 2374 2374 2374 2373 2373 2373 2347 2347 2347 2348 2348 2348 2375 2375 2375 2347 2347 2347 2375 2375 2375 2374 2374 2374 2348 2348 2348 2349 2349 2349 2376 2376 2376 2348 2348 2348 2376 2376 2376 2375 2375 2375 2349 2349 2349 2350 2350 2350 2377 2377 2377 2349 2349 2349 2377 2377 2377 2376 2376 2376 2350 2350 2350 2351 2351 2351 2378 2378 2378 2350 2350 2350 2378 2378 2378 2377 2377 2377 2351 2351 2351 2352 2352 2352 2379 2379 2379 2351 2351 2351 2379 2379 2379 2378 2378 2378 2352 2352 2352 2353 2353 2353 2380 2380 2380 2352 2352 2352 2380 2380 2380 2379 2379 2379 2353 2353 2353 2354 2354 2354 2381 2381 2381 2353 2353 2353 2381 2381 2381 2380 2380 2380 2354 2354 2354 2355 2355 2355 2382 2382 2382 2354 2354 2354 2382 2382 2382 2381 2381 2381 2355 2355 2355 2356 2356 2356 2383 2383 2383 2355 2355 2355 2383 2383 2383 2382 2382 2382 2356 2356 2356 2357 2357 2357 2384 2384 2384 2356 2356 2356 2384 2384 2384 2383 2383 2383 2357 2357 2357 2358 2358 2358 2385 2385 2385 2357 2357 2357 2385 2385 2385 2384 2384 2384 2358 2358 2358 2359 2359 2359 2386 2386 2386 2358 2358 2358 2386 2386 2386 2385 2385 2385 2359 2359 2359 2360 2360 2360 2387 2387 2387 2359 2359 2359 2387 2387 2387 2386 2386 2386 2360 2360 2360 2361 2361 2361 2388 2388 2388 2360 2360 2360 2388 2388 2388 2387 2387 2387 2361 2361 2361 2362 2362 2362 2389 2389 2389 2361 2361 2361 2389 2389 2389 2388 2388 2388 2362 2362 2362 2363 2363 2363 2390 2390 2390 2362 2362 2362 2390 2390 2390 2389 2389 2389 2363 2363 2363 2364 2364 2364 2391 2391 2391 2363 2363 2363 2391 2391 2391 2390 2390 2390 2364 2364 2364 2365 2365 2365 2392 2392 2392 2364 2364 2364 2392 2392 2392 2391 2391 2391 2365 2365 2365 2366 2366 2366 2393 2393 2393 2365 2365 2365 2393 2393 2393 2392 2392 2392 2366 2366 2366 2367 2367 2367 2394 2394 2394 2366 2366 2366 2394 2394 2394 2393 2393 2393 2367 2367 2367 2368 2368 2368 2395 2395 2395 2367 2367 2367 2395 2395 2395 2394 2394 2394 2368 2368 2368 2369 2369 2369 2396 2396 2396 2368 2368 2368 2396 2396 2396 2395 2395 2395 2369 2369 2369 2370 2370 2370 2397 2397 2397 2369 2369 2369 2397 2397 2397 2396 2396 2396 2370 2370 2370 2371 2371 2371 2398 2398 2398 2370 2370 2370 2398 2398 2398 2397 2397 2397 2371 2371 2371 2372 2372 2372 2399 2399 2399 2371 2371 2371 2399 2399 2399 2398 2398 2398 2373 2373 2373 2374 2374 2374 2401 2401 2401 2373 2373 2373 2401 2401 2401 2400 2400 2400 2374 2374 2374 2375 2375 2375 2402 2402 2402 2374 2374 2374 2402 2402 2402 2401 2401 2401 2375 2375 2375 2376 2376 2376 2403 2403 2403 2375 2375 2375 2403 2403 2403 2402 2402 2402 2376 2376 2376 2377 2377 2377 2404 2404 2404 2376 2376 2376 2404 2404 2404 2403 2403 2403 2377 2377 2377 2378 2378 2378 2405 2405 2405 2377 2377 2377 2405 2405 2405 2404 2404 2404 2378 2378 2378 2379 2379 2379 2406 2406 2406 2378 2378 2378 2406 2406 2406 2405 2405 2405 2379 2379 2379 2380 2380 2380 2407 2407 2407 2379 2379 2379 2407 2407 2407 2406 2406 2406 2380 2380 2380 2381 2381 2381 2408 2408 2408 2380 2380 2380 2408 2408 2408 2407 2407 2407 2381 2381 2381 2382 2382 2382 2409 2409 2409 2381 2381 2381 2409 2409 2409 2408 2408 2408 2382 2382 2382 2383 2383 2383 2410 2410 2410 2382 2382 2382 2410 2410 2410 2409 2409 2409 2383 2383 2383 2384 2384 2384 2411 2411 2411 2383 2383 2383 2411 2411 2411 2410 2410 2410 2384 2384 2384 2385 2385 2385 2412 2412 2412 2384 2384 2384 2412 2412 2412 2411 2411 2411 2385 2385 2385 2386 2386 2386 2413 2413 2413 2385 2385 2385 2413 2413 2413 2412 2412 2412 2386 2386 2386 2387 2387 2387 2414 2414 2414 2386 2386 2386 2414 2414 2414 2413 2413 2413 2387 2387 2387 2388 2388 2388 2415 2415 2415 2387 2387 2387 2415 2415 2415 2414 2414 2414 2388 2388 2388 2389 2389 2389 2416 2416 2416 2388 2388 2388 2416 2416 2416 2415 2415 2415 2389 2389 2389 2390 2390 2390 2417 2417 2417 2389 2389 2389 2417 2417 2417 2416 2416 2416 2390 2390 2390 2391 2391 2391 2418 2418 2418 2390 2390 2390 2418 2418 2418 2417 2417 2417 2391 2391 2391 2392 2392 2392 2419 2419 2419 2391 2391 2391 2419 2419 2419 2418 2418 2418 2392 2392 2392 2393 2393 2393 2420 2420 2420 2392 2392 2392 2420 2420 2420 2419 2419 2419 2393 2393 2393 2394 2394 2394 2421 2421 2421 2393 2393 2393 2421 2421 2421 2420 2420 2420 2394 2394 2394 2395 2395 2395 2422 2422 2422 2394 2394 2394 2422 2422 2422 2421 2421 2421 2395 2395 2395 2396 2396 2396 2423 2423 2423 2395 2395 2395 2423 2423 2423 2422 2422 2422 2396 2396 2396 2397 2397 2397 2424 2424 2424 2396 2396 2396 2424 2424 2424 2423 2423 2423 2397 2397 2397 2398 2398 2398 2425 2425 2425 2397 2397 2397 2425 2425 2425 2424 2424 2424 2398 2398 2398 2399 2399 2399 2426 2426 2426 2398 2398 2398 2426 2426 2426 2425 2425 2425 2400 2400 2400 2401 2401 2401 2428 2428 2428 2400 2400 2400 2428 2428 2428 2427 2427 2427 2401 2401 2401 2402 2402 2402 2429 2429 2429 2401 2401 2401 2429 2429 2429 2428 2428 2428 2402 2402 2402 2403 2403 2403 2430 2430 2430 2402 2402 2402 2430 2430 2430 2429 2429 2429 2403 2403 2403 2404 2404 2404 2431 2431 2431 2403 2403 2403 2431 2431 2431 2430 2430 2430 2404 2404 2404 2405 2405 2405 2432 2432 2432 2404 2404 2404 2432 2432 2432 2431 2431 2431 2405 2405 2405 2406 2406 2406 2433 2433 2433 2405 2405 2405 2433 2433 2433 2432 2432 2432 2406 2406 2406 2407 2407 2407 2434 2434 2434 2406 2406 2406 2434 2434 2434 2433 2433 2433 2407 2407 2407 2408 2408 2408 2435 2435 2435 2407 2407 2407 2435 2435 2435 2434 2434 2434 2408 2408 2408 2409 2409 2409 2436 2436 2436 2408 2408 2408 2436 2436 2436 2435 2435 2435 2409 2409 2409 2410 2410 2410 2437 2437 2437 2409 2409 2409 2437 2437 2437 2436 2436 2436 2410 2410 2410 2411 2411 2411 2438 2438 2438 2410 2410 2410 2438 2438 2438 2437 2437 2437 2411 2411 2411 2412 2412 2412 2439 2439 2439 2411 2411 2411 2439 2439 2439 2438 2438 2438 2412 2412 2412 2413 2413 2413 2440 2440 2440 2412 2412 2412 2440 2440 2440 2439 2439 2439 2413 2413 2413 2414 2414 2414 2441 2441 2441 2413 2413 2413 2441 2441 2441 2440 2440 2440 2414 2414 2414 2415 2415 2415 2442 2442 2442 2414 2414 2414 2442 2442 2442 2441 2441 2441 2415 2415 2415 2416 2416 2416 2443 2443 2443 2415 2415 2415 2443 2443 2443 2442 2442 2442 2416 2416 2416 2417 2417 2417 2444 2444 2444 2416 2416 2416 2444 2444 2444 2443 2443 2443 2417 2417 2417 2418 2418 2418 2445 2445 2445 2417 2417 2417 2445 2445 2445 2444 2444 2444 2418 2418 2418 2419 2419 2419 2446 2446 2446 2418 2418 2418 2446 2446 2446 2445 2445 2445 2419 2419 2419 2420 2420 2420 2447 2447 2447 2419 2419 2419 2447 2447 2447 2446 2446 2446 2420 2420 2420 2421 2421 2421 2448 2448 2448 2420 2420 2420 2448 2448 2448 2447 2447 2447 2421 2421 2421 2422 2422 2422 2449 2449 2449 2421 2421 2421 2449 2449 2449 2448 2448 2448 2422 2422 2422 2423 2423 2423 2450 2450 2450 2422 2422 2422 2450 2450 2450 2449 2449 2449 2423 2423 2423 2424 2424 2424 2451 2451 2451 2423 2423 2423 2451 2451 2451 2450 2450 2450 2424 2424 2424 2425 2425 2425 2452 2452 2452 2424 2424 2424 2452 2452 2452 2451 2451 2451 2425 2425 2425 2426 2426 2426 2453 2453 2453 2425 2425 2425 2453 2453 2453 2452 2452 2452 2427 2427 2427 2428 2428 2428 2455 2455 2455 2427 2427 2427 2455 2455 2455 2454 2454 2454 2428 2428 2428 2429 2429 2429 2456 2456 2456 2428 2428 2428 2456 2456 2456 2455 2455 2455 2429 2429 2429 2430 2430 2430 2457 2457 2457 2429 2429 2429 2457 2457 2457 2456 2456 2456 2430 2430 2430 2431 2431 2431 2458 2458 2458 2430 2430 2430 2458 2458 2458 2457 2457 2457 2431 2431 2431 2432 2432 2432 2459 2459 2459 2431 2431 2431 2459 2459 2459 2458 2458 2458 2432 2432 2432 2433 2433 2433 2460 2460 2460 2432 2432 2432 2460 2460 2460 2459 2459 2459 2433 2433 2433 2434 2434 2434 2461 2461 2461 2433 2433 2433 2461 2461 2461 2460 2460 2460 2434 2434 2434 2435 2435 2435 2462 2462 2462 2434 2434 2434 2462 2462 2462 2461 2461 2461 2435 2435 2435 2436 2436 2436 2463 2463 2463 2435 2435 2435 2463 2463 2463 2462 2462 2462 2436 2436 2436 2437 2437 2437 2464 2464 2464 2436 2436 2436 2464 2464 2464 2463 2463 2463 2437 2437 2437 2438 2438 2438 2465 2465 2465 2437 2437 2437 2465 2465 2465 2464 2464 2464 2438 2438 2438 2439 2439 2439 2466 2466 2466 2438 2438 2438 2466 2466 2466 2465 2465 2465 2439 2439 2439 2440 2440 2440 2467 2467 2467 2439 2439 2439 2467 2467 2467 2466 2466 2466 2440 2440 2440 2441 2441 2441 2468 2468 2468 2440 2440 2440 2468 2468 2468 2467 2467 2467 2441 2441 2441 2442 2442 2442 2469 2469 2469 2441 2441 2441 2469 2469 2469 2468 2468 2468 2442 2442 2442 2443 2443 2443 2470 2470 2470 2442 2442 2442 2470 2470 2470 2469 2469 2469 2443 2443 2443 2444 2444 2444 2471 2471 2471 2443 2443 2443 2471 2471 2471 2470 2470 2470 2444 2444 2444 2445 2445 2445 2472 2472 2472 2444 2444 2444 2472 2472 2472 2471 2471 2471 2445 2445 2445 2446 2446 2446 2473 2473 2473 2445 2445 2445 2473 2473 2473 2472 2472 2472 2446 2446 2446 2447 2447 2447 2474 2474 2474 2446 2446 2446 2474 2474 2474 2473 2473 2473 2447 2447 2447 2448 2448 2448 2475 2475 2475 2447 2447 2447 2475 2475 2475 2474 2474 2474 2448 2448 2448 2449 2449 2449 2476 2476 2476 2448 2448 2448 2476 2476 2476 2475 2475 2475 2449 2449 2449 2450 2450 2450 2477 2477 2477 2449 2449 2449 2477 2477 2477 2476 2476 2476 2450 2450 2450 2451 2451 2451 2478 2478 2478 2450 2450 2450 2478 2478 2478 2477 2477 2477 2451 2451 2451 2452 2452 2452 2479 2479 2479 2451 2451 2451 2479 2479 2479 2478 2478 2478 2452 2452 2452 2453 2453 2453 2480 2480 2480 2452 2452 2452 2480 2480 2480 2479 2479 2479 2454 2454 2454 2455 2455 2455 2482 2482 2482 2454 2454 2454 2482 2482 2482 2481 2481 2481 2455 2455 2455 2456 2456 2456 2483 2483 2483 2455 2455 2455 2483 2483 2483 2482 2482 2482 2456 2456 2456 2457 2457 2457 2484 2484 2484 2456 2456 2456 2484 2484 2484 2483 2483 2483 2457 2457 2457 2458 2458 2458 2485 2485 2485 2457 2457 2457 2485 2485 2485 2484 2484 2484 2458 2458 2458 2459 2459 2459 2486 2486 2486 2458 2458 2458 2486 2486 2486 2485 2485 2485 2459 2459 2459 2460 2460 2460 2487 2487 2487 2459 2459 2459 2487 2487 2487 2486 2486 2486 2460 2460 2460 2461 2461 2461 2488 2488 2488 2460 2460 2460 2488 2488 2488 2487 2487 2487 2461 2461 2461 2462 2462 2462 2489 2489 2489 2461 2461 2461 2489 2489 2489 2488 2488 2488 2462 2462 2462 2463 2463 2463 2490 2490 2490 2462 2462 2462 2490 2490 2490 2489 2489 2489 2463 2463 2463 2464 2464 2464 2491 2491 2491 2463 2463 2463 2491 2491 2491 2490 2490 2490 2464 2464 2464 2465 2465 2465 2492 2492 2492 2464 2464 2464 2492 2492 2492 2491 2491 2491 2465 2465 2465 2466 2466 2466 2493 2493 2493 2465 2465 2465 2493 2493 2493 2492 2492 2492 2466 2466 2466 2467 2467 2467 2494 2494 2494 2466 2466 2466 2494 2494 2494 2493 2493 2493 2467 2467 2467 2468 2468 2468 2495 2495 2495 2467 2467 2467 2495 2495 2495 2494 2494 2494 2468 2468 2468 2469 2469 2469 2496 2496 2496 2468 2468 2468 2496 2496 2496 2495 2495 2495 2469 2469 2469 2470 2470 2470 2497 2497 2497 2469 2469 2469 2497 2497 2497 2496 2496 2496 2470 2470 2470 2471 2471 2471 2498 2498 2498 2470 2470 2470 2498 2498 2498 2497 2497 2497 2471 2471 2471 2472 2472 2472 2499 2499 2499 2471 2471 2471 2499 2499 2499 2498 2498 2498 2472 2472 2472 2473 2473 2473 2500 2500 2500 2472 2472 2472 2500 2500 2500 2499 2499 2499 2473 2473 2473 2474 2474 2474 2501 2501 2501 2473 2473 2473 2501 2501 2501 2500 2500 2500 2474 2474 2474 2475 2475 2475 2502 2502 2502 2474 2474 2474 2502 2502 2502 2501 2501 2501 2475 2475 2475 2476 2476 2476 2503 2503 2503 2475 2475 2475 2503 2503 2503 2502 2502 2502 2476 2476 2476 2477 2477 2477 2504 2504 2504 2476 2476 2476 2504 2504 2504 2503 2503 2503 2477 2477 2477 2478 2478 2478 2505 2505 2505 2477 2477 2477 2505 2505 2505 2504 2504 2504 2478 2478 2478 2479 2479 2479 2506 2506 2506 2478 2478 2478 2506 2506 2506 2505 2505 2505 2479 2479 2479 2480 2480 2480 2507 2507 2507 2479 2479 2479 2507 2507 2507 2506 2506 2506 2481 2481 2481 2482 2482 2482 2509 2509 2509 2481 2481 2481 2509 2509 2509 2508 2508 2508 2482 2482 2482 2483 2483 2483 2510 2510 2510 2482 2482 2482 2510 2510 2510 2509 2509 2509 2483 2483 2483 2484 2484 2484 2511 2511 2511 2483 2483 2483 2511 2511 2511 2510 2510 2510 2484 2484 2484 2485 2485 2485 2512 2512 2512 2484 2484 2484 2512 2512 2512 2511 2511 2511 2485 2485 2485 2486 2486 2486 2513 2513 2513 2485 2485 2485 2513 2513 2513 2512 2512 2512 2486 2486 2486 2487 2487 2487 2514 2514 2514 2486 2486 2486 2514 2514 2514 2513 2513 2513 2487 2487 2487 2488 2488 2488 2515 2515 2515 2487 2487 2487 2515 2515 2515 2514 2514 2514 2488 2488 2488 2489 2489 2489 2516 2516 2516 2488 2488 2488 2516 2516 2516 2515 2515 2515 2489 2489 2489 2490 2490 2490 2517 2517 2517 2489 2489 2489 2517 2517 2517 2516 2516 2516 2490 2490 2490 2491 2491 2491 2518 2518 2518 2490 2490 2490 2518 2518 2518 2517 2517 2517 2491 2491 2491 2492 2492 2492 2519 2519 2519 2491 2491 2491 2519 2519 2519 2518 2518 2518 2492 2492 2492 2493 2493 2493 2520 2520 2520 2492 2492 2492 2520 2520 2520 2519 2519 2519 2493 2493 2493 2494 2494 2494 2521 2521 2521 2493 2493 2493 2521 2521 2521 2520 2520 2520 2494 2494 2494 2495 2495 2495 2522 2522 2522 2494 2494 2494 2522 2522 2522 2521 2521 2521 2495 2495 2495 2496 2496 2496 2523 2523 2523 2495 2495 2495 2523 2523 2523 2522 2522 2522 2496 2496 2496 2497 2497 2497 2524 2524 2524 2496 2496 2496 2524 2524 2524 2523 2523 2523 2497 2497 2497 2498 2498 2498 2525 2525 2525 2497 2497 2497 2525 2525 2525 2524 2524 2524 2498 2498 2498 2499 2499 2499 2526 2526 2526 2498 2498 2498 2526 2526 2526 2525 2525 2525 2499 2499 2499 2500 2500 2500 2527 2527 2527 2499 2499 2499 2527 2527 2527 2526 2526 2526 2500 2500 2500 2501 2501 2501 2528 2528 2528 2500 2500 2500 2528 2528 2528 2527 2527 2527 2501 2501 2501 2502 2502 2502 2529 2529 2529 2501 2501 2501 2529 2529 2529 2528 2528 2528 2502 2502 2502 2503 2503 2503 2530 2530 2530 2502 2502 2502 2530 2530 2530 2529 2529 2529 2503 2503 2503 2504 2504 2504 2531 2531 2531 2503 2503 2503 2531 2531 2531 2530 2530 2530 2504 2504 2504 2505 2505 2505 2532 2532 2532 2504 2504 2504 2532 2532 2532 2531 2531 2531 2505 2505 2505 2506 2506 2506 2533 2533 2533 2505 2505 2505 2533 2533 2533 2532 2532 2532 2506 2506 2506 2507 2507 2507 2534 2534 2534 2506 2506 2506 2534 2534 2534 2533 2533 2533 2508 2508 2508 2509 2509 2509 2536 2536 2536 2508 2508 2508 2536 2536 2536 2535 2535 2535 2509 2509 2509 2510 2510 2510 2537 2537 2537 2509 2509 2509 2537 2537 2537 2536 2536 2536 2510 2510 2510 2511 2511 2511 2538 2538 2538 2510 2510 2510 2538 2538 2538 2537 2537 2537 2511 2511 2511 2512 2512 2512 2539 2539 2539 2511 2511 2511 2539 2539 2539 2538 2538 2538 2512 2512 2512 2513 2513 2513 2540 2540 2540 2512 2512 2512 2540 2540 2540 2539 2539 2539 2513 2513 2513 2514 2514 2514 2541 2541 2541 2513 2513 2513 2541 2541 2541 2540 2540 2540 2514 2514 2514 2515 2515 2515 2542 2542 2542 2514 2514 2514 2542 2542 2542 2541 2541 2541 2515 2515 2515 2516 2516 2516 2543 2543 2543 2515 2515 2515 2543 2543 2543 2542 2542 2542 2516 2516 2516 2517 2517 2517 2544 2544 2544 2516 2516 2516 2544 2544 2544 2543 2543 2543 2517 2517 2517 2518 2518 2518 2545 2545 2545 2517 2517 2517 2545 2545 2545 2544 2544 2544 2518 2518 2518 2519 2519 2519 2546 2546 2546 2518 2518 2518 2546 2546 2546 2545 2545 2545 2519 2519 2519 2520 2520 2520 2547 2547 2547 2519 2519 2519 2547 2547 2547 2546 2546 2546 2520 2520 2520 2521 2521 2521 2548 2548 2548 2520 2520 2520 2548 2548 2548 2547 2547 2547 2521 2521 2521 2522 2522 2522 2549 2549 2549 2521 2521 2521 2549 2549 2549 2548 2548 2548 2522 2522 2522 2523 2523 2523 2550 2550 2550 2522 2522 2522 2550 2550 2550 2549 2549 2549 2523 2523 2523 2524 2524 2524 2551 2551 2551 2523 2523 2523 2551 2551 2551 2550 2550 2550 2524 2524 2524 2525 2525 2525 2552 2552 2552 2524 2524 2524 2552 2552 2552 2551 2551 2551 2525 2525 2525 2526 2526 2526 2553 2553 2553 2525 2525 2525 2553 2553 2553 2552 2552 2552 2526 2526 2526 2527 2527 2527 2554 2554 2554 2526 2526 2526 2554 2554 2554 2553 2553 2553 2527 2527 2527 2528 2528 2528 2555 2555 2555 2527 2527 2527 2555 2555 2555 2554 2554 2554 2528 2528 2528 2529 2529 2529 2556 2556 2556 2528 2528 2528 2556 2556 2556 2555 2555 2555 2529 2529 2529 2530 2530 2530 2557 2557 2557 2529 2529 2529 2557 2557 2557 2556 2556 2556 2530 2530 2530 2531 2531 2531 2558 2558 2558 2530 2530 2530 2558 2558 2558 2557 2557 2557 2531 2531 2531 2532 2532 2532 2559 2559 2559 2531 2531 2531 2559 2559 2559 2558 2558 2558 2532 2532 2532 2533 2533 2533 2560 2560 2560 2532 2532 2532 2560 2560 2560 2559 2559 2559 2533 2533 2533 2534 2534 2534 2561 2561 2561 2533 2533 2533 2561 2561 2561 2560 2560 2560 2535 2535 2535 2536 2536 2536 2563 2563 2563 2535 2535 2535 2563 2563 2563 2562 2562 2562 2536 2536 2536 2537 2537 2537 2564 2564 2564 2536 2536 2536 2564 2564 2564 2563 2563 2563 2537 2537 2537 2538 2538 2538 2565 2565 2565 2537 2537 2537 2565 2565 2565 2564 2564 2564 2538 2538 2538 2539 2539 2539 2566 2566 2566 2538 2538 2538 2566 2566 2566 2565 2565 2565 2539 2539 2539 2540 2540 2540 2567 2567 2567 2539 2539 2539 2567 2567 2567 2566 2566 2566 2540 2540 2540 2541 2541 2541 2568 2568 2568 2540 2540 2540 2568 2568 2568 2567 2567 2567 2541 2541 2541 2542 2542 2542 2569 2569 2569 2541 2541 2541 2569 2569 2569 2568 2568 2568 2542 2542 2542 2543 2543 2543 2570 2570 2570 2542 2542 2542 2570 2570 2570 2569 2569 2569 2543 2543 2543 2544 2544 2544 2571 2571 2571 2543 2543 2543 2571 2571 2571 2570 2570 2570 2544 2544 2544 2545 2545 2545 2572 2572 2572 2544 2544 2544 2572 2572 2572 2571 2571 2571 2545 2545 2545 2546 2546 2546 2573 2573 2573 2545 2545 2545 2573 2573 2573 2572 2572 2572 2546 2546 2546 2547 2547 2547 2574 2574 2574 2546 2546 2546 2574 2574 2574 2573 2573 2573 2547 2547 2547 2548 2548 2548 2575 2575 2575 2547 2547 2547 2575 2575 2575 2574 2574 2574 2548 2548 2548 2549 2549 2549 2576 2576 2576 2548 2548 2548 2576 2576 2576 2575 2575 2575 2549 2549 2549 2550 2550 2550 2577 2577 2577 2549 2549 2549 2577 2577 2577 2576 2576 2576 2550 2550 2550 2551 2551 2551 2578 2578 2578 2550 2550 2550 2578 2578 2578 2577 2577 2577 2551 2551 2551 2552 2552 2552 2579 2579 2579 2551 2551 2551 2579 2579 2579 2578 2578 2578 2552 2552 2552 2553 2553 2553 2580 2580 2580 2552 2552 2552 2580 2580 2580 2579 2579 2579 2553 2553 2553 2554 2554 2554 2581 2581 2581 2553 2553 2553 2581 2581 2581 2580 2580 2580 2554 2554 2554 2555 2555 2555 2582 2582 2582 2554 2554 2554 2582 2582 2582 2581 2581 2581 2555 2555 2555 2556 2556 2556 2583 2583 2583 2555 2555 2555 2583 2583 2583 2582 2582 2582 2556 2556 2556 2557 2557 2557 2584 2584 2584 2556 2556 2556 2584 2584 2584 2583 2583 2583 2557 2557 2557 2558 2558 2558 2585 2585 2585 2557 2557 2557 2585 2585 2585 2584 2584 2584 2558 2558 2558 2559 2559 2559 2586 2586 2586 2558 2558 2558 2586 2586 2586 2585 2585 2585 2559 2559 2559 2560 2560 2560 2587 2587 2587 2559 2559 2559 2587 2587 2587 2586 2586 2586 2560 2560 2560 2561 2561 2561 2588 2588 2588 2560 2560 2560 2588 2588 2588 2587 2587 2587 2562 2562 2562 2563 2563 2563 2590 2590 2590 2562 2562 2562 2590 2590 2590 2589 2589 2589 2563 2563 2563 2564 2564 2564 2591 2591 2591 2563 2563 2563 2591 2591 2591 2590 2590 2590 2564 2564 2564 2565 2565 2565 2592 2592 2592 2564 2564 2564 2592 2592 2592 2591 2591 2591 2565 2565 2565 2566 2566 2566 2593 2593 2593 2565 2565 2565 2593 2593 2593 2592 2592 2592 2566 2566 2566 2567 2567 2567 2594 2594 2594 2566 2566 2566 2594 2594 2594 2593 2593 2593 2567 2567 2567 2568 2568 2568 2595 2595 2595 2567 2567 2567 2595 2595 2595 2594 2594 2594 2568 2568 2568 2569 2569 2569 2596 2596 2596 2568 2568 2568 2596 2596 2596 2595 2595 2595 2569 2569 2569 2570 2570 2570 2597 2597 2597 2569 2569 2569 2597 2597 2597 2596 2596 2596 2570 2570 2570 2571 2571 2571 2598 2598 2598 2570 2570 2570 2598 2598 2598 2597 2597 2597 2571 2571 2571 2572 2572 2572 2599 2599 2599 2571 2571 2571 2599 2599 2599 2598 2598 2598 2572 2572 2572 2573 2573 2573 2600 2600 2600 2572 2572 2572 2600 2600 2600 2599 2599 2599 2573 2573 2573 2574 2574 2574 2601 2601 2601 2573 2573 2573 2601 2601 2601 2600 2600 2600 2574 2574 2574 2575 2575 2575 2602 2602 2602 2574 2574 2574 2602 2602 2602 2601 2601 2601 2575 2575 2575 2576 2576 2576 2603 2603 2603 2575 2575 2575 2603 2603 2603 2602 2602 2602 2576 2576 2576 2577 2577 2577 2604 2604 2604 2576 2576 2576 2604 2604 2604 2603 2603 2603 2577 2577 2577 2578 2578 2578 2605 2605 2605 2577 2577 2577 2605 2605 2605 2604 2604 2604 2578 2578 2578 2579 2579 2579 2606 2606 2606 2578 2578 2578 2606 2606 2606 2605 2605 2605 2579 2579 2579 2580 2580 2580 2607 2607 2607 2579 2579 2579 2607 2607 2607 2606 2606 2606 2580 2580 2580 2581 2581 2581 2608 2608 2608 2580 2580 2580 2608 2608 2608 2607 2607 2607 2581 2581 2581 2582 2582 2582 2609 2609 2609 2581 2581 2581 2609 2609 2609 2608 2608 2608 2582 2582 2582 2583 2583 2583 2610 2610 2610 2582 2582 2582 2610 2610 2610 2609 2609 2609 2583 2583 2583 2584 2584 2584 2611 2611 2611 2583 2583 2583 2611 2611 2611 2610 2610 2610 2584 2584 2584 2585 2585 2585 2612 2612 2612 2584 2584 2584 2612 2612 2612 2611 2611 2611 2585 2585 2585 2586 2586 2586 2613 2613 2613 2585 2585 2585 2613 2613 2613 2612 2612 2612 2586 2586 2586 2587 2587 2587 2614 2614 2614 2586 2586 2586 2614 2614 2614 2613 2613 2613 2587 2587 2587 2588 2588 2588 2615 2615 2615 2587 2587 2587 2615 2615 2615 2614 2614 2614 2616 2616 2616 2617 2617 2617 2640 2640 2640 2616 2616 2616 2640 2640 2640 2639 2639 2639 2617 2617 2617 2618 2618 2618 2641 2641 2641 2617 2617 2617 2641 2641 2641 2640 2640 2640 2618 2618 2618 2619 2619 2619 2642 2642 2642 2618 2618 2618 2642 2642 2642 2641 2641 2641 2619 2619 2619 2620 2620 2620 2643 2643 2643 2619 2619 2619 2643 2643 2643 2642 2642 2642 2620 2620 2620 2621 2621 2621 2644 2644 2644 2620 2620 2620 2644 2644 2644 2643 2643 2643 2621 2621 2621 2622 2622 2622 2645 2645 2645 2621 2621 2621 2645 2645 2645 2644 2644 2644 2622 2622 2622 2623 2623 2623 2646 2646 2646 2622 2622 2622 2646 2646 2646 2645 2645 2645 2623 2623 2623 2624 2624 2624 2647 2647 2647 2623 2623 2623 2647 2647 2647 2646 2646 2646 2624 2624 2624 2625 2625 2625 2648 2648 2648 2624 2624 2624 2648 2648 2648 2647 2647 2647 2625 2625 2625 2626 2626 2626 2649 2649 2649 2625 2625 2625 2649 2649 2649 2648 2648 2648 2626 2626 2626 2627 2627 2627 2650 2650 2650 2626 2626 2626 2650 2650 2650 2649 2649 2649 2627 2627 2627 2628 2628 2628 2651 2651 2651 2627 2627 2627 2651 2651 2651 2650 2650 2650 2628 2628 2628 2629 2629 2629 2652 2652 2652 2628 2628 2628 2652 2652 2652 2651 2651 2651 2629 2629 2629 2630 2630 2630 2653 2653 2653 2629 2629 2629 2653 2653 2653 2652 2652 2652 2630 2630 2630 2631 2631 2631 2654 2654 2654 2630 2630 2630 2654 2654 2654 2653 2653 2653 2631 2631 2631 2632 2632 2632 2655 2655 2655 2631 2631 2631 2655 2655 2655 2654 2654 2654 2632 2632 2632 2633 2633 2633 2656 2656 2656 2632 2632 2632 2656 2656 2656 2655 2655 2655 2633 2633 2633 2634 2634 2634 2657 2657 2657 2633 2633 2633 2657 2657 2657 2656 2656 2656 2634 2634 2634 2635 2635 2635 2658 2658 2658 2634 2634 2634 2658 2658 2658 2657 2657 2657 2635 2635 2635 2636 2636 2636 2659 2659 2659 2635 2635 2635 2659 2659 2659 2658 2658 2658 2636 2636 2636 2637 2637 2637 2660 2660 2660 2636 2636 2636 2660 2660 2660 2659 2659 2659 2637 2637 2637 2638 2638 2638 2661 2661 2661 2637 2637 2637 2661 2661 2661 2660 2660 2660 2639 2639 2639 2640 2640 2640 2663 2663 2663 2639 2639 2639 2663 2663 2663 2662 2662 2662 2640 2640 2640 2641 2641 2641 2664 2664 2664 2640 2640 2640 2664 2664 2664 2663 2663 2663 2641 2641 2641 2642 2642 2642 2665 2665 2665 2641 2641 2641 2665 2665 2665 2664 2664 2664 2642 2642 2642 2643 2643 2643 2666 2666 2666 2642 2642 2642 2666 2666 2666 2665 2665 2665 2643 2643 2643 2644 2644 2644 2667 2667 2667 2643 2643 2643 2667 2667 2667 2666 2666 2666 2644 2644 2644 2645 2645 2645 2668 2668 2668 2644 2644 2644 2668 2668 2668 2667 2667 2667 2645 2645 2645 2646 2646 2646 2669 2669 2669 2645 2645 2645 2669 2669 2669 2668 2668 2668 2646 2646 2646 2647 2647 2647 2670 2670 2670 2646 2646 2646 2670 2670 2670 2669 2669 2669 2647 2647 2647 2648 2648 2648 2671 2671 2671 2647 2647 2647 2671 2671 2671 2670 2670 2670 2648 2648 2648 2649 2649 2649 2672 2672 2672 2648 2648 2648 2672 2672 2672 2671 2671 2671 2649 2649 2649 2650 2650 2650 2673 2673 2673 2649 2649 2649 2673 2673 2673 2672 2672 2672 2650 2650 2650 2651 2651 2651 2674 2674 2674 2650 2650 2650 2674 2674 2674 2673 2673 2673 2651 2651 2651 2652 2652 2652 2675 2675 2675 2651 2651 2651 2675 2675 2675 2674 2674 2674 2652 2652 2652 2653 2653 2653 2676 2676 2676 2652 2652 2652 2676 2676 2676 2675 2675 2675 2653 2653 2653 2654 2654 2654 2677 2677 2677 2653 2653 2653 2677 2677 2677 2676 2676 2676 2654 2654 2654 2655 2655 2655 2678 2678 2678 2654 2654 2654 2678 2678 2678 2677 2677 2677 2655 2655 2655 2656 2656 2656 2679 2679 2679 2655 2655 2655 2679 2679 2679 2678 2678 2678 2656 2656 2656 2657 2657 2657 2680 2680 2680 2656 2656 2656 2680 2680 2680 2679 2679 2679 2657 2657 2657 2658 2658 2658 2681 2681 2681 2657 2657 2657 2681 2681 2681 2680 2680 2680 2658 2658 2658 2659 2659 2659 2682 2682 2682 2658 2658 2658 2682 2682 2682 2681 2681 2681 2659 2659 2659 2660 2660 2660 2683 2683 2683 2659 2659 2659 2683 2683 2683 2682 2682 2682 2660 2660 2660 2661 2661 2661 2684 2684 2684 2660 2660 2660 2684 2684 2684 2683 2683 2683 2662 2662 2662 2663 2663 2663 2686 2686 2686 2662 2662 2662 2686 2686 2686 2685 2685 2685 2663 2663 2663 2664 2664 2664 2687 2687 2687 2663 2663 2663 2687 2687 2687 2686 2686 2686 2664 2664 2664 2665 2665 2665 2688 2688 2688 2664 2664 2664 2688 2688 2688 2687 2687 2687 2665 2665 2665 2666 2666 2666 2689 2689 2689 2665 2665 2665 2689 2689 2689 2688 2688 2688 2666 2666 2666 2667 2667 2667 2690 2690 2690 2666 2666 2666 2690 2690 2690 2689 2689 2689 2667 2667 2667 2668 2668 2668 2691 2691 2691 2667 2667 2667 2691 2691 2691 2690 2690 2690 2668 2668 2668 2669 2669 2669 2692 2692 2692 2668 2668 2668 2692 2692 2692 2691 2691 2691 2669 2669 2669 2670 2670 2670 2693 2693 2693 2669 2669 2669 2693 2693 2693 2692 2692 2692 2670 2670 2670 2671 2671 2671 2694 2694 2694 2670 2670 2670 2694 2694 2694 2693 2693 2693 2671 2671 2671 2672 2672 2672 2695 2695 2695 2671 2671 2671 2695 2695 2695 2694 2694 2694 2672 2672 2672 2673 2673 2673 2696 2696 2696 2672 2672 2672 2696 2696 2696 2695 2695 2695 2673 2673 2673 2674 2674 2674 2697 2697 2697 2673 2673 2673 2697 2697 2697 2696 2696 2696 2674 2674 2674 2675 2675 2675 2698 2698 2698 2674 2674 2674 2698 2698 2698 2697 2697 2697 2675 2675 2675 2676 2676 2676 2699 2699 2699 2675 2675 2675 2699 2699 2699 2698 2698 2698 2676 2676 2676 2677 2677 2677 2700 2700 2700 2676 2676 2676 2700 2700 2700 2699 2699 2699 2677 2677 2677 2678 2678 2678 2701 2701 2701 2677 2677 2677 2701 2701 2701 2700 2700 2700 2678 2678 2678 2679 2679 2679 2702 2702 2702 2678 2678 2678 2702 2702 2702 2701 2701 2701 2679 2679 2679 2680 2680 2680 2703 2703 2703 2679 2679 2679 2703 2703 2703 2702 2702 2702 2680 2680 2680 2681 2681 2681 2704 2704 2704 2680 2680 2680 2704 2704 2704 2703 2703 2703 2681 2681 2681 2682 2682 2682 2705 2705 2705 2681 2681 2681 2705 2705 2705 2704 2704 2704 2682 2682 2682 2683 2683 2683 2706 2706 2706 2682 2682 2682 2706 2706 2706 2705 2705 2705 2683 2683 2683 2684 2684 2684 2707 2707 2707 2683 2683 2683 2707 2707 2707 2706 2706 2706 2685 2685 2685 2686 2686 2686 2709 2709 2709 2685 2685 2685 2709 2709 2709 2708 2708 2708 2686 2686 2686 2687 2687 2687 2710 2710 2710 2686 2686 2686 2710 2710 2710 2709 2709 2709 2687 2687 2687 2688 2688 2688 2711 2711 2711 2687 2687 2687 2711 2711 2711 2710 2710 2710 2688 2688 2688 2689 2689 2689 2712 2712 2712 2688 2688 2688 2712 2712 2712 2711 2711 2711 2689 2689 2689 2690 2690 2690 2713 2713 2713 2689 2689 2689 2713 2713 2713 2712 2712 2712 2690 2690 2690 2691 2691 2691 2714 2714 2714 2690 2690 2690 2714 2714 2714 2713 2713 2713 2691 2691 2691 2692 2692 2692 2715 2715 2715 2691 2691 2691 2715 2715 2715 2714 2714 2714 2692 2692 2692 2693 2693 2693 2716 2716 2716 2692 2692 2692 2716 2716 2716 2715 2715 2715 2693 2693 2693 2694 2694 2694 2717 2717 2717 2693 2693 2693 2717 2717 2717 2716 2716 2716 2694 2694 2694 2695 2695 2695 2718 2718 2718 2694 2694 2694 2718 2718 2718 2717 2717 2717 2695 2695 2695 2696 2696 2696 2719 2719 2719 2695 2695 2695 2719 2719 2719 2718 2718 2718 2696 2696 2696 2697 2697 2697 2720 2720 2720 2696 2696 2696 2720 2720 2720 2719 2719 2719 2697 2697 2697 2698 2698 2698 2721 2721 2721 2697 2697 2697 2721 2721 2721 2720 2720 2720 2698 2698 2698 2699 2699 2699 2722 2722 2722 2698 2698 2698 2722 2722 2722 2721 2721 2721 2699 2699 2699 2700 2700 2700 2723 2723 2723 2699 2699 2699 2723 2723 2723 2722 2722 2722 2700 2700 2700 2701 2701 2701 2724 2724 2724 2700 2700 2700 2724 2724 2724 2723 2723 2723 2701 2701 2701 2702 2702 2702 2725 2725 2725 2701 2701 2701 2725 2725 2725 2724 2724 2724 2702 2702 2702 2703 2703 2703 2726 2726 2726 2702 2702 2702 2726 2726 2726 2725 2725 2725 2703 2703 2703 2704 2704 2704 2727 2727 2727 2703 2703 2703 2727 2727 2727 2726 2726 2726 2704 2704 2704 2705 2705 2705 2728 2728 2728 2704 2704 2704 2728 2728 2728 2727 2727 2727 2705 2705 2705 2706 2706 2706 2729 2729 2729 2705 2705 2705 2729 2729 2729 2728 2728 2728 2706 2706 2706 2707 2707 2707 2730 2730 2730 2706 2706 2706 2730 2730 2730 2729 2729 2729 2708 2708 2708 2709 2709 2709 2732 2732 2732 2708 2708 2708 2732 2732 2732 2731 2731 2731 2709 2709 2709 2710 2710 2710 2733 2733 2733 2709 2709 2709 2733 2733 2733 2732 2732 2732 2710 2710 2710 2711 2711 2711 2734 2734 2734 2710 2710 2710 2734 2734 2734 2733 2733 2733 2711 2711 2711 2712 2712 2712 2735 2735 2735 2711 2711 2711 2735 2735 2735 2734 2734 2734 2712 2712 2712 2713 2713 2713 2736 2736 2736 2712 2712 2712 2736 2736 2736 2735 2735 2735 2713 2713 2713 2714 2714 2714 2737 2737 2737 2713 2713 2713 2737 2737 2737 2736 2736 2736 2714 2714 2714 2715 2715 2715 2738 2738 2738 2714 2714 2714 2738 2738 2738 2737 2737 2737 2715 2715 2715 2716 2716 2716 2739 2739 2739 2715 2715 2715 2739 2739 2739 2738 2738 2738 2716 2716 2716 2717 2717 2717 2740 2740 2740 2716 2716 2716 2740 2740 2740 2739 2739 2739 2717 2717 2717 2718 2718 2718 2741 2741 2741 2717 2717 2717 2741 2741 2741 2740 2740 2740 2718 2718 2718 2719 2719 2719 2742 2742 2742 2718 2718 2718 2742 2742 2742 2741 2741 2741 2719 2719 2719 2720 2720 2720 2743 2743 2743 2719 2719 2719 2743 2743 2743 2742 2742 2742 2720 2720 2720 2721 2721 2721 2744 2744 2744 2720 2720 2720 2744 2744 2744 2743 2743 2743 2721 2721 2721 2722 2722 2722 2745 2745 2745 2721 2721 2721 2745 2745 2745 2744 2744 2744 2722 2722 2722 2723 2723 2723 2746 2746 2746 2722 2722 2722 2746 2746 2746 2745 2745 2745 2723 2723 2723 2724 2724 2724 2747 2747 2747 2723 2723 2723 2747 2747 2747 2746 2746 2746 2724 2724 2724 2725 2725 2725 2748 2748 2748 2724 2724 2724 2748 2748 2748 2747 2747 2747 2725 2725 2725 2726 2726 2726 2749 2749 2749 2725 2725 2725 2749 2749 2749 2748 2748 2748 2726 2726 2726 2727 2727 2727 2750 2750 2750 2726 2726 2726 2750 2750 2750 2749 2749 2749 2727 2727 2727 2728 2728 2728 2751 2751 2751 2727 2727 2727 2751 2751 2751 2750 2750 2750 2728 2728 2728 2729 2729 2729 2752 2752 2752 2728 2728 2728 2752 2752 2752 2751 2751 2751 2729 2729 2729 2730 2730 2730 2753 2753 2753 2729 2729 2729 2753 2753 2753 2752 2752 2752 2731 2731 2731 2732 2732 2732 2755 2755 2755 2731 2731 2731 2755 2755 2755 2754 2754 2754 2732 2732 2732 2733 2733 2733 2756 2756 2756 2732 2732 2732 2756 2756 2756 2755 2755 2755 2733 2733 2733 2734 2734 2734 2757 2757 2757 2733 2733 2733 2757 2757 2757 2756 2756 2756 2734 2734 2734 2735 2735 2735 2758 2758 2758 2734 2734 2734 2758 2758 2758 2757 2757 2757 2735 2735 2735 2736 2736 2736 2759 2759 2759 2735 2735 2735 2759 2759 2759 2758 2758 2758 2736 2736 2736 2737 2737 2737 2760 2760 2760 2736 2736 2736 2760 2760 2760 2759 2759 2759 2737 2737 2737 2738 2738 2738 2761 2761 2761 2737 2737 2737 2761 2761 2761 2760 2760 2760 2738 2738 2738 2739 2739 2739 2762 2762 2762 2738 2738 2738 2762 2762 2762 2761 2761 2761 2739 2739 2739 2740 2740 2740 2763 2763 2763 2739 2739 2739 2763 2763 2763 2762 2762 2762 2740 2740 2740 2741 2741 2741 2764 2764 2764 2740 2740 2740 2764 2764 2764 2763 2763 2763 2741 2741 2741 2742 2742 2742 2765 2765 2765 2741 2741 2741 2765 2765 2765 2764 2764 2764 2742 2742 2742 2743 2743 2743 2766 2766 2766 2742 2742 2742 2766 2766 2766 2765 2765 2765 2743 2743 2743 2744 2744 2744 2767 2767 2767 2743 2743 2743 2767 2767 2767 2766 2766 2766 2744 2744 2744 2745 2745 2745 2768 2768 2768 2744 2744 2744 2768 2768 2768 2767 2767 2767 2745 2745 2745 2746 2746 2746 2769 2769 2769 2745 2745 2745 2769 2769 2769 2768 2768 2768 2746 2746 2746 2747 2747 2747 2770 2770 2770 2746 2746 2746 2770 2770 2770 2769 2769 2769 2747 2747 2747 2748 2748 2748 2771 2771 2771 2747 2747 2747 2771 2771 2771 2770 2770 2770 2748 2748 2748 2749 2749 2749 2772 2772 2772 2748 2748 2748 2772 2772 2772 2771 2771 2771 2749 2749 2749 2750 2750 2750 2773 2773 2773 2749 2749 2749 2773 2773 2773 2772 2772 2772 2750 2750 2750 2751 2751 2751 2774 2774 2774 2750 2750 2750 2774 2774 2774 2773 2773 2773 2751 2751 2751 2752 2752 2752 2775 2775 2775 2751 2751 2751 2775 2775 2775 2774 2774 2774 2752 2752 2752 2753 2753 2753 2776 2776 2776 2752 2752 2752 2776 2776 2776 2775 2775 2775 2754 2754 2754 2755 2755 2755 2778 2778 2778 2754 2754 2754 2778 2778 2778 2777 2777 2777 2755 2755 2755 2756 2756 2756 2779 2779 2779 2755 2755 2755 2779 2779 2779 2778 2778 2778 2756 2756 2756 2757 2757 2757 2780 2780 2780 2756 2756 2756 2780 2780 2780 2779 2779 2779 2757 2757 2757 2758 2758 2758 2781 2781 2781 2757 2757 2757 2781 2781 2781 2780 2780 2780 2758 2758 2758 2759 2759 2759 2782 2782 2782 2758 2758 2758 2782 2782 2782 2781 2781 2781 2759 2759 2759 2760 2760 2760 2783 2783 2783 2759 2759 2759 2783 2783 2783 2782 2782 2782 2760 2760 2760 2761 2761 2761 2784 2784 2784 2760 2760 2760 2784 2784 2784 2783 2783 2783 2761 2761 2761 2762 2762 2762 2785 2785 2785 2761 2761 2761 2785 2785 2785 2784 2784 2784 2762 2762 2762 2763 2763 2763 2786 2786 2786 2762 2762 2762 2786 2786 2786 2785 2785 2785 2763 2763 2763 2764 2764 2764 2787 2787 2787 2763 2763 2763 2787 2787 2787 2786 2786 2786 2764 2764 2764 2765 2765 2765 2788 2788 2788 2764 2764 2764 2788 2788 2788 2787 2787 2787 2765 2765 2765 2766 2766 2766 2789 2789 2789 2765 2765 2765 2789 2789 2789 2788 2788 2788 2766 2766 2766 2767 2767 2767 2790 2790 2790 2766 2766 2766 2790 2790 2790 2789 2789 2789 2767 2767 2767 2768 2768 2768 2791 2791 2791 2767 2767 2767 2791 2791 2791 2790 2790 2790 2768 2768 2768 2769 2769 2769 2792 2792 2792 2768 2768 2768 2792 2792 2792 2791 2791 2791 2769 2769 2769 2770 2770 2770 2793 2793 2793 2769 2769 2769 2793 2793 2793 2792 2792 2792 2770 2770 2770 2771 2771 2771 2794 2794 2794 2770 2770 2770 2794 2794 2794 2793 2793 2793 2771 2771 2771 2772 2772 2772 2795 2795 2795 2771 2771 2771 2795 2795 2795 2794 2794 2794 2772 2772 2772 2773 2773 2773 2796 2796 2796 2772 2772 2772 2796 2796 2796 2795 2795 2795 2773 2773 2773 2774 2774 2774 2797 2797 2797 2773 2773 2773 2797 2797 2797 2796 2796 2796 2774 2774 2774 2775 2775 2775 2798 2798 2798 2774 2774 2774 2798 2798 2798 2797 2797 2797 2775 2775 2775 2776 2776 2776 2799 2799 2799 2775 2775 2775 2799 2799 2799 2798 2798 2798 2777 2777 2777 2778 2778 2778 2801 2801 2801 2777 2777 2777 2801 2801 2801 2800 2800 2800 2778 2778 2778 2779 2779 2779 2802 2802 2802 2778 2778 2778 2802 2802 2802 2801 2801 2801 2779 2779 2779 2780 2780 2780 2803 2803 2803 2779 2779 2779 2803 2803 2803 2802 2802 2802 2780 2780 2780 2781 2781 2781 2804 2804 2804 2780 2780 2780 2804 2804 2804 2803 2803 2803 2781 2781 2781 2782 2782 2782 2805 2805 2805 2781 2781 2781 2805 2805 2805 2804 2804 2804 2782 2782 2782 2783 2783 2783 2806 2806 2806 2782 2782 2782 2806 2806 2806 2805 2805 2805 2783 2783 2783 2784 2784 2784 2807 2807 2807 2783 2783 2783 2807 2807 2807 2806 2806 2806 2784 2784 2784 2785 2785 2785 2808 2808 2808 2784 2784 2784 2808 2808 2808 2807 2807 2807 2785 2785 2785 2786 2786 2786 2809 2809 2809 2785 2785 2785 2809 2809 2809 2808 2808 2808 2786 2786 2786 2787 2787 2787 2810 2810 2810 2786 2786 2786 2810 2810 2810 2809 2809 2809 2787 2787 2787 2788 2788 2788 2811 2811 2811 2787 2787 2787 2811 2811 2811 2810 2810 2810 2788 2788 2788 2789 2789 2789 2812 2812 2812 2788 2788 2788 2812 2812 2812 2811 2811 2811 2789 2789 2789 2790 2790 2790 2813 2813 2813 2789 2789 2789 2813 2813 2813 2812 2812 2812 2790 2790 2790 2791 2791 2791 2814 2814 2814 2790 2790 2790 2814 2814 2814 2813 2813 2813 2791 2791 2791 2792 2792 2792 2815 2815 2815 2791 2791 2791 2815 2815 2815 2814 2814 2814 2792 2792 2792 2793 2793 2793 2816 2816 2816 2792 2792 2792 2816 2816 2816 2815 2815 2815 2793 2793 2793 2794 2794 2794 2817 2817 2817 2793 2793 2793 2817 2817 2817 2816 2816 2816 2794 2794 2794 2795 2795 2795 2818 2818 2818 2794 2794 2794 2818 2818 2818 2817 2817 2817 2795 2795 2795 2796 2796 2796 2819 2819 2819 2795 2795 2795 2819 2819 2819 2818 2818 2818 2796 2796 2796 2797 2797 2797 2820 2820 2820 2796 2796 2796 2820 2820 2820 2819 2819 2819 2797 2797 2797 2798 2798 2798 2821 2821 2821 2797 2797 2797 2821 2821 2821 2820 2820 2820 2798 2798 2798 2799 2799 2799 2822 2822 2822 2798 2798 2798 2822 2822 2822 2821 2821 2821 2800 2800 2800 2801 2801 2801 2824 2824 2824 2800 2800 2800 2824 2824 2824 2823 2823 2823 2801 2801 2801 2802 2802 2802 2825 2825 2825 2801 2801 2801 2825 2825 2825 2824 2824 2824 2802 2802 2802 2803 2803 2803 2826 2826 2826 2802 2802 2802 2826 2826 2826 2825 2825 2825 2803 2803 2803 2804 2804 2804 2827 2827 2827 2803 2803 2803 2827 2827 2827 2826 2826 2826 2804 2804 2804 2805 2805 2805 2828 2828 2828 2804 2804 2804 2828 2828 2828 2827 2827 2827 2805 2805 2805 2806 2806 2806 2829 2829 2829 2805 2805 2805 2829 2829 2829 2828 2828 2828 2806 2806 2806 2807 2807 2807 2830 2830 2830 2806 2806 2806 2830 2830 2830 2829 2829 2829 2807 2807 2807 2808 2808 2808 2831 2831 2831 2807 2807 2807 2831 2831 2831 2830 2830 2830 2808 2808 2808 2809 2809 2809 2832 2832 2832 2808 2808 2808 2832 2832 2832 2831 2831 2831 2809 2809 2809 2810 2810 2810 2833 2833 2833 2809 2809 2809 2833 2833 2833 2832 2832 2832 2810 2810 2810 2811 2811 2811 2834 2834 2834 2810 2810 2810 2834 2834 2834 2833 2833 2833 2811 2811 2811 2812 2812 2812 2835 2835 2835 2811 2811 2811 2835 2835 2835 2834 2834 2834 2812 2812 2812 2813 2813 2813 2836 2836 2836 2812 2812 2812 2836 2836 2836 2835 2835 2835 2813 2813 2813 2814 2814 2814 2837 2837 2837 2813 2813 2813 2837 2837 2837 2836 2836 2836 2814 2814 2814 2815 2815 2815 2838 2838 2838 2814 2814 2814 2838 2838 2838 2837 2837 2837 2815 2815 2815 2816 2816 2816 2839 2839 2839 2815 2815 2815 2839 2839 2839 2838 2838 2838 2816 2816 2816 2817 2817 2817 2840 2840 2840 2816 2816 2816 2840 2840 2840 2839 2839 2839 2817 2817 2817 2818 2818 2818 2841 2841 2841 2817 2817 2817 2841 2841 2841 2840 2840 2840 2818 2818 2818 2819 2819 2819 2842 2842 2842 2818 2818 2818 2842 2842 2842 2841 2841 2841 2819 2819 2819 2820 2820 2820 2843 2843 2843 2819 2819 2819 2843 2843 2843 2842 2842 2842 2820 2820 2820 2821 2821 2821 2844 2844 2844 2820 2820 2820 2844 2844 2844 2843 2843 2843 2821 2821 2821 2822 2822 2822 2845 2845 2845 2821 2821 2821 2845 2845 2845 2844 2844 2844 2823 2823 2823 2824 2824 2824 2847 2847 2847 2823 2823 2823 2847 2847 2847 2846 2846 2846 2824 2824 2824 2825 2825 2825 2848 2848 2848 2824 2824 2824 2848 2848 2848 2847 2847 2847 2825 2825 2825 2826 2826 2826 2849 2849 2849 2825 2825 2825 2849 2849 2849 2848 2848 2848 2826 2826 2826 2827 2827 2827 2850 2850 2850 2826 2826 2826 2850 2850 2850 2849 2849 2849 2827 2827 2827 2828 2828 2828 2851 2851 2851 2827 2827 2827 2851 2851 2851 2850 2850 2850 2828 2828 2828 2829 2829 2829 2852 2852 2852 2828 2828 2828 2852 2852 2852 2851 2851 2851 2829 2829 2829 2830 2830 2830 2853 2853 2853 2829 2829 2829 2853 2853 2853 2852 2852 2852 2830 2830 2830 2831 2831 2831 2854 2854 2854 2830 2830 2830 2854 2854 2854 2853 2853 2853 2831 2831 2831 2832 2832 2832 2855 2855 2855 2831 2831 2831 2855 2855 2855 2854 2854 2854 2832 2832 2832 2833 2833 2833 2856 2856 2856 2832 2832 2832 2856 2856 2856 2855 2855 2855 2833 2833 2833 2834 2834 2834 2857 2857 2857 2833 2833 2833 2857 2857 2857 2856 2856 2856 2834 2834 2834 2835 2835 2835 2858 2858 2858 2834 2834 2834 2858 2858 2858 2857 2857 2857 2835 2835 2835 2836 2836 2836 2859 2859 2859 2835 2835 2835 2859 2859 2859 2858 2858 2858 2836 2836 2836 2837 2837 2837 2860 2860 2860 2836 2836 2836 2860 2860 2860 2859 2859 2859 2837 2837 2837 2838 2838 2838 2861 2861 2861 2837 2837 2837 2861 2861 2861 2860 2860 2860 2838 2838 2838 2839 2839 2839 2862 2862 2862 2838 2838 2838 2862 2862 2862 2861 2861 2861 2839 2839 2839 2840 2840 2840 2863 2863 2863 2839 2839 2839 2863 2863 2863 2862 2862 2862 2840 2840 2840 2841 2841 2841 2864 2864 2864 2840 2840 2840 2864 2864 2864 2863 2863 2863 2841 2841 2841 2842 2842 2842 2865 2865 2865 2841 2841 2841 2865 2865 2865 2864 2864 2864 2842 2842 2842 2843 2843 2843 2866 2866 2866 2842 2842 2842 2866 2866 2866 2865 2865 2865 2843 2843 2843 2844 2844 2844 2867 2867 2867 2843 2843 2843 2867 2867 2867 2866 2866 2866 2844 2844 2844 2845 2845 2845 2868 2868 2868 2844 2844 2844 2868 2868 2868 2867 2867 2867 2846 2846 2846 2847 2847 2847 2870 2870 2870 2846 2846 2846 2870 2870 2870 2869 2869 2869 2847 2847 2847 2848 2848 2848 2871 2871 2871 2847 2847 2847 2871 2871 2871 2870 2870 2870 2848 2848 2848 2849 2849 2849 2872 2872 2872 2848 2848 2848 2872 2872 2872 2871 2871 2871 2849 2849 2849 2850 2850 2850 2873 2873 2873 2849 2849 2849 2873 2873 2873 2872 2872 2872 2850 2850 2850 2851 2851 2851 2874 2874 2874 2850 2850 2850 2874 2874 2874 2873 2873 2873 2851 2851 2851 2852 2852 2852 2875 2875 2875 2851 2851 2851 2875 2875 2875 2874 2874 2874 2852 2852 2852 2853 2853 2853 2876 2876 2876 2852 2852 2852 2876 2876 2876 2875 2875 2875 2853 2853 2853 2854 2854 2854 2877 2877 2877 2853 2853 2853 2877 2877 2877 2876 2876 2876 2854 2854 2854 2855 2855 2855 2878 2878 2878 2854 2854 2854 2878 2878 2878 2877 2877 2877 2855 2855 2855 2856 2856 2856 2879 2879 2879 2855 2855 2855 2879 2879 2879 2878 2878 2878 2856 2856 2856 2857 2857 2857 2880 2880 2880 2856 2856 2856 2880 2880 2880 2879 2879 2879 2857 2857 2857 2858 2858 2858 2881 2881 2881 2857 2857 2857 2881 2881 2881 2880 2880 2880 2858 2858 2858 2859 2859 2859 2882 2882 2882 2858 2858 2858 2882 2882 2882 2881 2881 2881 2859 2859 2859 2860 2860 2860 2883 2883 2883 2859 2859 2859 2883 2883 2883 2882 2882 2882 2860 2860 2860 2861 2861 2861 2884 2884 2884 2860 2860 2860 2884 2884 2884 2883 2883 2883 2861 2861 2861 2862 2862 2862 2885 2885 2885 2861 2861 2861 2885 2885 2885 2884 2884 2884 2862 2862 2862 2863 2863 2863 2886 2886 2886 2862 2862 2862 2886 2886 2886 2885 2885 2885 2863 2863 2863 2864 2864 2864 2887 2887 2887 2863 2863 2863 2887 2887 2887 2886 2886 2886 2864 2864 2864 2865 2865 2865 2888 2888 2888 2864 2864 2864 2888 2888 2888 2887 2887 2887 2865 2865 2865 2866 2866 2866 2889 2889 2889 2865 2865 2865 2889 2889 2889 2888 2888 2888 2866 2866 2866 2867 2867 2867 2890 2890 2890 2866 2866 2866 2890 2890 2890 2889 2889 2889 2867 2867 2867 2868 2868 2868 2891 2891 2891 2867 2867 2867 2891 2891 2891 2890 2890 2890 2869 2869 2869 2870 2870 2870 2893 2893 2893 2869 2869 2869 2893 2893 2893 2892 2892 2892 2870 2870 2870 2871 2871 2871 2894 2894 2894 2870 2870 2870 2894 2894 2894 2893 2893 2893 2871 2871 2871 2872 2872 2872 2895 2895 2895 2871 2871 2871 2895 2895 2895 2894 2894 2894 2872 2872 2872 2873 2873 2873 2896 2896 2896 2872 2872 2872 2896 2896 2896 2895 2895 2895 2873 2873 2873 2874 2874 2874 2897 2897 2897 2873 2873 2873 2897 2897 2897 2896 2896 2896 2874 2874 2874 2875 2875 2875 2898 2898 2898 2874 2874 2874 2898 2898 2898 2897 2897 2897 2875 2875 2875 2876 2876 2876 2899 2899 2899 2875 2875 2875 2899 2899 2899 2898 2898 2898 2876 2876 2876 2877 2877 2877 2900 2900 2900 2876 2876 2876 2900 2900 2900 2899 2899 2899 2877 2877 2877 2878 2878 2878 2901 2901 2901 2877 2877 2877 2901 2901 2901 2900 2900 2900 2878 2878 2878 2879 2879 2879 2902 2902 2902 2878 2878 2878 2902 2902 2902 2901 2901 2901 2879 2879 2879 2880 2880 2880 2903 2903 2903 2879 2879 2879 2903 2903 2903 2902 2902 2902 2880 2880 2880 2881 2881 2881 2904 2904 2904 2880 2880 2880 2904 2904 2904 2903 2903 2903 2881 2881 2881 2882 2882 2882 2905 2905 2905 2881 2881 2881 2905 2905 2905 2904 2904 2904 2882 2882 2882 2883 2883 2883 2906 2906 2906 2882 2882 2882 2906 2906 2906 2905 2905 2905 2883 2883 2883 2884 2884 2884 2907 2907 2907 2883 2883 2883 2907 2907 2907 2906 2906 2906 2884 2884 2884 2885 2885 2885 2908 2908 2908 2884 2884 2884 2908 2908 2908 2907 2907 2907 2885 2885 2885 2886 2886 2886 2909 2909 2909 2885 2885 2885 2909 2909 2909 2908 2908 2908 2886 2886 2886 2887 2887 2887 2910 2910 2910 2886 2886 2886 2910 2910 2910 2909 2909 2909 2887 2887 2887 2888 2888 2888 2911 2911 2911 2887 2887 2887 2911 2911 2911 2910 2910 2910 2888 2888 2888 2889 2889 2889 2912 2912 2912 2888 2888 2888 2912 2912 2912 2911 2911 2911 2889 2889 2889 2890 2890 2890 2913 2913 2913 2889 2889 2889 2913 2913 2913 2912 2912 2912 2890 2890 2890 2891 2891 2891 2914 2914 2914 2890 2890 2890 2914 2914 2914 2913 2913 2913 2892 2892 2892 2893 2893 2893 2916 2916 2916 2892 2892 2892 2916 2916 2916 2915 2915 2915 2893 2893 2893 2894 2894 2894 2917 2917 2917 2893 2893 2893 2917 2917 2917 2916 2916 2916 2894 2894 2894 2895 2895 2895 2918 2918 2918 2894 2894 2894 2918 2918 2918 2917 2917 2917 2895 2895 2895 2896 2896 2896 2919 2919 2919 2895 2895 2895 2919 2919 2919 2918 2918 2918 2896 2896 2896 2897 2897 2897 2920 2920 2920 2896 2896 2896 2920 2920 2920 2919 2919 2919 2897 2897 2897 2898 2898 2898 2921 2921 2921 2897 2897 2897 2921 2921 2921 2920 2920 2920 2898 2898 2898 2899 2899 2899 2922 2922 2922 2898 2898 2898 2922 2922 2922 2921 2921 2921 2899 2899 2899 2900 2900 2900 2923 2923 2923 2899 2899 2899 2923 2923 2923 2922 2922 2922 2900 2900 2900 2901 2901 2901 2924 2924 2924 2900 2900 2900 2924 2924 2924 2923 2923 2923 2901 2901 2901 2902 2902 2902 2925 2925 2925 2901 2901 2901 2925 2925 2925 2924 2924 2924 2902 2902 2902 2903 2903 2903 2926 2926 2926 2902 2902 2902 2926 2926 2926 2925 2925 2925 2903 2903 2903 2904 2904 2904 2927 2927 2927 2903 2903 2903 2927 2927 2927 2926 2926 2926 2904 2904 2904 2905 2905 2905 2928 2928 2928 2904 2904 2904 2928 2928 2928 2927 2927 2927 2905 2905 2905 2906 2906 2906 2929 2929 2929 2905 2905 2905 2929 2929 2929 2928 2928 2928 2906 2906 2906 2907 2907 2907 2930 2930 2930 2906 2906 2906 2930 2930 2930 2929 2929 2929 2907 2907 2907 2908 2908 2908 2931 2931 2931 2907 2907 2907 2931 2931 2931 2930 2930 2930 2908 2908 2908 2909 2909 2909 2932 2932 2932 2908 2908 2908 2932 2932 2932 2931 2931 2931 2909 2909 2909 2910 2910 2910 2933 2933 2933 2909 2909 2909 2933 2933 2933 2932 2932 2932 2910 2910 2910 2911 2911 2911 2934 2934 2934 2910 2910 2910 2934 2934 2934 2933 2933 2933 2911 2911 2911 2912 2912 2912 2935 2935 2935 2911 2911 2911 2935 2935 2935 2934 2934 2934 2912 2912 2912 2913 2913 2913 2936 2936 2936 2912 2912 2912 2936 2936 2936 2935 2935 2935 2913 2913 2913 2914 2914 2914 2937 2937 2937 2913 2913 2913 2937 2937 2937 2936 2936 2936 2915 2915 2915 2916 2916 2916 2939 2939 2939 2915 2915 2915 2939 2939 2939 2938 2938 2938 2916 2916 2916 2917 2917 2917 2940 2940 2940 2916 2916 2916 2940 2940 2940 2939 2939 2939 2917 2917 2917 2918 2918 2918 2941 2941 2941 2917 2917 2917 2941 2941 2941 2940 2940 2940 2918 2918 2918 2919 2919 2919 2942 2942 2942 2918 2918 2918 2942 2942 2942 2941 2941 2941 2919 2919 2919 2920 2920 2920 2943 2943 2943 2919 2919 2919 2943 2943 2943 2942 2942 2942 2920 2920 2920 2921 2921 2921 2944 2944 2944 2920 2920 2920 2944 2944 2944 2943 2943 2943 2921 2921 2921 2922 2922 2922 2945 2945 2945 2921 2921 2921 2945 2945 2945 2944 2944 2944 2922 2922 2922 2923 2923 2923 2946 2946 2946 2922 2922 2922 2946 2946 2946 2945 2945 2945 2923 2923 2923 2924 2924 2924 2947 2947 2947 2923 2923 2923 2947 2947 2947 2946 2946 2946 2924 2924 2924 2925 2925 2925 2948 2948 2948 2924 2924 2924 2948 2948 2948 2947 2947 2947 2925 2925 2925 2926 2926 2926 2949 2949 2949 2925 2925 2925 2949 2949 2949 2948 2948 2948 2926 2926 2926 2927 2927 2927 2950 2950 2950 2926 2926 2926 2950 2950 2950 2949 2949 2949 2927 2927 2927 2928 2928 2928 2951 2951 2951 2927 2927 2927 2951 2951 2951 2950 2950 2950 2928 2928 2928 2929 2929 2929 2952 2952 2952 2928 2928 2928 2952 2952 2952 2951 2951 2951 2929 2929 2929 2930 2930 2930 2953 2953 2953 2929 2929 2929 2953 2953 2953 2952 2952 2952 2930 2930 2930 2931 2931 2931 2954 2954 2954 2930 2930 2930 2954 2954 2954 2953 2953 2953 2931 2931 2931 2932 2932 2932 2955 2955 2955 2931 2931 2931 2955 2955 2955 2954 2954 2954 2932 2932 2932 2933 2933 2933 2956 2956 2956 2932 2932 2932 2956 2956 2956 2955 2955 2955 2933 2933 2933 2934 2934 2934 2957 2957 2957 2933 2933 2933 2957 2957 2957 2956 2956 2956 2934 2934 2934 2935 2935 2935 2958 2958 2958 2934 2934 2934 2958 2958 2958 2957 2957 2957 2935 2935 2935 2936 2936 2936 2959 2959 2959 2935 2935 2935 2959 2959 2959 2958 2958 2958 2936 2936 2936 2937 2937 2937 2960 2960 2960 2936 2936 2936 2960 2960 2960 2959 2959 2959 2938 2938 2938 2939 2939 2939 2962 2962 2962 2938 2938 2938 2962 2962 2962 2961 2961 2961 2939 2939 2939 2940 2940 2940 2963 2963 2963 2939 2939 2939 2963 2963 2963 2962 2962 2962 2940 2940 2940 2941 2941 2941 2964 2964 2964 2940 2940 2940 2964 2964 2964 2963 2963 2963 2941 2941 2941 2942 2942 2942 2965 2965 2965 2941 2941 2941 2965 2965 2965 2964 2964 2964 2942 2942 2942 2943 2943 2943 2966 2966 2966 2942 2942 2942 2966 2966 2966 2965 2965 2965 2943 2943 2943 2944 2944 2944 2967 2967 2967 2943 2943 2943 2967 2967 2967 2966 2966 2966 2944 2944 2944 2945 2945 2945 2968 2968 2968 2944 2944 2944 2968 2968 2968 2967 2967 2967 2945 2945 2945 2946 2946 2946 2969 2969 2969 2945 2945 2945 2969 2969 2969 2968 2968 2968 2946 2946 2946 2947 2947 2947 2970 2970 2970 2946 2946 2946 2970 2970 2970 2969 2969 2969 2947 2947 2947 2948 2948 2948 2971 2971 2971 2947 2947 2947 2971 2971 2971 2970 2970 2970 2948 2948 2948 2949 2949 2949 2972 2972 2972 2948 2948 2948 2972 2972 2972 2971 2971 2971 2949 2949 2949 2950 2950 2950 2973 2973 2973 2949 2949 2949 2973 2973 2973 2972 2972 2972 2950 2950 2950 2951 2951 2951 2974 2974 2974 2950 2950 2950 2974 2974 2974 2973 2973 2973 2951 2951 2951 2952 2952 2952 2975 2975 2975 2951 2951 2951 2975 2975 2975 2974 2974 2974 2952 2952 2952 2953 2953 2953 2976 2976 2976 2952 2952 2952 2976 2976 2976 2975 2975 2975 2953 2953 2953 2954 2954 2954 2977 2977 2977 2953 2953 2953 2977 2977 2977 2976 2976 2976 2954 2954 2954 2955 2955 2955 2978 2978 2978 2954 2954 2954 2978 2978 2978 2977 2977 2977 2955 2955 2955 2956 2956 2956 2979 2979 2979 2955 2955 2955 2979 2979 2979 2978 2978 2978 2956 2956 2956 2957 2957 2957 2980 2980 2980 2956 2956 2956 2980 2980 2980 2979 2979 2979 2957 2957 2957 2958 2958 2958 2981 2981 2981 2957 2957 2957 2981 2981 2981 2980 2980 2980 2958 2958 2958 2959 2959 2959 2982 2982 2982 2958 2958 2958 2982 2982 2982 2981 2981 2981 2959 2959 2959 2960 2960 2960 2983 2983 2983 2959 2959 2959 2983 2983 2983 2982 2982 2982 2961 2961 2961 2962 2962 2962 2985 2985 2985 2961 2961 2961 2985 2985 2985 2984 2984 2984 2962 2962 2962 2963 2963 2963 2986 2986 2986 2962 2962 2962 2986 2986 2986 2985 2985 2985 2963 2963 2963 2964 2964 2964 2987 2987 2987 2963 2963 2963 2987 2987 2987 2986 2986 2986 2964 2964 2964 2965 2965 2965 2988 2988 2988 2964 2964 2964 2988 2988 2988 2987 2987 2987 2965 2965 2965 2966 2966 2966 2989 2989 2989 2965 2965 2965 2989 2989 2989 2988 2988 2988 2966 2966 2966 2967 2967 2967 2990 2990 2990 2966 2966 2966 2990 2990 2990 2989 2989 2989 2967 2967 2967 2968 2968 2968 2991 2991 2991 2967 2967 2967 2991 2991 2991 2990 2990 2990 2968 2968 2968 2969 2969 2969 2992 2992 2992 2968 2968 2968 2992 2992 2992 2991 2991 2991 2969 2969 2969 2970 2970 2970 2993 2993 2993 2969 2969 2969 2993 2993 2993 2992 2992 2992 2970 2970 2970 2971 2971 2971 2994 2994 2994 2970 2970 2970 2994 2994 2994 2993 2993 2993 2971 2971 2971 2972 2972 2972 2995 2995 2995 2971 2971 2971 2995 2995 2995 2994 2994 2994 2972 2972 2972 2973 2973 2973 2996 2996 2996 2972 2972 2972 2996 2996 2996 2995 2995 2995 2973 2973 2973 2974 2974 2974 2997 2997 2997 2973 2973 2973 2997 2997 2997 2996 2996 2996 2974 2974 2974 2975 2975 2975 2998 2998 2998 2974 2974 2974 2998 2998 2998 2997 2997 2997 2975 2975 2975 2976 2976 2976 2999 2999 2999 2975 2975 2975 2999 2999 2999 2998 2998 2998 2976 2976 2976 2977 2977 2977 3000 3000 3000 2976 2976 2976 3000 3000 3000 2999 2999 2999 2977 2977 2977 2978 2978 2978 3001 3001 3001 2977 2977 2977 3001 3001 3001 3000 3000 3000 2978 2978 2978 2979 2979 2979 3002 3002 3002 2978 2978 2978 3002 3002 3002 3001 3001 3001 2979 2979 2979 2980 2980 2980 3003 3003 3003 2979 2979 2979 3003 3003 3003 3002 3002 3002 2980 2980 2980 2981 2981 2981 3004 3004 3004 2980 2980 2980 3004 3004 3004 3003 3003 3003 2981 2981 2981 2982 2982 2982 3005 3005 3005 2981 2981 2981 3005 3005 3005 3004 3004 3004 2982 2982 2982 2983 2983 2983 3006 3006 3006 2982 2982 2982 3006 3006 3006 3005 3005 3005 2984 2984 2984 2985 2985 2985 3008 3008 3008 2984 2984 2984 3008 3008 3008 3007 3007 3007 2985 2985 2985 2986 2986 2986 3009 3009 3009 2985 2985 2985 3009 3009 3009 3008 3008 3008 2986 2986 2986 2987 2987 2987 3010 3010 3010 2986 2986 2986 3010 3010 3010 3009 3009 3009 2987 2987 2987 2988 2988 2988 3011 3011 3011 2987 2987 2987 3011 3011 3011 3010 3010 3010 2988 2988 2988 2989 2989 2989 3012 3012 3012 2988 2988 2988 3012 3012 3012 3011 3011 3011 2989 2989 2989 2990 2990 2990 3013 3013 3013 2989 2989 2989 3013 3013 3013 3012 3012 3012 2990 2990 2990 2991 2991 2991 3014 3014 3014 2990 2990 2990 3014 3014 3014 3013 3013 3013 2991 2991 2991 2992 2992 2992 3015 3015 3015 2991 2991 2991 3015 3015 3015 3014 3014 3014 2992 2992 2992 2993 2993 2993 3016 3016 3016 2992 2992 2992 3016 3016 3016 3015 3015 3015 2993 2993 2993 2994 2994 2994 3017 3017 3017 2993 2993 2993 3017 3017 3017 3016 3016 3016 2994 2994 2994 2995 2995 2995 3018 3018 3018 2994 2994 2994 3018 3018 3018 3017 3017 3017 2995 2995 2995 2996 2996 2996 3019 3019 3019 2995 2995 2995 3019 3019 3019 3018 3018 3018 2996 2996 2996 2997 2997 2997 3020 3020 3020 2996 2996 2996 3020 3020 3020 3019 3019 3019 2997 2997 2997 2998 2998 2998 3021 3021 3021 2997 2997 2997 3021 3021 3021 3020 3020 3020 2998 2998 2998 2999 2999 2999 3022 3022 3022 2998 2998 2998 3022 3022 3022 3021 3021 3021 2999 2999 2999 3000 3000 3000 3023 3023 3023 2999 2999 2999 3023 3023 3023 3022 3022 3022 3000 3000 3000 3001 3001 3001 3024 3024 3024 3000 3000 3000 3024 3024 3024 3023 3023 3023 3001 3001 3001 3002 3002 3002 3025 3025 3025 3001 3001 3001 3025 3025 3025 3024 3024 3024 3002 3002 3002 3003 3003 3003 3026 3026 3026 3002 3002 3002 3026 3026 3026 3025 3025 3025 3003 3003 3003 3004 3004 3004 3027 3027 3027 3003 3003 3003 3027 3027 3027 3026 3026 3026 3004 3004 3004 3005 3005 3005 3028 3028 3028 3004 3004 3004 3028 3028 3028 3027 3027 3027 3005 3005 3005 3006 3006 3006 3029 3029 3029 3005 3005 3005 3029 3029 3029 3028 3028 3028 3007 3007 3007 3008 3008 3008 3031 3031 3031 3007 3007 3007 3031 3031 3031 3030 3030 3030 3008 3008 3008 3009 3009 3009 3032 3032 3032 3008 3008 3008 3032 3032 3032 3031 3031 3031 3009 3009 3009 3010 3010 3010 3033 3033 3033 3009 3009 3009 3033 3033 3033 3032 3032 3032 3010 3010 3010 3011 3011 3011 3034 3034 3034 3010 3010 3010 3034 3034 3034 3033 3033 3033 3011 3011 3011 3012 3012 3012 3035 3035 3035 3011 3011 3011 3035 3035 3035 3034 3034 3034 3012 3012 3012 3013 3013 3013 3036 3036 3036 3012 3012 3012 3036 3036 3036 3035 3035 3035 3013 3013 3013 3014 3014 3014 3037 3037 3037 3013 3013 3013 3037 3037 3037 3036 3036 3036 3014 3014 3014 3015 3015 3015 3038 3038 3038 3014 3014 3014 3038 3038 3038 3037 3037 3037 3015 3015 3015 3016 3016 3016 3039 3039 3039 3015 3015 3015 3039 3039 3039 3038 3038 3038 3016 3016 3016 3017 3017 3017 3040 3040 3040 3016 3016 3016 3040 3040 3040 3039 3039 3039 3017 3017 3017 3018 3018 3018 3041 3041 3041 3017 3017 3017 3041 3041 3041 3040 3040 3040 3018 3018 3018 3019 3019 3019 3042 3042 3042 3018 3018 3018 3042 3042 3042 3041 3041 3041 3019 3019 3019 3020 3020 3020 3043 3043 3043 3019 3019 3019 3043 3043 3043 3042 3042 3042 3020 3020 3020 3021 3021 3021 3044 3044 3044 3020 3020 3020 3044 3044 3044 3043 3043 3043 3021 3021 3021 3022 3022 3022 3045 3045 3045 3021 3021 3021 3045 3045 3045 3044 3044 3044 3022 3022 3022 3023 3023 3023 3046 3046 3046 3022 3022 3022 3046 3046 3046 3045 3045 3045 3023 3023 3023 3024 3024 3024 3047 3047 3047 3023 3023 3023 3047 3047 3047 3046 3046 3046 3024 3024 3024 3025 3025 3025 3048 3048 3048 3024 3024 3024 3048 3048 3048 3047 3047 3047 3025 3025 3025 3026 3026 3026 3049 3049 3049 3025 3025 3025 3049 3049 3049 3048 3048 3048 3026 3026 3026 3027 3027 3027 3050 3050 3050 3026 3026 3026 3050 3050 3050 3049 3049 3049 3027 3027 3027 3028 3028 3028 3051 3051 3051 3027 3027 3027 3051 3051 3051 3050 3050 3050 3028 3028 3028 3029 3029 3029 3052 3052 3052 3028 3028 3028 3052 3052 3052 3051 3051 3051 3030 3030 3030 3031 3031 3031 3054 3054 3054 3030 3030 3030 3054 3054 3054 3053 3053 3053 3031 3031 3031 3032 3032 3032 3055 3055 3055 3031 3031 3031 3055 3055 3055 3054 3054 3054 3032 3032 3032 3033 3033 3033 3056 3056 3056 3032 3032 3032 3056 3056 3056 3055 3055 3055 3033 3033 3033 3034 3034 3034 3057 3057 3057 3033 3033 3033 3057 3057 3057 3056 3056 3056 3034 3034 3034 3035 3035 3035 3058 3058 3058 3034 3034 3034 3058 3058 3058 3057 3057 3057 3035 3035 3035 3036 3036 3036 3059 3059 3059 3035 3035 3035 3059 3059 3059 3058 3058 3058 3036 3036 3036 3037 3037 3037 3060 3060 3060 3036 3036 3036 3060 3060 3060 3059 3059 3059 3037 3037 3037 3038 3038 3038 3061 3061 3061 3037 3037 3037 3061 3061 3061 3060 3060 3060 3038 3038 3038 3039 3039 3039 3062 3062 3062 3038 3038 3038 3062 3062 3062 3061 3061 3061 3039 3039 3039 3040 3040 3040 3063 3063 3063 3039 3039 3039 3063 3063 3063 3062 3062 3062 3040 3040 3040 3041 3041 3041 3064 3064 3064 3040 3040 3040 3064 3064 3064 3063 3063 3063 3041 3041 3041 3042 3042 3042 3065 3065 3065 3041 3041 3041 3065 3065 3065 3064 3064 3064 3042 3042 3042 3043 3043 3043 3066 3066 3066 3042 3042 3042 3066 3066 3066 3065 3065 3065 3043 3043 3043 3044 3044 3044 3067 3067 3067 3043 3043 3043 3067 3067 3067 3066 3066 3066 3044 3044 3044 3045 3045 3045 3068 3068 3068 3044 3044 3044 3068 3068 3068 3067 3067 3067 3045 3045 3045 3046 3046 3046 3069 3069 3069 3045 3045 3045 3069 3069 3069 3068 3068 3068 3046 3046 3046 3047 3047 3047 3070 3070 3070 3046 3046 3046 3070 3070 3070 3069 3069 3069 3047 3047 3047 3048 3048 3048 3071 3071 3071 3047 3047 3047 3071 3071 3071 3070 3070 3070 3048 3048 3048 3049 3049 3049 3072 3072 3072 3048 3048 3048 3072 3072 3072 3071 3071 3071 3049 3049 3049 3050 3050 3050 3073 3073 3073 3049 3049 3049 3073 3073 3073 3072 3072 3072 3050 3050 3050 3051 3051 3051 3074 3074 3074 3050 3050 3050 3074 3074 3074 3073 3073 3073 3051 3051 3051 3052 3052 3052 3075 3075 3075 3051 3051 3051 3075 3075 3075 3074 3074 3074 3053 3053 3053 3054 3054 3054 3077 3077 3077 3053 3053 3053 3077 3077 3077 3076 3076 3076 3054 3054 3054 3055 3055 3055 3078 3078 3078 3054 3054 3054 3078 3078 3078 3077 3077 3077 3055 3055 3055 3056 3056 3056 3079 3079 3079 3055 3055 3055 3079 3079 3079 3078 3078 3078 3056 3056 3056 3057 3057 3057 3080 3080 3080 3056 3056 3056 3080 3080 3080 3079 3079 3079 3057 3057 3057 3058 3058 3058 3081 3081 3081 3057 3057 3057 3081 3081 3081 3080 3080 3080 3058 3058 3058 3059 3059 3059 3082 3082 3082 3058 3058 3058 3082 3082 3082 3081 3081 3081 3059 3059 3059 3060 3060 3060 3083 3083 3083 3059 3059 3059 3083 3083 3083 3082 3082 3082 3060 3060 3060 3061 3061 3061 3084 3084 3084 3060 3060 3060 3084 3084 3084 3083 3083 3083 3061 3061 3061 3062 3062 3062 3085 3085 3085 3061 3061 3061 3085 3085 3085 3084 3084 3084 3062 3062 3062 3063 3063 3063 3086 3086 3086 3062 3062 3062 3086 3086 3086 3085 3085 3085 3063 3063 3063 3064 3064 3064 3087 3087 3087 3063 3063 3063 3087 3087 3087 3086 3086 3086 3064 3064 3064 3065 3065 3065 3088 3088 3088 3064 3064 3064 3088 3088 3088 3087 3087 3087 3065 3065 3065 3066 3066 3066 3089 3089 3089 3065 3065 3065 3089 3089 3089 3088 3088 3088 3066 3066 3066 3067 3067 3067 3090 3090 3090 3066 3066 3066 3090 3090 3090 3089 3089 3089 3067 3067 3067 3068 3068 3068 3091 3091 3091 3067 3067 3067 3091 3091 3091 3090 3090 3090 3068 3068 3068 3069 3069 3069 3092 3092 3092 3068 3068 3068 3092 3092 3092 3091 3091 3091 3069 3069 3069 3070 3070 3070 3093 3093 3093 3069 3069 3069 3093 3093 3093 3092 3092 3092 3070 3070 3070 3071 3071 3071 3094 3094 3094 3070 3070 3070 3094 3094 3094 3093 3093 3093 3071 3071 3071 3072 3072 3072 3095 3095 3095 3071 3071 3071 3095 3095 3095 3094 3094 3094 3072 3072 3072 3073 3073 3073 3096 3096 3096 3072 3072 3072 3096 3096 3096 3095 3095 3095 3073 3073 3073 3074 3074 3074 3097 3097 3097 3073 3073 3073 3097 3097 3097 3096 3096 3096 3074 3074 3074 3075 3075 3075 3098 3098 3098 3074 3074 3074 3098 3098 3098 3097 3097 3097 3076 3076 3076 3077 3077 3077 3100 3100 3100 3076 3076 3076 3100 3100 3100 3099 3099 3099 3077 3077 3077 3078 3078 3078 3101 3101 3101 3077 3077 3077 3101 3101 3101 3100 3100 3100 3078 3078 3078 3079 3079 3079 3102 3102 3102 3078 3078 3078 3102 3102 3102 3101 3101 3101 3079 3079 3079 3080 3080 3080 3103 3103 3103 3079 3079 3079 3103 3103 3103 3102 3102 3102 3080 3080 3080 3081 3081 3081 3104 3104 3104 3080 3080 3080 3104 3104 3104 3103 3103 3103 3081 3081 3081 3082 3082 3082 3105 3105 3105 3081 3081 3081 3105 3105 3105 3104 3104 3104 3082 3082 3082 3083 3083 3083 3106 3106 3106 3082 3082 3082 3106 3106 3106 3105 3105 3105 3083 3083 3083 3084 3084 3084 3107 3107 3107 3083 3083 3083 3107 3107 3107 3106 3106 3106 3084 3084 3084 3085 3085 3085 3108 3108 3108 3084 3084 3084 3108 3108 3108 3107 3107 3107 3085 3085 3085 3086 3086 3086 3109 3109 3109 3085 3085 3085 3109 3109 3109 3108 3108 3108 3086 3086 3086 3087 3087 3087 3110 3110 3110 3086 3086 3086 3110 3110 3110 3109 3109 3109 3087 3087 3087 3088 3088 3088 3111 3111 3111 3087 3087 3087 3111 3111 3111 3110 3110 3110 3088 3088 3088 3089 3089 3089 3112 3112 3112 3088 3088 3088 3112 3112 3112 3111 3111 3111 3089 3089 3089 3090 3090 3090 3113 3113 3113 3089 3089 3089 3113 3113 3113 3112 3112 3112 3090 3090 3090 3091 3091 3091 3114 3114 3114 3090 3090 3090 3114 3114 3114 3113 3113 3113 3091 3091 3091 3092 3092 3092 3115 3115 3115 3091 3091 3091 3115 3115 3115 3114 3114 3114 3092 3092 3092 3093 3093 3093 3116 3116 3116 3092 3092 3092 3116 3116 3116 3115 3115 3115 3093 3093 3093 3094 3094 3094 3117 3117 3117 3093 3093 3093 3117 3117 3117 3116 3116 3116 3094 3094 3094 3095 3095 3095 3118 3118 3118 3094 3094 3094 3118 3118 3118 3117 3117 3117 3095 3095 3095 3096 3096 3096 3119 3119 3119 3095 3095 3095 3119 3119 3119 3118 3118 3118 3096 3096 3096 3097 3097 3097 3120 3120 3120 3096 3096 3096 3120 3120 3120 3119 3119 3119 3097 3097 3097 3098 3098 3098 3121 3121 3121 3097 3097 3097 3121 3121 3121 3120 3120 3120 3099 3099 3099 3100 3100 3100 3123 3123 3123 3099 3099 3099 3123 3123 3123 3122 3122 3122 3100 3100 3100 3101 3101 3101 3124 3124 3124 3100 3100 3100 3124 3124 3124 3123 3123 3123 3101 3101 3101 3102 3102 3102 3125 3125 3125 3101 3101 3101 3125 3125 3125 3124 3124 3124 3102 3102 3102 3103 3103 3103 3126 3126 3126 3102 3102 3102 3126 3126 3126 3125 3125 3125 3103 3103 3103 3104 3104 3104 3127 3127 3127 3103 3103 3103 3127 3127 3127 3126 3126 3126 3104 3104 3104 3105 3105 3105 3128 3128 3128 3104 3104 3104 3128 3128 3128 3127 3127 3127 3105 3105 3105 3106 3106 3106 3129 3129 3129 3105 3105 3105 3129 3129 3129 3128 3128 3128 3106 3106 3106 3107 3107 3107 3130 3130 3130 3106 3106 3106 3130 3130 3130 3129 3129 3129 3107 3107 3107 3108 3108 3108 3131 3131 3131 3107 3107 3107 3131 3131 3131 3130 3130 3130 3108 3108 3108 3109 3109 3109 3132 3132 3132 3108 3108 3108 3132 3132 3132 3131 3131 3131 3109 3109 3109 3110 3110 3110 3133 3133 3133 3109 3109 3109 3133 3133 3133 3132 3132 3132 3110 3110 3110 3111 3111 3111 3134 3134 3134 3110 3110 3110 3134 3134 3134 3133 3133 3133 3111 3111 3111 3112 3112 3112 3135 3135 3135 3111 3111 3111 3135 3135 3135 3134 3134 3134 3112 3112 3112 3113 3113 3113 3136 3136 3136 3112 3112 3112 3136 3136 3136 3135 3135 3135 3113 3113 3113 3114 3114 3114 3137 3137 3137 3113 3113 3113 3137 3137 3137 3136 3136 3136 3114 3114 3114 3115 3115 3115 3138 3138 3138 3114 3114 3114 3138 3138 3138 3137 3137 3137 3115 3115 3115 3116 3116 3116 3139 3139 3139 3115 3115 3115 3139 3139 3139 3138 3138 3138 3116 3116 3116 3117 3117 3117 3140 3140 3140 3116 3116 3116 3140 3140 3140 3139 3139 3139 3117 3117 3117 3118 3118 3118 3141 3141 3141 3117 3117 3117 3141 3141 3141 3140 3140 3140 3118 3118 3118 3119 3119 3119 3142 3142 3142 3118 3118 3118 3142 3142 3142 3141 3141 3141 3119 3119 3119 3120 3120 3120 3143 3143 3143 3119 3119 3119 3143 3143 3143 3142 3142 3142 3120 3120 3120 3121 3121 3121 3144 3144 3144 3120 3120 3120 3144 3144 3144 3143 3143 3143 3122 3122 3122 3123 3123 3123 3146 3146 3146 3122 3122 3122 3146 3146 3146 3145 3145 3145 3123 3123 3123 3124 3124 3124 3147 3147 3147 3123 3123 3123 3147 3147 3147 3146 3146 3146 3124 3124 3124 3125 3125 3125 3148 3148 3148 3124 3124 3124 3148 3148 3148 3147 3147 3147 3125 3125 3125 3126 3126 3126 3149 3149 3149 3125 3125 3125 3149 3149 3149 3148 3148 3148 3126 3126 3126 3127 3127 3127 3150 3150 3150 3126 3126 3126 3150 3150 3150 3149 3149 3149 3127 3127 3127 3128 3128 3128 3151 3151 3151 3127 3127 3127 3151 3151 3151 3150 3150 3150 3128 3128 3128 3129 3129 3129 3152 3152 3152 3128 3128 3128 3152 3152 3152 3151 3151 3151 3129 3129 3129 3130 3130 3130 3153 3153 3153 3129 3129 3129 3153 3153 3153 3152 3152 3152 3130 3130 3130 3131 3131 3131 3154 3154 3154 3130 3130 3130 3154 3154 3154 3153 3153 3153 3131 3131 3131 3132 3132 3132 3155 3155 3155 3131 3131 3131 3155 3155 3155 3154 3154 3154 3132 3132 3132 3133 3133 3133 3156 3156 3156 3132 3132 3132 3156 3156 3156 3155 3155 3155 3133 3133 3133 3134 3134 3134 3157 3157 3157 3133 3133 3133 3157 3157 3157 3156 3156 3156 3134 3134 3134 3135 3135 3135 3158 3158 3158 3134 3134 3134 3158 3158 3158 3157 3157 3157 3135 3135 3135 3136 3136 3136 3159 3159 3159 3135 3135 3135 3159 3159 3159 3158 3158 3158 3136 3136 3136 3137 3137 3137 3160 3160 3160 3136 3136 3136 3160 3160 3160 3159 3159 3159 3137 3137 3137 3138 3138 3138 3161 3161 3161 3137 3137 3137 3161 3161 3161 3160 3160 3160 3138 3138 3138 3139 3139 3139 3162 3162 3162 3138 3138 3138 3162 3162 3162 3161 3161 3161 3139 3139 3139 3140 3140 3140 3163 3163 3163 3139 3139 3139 3163 3163 3163 3162 3162 3162 3140 3140 3140 3141 3141 3141 3164 3164 3164 3140 3140 3140 3164 3164 3164 3163 3163 3163 3141 3141 3141 3142 3142 3142 3165 3165 3165 3141 3141 3141 3165 3165 3165 3164 3164 3164 3142 3142 3142 3143 3143 3143 3166 3166 3166 3142 3142 3142 3166 3166 3166 3165 3165 3165 3143 3143 3143 3144 3144 3144 3167 3167 3167 3143 3143 3143 3167 3167 3167 3166 3166 3166 3145 3145 3145 3146 3146 3146 3169 3169 3169 3145 3145 3145 3169 3169 3169 3168 3168 3168 3146 3146 3146 3147 3147 3147 3170 3170 3170 3146 3146 3146 3170 3170 3170 3169 3169 3169 3147 3147 3147 3148 3148 3148 3171 3171 3171 3147 3147 3147 3171 3171 3171 3170 3170 3170 3148 3148 3148 3149 3149 3149 3172 3172 3172 3148 3148 3148 3172 3172 3172 3171 3171 3171 3149 3149 3149 3150 3150 3150 3173 3173 3173 3149 3149 3149 3173 3173 3173 3172 3172 3172 3150 3150 3150 3151 3151 3151 3174 3174 3174 3150 3150 3150 3174 3174 3174 3173 3173 3173 3151 3151 3151 3152 3152 3152 3175 3175 3175 3151 3151 3151 3175 3175 3175 3174 3174 3174 3152 3152 3152 3153 3153 3153 3176 3176 3176 3152 3152 3152 3176 3176 3176 3175 3175 3175 3153 3153 3153 3154 3154 3154 3177 3177 3177 3153 3153 3153 3177 3177 3177 3176 3176 3176 3154 3154 3154 3155 3155 3155 3178 3178 3178 3154 3154 3154 3178 3178 3178 3177 3177 3177 3155 3155 3155 3156 3156 3156 3179 3179 3179 3155 3155 3155 3179 3179 3179 3178 3178 3178 3156 3156 3156 3157 3157 3157 3180 3180 3180 3156 3156 3156 3180 3180 3180 3179 3179 3179 3157 3157 3157 3158 3158 3158 3181 3181 3181 3157 3157 3157 3181 3181 3181 3180 3180 3180 3158 3158 3158 3159 3159 3159 3182 3182 3182 3158 3158 3158 3182 3182 3182 3181 3181 3181 3159 3159 3159 3160 3160 3160 3183 3183 3183 3159 3159 3159 3183 3183 3183 3182 3182 3182 3160 3160 3160 3161 3161 3161 3184 3184 3184 3160 3160 3160 3184 3184 3184 3183 3183 3183 3161 3161 3161 3162 3162 3162 3185 3185 3185 3161 3161 3161 3185 3185 3185 3184 3184 3184 3162 3162 3162 3163 3163 3163 3186 3186 3186 3162 3162 3162 3186 3186 3186 3185 3185 3185 3163 3163 3163 3164 3164 3164 3187 3187 3187 3163 3163 3163 3187 3187 3187 3186 3186 3186 3164 3164 3164 3165 3165 3165 3188 3188 3188 3164 3164 3164 3188 3188 3188 3187 3187 3187 3165 3165 3165 3166 3166 3166 3189 3189 3189 3165 3165 3165 3189 3189 3189 3188 3188 3188 3166 3166 3166 3167 3167 3167 3190 3190 3190 3166 3166 3166 3190 3190 3190 3189 3189 3189 3168 3168 3168 3169 3169 3169 3192 3192 3192 3168 3168 3168 3192 3192 3192 3191 3191 3191 3169 3169 3169 3170 3170 3170 3193 3193 3193 3169 3169 3169 3193 3193 3193 3192 3192 3192 3170 3170 3170 3171 3171 3171 3194 3194 3194 3170 3170 3170 3194 3194 3194 3193 3193 3193 3171 3171 3171 3172 3172 3172 3195 3195 3195 3171 3171 3171 3195 3195 3195 3194 3194 3194 3172 3172 3172 3173 3173 3173 3196 3196 3196 3172 3172 3172 3196 3196 3196 3195 3195 3195 3173 3173 3173 3174 3174 3174 3197 3197 3197 3173 3173 3173 3197 3197 3197 3196 3196 3196 3174 3174 3174 3175 3175 3175 3198 3198 3198 3174 3174 3174 3198 3198 3198 3197 3197 3197 3175 3175 3175 3176 3176 3176 3199 3199 3199 3175 3175 3175 3199 3199 3199 3198 3198 3198 3176 3176 3176 3177 3177 3177 3200 3200 3200 3176 3176 3176 3200 3200 3200 3199 3199 3199 3177 3177 3177 3178 3178 3178 3201 3201 3201 3177 3177 3177 3201 3201 3201 3200 3200 3200 3178 3178 3178 3179 3179 3179 3202 3202 3202 3178 3178 3178 3202 3202 3202 3201 3201 3201 3179 3179 3179 3180 3180 3180 3203 3203 3203 3179 3179 3179 3203 3203 3203 3202 3202 3202 3180 3180 3180 3181 3181 3181 3204 3204 3204 3180 3180 3180 3204 3204 3204 3203 3203 3203 3181 3181 3181 3182 3182 3182 3205 3205 3205 3181 3181 3181 3205 3205 3205 3204 3204 3204 3182 3182 3182 3183 3183 3183 3206 3206 3206 3182 3182 3182 3206 3206 3206 3205 3205 3205 3183 3183 3183 3184 3184 3184 3207 3207 3207 3183 3183 3183 3207 3207 3207 3206 3206 3206 3184 3184 3184 3185 3185 3185 3208 3208 3208 3184 3184 3184 3208 3208 3208 3207 3207 3207 3185 3185 3185 3186 3186 3186 3209 3209 3209 3185 3185 3185 3209 3209 3209 3208 3208 3208 3186 3186 3186 3187 3187 3187 3210 3210 3210 3186 3186 3186 3210 3210 3210 3209 3209 3209 3187 3187 3187 3188 3188 3188 3211 3211 3211 3187 3187 3187 3211 3211 3211 3210 3210 3210 3188 3188 3188 3189 3189 3189 3212 3212 3212 3188 3188 3188 3212 3212 3212 3211 3211 3211 3189 3189 3189 3190 3190 3190 3213 3213 3213 3189 3189 3189 3213 3213 3213 3212 3212 3212 3191 3191 3191 3192 3192 3192 3215 3215 3215 3191 3191 3191 3215 3215 3215 3214 3214 3214 3192 3192 3192 3193 3193 3193 3216 3216 3216 3192 3192 3192 3216 3216 3216 3215 3215 3215 3193 3193 3193 3194 3194 3194 3217 3217 3217 3193 3193 3193 3217 3217 3217 3216 3216 3216 3194 3194 3194 3195 3195 3195 3218 3218 3218 3194 3194 3194 3218 3218 3218 3217 3217 3217 3195 3195 3195 3196 3196 3196 3219 3219 3219 3195 3195 3195 3219 3219 3219 3218 3218 3218 3196 3196 3196 3197 3197 3197 3220 3220 3220 3196 3196 3196 3220 3220 3220 3219 3219 3219 3197 3197 3197 3198 3198 3198 3221 3221 3221 3197 3197 3197 3221 3221 3221 3220 3220 3220 3198 3198 3198 3199 3199 3199 3222 3222 3222 3198 3198 3198 3222 3222 3222 3221 3221 3221 3199 3199 3199 3200 3200 3200 3223 3223 3223 3199 3199 3199 3223 3223 3223 3222 3222 3222 3200 3200 3200 3201 3201 3201 3224 3224 3224 3200 3200 3200 3224 3224 3224 3223 3223 3223 3201 3201 3201 3202 3202 3202 3225 3225 3225 3201 3201 3201 3225 3225 3225 3224 3224 3224 3202 3202 3202 3203 3203 3203 3226 3226 3226 3202 3202 3202 3226 3226 3226 3225 3225 3225 3203 3203 3203 3204 3204 3204 3227 3227 3227 3203 3203 3203 3227 3227 3227 3226 3226 3226 3204 3204 3204 3205 3205 3205 3228 3228 3228 3204 3204 3204 3228 3228 3228 3227 3227 3227 3205 3205 3205 3206 3206 3206 3229 3229 3229 3205 3205 3205 3229 3229 3229 3228 3228 3228 3206 3206 3206 3207 3207 3207 3230 3230 3230 3206 3206 3206 3230 3230 3230 3229 3229 3229 3207 3207 3207 3208 3208 3208 3231 3231 3231 3207 3207 3207 3231 3231 3231 3230 3230 3230 3208 3208 3208 3209 3209 3209 3232 3232 3232 3208 3208 3208 3232 3232 3232 3231 3231 3231 3209 3209 3209 3210 3210 3210 3233 3233 3233 3209 3209 3209 3233 3233 3233 3232 3232 3232 3210 3210 3210 3211 3211 3211 3234 3234 3234 3210 3210 3210 3234 3234 3234 3233 3233 3233 3211 3211 3211 3212 3212 3212 3235 3235 3235 3211 3211 3211 3235 3235 3235 3234 3234 3234 3212 3212 3212 3213 3213 3213 3236 3236 3236 3212 3212 3212 3236 3236 3236 3235 3235 3235 3214 3214 3214 3215 3215 3215 3238 3238 3238 3214 3214 3214 3238 3238 3238 3237 3237 3237 3215 3215 3215 3216 3216 3216 3239 3239 3239 3215 3215 3215 3239 3239 3239 3238 3238 3238 3216 3216 3216 3217 3217 3217 3240 3240 3240 3216 3216 3216 3240 3240 3240 3239 3239 3239 3217 3217 3217 3218 3218 3218 3241 3241 3241 3217 3217 3217 3241 3241 3241 3240 3240 3240 3218 3218 3218 3219 3219 3219 3242 3242 3242 3218 3218 3218 3242 3242 3242 3241 3241 3241 3219 3219 3219 3220 3220 3220 3243 3243 3243 3219 3219 3219 3243 3243 3243 3242 3242 3242 3220 3220 3220 3221 3221 3221 3244 3244 3244 3220 3220 3220 3244 3244 3244 3243 3243 3243 3221 3221 3221 3222 3222 3222 3245 3245 3245 3221 3221 3221 3245 3245 3245 3244 3244 3244 3222 3222 3222 3223 3223 3223 3246 3246 3246 3222 3222 3222 3246 3246 3246 3245 3245 3245 3223 3223 3223 3224 3224 3224 3247 3247 3247 3223 3223 3223 3247 3247 3247 3246 3246 3246 3224 3224 3224 3225 3225 3225 3248 3248 3248 3224 3224 3224 3248 3248 3248 3247 3247 3247 3225 3225 3225 3226 3226 3226 3249 3249 3249 3225 3225 3225 3249 3249 3249 3248 3248 3248 3226 3226 3226 3227 3227 3227 3250 3250 3250 3226 3226 3226 3250 3250 3250 3249 3249 3249 3227 3227 3227 3228 3228 3228 3251 3251 3251 3227 3227 3227 3251 3251 3251 3250 3250 3250 3228 3228 3228 3229 3229 3229 3252 3252 3252 3228 3228 3228 3252 3252 3252 3251 3251 3251 3229 3229 3229 3230 3230 3230 3253 3253 3253 3229 3229 3229 3253 3253 3253 3252 3252 3252 3230 3230 3230 3231 3231 3231 3254 3254 3254 3230 3230 3230 3254 3254 3254 3253 3253 3253 3231 3231 3231 3232 3232 3232 3255 3255 3255 3231 3231 3231 3255 3255 3255 3254 3254 3254 3232 3232 3232 3233 3233 3233 3256 3256 3256 3232 3232 3232 3256 3256 3256 3255 3255 3255 3233 3233 3233 3234 3234 3234 3257 3257 3257 3233 3233 3233 3257 3257 3257 3256 3256 3256 3234 3234 3234 3235 3235 3235 3258 3258 3258 3234 3234 3234 3258 3258 3258 3257 3257 3257 3235 3235 3235 3236 3236 3236 3259 3259 3259 3235 3235 3235 3259 3259 3259 3258 3258 3258 3237 3237 3237 3238 3238 3238 3261 3261 3261 3237 3237 3237 3261 3261 3261 3260 3260 3260 3238 3238 3238 3239 3239 3239 3262 3262 3262 3238 3238 3238 3262 3262 3262 3261 3261 3261 3239 3239 3239 3240 3240 3240 3263 3263 3263 3239 3239 3239 3263 3263 3263 3262 3262 3262 3240 3240 3240 3241 3241 3241 3264 3264 3264 3240 3240 3240 3264 3264 3264 3263 3263 3263 3241 3241 3241 3242 3242 3242 3265 3265 3265 3241 3241 3241 3265 3265 3265 3264 3264 3264 3242 3242 3242 3243 3243 3243 3266 3266 3266 3242 3242 3242 3266 3266 3266 3265 3265 3265 3243 3243 3243 3244 3244 3244 3267 3267 3267 3243 3243 3243 3267 3267 3267 3266 3266 3266 3244 3244 3244 3245 3245 3245 3268 3268 3268 3244 3244 3244 3268 3268 3268 3267 3267 3267 3245 3245 3245 3246 3246 3246 3269 3269 3269 3245 3245 3245 3269 3269 3269 3268 3268 3268 3246 3246 3246 3247 3247 3247 3270 3270 3270 3246 3246 3246 3270 3270 3270 3269 3269 3269 3247 3247 3247 3248 3248 3248 3271 3271 3271 3247 3247 3247 3271 3271 3271 3270 3270 3270 3248 3248 3248 3249 3249 3249 3272 3272 3272 3248 3248 3248 3272 3272 3272 3271 3271 3271 3249 3249 3249 3250 3250 3250 3273 3273 3273 3249 3249 3249 3273 3273 3273 3272 3272 3272 3250 3250 3250 3251 3251 3251 3274 3274 3274 3250 3250 3250 3274 3274 3274 3273 3273 3273 3251 3251 3251 3252 3252 3252 3275 3275 3275 3251 3251 3251 3275 3275 3275 3274 3274 3274 3252 3252 3252 3253 3253 3253 3276 3276 3276 3252 3252 3252 3276 3276 3276 3275 3275 3275 3253 3253 3253 3254 3254 3254 3277 3277 3277 3253 3253 3253 3277 3277 3277 3276 3276 3276 3254 3254 3254 3255 3255 3255 3278 3278 3278 3254 3254 3254 3278 3278 3278 3277 3277 3277 3255 3255 3255 3256 3256 3256 3279 3279 3279 3255 3255 3255 3279 3279 3279 3278 3278 3278 3256 3256 3256 3257 3257 3257 3280 3280 3280 3256 3256 3256 3280 3280 3280 3279 3279 3279 3257 3257 3257 3258 3258 3258 3281 3281 3281 3257 3257 3257 3281 3281 3281 3280 3280 3280 3258 3258 3258 3259 3259 3259 3282 3282 3282 3258 3258 3258 3282 3282 3282 3281 3281 3281 3260 3260 3260 3261 3261 3261 3284 3284 3284 3260 3260 3260 3284 3284 3284 3283 3283 3283 3261 3261 3261 3262 3262 3262 3285 3285 3285 3261 3261 3261 3285 3285 3285 3284 3284 3284 3262 3262 3262 3263 3263 3263 3286 3286 3286 3262 3262 3262 3286 3286 3286 3285 3285 3285 3263 3263 3263 3264 3264 3264 3287 3287 3287 3263 3263 3263 3287 3287 3287 3286 3286 3286 3264 3264 3264 3265 3265 3265 3288 3288 3288 3264 3264 3264 3288 3288 3288 3287 3287 3287 3265 3265 3265 3266 3266 3266 3289 3289 3289 3265 3265 3265 3289 3289 3289 3288 3288 3288 3266 3266 3266 3267 3267 3267 3290 3290 3290 3266 3266 3266 3290 3290 3290 3289 3289 3289 3267 3267 3267 3268 3268 3268 3291 3291 3291 3267 3267 3267 3291 3291 3291 3290 3290 3290 3268 3268 3268 3269 3269 3269 3292 3292 3292 3268 3268 3268 3292 3292 3292 3291 3291 3291 3269 3269 3269 3270 3270 3270 3293 3293 3293 3269 3269 3269 3293 3293 3293 3292 3292 3292 3270 3270 3270 3271 3271 3271 3294 3294 3294 3270 3270 3270 3294 3294 3294 3293 3293 3293 3271 3271 3271 3272 3272 3272 3295 3295 3295 3271 3271 3271 3295 3295 3295 3294 3294 3294 3272 3272 3272 3273 3273 3273 3296 3296 3296 3272 3272 3272 3296 3296 3296 3295 3295 3295 3273 3273 3273 3274 3274 3274 3297 3297 3297 3273 3273 3273 3297 3297 3297 3296 3296 3296 3274 3274 3274 3275 3275 3275 3298 3298 3298 3274 3274 3274 3298 3298 3298 3297 3297 3297 3275 3275 3275 3276 3276 3276 3299 3299 3299 3275 3275 3275 3299 3299 3299 3298 3298 3298 3276 3276 3276 3277 3277 3277 3300 3300 3300 3276 3276 3276 3300 3300 3300 3299 3299 3299 3277 3277 3277 3278 3278 3278 3301 3301 3301 3277 3277 3277 3301 3301 3301 3300 3300 3300 3278 3278 3278 3279 3279 3279 3302 3302 3302 3278 3278 3278 3302 3302 3302 3301 3301 3301 3279 3279 3279 3280 3280 3280 3303 3303 3303 3279 3279 3279 3303 3303 3303 3302 3302 3302 3280 3280 3280 3281 3281 3281 3304 3304 3304 3280 3280 3280 3304 3304 3304 3303 3303 3303 3281 3281 3281 3282 3282 3282 3305 3305 3305 3281 3281 3281 3305 3305 3305 3304 3304 3304 3283 3283 3283 3284 3284 3284 3307 3307 3307 3283 3283 3283 3307 3307 3307 3306 3306 3306 3284 3284 3284 3285 3285 3285 3308 3308 3308 3284 3284 3284 3308 3308 3308 3307 3307 3307 3285 3285 3285 3286 3286 3286 3309 3309 3309 3285 3285 3285 3309 3309 3309 3308 3308 3308 3286 3286 3286 3287 3287 3287 3310 3310 3310 3286 3286 3286 3310 3310 3310 3309 3309 3309 3287 3287 3287 3288 3288 3288 3311 3311 3311 3287 3287 3287 3311 3311 3311 3310 3310 3310 3288 3288 3288 3289 3289 3289 3312 3312 3312 3288 3288 3288 3312 3312 3312 3311 3311 3311 3289 3289 3289 3290 3290 3290 3313 3313 3313 3289 3289 3289 3313 3313 3313 3312 3312 3312 3290 3290 3290 3291 3291 3291 3314 3314 3314 3290 3290 3290 3314 3314 3314 3313 3313 3313 3291 3291 3291 3292 3292 3292 3315 3315 3315 3291 3291 3291 3315 3315 3315 3314 3314 3314 3292 3292 3292 3293 3293 3293 3316 3316 3316 3292 3292 3292 3316 3316 3316 3315 3315 3315 3293 3293 3293 3294 3294 3294 3317 3317 3317 3293 3293 3293 3317 3317 3317 3316 3316 3316 3294 3294 3294 3295 3295 3295 3318 3318 3318 3294 3294 3294 3318 3318 3318 3317 3317 3317 3295 3295 3295 3296 3296 3296 3319 3319 3319 3295 3295 3295 3319 3319 3319 3318 3318 3318 3296 3296 3296 3297 3297 3297 3320 3320 3320 3296 3296 3296 3320 3320 3320 3319 3319 3319 3297 3297 3297 3298 3298 3298 3321 3321 3321 3297 3297 3297 3321 3321 3321 3320 3320 3320 3298 3298 3298 3299 3299 3299 3322 3322 3322 3298 3298 3298 3322 3322 3322 3321 3321 3321 3299 3299 3299 3300 3300 3300 3323 3323 3323 3299 3299 3299 3323 3323 3323 3322 3322 3322 3300 3300 3300 3301 3301 3301 3324 3324 3324 3300 3300 3300 3324 3324 3324 3323 3323 3323 3301 3301 3301 3302 3302 3302 3325 3325 3325 3301 3301 3301 3325 3325 3325 3324 3324 3324 3302 3302 3302 3303 3303 3303 3326 3326 3326 3302 3302 3302 3326 3326 3326 3325 3325 3325 3303 3303 3303 3304 3304 3304 3327 3327 3327 3303 3303 3303 3327 3327 3327 3326 3326 3326 3304 3304 3304 3305 3305 3305 3328 3328 3328 3304 3304 3304 3328 3328 3328 3327 3327 3327 3306 3306 3306 3307 3307 3307 3330 3330 3330 3306 3306 3306 3330 3330 3330 3329 3329 3329 3307 3307 3307 3308 3308 3308 3331 3331 3331 3307 3307 3307 3331 3331 3331 3330 3330 3330 3308 3308 3308 3309 3309 3309 3332 3332 3332 3308 3308 3308 3332 3332 3332 3331 3331 3331 3309 3309 3309 3310 3310 3310 3333 3333 3333 3309 3309 3309 3333 3333 3333 3332 3332 3332 3310 3310 3310 3311 3311 3311 3334 3334 3334 3310 3310 3310 3334 3334 3334 3333 3333 3333 3311 3311 3311 3312 3312 3312 3335 3335 3335 3311 3311 3311 3335 3335 3335 3334 3334 3334 3312 3312 3312 3313 3313 3313 3336 3336 3336 3312 3312 3312 3336 3336 3336 3335 3335 3335 3313 3313 3313 3314 3314 3314 3337 3337 3337 3313 3313 3313 3337 3337 3337 3336 3336 3336 3314 3314 3314 3315 3315 3315 3338 3338 3338 3314 3314 3314 3338 3338 3338 3337 3337 3337 3315 3315 3315 3316 3316 3316 3339 3339 3339 3315 3315 3315 3339 3339 3339 3338 3338 3338 3316 3316 3316 3317 3317 3317 3340 3340 3340 3316 3316 3316 3340 3340 3340 3339 3339 3339 3317 3317 3317 3318 3318 3318 3341 3341 3341 3317 3317 3317 3341 3341 3341 3340 3340 3340 3318 3318 3318 3319 3319 3319 3342 3342 3342 3318 3318 3318 3342 3342 3342 3341 3341 3341 3319 3319 3319 3320 3320 3320 3343 3343 3343 3319 3319 3319 3343 3343 3343 3342 3342 3342 3320 3320 3320 3321 3321 3321 3344 3344 3344 3320 3320 3320 3344 3344 3344 3343 3343 3343 3321 3321 3321 3322 3322 3322 3345 3345 3345 3321 3321 3321 3345 3345 3345 3344 3344 3344 3322 3322 3322 3323 3323 3323 3346 3346 3346 3322 3322 3322 3346 3346 3346 3345 3345 3345 3323 3323 3323 3324 3324 3324 3347 3347 3347 3323 3323 3323 3347 3347 3347 3346 3346 3346 3324 3324 3324 3325 3325 3325 3348 3348 3348 3324 3324 3324 3348 3348 3348 3347 3347 3347 3325 3325 3325 3326 3326 3326 3349 3349 3349 3325 3325 3325 3349 3349 3349 3348 3348 3348 3326 3326 3326 3327 3327 3327 3350 3350 3350 3326 3326 3326 3350 3350 3350 3349 3349 3349 3327 3327 3327 3328 3328 3328 3351 3351 3351 3327 3327 3327 3351 3351 3351 3350 3350 3350 3329 3329 3329 3330 3330 3330 3353 3353 3353 3329 3329 3329 3353 3353 3353 3352 3352 3352 3330 3330 3330 3331 3331 3331 3354 3354 3354 3330 3330 3330 3354 3354 3354 3353 3353 3353 3331 3331 3331 3332 3332 3332 3355 3355 3355 3331 3331 3331 3355 3355 3355 3354 3354 3354 3332 3332 3332 3333 3333 3333 3356 3356 3356 3332 3332 3332 3356 3356 3356 3355 3355 3355 3333 3333 3333 3334 3334 3334 3357 3357 3357 3333 3333 3333 3357 3357 3357 3356 3356 3356 3334 3334 3334 3335 3335 3335 3358 3358 3358 3334 3334 3334 3358 3358 3358 3357 3357 3357 3335 3335 3335 3336 3336 3336 3359 3359 3359 3335 3335 3335 3359 3359 3359 3358 3358 3358 3336 3336 3336 3337 3337 3337 3360 3360 3360 3336 3336 3336 3360 3360 3360 3359 3359 3359 3337 3337 3337 3338 3338 3338 3361 3361 3361 3337 3337 3337 3361 3361 3361 3360 3360 3360 3338 3338 3338 3339 3339 3339 3362 3362 3362 3338 3338 3338 3362 3362 3362 3361 3361 3361 3339 3339 3339 3340 3340 3340 3363 3363 3363 3339 3339 3339 3363 3363 3363 3362 3362 3362 3340 3340 3340 3341 3341 3341 3364 3364 3364 3340 3340 3340 3364 3364 3364 3363 3363 3363 3341 3341 3341 3342 3342 3342 3365 3365 3365 3341 3341 3341 3365 3365 3365 3364 3364 3364 3342 3342 3342 3343 3343 3343 3366 3366 3366 3342 3342 3342 3366 3366 3366 3365 3365 3365 3343 3343 3343 3344 3344 3344 3367 3367 3367 3343 3343 3343 3367 3367 3367 3366 3366 3366 3344 3344 3344 3345 3345 3345 3368 3368 3368 3344 3344 3344 3368 3368 3368 3367 3367 3367 3345 3345 3345 3346 3346 3346 3369 3369 3369 3345 3345 3345 3369 3369 3369 3368 3368 3368 3346 3346 3346 3347 3347 3347 3370 3370 3370 3346 3346 3346 3370 3370 3370 3369 3369 3369 3347 3347 3347 3348 3348 3348 3371 3371 3371 3347 3347 3347 3371 3371 3371 3370 3370 3370 3348 3348 3348 3349 3349 3349 3372 3372 3372 3348 3348 3348 3372 3372 3372 3371 3371 3371 3349 3349 3349 3350 3350 3350 3373 3373 3373 3349 3349 3349 3373 3373 3373 3372 3372 3372 3350 3350 3350 3351 3351 3351 3374 3374 3374 3350 3350 3350 3374 3374 3374 3373 3373 3373</p>
        </triangles>
      </mesh>
    </geometry>
  </library_geometries>
  <library_visual_scenes>
    <visual_scene id="Scene" name="Scene">
      <node id="Cyan" name="Cyan" type="NODE">
        <instance_geometry url="#Cyan-mesh">
          <bind_material><technique_common>
            <instance_material symbol="Cyan" target="#Cyan">
              <bind_vertex_input semantic="UVSET0" input_semantic="TEXCOORD" input_set="0"/>
            </instance_material>
          </technique_common></bind_material>
        </instance_geometry>
      </node>
    </visual_scene>
  </library_visual_scenes>
  <scene><instance_visual_scene url="#Scene"/></scene>
</COLLADA>
